s_no,tick,change_pct,volume
1,1,-0.134,4072
1,2,-0.315,4705
1,3,-0.215,4779
1,4,-0.024,4317
1,5,0.092,4492
1,6,0.103,3822
1,7,0.664,5102
1,8,0.329,4770
1,9,-0.491,4083
1,10,-0.690,5150
1,11,0.623,5232
1,12,-0.373,4875
1,13,0.250,4345
1,14,0.270,4012
1,15,-0.393,4882
1,16,0.342,4323
1,17,-0.046,4184
1,18,-0.154,4281
1,19,-0.048,4040
1,20,0.450,4102
1,21,0.232,4016
1,22,0.419,4630
1,23,-0.219,4290
1,24,-0.298,4081
1,25,0.288,4886
1,26,-0.691,4313
1,27,0.826,4994
1,28,0.196,4672
1,29,-0.209,4629
1,30,0.148,4076
1,31,-0.402,4257
1,32,0.381,4663
1,33,0.972,5263
1,34,-0.145,4374
1,35,-0.253,4014
1,36,-0.276,4204
1,37,-0.390,3996
1,38,-0.226,4100
1,39,0.513,4414
1,40,0.201,4753
1,41,0.487,4566
1,42,0.187,4068
1,43,-0.611,4570
1,44,-0.038,3834
1,45,-0.058,4215
1,46,0.305,4723
1,47,0.901,5298
1,48,0.524,4403
1,49,-0.410,5011
1,50,0.297,4576
1,51,0.400,4562
1,52,-0.498,4066
1,53,0.151,4037
1,54,-0.302,3890
1,55,-0.762,4944
1,56,-0.101,4635
1,57,-0.713,4640
1,58,1.228,5336
1,59,0.185,3797
1,60,-0.191,3796
1,61,-0.262,4304
1,62,-0.337,4697
1,63,-0.093,3979
1,64,-0.165,4753
1,65,-0.143,4211
1,66,0.099,4413
1,67,0.429,4679
1,68,0.011,4027
1,69,0.637,5262
1,70,0.195,3922
1,71,0.213,4010
1,72,-0.053,4192
1,73,-0.814,4892
1,74,-0.338,4798
1,75,0.055,4677
1,76,0.373,4579
1,77,-0.642,4412
1,78,0.125,4514
1,79,-0.308,4245
1,80,-0.600,4880
1,81,0.504,4871
1,82,0.553,4494
1,83,0.093,4250
1,84,-0.033,4592
1,85,0.698,4700
1,86,-0.043,3861
1,87,-0.510,4952
1,88,0.657,4796
1,89,-0.729,4781
1,90,0.015,4534
1,91,-0.762,4319
1,92,0.021,4598
1,93,-0.362,4652
1,94,0.260,4630
1,95,-0.483,4568
1,96,-0.121,4176
1,97,0.171,4122
1,98,0.839,4945
1,99,0.032,4339
1,100,0.138,3809
1,101,0.279,4019
1,102,-0.061,3878
1,103,-0.079,4583
1,104,-0.181,3908
1,105,0.228,4316
1,106,0.015,4004
1,107,0.493,4231
1,108,0.216,4617
1,109,-0.012,4326
1,110,0.483,4903
1,111,0.323,3840
1,112,-0.120,4047
1,113,0.040,3710
1,114,-0.456,5028
1,115,0.084,3878
1,116,-0.244,4275
1,117,0.005,4422
1,118,-0.445,4112
1,119,0.193,4302
1,120,-0.410,4957
1,121,0.354,4139
1,122,0.394,4530
1,123,-0.228,4565
1,124,-0.052,3798
1,125,-0.091,4669
1,126,0.503,4682
1,127,0.295,4930
1,128,-0.522,4340
1,129,-0.449,4943
1,130,-0.192,4334
1,131,0.451,4850
1,132,-0.285,4172
1,133,0.051,3998
1,134,0.237,3849
1,135,0.029,4559
1,136,0.370,4669
1,137,0.437,4100
1,138,1.215,5059
1,139,0.475,5015
1,140,0.066,4441
1,141,0.239,4191
1,142,-0.054,4492
1,143,0.090,3921
1,144,0.033,4484
1,145,-0.132,4365
1,146,0.553,4100
1,147,0.033,3626
1,148,0.299,4100
1,149,0.532,4355
1,150,0.284,4130
1,151,-0.086,3868
1,152,-0.277,4854
1,153,0.069,4267
1,154,0.165,4246
1,155,0.294,4348
1,156,-0.243,4176
1,157,0.477,4711
1,158,-0.349,3923
1,159,0.293,4724
1,160,0.146,4710
1,161,-0.102,4275
1,162,-0.547,4653
1,163,0.327,4903
1,164,-0.308,4388
1,165,-0.211,4812
1,166,-0.565,4774
1,167,1.250,4931
1,168,-0.434,4153
1,169,0.528,4213
1,170,0.802,4991
1,171,0.375,4600
1,172,-0.349,4085
1,173,0.131,4103
1,174,0.104,4673
1,175,0.559,5075
1,176,0.725,4700
1,177,0.040,4324
1,178,-0.431,4592
1,179,-0.654,4818
1,180,-0.382,4289
1,181,-0.017,3586
1,182,0.344,4166
1,183,0.021,4185
1,184,-0.135,4247
1,185,-0.188,3751
1,186,-0.105,3634
1,187,-0.419,4646
1,188,-0.798,4595
1,189,0.200,4156
1,190,0.250,3915
1,191,0.228,3866
1,192,0.303,4089
1,193,0.136,3738
1,194,-0.437,5101
1,195,-0.414,4986
1,196,0.020,4145
1,197,0.769,4999
1,198,0.142,4629
1,199,-0.053,3654
1,200,1.231,5845
1,201,0.284,3942
1,202,-0.597,4130
1,203,-0.384,4528
1,204,-0.261,4034
1,205,-0.463,4613
1,206,0.156,4401
1,207,0.889,5126
1,208,0.026,4345
1,209,-0.326,4324
1,210,0.040,4132
1,211,0.159,3805
1,212,-0.176,3962
1,213,0.040,3849
1,214,-0.332,4965
1,215,0.208,4186
1,216,0.071,3938
1,217,-0.762,4484
1,218,0.237,4739
1,219,-0.320,3955
1,220,-0.359,4954
1,221,-0.113,4435
1,222,-0.028,3616
1,223,-0.536,4269
1,224,0.138,4759
1,225,-0.765,5128
1,226,-0.110,4600
1,227,-0.074,3782
1,228,-0.068,3908
1,229,-0.689,4218
1,230,0.256,4225
1,231,0.102,4378
1,232,0.741,4413
1,233,-0.188,4445
1,234,0.264,4818
1,235,-0.197,3701
1,236,0.024,3946
1,237,-0.183,3694
1,238,-0.065,4417
1,239,0.443,5003
1,240,-0.369,4514
1,241,-0.587,4615
1,242,-0.345,4836
1,243,0.310,4828
1,244,0.524,4104
1,245,-0.552,4329
1,246,0.766,4578
1,247,-0.565,4611
1,248,-0.047,3818
1,249,-0.442,4828
1,250,0.118,4260
1,251,0.663,4865
1,252,0.216,4448
1,253,0.655,4499
1,254,-0.095,4400
1,255,-0.085,4301
1,256,0.291,3870
1,257,0.210,3810
1,258,1.017,5687
1,259,-0.348,3958
1,260,-0.408,4593
1,261,-0.303,4396
1,262,0.541,4488
1,263,-0.633,4770
1,264,0.375,4265
1,265,0.332,4071
1,266,-0.123,3820
1,267,-0.140,3826
1,268,0.070,4672
1,269,-0.131,3772
1,270,0.497,4961
1,271,0.447,4019
1,272,-0.273,4041
1,273,-0.439,4560
1,274,-0.757,4714
1,275,0.075,4721
1,276,-0.008,3797
1,277,-0.977,4545
1,278,0.385,4117
1,279,-0.260,3785
1,280,-0.133,3888
1,281,1.287,4979
1,282,0.287,4881
1,283,0.136,3941
1,284,0.069,4173
1,285,0.090,4084
1,286,-0.226,4786
1,287,-0.267,4743
1,288,-0.402,4058
1,289,-0.237,4744
1,290,0.044,3992
1,291,0.255,4674
1,292,-0.418,4880
1,293,-0.367,4205
1,294,0.286,4017
1,295,0.203,4512
1,296,0.445,4429
1,297,0.236,4445
1,298,-0.395,4628
1,299,-0.026,4250
1,300,-0.191,4340
1,301,-0.497,4254
1,302,-0.085,4241
1,303,-0.189,4464
1,304,-0.357,5013
1,305,-0.270,3950
1,306,0.549,4430
1,307,0.055,4593
1,308,0.684,4588
1,309,0.302,4034
1,310,0.036,3620
1,311,-0.152,4529
1,312,-0.084,4736
1,313,-0.358,4869
1,314,-0.251,3991
1,315,0.319,4255
1,316,-0.505,4559
1,317,-0.740,5133
1,318,0.354,4658
1,319,0.426,4797
1,320,-0.723,4442
1,321,-0.143,4188
1,322,0.254,3807
1,323,-0.197,4680
1,324,-0.341,4660
1,325,-0.479,4987
1,326,-0.112,4069
1,327,0.234,4603
1,328,0.149,4647
1,329,-0.834,4519
1,330,-0.143,4674
1,331,0.309,4116
1,332,-0.030,4485
1,333,0.008,4303
1,334,0.079,3879
1,335,0.060,3745
1,336,-0.377,4696
1,337,0.300,3806
1,338,-0.523,4727
1,339,-0.437,4155
1,340,0.341,4601
1,341,-0.096,4433
1,342,-0.056,3588
1,343,0.142,4688
1,344,0.230,4339
1,345,0.255,3904
1,346,-0.578,5246
1,347,0.320,4256
1,348,0.190,4063
1,349,0.353,4640
1,350,0.122,3989
1,351,0.268,3896
1,352,0.138,4190
1,353,0.266,4672
1,354,-0.677,4586
1,355,0.255,4524
1,356,-0.327,4703
1,357,-0.426,4237
1,358,0.240,3948
1,359,0.409,4957
1,360,-0.004,4161
1,361,-0.418,3960
1,362,0.189,3746
1,363,-0.336,3952
1,364,-0.132,4641
1,365,-0.048,3841
1,366,-0.222,4263
1,367,0.082,4533
1,368,-0.674,5236
1,369,0.224,4579
1,370,0.041,4049
1,371,-0.099,3819
1,372,0.114,4728
1,373,0.397,3947
1,374,-0.255,4723
1,375,-0.494,5130
1,376,0.373,4911
1,377,0.521,4331
1,378,-0.782,5176
1,379,0.265,4275
1,380,-0.375,5016
1,381,-0.806,5104
1,382,0.039,4136
1,383,0.399,4278
1,384,-0.250,3749
1,385,0.158,4301
1,386,0.613,4862
1,387,-0.218,3925
1,388,-0.215,4372
1,389,0.106,4484
1,390,0.056,4580
1,391,-0.135,3751
1,392,0.236,3921
1,393,-0.501,4607
1,394,0.445,4965
1,395,0.545,5135
1,396,-0.177,3979
1,397,-0.734,4436
1,398,-0.409,4069
1,399,-0.093,4035
1,400,-0.793,5015
1,401,-0.680,4642
1,402,-0.048,4610
1,403,-0.023,3683
1,404,0.512,4107
1,405,0.041,4231
1,406,0.335,4512
1,407,0.829,4800
1,408,0.571,5127
1,409,0.164,4571
1,410,0.520,4188
1,411,-0.482,3993
1,412,0.271,4198
1,413,-0.620,4980
1,414,-0.182,4772
1,415,-0.072,3578
1,416,-0.379,4657
1,417,-0.229,4098
1,418,-0.199,4496
1,419,-0.280,4614
1,420,0.807,4448
1,421,0.733,5385
1,422,0.114,4582
1,423,-0.063,3947
1,424,-0.362,3934
1,425,0.442,4257
1,426,0.149,4504
1,427,0.021,4198
1,428,-0.383,3983
1,429,-0.481,4312
1,430,0.004,4107
1,431,0.342,4135
1,432,0.675,4439
1,433,0.318,4710
1,434,0.386,3939
1,435,0.632,4855
1,436,-0.375,4649
1,437,-0.056,3691
1,438,-0.151,3890
1,439,0.131,3872
1,440,0.213,4034
1,441,0.487,4837
1,442,0.634,5157
1,443,-0.085,4355
1,444,-0.191,4242
1,445,0.701,4892
1,446,-0.011,4583
1,447,0.448,4825
1,448,-0.070,4417
1,449,-0.160,4776
1,450,-0.039,4558
1,451,-0.447,4798
1,452,-0.459,4517
1,453,-0.038,4461
1,454,-0.549,5089
1,455,0.588,4366
1,456,0.054,4376
1,457,1.009,5128
1,458,-0.248,3928
1,459,0.196,3757
1,460,-0.047,3882
1,461,0.141,4442
1,462,-0.852,5254
1,463,-0.081,4371
1,464,0.740,4541
1,465,0.147,3951
1,466,-0.105,3631
1,467,-0.747,5087
1,468,-0.380,4583
1,469,0.330,4460
1,470,-0.093,4346
1,471,0.164,4218
1,472,-0.205,3905
1,473,0.184,3818
1,474,-0.230,4162
1,475,-0.003,3707
1,476,0.590,4675
1,477,0.483,4610
1,478,0.537,4091
1,479,-0.127,3863
1,480,-0.842,5409
1,481,0.507,4976
1,482,-0.087,3888
1,483,0.368,4298
1,484,-0.469,4894
1,485,0.064,4394
1,486,0.260,3785
1,487,0.487,4945
1,488,0.146,4257
1,489,0.247,4514
1,490,-0.481,4791
1,491,0.360,4554
1,492,-0.009,4383
1,493,-0.203,4505
1,494,0.143,4160
1,495,-0.140,4602
1,496,0.143,4005
1,497,0.186,3951
1,498,0.207,4127
1,499,-0.181,4088
1,500,0.642,4691
1,501,-0.719,4877
1,502,0.484,4271
1,503,-1.010,4995
1,504,0.595,4950
1,505,-0.498,4460
1,506,0.118,3670
1,507,-0.065,3670
1,508,0.214,4400
1,509,0.155,3957
1,510,0.475,4523
1,511,0.505,4469
1,512,0.555,4244
1,513,-0.122,4603
1,514,-0.114,4761
1,515,-0.315,4119
1,516,0.138,3755
1,517,0.185,4507
1,518,0.752,5382
1,519,0.700,4664
1,520,0.101,3833
1,521,1.196,4846
1,522,-0.317,4417
1,523,-0.052,3647
1,524,0.774,4752
1,525,-0.125,4724
1,526,0.429,4550
1,527,-0.503,4575
1,528,0.365,4916
1,529,0.140,3990
1,530,0.615,4521
1,531,0.559,5163
1,532,-0.644,4922
1,533,-0.063,4324
1,534,0.362,4419
1,535,-0.158,4141
1,536,-0.438,4663
1,537,0.176,4663
1,538,-0.463,5038
1,539,0.220,3774
1,540,0.500,4189
1,541,0.141,4619
1,542,0.377,4003
1,543,-0.017,4110
1,544,0.194,3974
1,545,0.297,4039
1,546,0.144,4706
1,547,-0.124,4119
1,548,0.079,4188
1,549,0.554,4217
1,550,0.243,3871
1,551,-0.528,5019
1,552,-0.417,4188
1,553,-0.214,4526
1,554,-0.354,4627
1,555,-0.376,4409
1,556,-0.651,5216
1,557,0.190,4476
1,558,0.220,3988
1,559,0.618,4615
1,560,-0.039,4160
1,561,-0.092,3960
1,562,0.030,4507
1,563,0.384,5025
1,564,0.534,4620
1,565,0.422,4027
1,566,0.271,4856
1,567,0.299,3833
1,568,-0.312,4297
1,569,0.336,3968
1,570,1.128,5686
1,571,0.383,4213
1,572,0.291,4322
1,573,0.378,4678
1,574,0.017,3803
1,575,0.135,4419
1,576,0.107,3982
1,577,0.449,4673
1,578,0.713,4442
1,579,-0.178,4711
1,580,0.249,3771
1,581,-0.075,4253
1,582,0.466,4446
1,583,0.083,4734
1,584,-0.109,4191
1,585,-0.015,4048
1,586,0.314,4195
1,587,-0.025,4415
1,588,0.889,5006
1,589,0.284,4342
1,590,0.455,5088
1,591,0.014,4075
1,592,0.364,4609
1,593,0.078,3707
1,594,0.208,4595
1,595,0.655,4313
1,596,-0.491,4500
1,597,0.577,4215
1,598,0.160,3806
1,599,0.202,4669
1,600,0.054,4235
1,601,0.484,4507
1,602,-0.643,4553
1,603,0.126,4743
1,604,0.699,4855
1,605,-0.120,4693
1,606,0.010,4084
1,607,-0.235,4615
1,608,0.204,4726
1,609,0.235,4429
1,610,-0.216,4035
1,611,0.132,4740
1,612,0.180,4524
1,613,-0.223,3985
1,614,-0.202,4815
1,615,0.215,3857
1,616,0.234,4436
1,617,0.132,3835
1,618,0.064,3709
1,619,0.225,4765
1,620,0.140,4200
1,621,-0.017,4466
1,622,0.296,3966
1,623,0.131,4483
1,624,0.520,5143
1,625,0.029,3653
1,626,-0.511,4045
1,627,0.155,4775
1,628,0.135,4358
1,629,-0.411,4230
1,630,0.450,5071
1,631,-0.734,5104
1,632,0.326,4924
1,633,0.110,3802
1,634,-0.399,4235
1,635,0.457,4488
1,636,0.378,4783
1,637,-0.700,4824
1,638,0.012,4218
1,639,-0.298,4654
1,640,0.750,5007
1,641,0.288,3884
1,642,0.355,4919
1,643,-0.296,4208
1,644,0.691,4922
1,645,0.527,5194
1,646,-0.310,4226
1,647,0.319,4207
1,648,0.119,4388
1,649,-0.044,4295
1,650,-0.278,4338
1,651,-0.005,3706
1,652,-0.049,4368
1,653,0.294,4417
1,654,0.635,4218
1,655,0.324,4610
1,656,0.100,3659
1,657,0.233,4168
1,658,0.520,4157
1,659,0.254,4631
1,660,0.395,4050
1,661,-0.772,5350
1,662,0.423,4296
1,663,-0.437,3971
1,664,-0.634,4546
1,665,0.101,4267
1,666,0.290,4228
1,667,-0.530,4479
1,668,-0.538,4955
1,669,-0.056,3574
1,670,0.204,4644
1,671,0.702,5364
1,672,-0.427,4540
1,673,0.705,5014
1,674,0.423,4208
1,675,-0.126,3789
1,676,0.055,4506
1,677,-0.504,4324
1,678,0.732,4770
1,679,0.124,4356
1,680,0.654,4490
1,681,0.291,4031
1,682,0.252,4022
1,683,-0.030,4174
1,684,0.149,3935
1,685,0.344,4614
1,686,-0.358,4682
1,687,-0.256,4414
1,688,-0.325,4987
1,689,-0.268,3923
1,690,-0.432,4111
1,691,-0.306,4398
1,692,-0.643,5176
1,693,0.397,3983
1,694,-0.225,4356
1,695,-0.158,4239
1,696,0.700,4761
1,697,-0.652,4902
1,698,0.788,5390
1,699,-0.026,4402
1,700,1.014,5020
1,701,-0.702,5056
1,702,-0.026,3742
1,703,0.614,4589
1,704,-0.080,3859
1,705,0.253,4509
1,706,0.405,4261
1,707,0.112,4245
1,708,-0.802,5161
1,709,0.488,4704
1,710,0.409,4182
1,711,-0.506,4420
1,712,-0.187,4444
1,713,-0.077,4298
1,714,-0.200,4452
1,715,0.118,4555
1,716,-0.684,4736
1,717,-0.410,4206
1,718,-0.346,4847
1,719,0.088,4260
1,720,0.405,4333
1,721,0.341,4310
1,722,-0.147,3940
1,723,0.122,4767
1,724,-0.195,4741
1,725,0.669,5274
1,726,-0.647,4826
1,727,-0.195,4543
1,728,0.474,4072
1,729,-0.193,4291
1,730,-0.053,3642
1,731,0.895,4824
1,732,0.277,3987
1,733,0.005,4467
1,734,-0.896,4810
1,735,-0.191,4086
1,736,0.084,3654
1,737,0.192,4032
1,738,0.096,4443
1,739,0.647,4196
1,740,-0.425,4365
1,741,-0.127,3806
1,742,0.069,3913
1,743,0.254,4899
1,744,-0.224,4414
1,745,1.004,4908
1,746,0.038,4510
1,747,-0.117,3984
1,748,0.230,4323
1,749,-0.197,4347
1,750,0.060,4360
1,751,0.058,3963
1,752,-0.067,3579
1,753,-0.030,3767
1,754,-0.987,4723
1,755,0.075,3813
1,756,-0.024,3760
1,757,-0.629,4351
1,758,0.149,4490
1,759,0.392,4153
1,760,0.513,4030
1,761,-0.089,3648
1,762,-0.204,4185
1,763,-0.202,4590
1,764,-0.267,4743
1,765,0.481,4007
1,766,-0.070,4253
1,767,0.013,4634
1,768,-0.079,3812
1,769,-0.396,4142
1,770,-0.217,3808
1,771,-0.287,4799
1,772,0.028,3617
1,773,-0.797,5152
1,774,1.193,5876
1,775,0.532,4846
1,776,0.117,4594
1,777,0.406,3942
1,778,0.206,4301
1,779,-0.042,4108
1,780,-0.422,4532
1,781,0.364,4300
1,782,-0.185,3804
1,783,0.425,4518
1,784,-0.162,4205
1,785,-0.248,4268
1,786,-0.032,3746
1,787,0.003,3998
1,788,-0.216,4289
1,789,-0.375,4871
1,790,0.390,5014
1,791,-0.256,4178
1,792,-0.287,4640
1,793,-0.037,3914
1,794,0.744,4581
1,795,-0.594,5013
1,796,0.267,3828
1,797,-0.149,4108
1,798,0.074,4266
1,799,-0.505,4653
1,800,-0.031,4446
1,801,-0.002,3787
1,802,-0.339,4492
1,803,0.172,4153
1,804,0.226,4244
1,805,0.045,4298
1,806,0.036,4659
1,807,-0.325,4584
1,808,0.297,4771
1,809,0.301,4526
1,810,0.265,3967
1,811,0.221,4270
1,812,0.241,4120
1,813,0.133,4714
1,814,-0.082,4365
1,815,-0.308,4263
1,816,0.371,4531
1,817,-0.155,4418
1,818,-0.572,4899
1,819,-0.051,4218
1,820,-1.129,5333
1,821,-0.117,4594
1,822,0.402,4965
1,823,-0.020,3623
1,824,0.922,5255
1,825,0.659,4811
1,826,0.499,4546
1,827,0.006,3709
1,828,-0.570,4414
1,829,0.171,4103
1,830,-0.224,4704
1,831,0.299,4242
1,832,0.027,4027
1,833,0.152,4303
1,834,0.161,4247
1,835,0.104,4260
1,836,-0.135,4438
1,837,-0.144,4353
1,838,-0.170,4052
1,839,0.603,4884
1,840,-0.480,4515
1,841,0.480,4145
1,842,-0.353,4324
1,843,-0.157,3814
1,844,-0.180,4681
1,845,-0.006,3843
1,846,0.456,4001
1,847,-0.071,3739
1,848,0.201,3808
1,849,-0.064,4149
1,850,0.659,5290
1,851,-0.364,4493
1,852,-0.284,4806
1,853,0.486,4516
1,854,-0.125,3917
1,855,-0.009,3884
1,856,0.659,4419
1,857,0.200,4772
1,858,-0.210,4810
1,859,-0.468,4951
1,860,0.130,4110
1,861,-0.225,4340
1,862,0.244,3824
1,863,0.119,4475
1,864,0.172,3931
1,865,0.032,3719
1,866,0.956,5165
1,867,-0.063,4282
1,868,0.047,4267
1,869,0.343,4965
1,870,0.306,4401
1,871,-0.315,3889
1,872,0.087,4034
1,873,-0.750,4627
1,874,0.238,3907
1,875,-0.421,4027
1,876,-0.078,4489
1,877,-0.429,4862
1,878,-0.098,4538
1,879,-0.064,3746
1,880,0.204,4770
1,881,0.200,4850
1,882,-0.484,5089
1,883,-0.550,4570
1,884,0.842,5062
1,885,-0.530,4191
1,886,-0.395,5000
1,887,0.155,4763
1,888,-0.150,4501
1,889,-0.220,4476
1,890,-0.008,3706
1,891,-0.497,4389
1,892,0.567,4124
1,893,0.133,4496
1,894,0.275,4415
1,895,0.117,4566
1,896,-0.131,3882
1,897,0.236,4099
1,898,-0.455,4773
1,899,0.111,4368
1,900,0.087,4493
1,901,-0.430,4181
1,902,0.035,3613
1,903,-0.238,4200
1,904,0.617,4517
1,905,-0.410,4844
1,906,-0.505,4141
1,907,-0.140,4578
1,908,0.493,4896
1,909,0.074,4044
1,910,0.143,4558
1,911,-0.049,4378
1,912,0.126,3993
1,913,0.071,4199
1,914,1.026,4932
1,915,0.284,4300
1,916,0.137,3742
1,917,-0.232,4162
1,918,-0.018,4080
1,919,-0.717,5040
1,920,-0.222,3778
1,921,-0.097,3792
1,922,0.072,4672
1,923,0.165,4279
1,924,0.285,4241
1,925,1.110,4702
1,926,0.037,3742
1,927,0.278,4435
1,928,0.286,3914
1,929,-0.348,4855
1,930,0.124,4005
1,931,0.216,4512
1,932,0.090,4161
1,933,0.966,4829
1,934,-0.634,4733
1,935,0.226,3978
1,936,-0.045,4385
1,937,0.103,4751
1,938,-0.325,4911
1,939,-0.143,4209
1,940,0.324,4091
1,941,-0.225,4731
1,942,-0.297,3879
1,943,-0.374,4282
1,944,0.218,4637
1,945,0.473,4358
1,946,0.402,4401
1,947,0.426,4020
1,948,-0.665,4913
1,949,0.256,4047
1,950,-0.210,4088
1,951,0.845,5281
1,952,0.049,3964
1,953,0.720,4810
1,954,0.236,4108
1,955,0.158,4790
1,956,-0.278,4108
1,957,0.149,4581
1,958,-0.200,4737
1,959,-0.497,4753
1,960,0.152,4756
1,961,-0.430,4138
1,962,-0.259,4343
1,963,0.282,4379
1,964,0.740,4697
1,965,-0.113,3734
1,966,0.134,4144
1,967,-0.621,4205
1,968,0.164,4242
1,969,-0.277,4024
1,970,-0.645,5021
1,971,0.372,4970
1,972,-0.145,4461
1,973,0.112,4394
1,974,0.242,4011
1,975,0.728,5169
1,976,0.065,3884
1,977,0.148,4030
1,978,0.487,4747
1,979,0.002,3678
1,980,-0.009,4544
1,981,-0.177,4359
1,982,0.500,4839
1,983,0.623,4860
1,984,0.308,4161
1,985,-0.295,4004
1,986,-0.177,3996
1,987,0.052,3688
1,988,-0.003,4396
1,989,-0.441,4273
1,990,0.315,3843
1,991,0.580,5008
1,992,0.282,4470
1,993,0.147,3899
1,994,-0.233,3755
1,995,0.007,4422
1,996,-0.175,3796
1,997,-0.019,3546
1,998,-0.069,4348
1,999,-0.048,3903
1,1000,0.525,4858
1,1001,0.117,4028
1,1002,0.416,4216
1,1003,-0.124,4346
1,1004,0.081,3674
1,1005,0.512,4362
1,1006,-0.067,4617
1,1007,0.317,4374
1,1008,-0.587,4966
1,1009,0.326,4407
1,1010,0.232,4342
1,1011,-0.331,4849
1,1012,0.128,3625
1,1013,0.255,4917
1,1014,-0.137,4270
1,1015,0.279,4118
1,1016,-0.088,4536
1,1017,-0.231,4724
1,1018,0.174,3867
1,1019,0.416,4448
1,1020,-0.288,4438
1,1021,0.421,4437
1,1022,0.586,5123
1,1023,-0.126,3817
1,1024,0.189,4498
1,1025,0.693,4221
1,1026,-0.377,4535
1,1027,-0.636,4323
1,1028,-0.277,4476
1,1029,0.248,3777
1,1030,-0.523,4642
1,1031,-0.240,4774
1,1032,0.582,5008
1,1033,0.191,4015
1,1034,-0.279,3868
1,1035,0.364,4468
1,1036,0.217,4647
1,1037,-0.115,4627
1,1038,-0.211,4533
1,1039,1.296,5878
1,1040,0.085,4510
1,1041,0.625,4646
1,1042,-0.354,4393
1,1043,0.005,3943
1,1044,-0.131,4250
1,1045,0.286,4060
1,1046,-0.480,5023
1,1047,-0.056,4221
1,1048,0.388,4701
1,1049,-0.060,3996
1,1050,-0.430,4395
1,1051,0.232,4813
1,1052,-0.178,4253
1,1053,0.172,4466
1,1054,-0.047,4495
1,1055,0.355,4388
1,1056,-0.887,4911
1,1057,0.341,4635
1,1058,-0.542,5067
1,1059,-0.595,4601
1,1060,-0.171,4213
1,1061,-0.944,4936
1,1062,0.219,4826
1,1063,0.577,4286
1,1064,0.054,4365
1,1065,0.037,3766
1,1066,-0.265,4100
1,1067,-0.057,4358
1,1068,0.134,3723
1,1069,0.029,3996
1,1070,0.274,4411
1,1071,-0.205,4343
1,1072,0.354,4518
1,1073,0.177,4412
1,1074,-0.285,4946
1,1075,-0.422,4059
1,1076,-0.071,4342
1,1077,0.530,4221
1,1078,0.183,3698
1,1079,0.011,4127
1,1080,0.402,4645
1,1081,0.057,4610
1,1082,-0.318,4335
1,1083,0.301,4824
1,1084,0.207,4185
1,1085,0.173,3919
1,1086,-0.128,4409
1,1087,-0.947,5043
1,1088,-0.382,4227
1,1089,0.016,4091
1,1090,-0.071,4174
1,1091,0.031,3952
1,1092,0.045,4495
1,1093,0.368,3942
1,1094,0.271,4033
1,1095,0.125,4772
1,1096,0.071,4691
1,1097,0.553,4327
1,1098,-0.241,3834
1,1099,-0.142,3699
1,1100,0.296,4284
1,1101,-0.027,4404
1,1102,0.183,3682
1,1103,0.339,3896
1,1104,0.153,4086
1,1105,0.199,4530
1,1106,0.380,4436
1,1107,0.226,3901
1,1108,-0.062,3731
1,1109,-0.560,4920
1,1110,-0.753,4500
1,1111,0.041,4603
1,1112,0.025,3739
1,1113,-0.023,4636
1,1114,0.211,4248
1,1115,-0.014,4282
1,1116,-0.473,5131
1,1117,0.503,5135
1,1118,-0.086,4023
1,1119,0.473,4291
1,1120,-0.207,4721
1,1121,0.408,4198
1,1122,-1.071,5113
1,1123,-0.244,4386
1,1124,0.692,4292
1,1125,-0.022,4343
1,1126,-0.045,4413
1,1127,-0.235,4056
1,1128,0.057,3812
1,1129,-0.164,3705
1,1130,-0.157,4371
1,1131,-0.842,4589
1,1132,-0.096,4410
1,1133,-0.652,5054
1,1134,0.138,3753
1,1135,0.145,4694
1,1136,-0.295,4390
1,1137,-0.367,4201
1,1138,-0.821,4394
1,1139,0.118,4068
1,1140,-0.289,4590
1,1141,-0.674,4485
1,1142,-0.063,3692
1,1143,-0.224,3851
1,1144,-0.788,5421
1,1145,-0.603,4314
1,1146,-0.173,4322
1,1147,0.139,4593
1,1148,0.445,4546
1,1149,-0.856,5217
1,1150,-0.658,5097
1,1151,-0.732,4391
1,1152,-0.478,4357
1,1153,0.209,3711
1,1154,0.951,4981
1,1155,-0.265,4526
1,1156,-0.266,4217
1,1157,-0.529,4785
1,1158,0.430,4840
1,1159,0.076,4177
1,1160,-0.074,4719
1,1161,-0.702,4249
1,1162,-0.285,4091
1,1163,-0.446,4329
1,1164,-0.350,4986
1,1165,-0.112,4091
1,1166,-0.424,5009
1,1167,0.002,3898
1,1168,-0.314,3816
1,1169,-0.024,4413
1,1170,0.108,4237
1,1171,-0.459,5045
1,1172,-0.358,4213
1,1173,-0.093,3876
1,1174,-0.430,4678
1,1175,0.335,4997
1,1176,0.115,4374
1,1177,0.073,4195
1,1178,-0.097,3865
1,1179,0.161,3742
1,1180,-0.068,3833
1,1181,-0.469,4743
1,1182,-0.047,3669
1,1183,0.271,4701
1,1184,0.570,4834
1,1185,-0.272,4104
1,1186,0.446,5011
1,1187,0.179,3910
1,1188,-0.354,4623
1,1189,-0.332,4709
1,1190,-0.613,4695
1,1191,-0.232,4032
1,1192,-0.245,4073
1,1193,0.093,4635
1,1194,-0.215,3863
1,1195,0.695,4685
1,1196,0.307,4344
1,1197,-0.353,4362
1,1198,-0.056,4632
1,1199,0.245,4686
1,1200,0.048,4679
1,1201,0.782,4673
1,1202,-0.053,4687
1,1203,0.070,4665
1,1204,0.482,4482
1,1205,-0.132,4594
1,1206,-0.177,4248
1,1207,-0.110,3934
1,1208,-0.442,4050
1,1209,0.271,4399
1,1210,-0.339,3891
1,1211,0.074,4493
1,1212,0.501,4167
1,1213,0.050,4470
1,1214,-0.227,3819
1,1215,0.141,4083
1,1216,-0.044,4090
1,1217,0.513,4934
1,1218,0.012,4127
1,1219,0.041,4574
1,1220,-0.191,4680
1,1221,-0.302,4477
1,1222,0.427,4635
1,1223,-0.305,4209
1,1224,-0.033,4024
1,1225,0.244,4555
1,1226,0.041,3865
1,1227,-0.456,5114
1,1228,-0.092,4018
1,1229,0.432,4678
1,1230,-0.390,4522
1,1231,-0.093,4238
1,1232,-0.687,4232
1,1233,0.934,5462
1,1234,0.445,4595
1,1235,0.407,4307
1,1236,0.032,4647
1,1237,0.280,3950
1,1238,0.289,4087
1,1239,-0.156,4357
1,1240,0.675,4477
1,1241,0.682,5247
1,1242,-0.299,3951
1,1243,-0.300,4946
1,1244,0.590,4444
1,1245,0.215,3811
1,1246,0.314,3961
1,1247,0.147,4077
1,1248,0.081,3892
1,1249,-0.166,4424
1,1250,0.183,3831
1,1251,-0.436,5013
1,1252,0.152,4773
1,1253,-0.482,4145
1,1254,0.004,3532
1,1255,-0.621,4274
1,1256,-0.070,3963
1,1257,0.622,5297
1,1258,-0.513,4272
1,1259,0.493,4902
1,1260,-0.274,4122
1,1261,0.385,4748
1,1262,-0.607,5247
1,1263,-0.238,4018
1,1264,0.195,4263
1,1265,-0.172,4156
1,1266,0.520,4437
1,1267,0.339,4848
1,1268,0.150,4346
1,1269,-0.204,3710
1,1270,0.142,4431
1,1271,0.233,3765
1,1272,0.423,4779
1,1273,-0.145,4665
1,1274,0.019,3800
1,1275,0.100,3767
1,1276,-0.525,4067
1,1277,0.210,4715
1,1278,-0.489,4911
1,1279,0.017,4004
1,1280,0.150,4726
1,1281,0.286,4353
1,1282,-0.318,3859
1,1283,0.249,4149
1,1284,0.095,4017
1,1285,-0.087,3696
1,1286,-0.221,4612
1,1287,-0.209,4327
1,1288,0.142,4787
1,1289,-0.098,4417
1,1290,0.437,3951
1,1291,-0.548,4181
1,1292,0.441,5088
1,1293,0.222,4803
1,1294,0.210,3874
1,1295,-0.594,5050
1,1296,-0.161,4597
1,1297,-0.573,5092
1,1298,-0.136,4614
1,1299,-0.446,4544
1,1300,-0.469,5006
1,1301,-0.240,4295
1,1302,-0.360,4689
1,1303,-0.755,4366
1,1304,0.037,4306
1,1305,0.000,4203
1,1306,-0.242,4494
1,1307,0.437,4438
1,1308,-0.795,4475
1,1309,-0.296,4119
1,1310,-0.018,4065
1,1311,-0.440,4532
1,1312,0.151,4374
1,1313,-0.182,3968
1,1314,-0.169,4806
1,1315,0.192,3711
1,1316,-0.431,4680
1,1317,-0.281,4728
1,1318,0.264,3966
1,1319,-0.391,4717
1,1320,-0.143,3682
1,1321,-0.162,4814
1,1322,-0.376,4818
1,1323,-0.058,4065
1,1324,-0.177,4670
1,1325,0.177,4629
1,1326,-0.173,3941
1,1327,-0.727,4335
1,1328,-0.888,4740
1,1329,0.581,4660
1,1330,0.136,4280
1,1331,0.856,4434
1,1332,-0.029,3765
1,1333,-0.073,4110
1,1334,0.153,3668
1,1335,0.126,3716
1,1336,0.324,4459
1,1337,-0.391,4975
1,1338,-1.315,5612
1,1339,-0.107,3687
1,1340,0.079,4322
1,1341,-0.073,4690
1,1342,0.330,4695
1,1343,0.164,4335
1,1344,-0.461,4878
1,1345,-0.662,5261
1,1346,0.043,3896
1,1347,0.380,4475
1,1348,-0.999,4760
1,1349,0.010,4531
1,1350,-0.076,4165
1,1351,0.101,4523
1,1352,-0.374,4442
1,1353,-0.136,3746
1,1354,-0.245,4062
1,1355,0.843,4842
1,1356,-0.208,4783
1,1357,-0.220,3792
1,1358,-0.580,4178
1,1359,-0.039,4004
1,1360,0.176,4194
1,1361,0.329,4828
1,1362,0.065,4328
1,1363,-0.465,4985
1,1364,0.244,4428
1,1365,-0.136,3850
1,1366,-0.078,3770
1,1367,0.403,4414
1,1368,-0.098,4638
1,1369,0.584,5194
1,1370,0.021,3937
1,1371,0.194,4601
1,1372,0.313,3825
1,1373,-0.038,4371
1,1374,0.050,3830
1,1375,0.090,4131
1,1376,0.021,4444
1,1377,0.458,3986
1,1378,-0.870,4433
1,1379,0.198,4597
1,1380,-1.118,5591
1,1381,-0.009,3529
1,1382,-0.202,4420
1,1383,-0.413,4406
1,1384,0.167,4273
1,1385,-0.356,4084
1,1386,-0.151,4466
1,1387,-0.537,4697
1,1388,-0.121,4766
1,1389,-0.645,5149
1,1390,-0.543,5087
1,1391,0.058,4231
1,1392,0.312,4061
1,1393,0.111,4136
1,1394,-0.100,4078
1,1395,0.950,4660
1,1396,-0.064,3629
1,1397,-0.032,4282
1,1398,-0.134,3884
1,1399,0.511,4428
1,1400,-0.111,3637
1,1401,-0.320,4022
1,1402,-0.069,4020
1,1403,-0.139,4593
1,1404,0.367,4959
1,1405,0.330,4923
1,1406,-0.205,4451
1,1407,0.188,4811
1,1408,0.285,4170
1,1409,0.011,3801
1,1410,0.240,3744
1,1411,-0.598,4377
1,1412,0.038,4042
1,1413,0.074,3690
1,1414,0.224,4434
1,1415,0.641,4534
1,1416,-0.221,3950
1,1417,-0.075,3823
1,1418,0.276,4780
1,1419,-0.984,4991
1,1420,-0.818,4954
1,1421,0.131,4436
1,1422,-0.264,4787
1,1423,0.341,4011
1,1424,0.337,4976
1,1425,0.169,4169
1,1426,0.443,4068
1,1427,-0.032,4170
1,1428,-0.245,4209
1,1429,-0.190,4293
1,1430,-0.431,4422
1,1431,-0.723,4790
1,1432,0.778,5404
1,1433,-0.598,5189
1,1434,0.045,3752
1,1435,-0.261,4887
1,1436,-0.083,4207
1,1437,-0.757,4404
1,1438,0.116,4677
1,1439,0.139,4505
1,1440,-0.289,4720
2,1,-0.138,5083
2,2,0.241,5428
2,3,-0.384,5831
2,4,-0.462,6453
2,5,-0.196,5785
2,6,-0.999,6524
2,7,0.334,6230
2,8,-0.017,5747
2,9,0.249,5334
2,10,0.477,6509
2,11,-0.458,5730
2,12,-1.116,7519
2,13,-0.352,5382
2,14,-0.464,5550
2,15,-0.106,6222
2,16,-0.467,5587
2,17,0.234,6383
2,18,-0.374,5913
2,19,-0.230,5082
2,20,0.602,6771
2,21,-0.290,6136
2,22,-1.028,6200
2,23,-0.370,6667
2,24,0.468,6086
2,25,0.127,5319
2,26,0.544,6418
2,27,0.074,4940
2,28,0.244,5445
2,29,-0.621,6831
2,30,-0.046,6137
2,31,-0.141,5047
2,32,0.615,6305
2,33,-0.248,5520
2,34,0.997,7261
2,35,-0.524,6220
2,36,-0.494,6247
2,37,0.001,5435
2,38,-0.594,6455
2,39,0.317,6126
2,40,-0.163,5450
2,41,0.137,5755
2,42,-0.095,6287
2,43,-0.156,5406
2,44,0.340,6412
2,45,0.842,6031
2,46,0.691,6442
2,47,-0.146,5944
2,48,-0.810,6174
2,49,-0.272,6376
2,50,-0.209,5007
2,51,0.239,5750
2,52,-0.173,5441
2,53,0.153,5789
2,54,-0.549,5860
2,55,0.122,5451
2,56,-0.058,4961
2,57,-0.469,5351
2,58,0.351,6444
2,59,0.389,5878
2,60,-0.194,5188
2,61,0.082,6052
2,62,-0.903,5964
2,63,0.480,6517
2,64,-0.873,6926
2,65,0.098,5833
2,66,-0.347,5695
2,67,0.677,6161
2,68,-0.222,6386
2,69,-0.254,6124
2,70,0.051,6244
2,71,0.423,6214
2,72,-0.111,5682
2,73,-0.227,5592
2,74,-0.687,6678
2,75,0.468,5562
2,76,-0.205,5638
2,77,-0.414,6257
2,78,-0.014,5705
2,79,-0.102,5985
2,80,-0.197,5153
2,81,-0.070,5747
2,82,0.234,6101
2,83,0.199,5147
2,84,-0.894,7280
2,85,-0.489,6867
2,86,0.407,5456
2,87,-0.213,6366
2,88,0.328,6420
2,89,0.478,6131
2,90,0.068,5002
2,91,0.106,4990
2,92,-0.129,5996
2,93,-0.030,5413
2,94,-0.152,5602
2,95,-0.207,5942
2,96,-0.177,6074
2,97,0.109,4979
2,98,-0.947,6635
2,99,0.227,6108
2,100,-0.425,5772
2,101,-0.034,6247
2,102,-0.620,6470
2,103,0.143,4926
2,104,0.050,5681
2,105,0.534,5727
2,106,0.171,5918
2,107,-1.227,7537
2,108,-0.170,5966
2,109,0.342,5142
2,110,-0.165,5893
2,111,-0.100,5236
2,112,-0.152,4911
2,113,0.501,6710
2,114,0.191,6178
2,115,-0.597,5740
2,116,-0.048,5487
2,117,-0.097,5515
2,118,-0.684,6711
2,119,0.195,5500
2,120,0.352,5345
2,121,0.353,6259
2,122,0.540,6525
2,123,-0.188,5826
2,124,-0.145,6027
2,125,-0.337,6584
2,126,0.379,5337
2,127,-0.173,6243
2,128,-0.799,6081
2,129,0.480,6099
2,130,0.511,5617
2,131,0.589,5803
2,132,-0.505,6213
2,133,0.780,6288
2,134,0.059,5140
2,135,-0.707,7068
2,136,-0.028,5153
2,137,0.179,6273
2,138,-0.157,5449
2,139,0.160,6057
2,140,0.419,5758
2,141,0.068,4764
2,142,-0.704,5670
2,143,0.283,5605
2,144,-0.313,5815
2,145,0.367,5367
2,146,0.242,5042
2,147,0.472,6746
2,148,0.730,5742
2,149,0.165,6191
2,150,0.511,5388
2,151,0.405,6558
2,152,-0.130,6265
2,153,0.106,6110
2,154,0.054,5315
2,155,-0.039,5613
2,156,0.629,6716
2,157,-0.209,6088
2,158,0.375,6256
2,159,0.546,5890
2,160,-0.190,5660
2,161,0.568,6639
2,162,0.076,6204
2,163,-0.331,5794
2,164,0.396,6265
2,165,-0.037,5139
2,166,0.304,6367
2,167,-0.151,5358
2,168,-0.406,6235
2,169,0.465,5683
2,170,0.929,6655
2,171,-0.465,6136
2,172,-0.263,5269
2,173,0.235,5959
2,174,-0.565,6877
2,175,0.113,5136
2,176,0.004,5614
2,177,0.505,6362
2,178,-0.264,5942
2,179,0.226,6283
2,180,0.428,6070
2,181,-0.054,4996
2,182,0.098,5138
2,183,0.098,6237
2,184,0.346,5689
2,185,-0.276,5166
2,186,-0.051,4860
2,187,-0.180,5359
2,188,-0.338,5429
2,189,-0.277,5880
2,190,-0.226,5967
2,191,-0.022,5734
2,192,0.028,5614
2,193,0.108,6030
2,194,-0.588,6873
2,195,0.238,5999
2,196,0.558,5508
2,197,0.193,5488
2,198,-0.865,6356
2,199,0.153,5823
2,200,0.364,6039
2,201,0.163,5119
2,202,0.003,5348
2,203,-0.309,5341
2,204,-0.062,5725
2,205,-0.879,6835
2,206,0.111,5563
2,207,-0.424,6672
2,208,-0.401,6596
2,209,0.268,5632
2,210,-0.176,5557
2,211,0.603,5565
2,212,-0.126,6224
2,213,-0.580,6231
2,214,-0.029,5176
2,215,0.124,5132
2,216,-1.293,6804
2,217,0.015,5339
2,218,-0.101,5590
2,219,0.676,5918
2,220,-0.705,5825
2,221,0.159,5430
2,222,0.123,4952
2,223,0.367,5536
2,224,-0.423,5890
2,225,0.332,5866
2,226,-0.003,4762
2,227,-0.252,6422
2,228,0.113,6364
2,229,-0.386,5713
2,230,0.116,6185
2,231,0.378,5271
2,232,0.314,5690
2,233,-0.073,5336
2,234,0.202,5493
2,235,0.511,6904
2,236,-0.134,6066
2,237,0.184,5559
2,238,0.636,5748
2,239,-0.399,5369
2,240,0.209,5693
2,241,-0.409,5365
2,242,0.735,6091
2,243,0.170,6181
2,244,-0.308,5554
2,245,0.006,5353
2,246,0.433,5632
2,247,-0.518,6002
2,248,0.332,6477
2,249,0.154,5130
2,250,-0.443,6746
2,251,0.166,5636
2,252,0.433,5266
2,253,0.603,5669
2,254,-0.266,5366
2,255,0.238,6455
2,256,-0.315,5865
2,257,-0.129,5284
2,258,-0.200,5657
2,259,0.636,6646
2,260,0.612,6753
2,261,0.129,4845
2,262,-0.065,6127
2,263,-0.451,5947
2,264,0.478,5529
2,265,-0.191,5975
2,266,-0.460,6731
2,267,-0.031,5249
2,268,0.173,6202
2,269,-0.155,5722
2,270,0.452,5491
2,271,0.616,6608
2,272,-0.374,6222
2,273,0.452,5692
2,274,0.510,6603
2,275,-0.076,5865
2,276,-0.141,6087
2,277,0.170,6106
2,278,0.685,6147
2,279,0.710,6690
2,280,0.222,5497
2,281,-0.017,5314
2,282,0.371,5277
2,283,-0.773,6168
2,284,0.106,4831
2,285,0.026,5075
2,286,0.595,5829
2,287,0.806,6379
2,288,0.436,6744
2,289,-0.058,6099
2,290,0.100,6016
2,291,-0.101,5538
2,292,0.058,4809
2,293,0.082,5433
2,294,-0.784,6867
2,295,0.647,6786
2,296,0.870,6752
2,297,0.415,6171
2,298,-0.853,7264
2,299,-0.198,5643
2,300,0.298,5160
2,301,-0.742,6573
2,302,0.487,5494
2,303,-0.391,6008
2,304,0.206,5803
2,305,0.276,5380
2,306,-0.039,4978
2,307,-0.358,6132
2,308,0.462,6025
2,309,-0.008,5672
2,310,0.022,4957
2,311,0.660,6867
2,312,-0.197,5495
2,313,0.154,4974
2,314,-0.099,5268
2,315,0.729,6267
2,316,0.152,6341
2,317,-0.090,5691
2,318,0.457,6215
2,319,-0.301,5343
2,320,0.118,6364
2,321,-0.282,5566
2,322,0.306,5372
2,323,0.228,5625
2,324,0.382,5803
2,325,-0.209,5511
2,326,0.457,6441
2,327,-0.278,5289
2,328,0.828,6739
2,329,-0.037,4964
2,330,-0.794,5788
2,331,-0.104,5186
2,332,-0.342,6486
2,333,0.503,5530
2,334,0.681,7078
2,335,0.229,6510
2,336,0.296,5584
2,337,0.019,5441
2,338,-0.053,5213
2,339,0.061,5838
2,340,-0.041,5834
2,341,0.757,7084
2,342,-0.098,5473
2,343,-0.360,6471
2,344,-0.164,5727
2,345,-1.186,6818
2,346,0.328,6216
2,347,-0.418,5276
2,348,-0.336,6385
2,349,0.080,5053
2,350,0.045,5124
2,351,0.657,6584
2,352,0.429,5623
2,353,0.084,5180
2,354,0.072,5873
2,355,0.475,5927
2,356,0.274,6181
2,357,0.615,6278
2,358,-0.800,7075
2,359,0.055,5315
2,360,-0.024,5767
2,361,-0.194,5432
2,362,-0.311,5685
2,363,-0.315,6105
2,364,-0.323,5619
2,365,0.291,5809
2,366,-0.377,6361
2,367,0.236,5571
2,368,0.037,5071
2,369,0.004,4874
2,370,-0.164,5802
2,371,-0.145,5257
2,372,0.152,4886
2,373,0.379,6574
2,374,0.415,5639
2,375,0.051,5627
2,376,0.165,5630
2,377,-0.286,5866
2,378,0.138,4903
2,379,0.077,5922
2,380,-0.187,5261
2,381,0.099,6081
2,382,-0.001,5946
2,383,-0.102,5634
2,384,-0.234,6334
2,385,-0.005,5821
2,386,-0.522,6674
2,387,0.208,5943
2,388,0.315,6074
2,389,0.230,5005
2,390,0.199,6070
2,391,-0.023,4736
2,392,0.645,6234
2,393,0.216,6411
2,394,0.844,6561
2,395,-0.068,4877
2,396,-0.071,6224
2,397,0.309,6103
2,398,-0.564,5886
2,399,-0.119,5891
2,400,0.588,5889
2,401,0.150,6031
2,402,-0.175,4938
2,403,-0.065,5050
2,404,0.120,5732
2,405,0.278,5217
2,406,0.225,5609
2,407,0.210,5112
2,408,-0.478,6093
2,409,-0.009,5069
2,410,0.101,6206
2,411,-0.177,5951
2,412,-0.145,5678
2,413,-0.472,6704
2,414,0.374,5930
2,415,0.636,6864
2,416,-0.322,6212
2,417,0.066,5357
2,418,-0.408,5948
2,419,-0.281,5452
2,420,-0.231,6434
2,421,-0.151,6199
2,422,-0.210,5407
2,423,0.125,5184
2,424,0.029,5893
2,425,-0.225,6202
2,426,-0.849,7000
2,427,-0.148,6236
2,428,-0.130,6182
2,429,0.037,4997
2,430,-0.377,5888
2,431,0.052,5518
2,432,-0.327,5351
2,433,0.358,6296
2,434,0.083,5409
2,435,0.129,5287
2,436,0.544,5654
2,437,-0.308,5744
2,438,0.031,5518
2,439,-0.237,5505
2,440,-0.511,5986
2,441,0.205,6472
2,442,-0.443,5444
2,443,-0.308,6306
2,444,0.317,5850
2,445,0.070,4981
2,446,0.428,5625
2,447,-0.099,5243
2,448,-0.260,6233
2,449,0.079,4972
2,450,0.031,5666
2,451,-0.098,6128
2,452,-0.556,5829
2,453,0.243,6380
2,454,0.288,6047
2,455,0.440,5724
2,456,-0.331,5248
2,457,0.355,6335
2,458,-0.080,5228
2,459,0.191,6030
2,460,0.413,6338
2,461,0.541,6334
2,462,0.059,5914
2,463,-0.198,5236
2,464,0.036,4720
2,465,0.745,6721
2,466,-0.300,5967
2,467,-0.739,6113
2,468,-0.516,6284
2,469,-0.105,5341
2,470,0.592,5884
2,471,0.679,5736
2,472,-0.197,5110
2,473,-0.210,6493
2,474,-0.657,5636
2,475,-0.080,5405
2,476,-0.644,6422
2,477,-0.459,6127
2,478,-0.521,6397
2,479,0.030,6209
2,480,0.398,6167
2,481,-0.011,5856
2,482,-0.186,5258
2,483,0.263,6341
2,484,-0.268,6570
2,485,-0.142,5043
2,486,-0.007,5581
2,487,-0.953,6519
2,488,-0.107,5239
2,489,-0.279,6531
2,490,0.063,5558
2,491,0.201,5658
2,492,0.301,5356
2,493,0.031,6230
2,494,-0.423,5387
2,495,0.293,5104
2,496,-0.097,5143
2,497,-0.319,6363
2,498,0.126,5700
2,499,0.278,5235
2,500,0.099,5535
2,501,0.395,6031
2,502,-0.050,4913
2,503,-0.130,4963
2,504,-0.352,5545
2,505,-0.079,5803
2,506,0.039,5362
2,507,0.698,6990
2,508,0.408,5332
2,509,-0.234,5499
2,510,0.483,6068
2,511,0.111,6042
2,512,-0.412,5544
2,513,0.383,6682
2,514,0.294,5711
2,515,0.107,6184
2,516,0.100,5343
2,517,-0.149,6098
2,518,0.335,6066
2,519,0.108,5718
2,520,-0.294,6430
2,521,0.086,5788
2,522,0.066,5738
2,523,-0.026,5511
2,524,0.192,6134
2,525,-0.215,5171
2,526,-0.180,5645
2,527,-0.354,6160
2,528,-0.135,5379
2,529,0.036,5324
2,530,0.517,6580
2,531,0.025,4911
2,532,-0.640,5668
2,533,-0.051,5212
2,534,-0.160,5753
2,535,-0.203,5364
2,536,-0.739,5986
2,537,0.385,5570
2,538,-0.312,5450
2,539,0.285,5737
2,540,0.326,6633
2,541,-0.152,4992
2,542,0.145,5006
2,543,-0.182,5969
2,544,-0.552,6361
2,545,-0.013,5369
2,546,-0.100,5678
2,547,0.563,6278
2,548,0.018,5416
2,549,-0.389,5350
2,550,-0.142,5988
2,551,0.642,6902
2,552,0.190,5810
2,553,0.091,6180
2,554,0.545,6785
2,555,0.410,5734
2,556,-0.584,7015
2,557,-0.081,6230
2,558,-0.350,6433
2,559,0.755,6800
2,560,0.605,6652
2,561,-0.627,5840
2,562,0.511,5587
2,563,-0.079,6294
2,564,0.567,5722
2,565,0.508,6179
2,566,-0.014,5619
2,567,0.342,5958
2,568,-0.009,5811
2,569,0.670,5933
2,570,-0.136,4863
2,571,1.291,6752
2,572,-0.226,6158
2,573,0.064,5648
2,574,0.448,5633
2,575,0.004,4939
2,576,-0.559,6014
2,577,-0.408,6465
2,578,-0.189,6126
2,579,-0.359,5790
2,580,-0.498,6786
2,581,0.387,5351
2,582,0.344,6099
2,583,0.156,6331
2,584,-0.277,6586
2,585,0.043,5892
2,586,-0.638,5911
2,587,0.139,5470
2,588,0.193,5102
2,589,0.398,6293
2,590,0.483,6481
2,591,-0.287,5964
2,592,0.349,6668
2,593,0.676,6583
2,594,-0.070,6045
2,595,0.556,6612
2,596,0.030,5618
2,597,-0.106,5958
2,598,-0.326,6617
2,599,-0.016,4838
2,600,0.200,6135
2,601,-0.204,6053
2,602,-0.227,5743
2,603,-0.001,5311
2,604,-0.247,5763
2,605,-0.277,6119
2,606,-0.166,5113
2,607,-0.426,6102
2,608,0.498,6449
2,609,0.126,5034
2,610,-0.489,6772
2,611,-0.047,5346
2,612,-0.283,6457
2,613,0.533,6730
2,614,-0.119,6239
2,615,0.387,6457
2,616,0.335,6286
2,617,0.291,5143
2,618,0.198,5457
2,619,0.520,6401
2,620,0.210,5468
2,621,-0.241,6139
2,622,0.033,5973
2,623,-0.190,5353
2,624,0.047,5411
2,625,0.142,5624
2,626,-0.038,5004
2,627,-0.722,6010
2,628,-0.054,4885
2,629,-0.196,5762
2,630,0.761,6746
2,631,0.035,5384
2,632,0.102,5737
2,633,-0.989,6151
2,634,-1.138,6860
2,635,0.228,5343
2,636,0.021,5811
2,637,-0.059,6173
2,638,0.037,6200
2,639,-0.510,5612
2,640,-0.069,6188
2,641,-0.202,6403
2,642,-0.228,6351
2,643,-0.323,6436
2,644,-0.009,5270
2,645,-0.088,6072
2,646,-0.589,5900
2,647,-0.282,6188
2,648,0.062,6047
2,649,0.133,5210
2,650,-0.280,5474
2,651,0.201,5164
2,652,-0.023,4771
2,653,0.238,5130
2,654,-0.978,7208
2,655,-0.551,6937
2,656,0.193,5903
2,657,-0.373,5853
2,658,0.108,4928
2,659,0.322,5618
2,660,0.193,5285
2,661,0.312,5720
2,662,-0.003,5168
2,663,-0.043,4956
2,664,0.377,6255
2,665,-0.310,6398
2,666,-0.609,6780
2,667,0.083,5311
2,668,0.406,6178
2,669,-0.486,6142
2,670,0.434,5781
2,671,0.434,6426
2,672,-0.548,6311
2,673,-0.451,5955
2,674,0.608,6776
2,675,0.301,6125
2,676,0.519,5983
2,677,0.236,5285
2,678,-0.383,6524
2,679,0.386,5371
2,680,0.263,6047
2,681,0.570,5755
2,682,0.386,6303
2,683,-0.120,5879
2,684,-0.182,5282
2,685,0.086,5197
2,686,0.007,6089
2,687,0.435,6561
2,688,-0.772,6433
2,689,0.501,6196
2,690,-0.525,5976
2,691,0.081,4816
2,692,0.046,5095
2,693,0.562,5628
2,694,-0.429,5674
2,695,0.478,6771
2,696,-0.121,6234
2,697,0.303,5494
2,698,-0.552,5967
2,699,-0.611,6868
2,700,-0.050,5278
2,701,0.208,5334
2,702,0.589,5696
2,703,0.131,5003
2,704,0.061,6165
2,705,0.273,6509
2,706,-0.165,6025
2,707,-0.071,4778
2,708,0.171,5230
2,709,-0.007,5167
2,710,0.735,5768
2,711,0.240,5930
2,712,0.154,5314
2,713,-0.674,6346
2,714,-0.295,5883
2,715,0.316,6269
2,716,-0.027,5639
2,717,0.371,5255
2,718,-0.049,5096
2,719,0.371,6198
2,720,-0.159,5826
2,721,0.114,6365
2,722,-0.484,6237
2,723,0.468,6320
2,724,-0.486,6651
2,725,-0.196,6185
2,726,-0.218,5119
2,727,0.245,5987
2,728,0.012,5881
2,729,-0.621,6100
2,730,-0.022,6160
2,731,-0.173,4991
2,732,0.330,5193
2,733,-0.183,5002
2,734,-0.121,6156
2,735,-0.237,6393
2,736,-0.112,6088
2,737,0.405,6223
2,738,-0.615,6063
2,739,-0.322,6499
2,740,-0.725,7082
2,741,-0.085,5127
2,742,-0.151,5640
2,743,-0.282,5582
2,744,0.300,5165
2,745,0.709,7128
2,746,-0.025,5023
2,747,-0.237,6064
2,748,-0.199,5458
2,749,-0.176,6346
2,750,0.103,5087
2,751,0.268,5107
2,752,-0.412,6360
2,753,-0.243,5782
2,754,0.047,4980
2,755,0.648,6743
2,756,-0.212,5094
2,757,0.699,6203
2,758,-0.307,6215
2,759,-0.519,5884
2,760,-0.088,5287
2,761,0.163,5298
2,762,-0.200,5488
2,763,-0.112,5812
2,764,-0.078,5120
2,765,-0.187,6214
2,766,0.504,6096
2,767,-0.700,5669
2,768,-0.698,6997
2,769,0.475,5620
2,770,-0.106,6283
2,771,-0.729,7055
2,772,0.393,5809
2,773,-0.318,6326
2,774,0.202,5255
2,775,-0.324,6645
2,776,-0.858,6355
2,777,-0.269,5525
2,778,0.250,5781
2,779,0.433,6665
2,780,-0.451,6425
2,781,-0.097,5411
2,782,-0.186,5577
2,783,-0.131,5244
2,784,0.090,5136
2,785,-0.222,5577
2,786,0.033,5601
2,787,-0.288,6149
2,788,0.145,5649
2,789,-0.190,6295
2,790,0.043,6174
2,791,-0.538,5868
2,792,-0.044,5870
2,793,-0.762,6227
2,794,-0.382,6545
2,795,0.098,5234
2,796,0.147,5505
2,797,-0.350,5198
2,798,-0.446,6571
2,799,-0.466,5438
2,800,-0.545,6125
2,801,0.311,5783
2,802,0.000,5006
2,803,0.187,6223
2,804,-0.013,5155
2,805,-0.106,5830
2,806,0.202,5477
2,807,0.045,5841
2,808,0.080,5155
2,809,-0.664,6344
2,810,0.784,6939
2,811,-0.076,5503
2,812,-0.009,4844
2,813,0.020,4936
2,814,-0.025,6003
2,815,-0.204,6024
2,816,-0.115,5953
2,817,0.244,5340
2,818,-0.007,5974
2,819,-0.044,4918
2,820,-0.602,6107
2,821,-0.497,6466
2,822,-0.443,6456
2,823,-0.151,4993
2,824,-0.216,5137
2,825,-0.024,5434
2,826,0.065,6166
2,827,0.120,4835
2,828,0.380,5258
2,829,-0.052,4771
2,830,-0.392,6085
2,831,0.338,6362
2,832,1.347,7352
2,833,0.179,5259
2,834,0.334,5160
2,835,0.345,5456
2,836,0.864,6974
2,837,-0.132,5830
2,838,0.419,6221
2,839,0.093,5806
2,840,0.294,6269
2,841,-0.768,6120
2,842,-0.156,5870
2,843,-0.867,7060
2,844,-0.931,7112
2,845,-0.691,6368
2,846,-0.551,5588
2,847,0.194,5219
2,848,-0.090,5056
2,849,-0.092,5463
2,850,-0.022,5288
2,851,0.122,4934
2,852,1.031,6789
2,853,-0.702,6921
2,854,0.401,5464
2,855,-0.756,5744
2,856,-0.890,6634
2,857,0.000,5831
2,858,-0.027,6147
2,859,-0.046,6052
2,860,0.250,5299
2,861,0.098,6005
2,862,0.092,5238
2,863,-0.071,5548
2,864,0.188,5210
2,865,-0.150,5792
2,866,-0.243,5407
2,867,0.067,4900
2,868,-0.084,5012
2,869,0.221,6008
2,870,-0.368,6502
2,871,-0.094,5379
2,872,-0.484,5742
2,873,-0.242,5255
2,874,-0.072,5616
2,875,-0.066,4987
2,876,-0.523,5612
2,877,-0.618,6598
2,878,0.550,6650
2,879,0.191,5769
2,880,0.440,5336
2,881,-0.159,6139
2,882,0.082,4999
2,883,0.332,5330
2,884,-0.660,6943
2,885,-0.561,5462
2,886,-0.229,5983
2,887,0.063,4810
2,888,-1.011,6499
2,889,-0.814,6268
2,890,0.306,5716
2,891,-0.059,5843
2,892,0.298,6470
2,893,-0.957,6286
2,894,-0.675,5812
2,895,-0.343,6542
2,896,0.260,6476
2,897,-0.710,7190
2,898,-0.685,6539
2,899,0.081,6056
2,900,0.319,5854
2,901,-0.350,5607
2,902,0.196,6346
2,903,0.374,6229
2,904,-0.701,6409
2,905,0.219,5034
2,906,0.300,5690
2,907,-0.493,6522
2,908,-1.105,6423
2,909,-0.601,6134
2,910,-0.421,6363
2,911,0.264,5975
2,912,-0.008,5390
2,913,-0.291,5932
2,914,0.003,5686
2,915,-0.024,6193
2,916,0.054,5554
2,917,0.034,6070
2,918,0.431,5885
2,919,-0.214,5616
2,920,0.467,6063
2,921,0.262,5283
2,922,-0.645,6879
2,923,-0.520,6129
2,924,0.041,5658
2,925,-0.225,5584
2,926,0.327,5379
2,927,-0.010,5288
2,928,0.514,5479
2,929,0.120,6338
2,930,0.370,5747
2,931,0.241,5699
2,932,-0.027,5281
2,933,-0.332,5864
2,934,-0.757,6420
2,935,-0.173,6301
2,936,-0.500,5913
2,937,0.801,6824
2,938,0.492,5726
2,939,0.480,6384
2,940,0.223,5762
2,941,0.097,5697
2,942,-0.391,6109
2,943,-0.040,5439
2,944,0.131,5163
2,945,0.337,5726
2,946,-0.061,4780
2,947,0.633,5596
2,948,-0.089,4842
2,949,-0.237,6512
2,950,0.367,6600
2,951,0.203,5917
2,952,-0.383,5891
2,953,0.211,6371
2,954,-0.239,5504
2,955,-0.432,5530
2,956,-0.326,5521
2,957,1.063,6817
2,958,-0.302,5758
2,959,0.285,5858
2,960,-0.217,6189
2,961,0.369,6405
2,962,0.553,5480
2,963,-0.097,4802
2,964,0.281,6169
2,965,-0.449,5793
2,966,-0.311,5848
2,967,0.019,5370
2,968,0.773,5907
2,969,-0.051,6132
2,970,-0.168,4922
2,971,0.189,6161
2,972,-0.573,6896
2,973,0.094,5718
2,974,0.200,5935
2,975,0.679,6902
2,976,0.003,5477
2,977,0.284,5410
2,978,0.165,4974
2,979,0.127,6381
2,980,-0.555,6320
2,981,-0.022,5586
2,982,0.321,6615
2,983,-0.019,4750
2,984,0.094,5392
2,985,-0.182,5416
2,986,-0.314,6617
2,987,0.032,6231
2,988,-0.287,6600
2,989,-0.867,6311
2,990,0.504,6426
2,991,0.221,5258
2,992,0.307,5135
2,993,-0.395,5628
2,994,-0.138,5642
2,995,0.306,6185
2,996,0.529,5782
2,997,-0.696,6377
2,998,-0.200,6374
2,999,-0.402,5655
2,1000,0.638,5925
2,1001,0.677,5930
2,1002,-0.046,5552
2,1003,-0.395,6339
2,1004,0.224,5061
2,1005,-0.566,6988
2,1006,-0.029,5147
2,1007,0.595,5949
2,1008,-0.472,5989
2,1009,-0.439,5624
2,1010,0.454,6682
2,1011,-0.292,5535
2,1012,-0.494,6549
2,1013,0.727,5913
2,1014,-0.519,6391
2,1015,-0.583,5722
2,1016,0.112,5340
2,1017,-0.623,6490
2,1018,-0.037,5187
2,1019,0.310,6232
2,1020,-0.188,6208
2,1021,0.000,5720
2,1022,0.127,5820
2,1023,-0.043,5271
2,1024,-0.164,5024
2,1025,0.579,5692
2,1026,0.333,5338
2,1027,-0.489,6092
2,1028,-0.764,6426
2,1029,0.838,7117
2,1030,-0.598,5668
2,1031,0.053,6038
2,1032,0.293,6369
2,1033,-0.502,5453
2,1034,-0.291,5790
2,1035,0.697,5968
2,1036,0.122,5843
2,1037,0.837,6492
2,1038,-0.078,5383
2,1039,-0.048,4736
2,1040,0.101,6091
2,1041,-0.384,5663
2,1042,-0.139,5197
2,1043,-0.159,6195
2,1044,-0.319,5356
2,1045,1.116,7269
2,1046,-0.032,5449
2,1047,-0.069,4934
2,1048,0.678,6641
2,1049,0.150,6220
2,1050,0.180,5149
2,1051,-0.159,4943
2,1052,0.612,6866
2,1053,-0.170,5144
2,1054,-0.019,5241
2,1055,0.083,5217
2,1056,-0.212,5532
2,1057,-0.044,5639
2,1058,0.344,6686
2,1059,0.314,5124
2,1060,-0.298,6405
2,1061,0.289,5395
2,1062,-0.136,6184
2,1063,0.504,5491
2,1064,0.318,5169
2,1065,-0.300,5523
2,1066,-0.318,5574
2,1067,0.495,6886
2,1068,-0.308,5139
2,1069,-0.374,6552
2,1070,0.096,5545
2,1071,-0.306,6351
2,1072,-0.226,5230
2,1073,0.369,5699
2,1074,-0.586,6056
2,1075,-0.186,6393
2,1076,0.049,5796
2,1077,0.961,6862
2,1078,0.412,5614
2,1079,-0.902,7372
2,1080,0.102,6303
2,1081,-0.291,6144
2,1082,0.659,6603
2,1083,-0.667,6336
2,1084,-0.140,5523
2,1085,0.622,5599
2,1086,-0.003,5163
2,1087,0.130,5463
2,1088,-0.464,6583
2,1089,-0.888,6507
2,1090,-0.156,6258
2,1091,-0.547,6278
2,1092,0.155,5477
2,1093,0.014,5882
2,1094,-0.423,5587
2,1095,-0.034,4817
2,1096,-0.578,6006
2,1097,0.463,6541
2,1098,0.003,4803
2,1099,-0.387,6664
2,1100,0.203,5592
2,1101,-0.248,5129
2,1102,0.184,4956
2,1103,0.469,5598
2,1104,0.640,6336
2,1105,0.202,5355
2,1106,-0.822,6564
2,1107,-0.045,6201
2,1108,0.447,5688
2,1109,0.198,5755
2,1110,0.633,5924
2,1111,-0.328,5811
2,1112,0.044,5342
2,1113,0.197,6345
2,1114,0.092,5083
2,1115,-0.158,6013
2,1116,-0.490,5854
2,1117,0.178,6288
2,1118,-0.506,5423
2,1119,-0.161,6017
2,1120,-0.444,6643
2,1121,-0.614,6010
2,1122,-0.346,5863
2,1123,0.318,5412
2,1124,0.468,6441
2,1125,-0.087,5488
2,1126,0.144,6294
2,1127,0.530,6245
2,1128,-0.364,5821
2,1129,0.024,5852
2,1130,0.530,6356
2,1131,-0.553,5466
2,1132,-0.021,4784
2,1133,-0.481,5917
2,1134,-0.013,6091
2,1135,0.215,6037
2,1136,0.021,5656
2,1137,-0.252,5038
2,1138,-0.498,6462
2,1139,0.346,6429
2,1140,-0.308,6159
2,1141,-0.018,5717
2,1142,0.057,5453
2,1143,0.120,6122
2,1144,-0.650,6473
2,1145,-0.408,5828
2,1146,-0.480,6202
2,1147,-0.231,5593
2,1148,0.249,5197
2,1149,0.417,6741
2,1150,0.354,5320
2,1151,-0.247,5304
2,1152,-0.498,5617
2,1153,-0.146,4949
2,1154,0.137,4890
2,1155,0.415,5538
2,1156,-0.180,5447
2,1157,0.097,6025
2,1158,0.251,5358
2,1159,-0.602,5766
2,1160,0.629,6289
2,1161,0.692,6137
2,1162,-0.301,5306
2,1163,0.321,5377
2,1164,0.429,6803
2,1165,0.500,6036
2,1166,-0.512,6903
2,1167,0.964,7338
2,1168,-0.470,6820
2,1169,0.217,5953
2,1170,0.002,5196
2,1171,-0.151,5206
2,1172,0.237,5414
2,1173,0.791,6038
2,1174,-0.452,6408
2,1175,0.074,5442
2,1176,0.831,6522
2,1177,-0.073,6258
2,1178,0.295,6589
2,1179,0.413,5301
2,1180,-0.274,5783
2,1181,0.058,5742
2,1182,0.343,6652
2,1183,0.305,5881
2,1184,0.238,6361
2,1185,-0.232,5209
2,1186,0.204,5891
2,1187,0.410,5574
2,1188,-0.022,5251
2,1189,0.795,5945
2,1190,-0.128,5780
2,1191,-0.333,6280
2,1192,0.320,5165
2,1193,-0.064,5094
2,1194,0.050,5984
2,1195,0.057,4881
2,1196,-0.358,5418
2,1197,0.239,5916
2,1198,-0.247,6083
2,1199,-0.216,6071
2,1200,0.344,6653
2,1201,0.171,6418
2,1202,-0.775,5911
2,1203,0.197,5148
2,1204,-0.405,5780
2,1205,0.653,5869
2,1206,-0.274,5166
2,1207,0.680,6080
2,1208,-0.265,6340
2,1209,0.525,6056
2,1210,-0.585,6982
2,1211,-0.047,5778
2,1212,0.312,6376
2,1213,-0.191,6347
2,1214,0.272,6036
2,1215,-0.282,6512
2,1216,-0.512,5691
2,1217,0.220,5925
2,1218,-0.554,6511
2,1219,-0.767,5981
2,1220,-0.456,5378
2,1221,0.399,5520
2,1222,0.674,6364
2,1223,-0.626,6645
2,1224,0.447,6246
2,1225,0.460,5831
2,1226,0.272,5362
2,1227,-0.599,5997
2,1228,-0.248,5108
2,1229,-0.074,6281
2,1230,0.118,6135
2,1231,-0.491,6611
2,1232,1.003,7225
2,1233,0.131,5047
2,1234,-0.408,6770
2,1235,0.039,4794
2,1236,0.252,5918
2,1237,0.191,6018
2,1238,0.545,5440
2,1239,-0.682,6948
2,1240,-0.310,5856
2,1241,-0.772,6672
2,1242,-0.398,5235
2,1243,-0.425,6712
2,1244,-0.277,5925
2,1245,-0.193,5421
2,1246,0.195,5022
2,1247,0.038,5942
2,1248,0.046,5447
2,1249,0.835,6784
2,1250,0.024,5742
2,1251,-0.092,6266
2,1252,-0.333,5835
2,1253,0.486,5596
2,1254,0.122,6252
2,1255,0.145,5010
2,1256,-0.361,6229
2,1257,-0.234,5274
2,1258,0.841,6451
2,1259,0.068,5856
2,1260,-0.058,5641
2,1261,0.142,6075
2,1262,0.629,6419
2,1263,-0.094,5029
2,1264,0.627,6840
2,1265,-0.227,6524
2,1266,0.701,6389
2,1267,-0.438,6604
2,1268,-0.182,6057
2,1269,0.431,5930
2,1270,-0.009,4866
2,1271,-0.098,5828
2,1272,-0.369,6153
2,1273,0.173,5014
2,1274,-0.141,5217
2,1275,-0.170,5512
2,1276,-0.268,6097
2,1277,-0.397,5379
2,1278,-0.195,5055
2,1279,0.547,5584
2,1280,0.367,6676
2,1281,0.025,6125
2,1282,-0.265,5274
2,1283,0.011,6017
2,1284,0.108,5494
2,1285,-0.289,5553
2,1286,-0.069,5856
2,1287,0.324,5118
2,1288,0.218,5560
2,1289,0.297,6125
2,1290,-0.466,6618
2,1291,-0.126,4924
2,1292,0.394,6759
2,1293,-0.179,5589
2,1294,-0.281,6126
2,1295,0.461,5369
2,1296,-0.168,6216
2,1297,0.000,6130
2,1298,0.231,5976
2,1299,0.107,5273
2,1300,0.346,6153
2,1301,0.429,6041
2,1302,0.137,5661
2,1303,-0.602,6739
2,1304,-0.184,5776
2,1305,0.521,5839
2,1306,-0.418,5430
2,1307,0.708,6101
2,1308,0.006,6065
2,1309,0.332,5630
2,1310,0.124,5449
2,1311,-0.198,6367
2,1312,0.063,5084
2,1313,0.382,6359
2,1314,0.692,6868
2,1315,0.759,6307
2,1316,0.083,5689
2,1317,-0.307,5648
2,1318,0.066,6056
2,1319,0.460,5884
2,1320,0.718,5901
2,1321,0.560,6805
2,1322,0.105,6194
2,1323,0.158,5999
2,1324,0.186,5461
2,1325,-0.046,5321
2,1326,0.310,5936
2,1327,0.138,5639
2,1328,0.726,5827
2,1329,0.031,5470
2,1330,0.201,5991
2,1331,-0.114,6329
2,1332,0.060,4774
2,1333,0.603,6741
2,1334,0.439,5656
2,1335,0.398,5994
2,1336,-0.626,6814
2,1337,0.134,6151
2,1338,-0.975,6174
2,1339,-0.217,5263
2,1340,0.131,5271
2,1341,-0.496,6182
2,1342,0.462,6835
2,1343,-0.111,4868
2,1344,0.321,5253
2,1345,-0.076,5501
2,1346,0.119,4888
2,1347,-0.124,5540
2,1348,-0.456,5543
2,1349,-0.306,5856
2,1350,0.457,6152
2,1351,-0.498,6125
2,1352,0.276,6324
2,1353,0.174,6023
2,1354,0.196,5921
2,1355,0.136,6220
2,1356,-0.192,5888
2,1357,-0.326,5242
2,1358,-0.479,5993
2,1359,0.439,6567
2,1360,0.167,5427
2,1361,0.952,6758
2,1362,-0.342,6173
2,1363,0.214,5384
2,1364,0.097,4864
2,1365,0.947,6908
2,1366,-0.534,6589
2,1367,0.463,6353
2,1368,0.388,5641
2,1369,0.142,5184
2,1370,-0.367,6689
2,1371,0.093,5236
2,1372,0.740,5968
2,1373,-0.406,5714
2,1374,0.349,6270
2,1375,0.409,5470
2,1376,0.708,6874
2,1377,0.021,5490
2,1378,0.062,4847
2,1379,0.113,5684
2,1380,-0.266,5815
2,1381,0.395,6281
2,1382,-0.532,6459
2,1383,0.000,5009
2,1384,0.030,5632
2,1385,0.370,5182
2,1386,-0.389,5276
2,1387,-0.405,6097
2,1388,-0.431,6373
2,1389,0.258,5363
2,1390,-0.085,5366
2,1391,-0.229,5560
2,1392,-0.280,5876
2,1393,0.264,6494
2,1394,-0.216,4994
2,1395,-0.501,5797
2,1396,0.095,4840
2,1397,-0.340,5634
2,1398,-0.170,6333
2,1399,0.585,6015
2,1400,0.660,6334
2,1401,0.041,5775
2,1402,-0.166,5956
2,1403,0.645,5951
2,1404,-0.715,6341
2,1405,-0.308,6618
2,1406,0.299,5293
2,1407,-0.468,5949
2,1408,0.573,6612
2,1409,-0.370,6340
2,1410,0.180,5051
2,1411,-0.107,5244
2,1412,0.167,5740
2,1413,-0.185,5592
2,1414,-0.413,5689
2,1415,-0.139,5088
2,1416,-0.049,4955
2,1417,-0.349,5597
2,1418,-0.473,6014
2,1419,0.220,5476
2,1420,0.393,6449
2,1421,-0.310,5165
2,1422,0.303,5819
2,1423,0.468,5671
2,1424,0.225,6433
2,1425,-0.132,6019
2,1426,-0.325,5776
2,1427,0.435,6679
2,1428,-0.116,5078
2,1429,-0.536,6828
2,1430,-0.098,5870
2,1431,0.131,5934
2,1432,0.016,5051
2,1433,0.230,5145
2,1434,-0.817,5848
2,1435,-0.097,5010
2,1436,-0.097,5198
2,1437,-0.469,6280
2,1438,0.398,5630
2,1439,0.250,5726
2,1440,-0.252,5958
3,1,0.388,4056
3,2,0.380,3567
3,3,0.696,4336
3,4,0.330,4185
3,5,-0.293,4035
3,6,-0.558,4222
3,7,0.111,3224
3,8,0.794,3857
3,9,-0.164,4088
3,10,0.374,4026
3,11,-0.283,3907
3,12,0.540,3865
3,13,0.159,4071
3,14,0.268,3610
3,15,0.157,4276
3,16,0.039,3879
3,17,-0.372,3502
3,18,0.477,3973
3,19,0.321,3580
3,20,0.537,4453
3,21,0.017,3877
3,22,-0.398,4496
3,23,-0.798,4363
3,24,0.228,3878
3,25,0.310,3846
3,26,0.265,3781
3,27,0.015,3146
3,28,0.307,3403
3,29,0.640,4079
3,30,0.157,4257
3,31,0.227,3361
3,32,-0.025,3386
3,33,-0.175,4036
3,34,0.162,3824
3,35,0.037,4023
3,36,-0.069,3799
3,37,-0.432,4512
3,38,-0.258,4114
3,39,-0.012,3941
3,40,0.147,4034
3,41,0.210,3916
3,42,0.876,4450
3,43,0.482,4079
3,44,-0.476,3879
3,45,0.456,4116
3,46,-0.444,3708
3,47,-0.109,3870
3,48,0.657,4332
3,49,0.090,4010
3,50,-0.140,3914
3,51,0.186,4179
3,52,-0.670,3804
3,53,0.535,4636
3,54,0.191,4288
3,55,0.673,4693
3,56,-0.460,4365
3,57,0.454,4339
3,58,0.256,3878
3,59,0.277,3658
3,60,0.638,4537
3,61,-0.213,3945
3,62,0.010,3910
3,63,0.153,3305
3,64,0.051,3577
3,65,0.236,3594
3,66,0.209,4151
3,67,0.123,4134
3,68,-0.456,3542
3,69,0.004,4119
3,70,0.079,3729
3,71,0.446,3622
3,72,0.275,3571
3,73,0.336,4289
3,74,0.525,3923
3,75,-0.412,3851
3,76,-0.477,3853
3,77,0.099,4215
3,78,-0.248,4296
3,79,-0.005,3917
3,80,0.133,4096
3,81,-0.218,3618
3,82,0.636,4049
3,83,-0.060,3867
3,84,0.766,4729
3,85,-0.262,3726
3,86,0.285,3468
3,87,-0.044,3841
3,88,-0.335,3491
3,89,0.131,4182
3,90,-0.318,3474
3,91,0.043,3919
3,92,0.429,3980
3,93,0.049,3673
3,94,0.149,4279
3,95,0.259,4040
3,96,0.548,4210
3,97,-0.349,4223
3,98,-0.069,3277
3,99,-0.762,3821
3,100,0.524,4566
3,101,0.004,3254
3,102,0.028,3841
3,103,0.053,3224
3,104,0.409,3600
3,105,0.249,4251
3,106,-0.052,4011
3,107,-0.343,3569
3,108,-0.080,3760
3,109,0.373,3644
3,110,-0.026,3384
3,111,0.356,3972
3,112,-0.186,3468
3,113,-0.298,3652
3,114,0.065,3452
3,115,0.350,4056
3,116,0.571,4179
3,117,-0.033,3165
3,118,0.490,4220
3,119,0.179,3330
3,120,0.552,4553
3,121,0.123,3222
3,122,-0.173,3657
3,123,0.497,4167
3,124,0.298,4399
3,125,-0.797,3962
3,126,-0.423,4415
3,127,-0.405,4132
3,128,-0.781,3974
3,129,-0.186,3912
3,130,-0.248,3467
3,131,0.195,4213
3,132,-0.070,3449
3,133,-0.501,4023
3,134,-0.040,3655
3,135,-0.406,4513
3,136,0.072,3408
3,137,0.429,4534
3,138,-0.152,3982
3,139,-0.759,4404
3,140,-0.864,4289
3,141,0.371,3808
3,142,0.018,3756
3,143,-0.381,3680
3,144,-1.068,4349
3,145,0.295,4014
3,146,-0.335,3973
3,147,-0.313,4401
3,148,-0.800,3898
3,149,-0.139,4119
3,150,0.291,3988
3,151,-0.510,3722
3,152,0.116,3645
3,153,0.331,4392
3,154,-0.666,4030
3,155,-0.092,3259
3,156,-0.958,4796
3,157,-0.220,4196
3,158,-0.003,3782
3,159,-0.364,3907
3,160,0.140,3489
3,161,-0.371,4427
3,162,-0.564,4317
3,163,0.039,3772
3,164,0.294,3787
3,165,0.005,3961
3,166,-0.078,3192
3,167,-0.043,3309
3,168,0.438,4049
3,169,-0.051,3236
3,170,0.334,3930
3,171,0.067,3452
3,172,-0.386,4388
3,173,0.353,4240
3,174,0.121,3740
3,175,-0.391,3601
3,176,0.212,3559
3,177,-0.290,3601
3,178,-0.294,4416
3,179,-0.138,3309
3,180,0.302,4377
3,181,0.251,4232
3,182,0.431,3596
3,183,-0.255,3886
3,184,-0.148,4128
3,185,-0.792,4796
3,186,-0.339,3994
3,187,0.116,3542
3,188,-0.054,3414
3,189,0.024,3300
3,190,-0.383,4416
3,191,0.172,4239
3,192,-0.844,4138
3,193,0.129,4054
3,194,0.558,4104
3,195,-0.208,4330
3,196,-0.245,3995
3,197,0.033,3339
3,198,-0.691,4720
3,199,-0.149,4173
3,200,0.234,3537
3,201,-0.133,3364
3,202,-0.390,4342
3,203,0.088,3334
3,204,-0.177,3975
3,205,-0.239,3532
3,206,0.240,3673
3,207,0.256,3866
3,208,-0.322,3507
3,209,0.392,4127
3,210,-0.152,4167
3,211,0.414,4416
3,212,0.809,3935
3,213,0.026,4037
3,214,-0.187,3320
3,215,0.095,3197
3,216,0.341,4408
3,217,-0.725,4017
3,218,0.263,3951
3,219,-0.034,3853
3,220,0.416,3552
3,221,0.867,4294
3,222,0.236,3800
3,223,0.023,3206
3,224,0.309,3783
3,225,0.033,3706
3,226,0.089,4131
3,227,-0.723,4471
3,228,-0.140,3901
3,229,-0.441,3732
3,230,0.528,3807
3,231,-0.277,4347
3,232,0.816,3944
3,233,0.175,4029
3,234,-0.433,4093
3,235,0.538,3647
3,236,-0.236,4315
3,237,0.167,4052
3,238,0.616,4477
3,239,-0.340,3989
3,240,0.195,3721
3,241,0.021,4079
3,242,0.670,3813
3,243,-0.254,4187
3,244,0.107,4150
3,245,-0.013,3561
3,246,0.074,3499
3,247,0.102,3823
3,248,-0.361,4401
3,249,0.254,3526
3,250,0.224,3656
3,251,0.001,3825
3,252,-0.188,3709
3,253,-0.376,3746
3,254,-0.295,3853
3,255,0.032,3181
3,256,0.309,3581
3,257,0.376,3994
3,258,-0.144,3687
3,259,0.672,4286
3,260,-0.085,3962
3,261,0.445,3873
3,262,0.802,4156
3,263,0.364,4149
3,264,-0.188,3460
3,265,0.221,4268
3,266,-0.129,3699
3,267,0.234,3623
3,268,1.135,4487
3,269,-0.060,3434
3,270,-0.153,3730
3,271,0.198,3617
3,272,-0.351,3541
3,273,-0.265,4121
3,274,-0.242,4325
3,275,-0.287,3812
3,276,0.280,3500
3,277,-0.108,3536
3,278,0.736,4523
3,279,0.001,3813
3,280,0.279,3513
3,281,-0.013,4095
3,282,0.701,4157
3,283,-0.658,4275
3,284,0.048,3378
3,285,0.127,3935
3,286,0.261,3645
3,287,-0.006,3963
3,288,0.200,4183
3,289,-0.504,3757
3,290,-0.230,4266
3,291,-0.297,3788
3,292,0.067,3311
3,293,-0.188,3351
3,294,-0.172,3475
3,295,0.615,3727
3,296,0.523,3971
3,297,-0.520,3742
3,298,-0.300,3406
3,299,0.591,4640
3,300,-1.329,4663
3,301,0.789,4310
3,302,-0.382,4448
3,303,0.484,3668
3,304,0.857,4501
3,305,-0.117,3371
3,306,0.090,4115
3,307,0.528,3854
3,308,0.123,3471
3,309,0.143,3484
3,310,0.097,4088
3,311,-0.063,4112
3,312,0.514,4583
3,313,-0.601,4411
3,314,-0.451,3564
3,315,-0.105,3821
3,316,-0.034,3498
3,317,-0.125,4094
3,318,0.866,4399
3,319,0.242,3588
3,320,-0.499,4488
3,321,-0.496,4098
3,322,-0.395,3780
3,323,0.292,3740
3,324,-0.434,3596
3,325,-0.036,3366
3,326,1.154,4493
3,327,0.231,3964
3,328,-0.067,3540
3,329,-0.479,4016
3,330,-0.495,3726
3,331,0.533,3766
3,332,-0.823,4371
3,333,0.090,4030
3,334,-0.003,3818
3,335,0.515,4472
3,336,0.042,3694
3,337,0.370,4120
3,338,0.208,4071
3,339,0.808,4417
3,340,-0.371,4365
3,341,-0.204,3576
3,342,0.110,3726
3,343,-0.622,3757
3,344,-0.127,4246
3,345,-0.020,3603
3,346,0.345,3809
3,347,0.147,4143
3,348,-0.915,4087
3,349,-0.025,3395
3,350,0.513,4391
3,351,-0.575,4498
3,352,-0.086,3581
3,353,-0.160,3692
3,354,-0.173,3765
3,355,0.036,3510
3,356,0.722,4615
3,357,0.317,4220
3,358,0.915,4937
3,359,-0.402,4145
3,360,-0.420,3832
3,361,0.207,3963
3,362,-0.268,3418
3,363,-0.267,3742
3,364,-0.224,3823
3,365,1.107,4408
3,366,-0.207,3787
3,367,0.279,3500
3,368,0.268,4204
3,369,-0.193,4164
3,370,0.416,3808
3,371,-0.585,3934
3,372,0.427,3518
3,373,-0.004,3663
3,374,0.652,4353
3,375,-0.440,4011
3,376,-0.556,4459
3,377,-0.141,3938
3,378,-0.508,4315
3,379,0.380,3973
3,380,-0.148,3587
3,381,-0.255,3350
3,382,-1.119,4804
3,383,-0.362,3487
3,384,0.198,3669
3,385,0.180,3822
3,386,-0.037,3160
3,387,0.311,3698
3,388,0.011,3149
3,389,-0.235,4157
3,390,-0.219,4217
3,391,0.363,4361
3,392,0.561,4552
3,393,0.101,3343
3,394,0.552,4357
3,395,0.161,4088
3,396,0.019,3499
3,397,-0.216,3860
3,398,0.114,3812
3,399,0.319,3594
3,400,0.574,3724
3,401,0.815,4229
3,402,-0.194,3989
3,403,0.565,3651
3,404,0.421,3906
3,405,-0.235,3413
3,406,-0.261,3721
3,407,-0.778,4382
3,408,0.124,4159
3,409,-0.523,3782
3,410,0.457,4283
3,411,0.176,3441
3,412,0.377,3900
3,413,0.441,4320
3,414,0.249,3621
3,415,0.241,3932
3,416,-0.608,4021
3,417,0.064,4004
3,418,0.138,4101
3,419,-0.321,3871
3,420,-0.025,4127
3,421,0.731,4773
3,422,0.935,4920
3,423,0.084,3307
3,424,0.029,4066
3,425,0.268,3618
3,426,0.358,3606
3,427,0.447,4115
3,428,0.044,3371
3,429,-0.373,4473
3,430,-0.245,3706
3,431,0.321,4320
3,432,-0.278,4179
3,433,-0.453,4393
3,434,0.459,3606
3,435,-0.248,4029
3,436,0.851,4100
3,437,0.298,4142
3,438,0.514,3664
3,439,-0.136,3459
3,440,0.118,3562
3,441,0.028,3359
3,442,-0.779,4561
3,443,-0.403,4298
3,444,-0.028,3643
3,445,-0.299,3616
3,446,-0.061,3371
3,447,-0.636,4723
3,448,-0.593,4055
3,449,-0.419,3713
3,450,0.122,4184
3,451,-0.232,3568
3,452,0.226,3527
3,453,-0.444,4427
3,454,0.388,4376
3,455,0.071,3277
3,456,0.242,3357
3,457,-0.155,4245
3,458,0.500,4245
3,459,0.622,3929
3,460,0.182,3564
3,461,-0.573,4651
3,462,0.049,3960
3,463,-0.050,3805
3,464,0.416,3625
3,465,0.545,4087
3,466,0.278,3750
3,467,0.525,4433
3,468,-0.131,4067
3,469,0.236,3492
3,470,-0.255,3373
3,471,-0.285,4008
3,472,0.020,3833
3,473,-0.060,3723
3,474,-0.219,3408
3,475,0.320,3601
3,476,0.327,3903
3,477,-0.698,3810
3,478,0.886,4043
3,479,-0.875,4853
3,480,0.496,3675
3,481,-0.747,4793
3,482,-0.878,4089
3,483,0.771,4269
3,484,-0.071,4128
3,485,-0.253,4101
3,486,-0.670,4660
3,487,-0.102,3539
3,488,-0.322,3919
3,489,0.093,3655
3,490,-0.366,3611
3,491,-0.407,4128
3,492,-0.807,4376
3,493,0.042,3715
3,494,-0.192,3618
3,495,-0.464,3664
3,496,0.139,3684
3,497,0.256,4092
3,498,0.640,3740
3,499,0.740,4416
3,500,0.119,3975
3,501,0.001,3210
3,502,0.267,4076
3,503,-0.115,3716
3,504,-0.844,4555
3,505,-0.350,3722
3,506,0.584,4380
3,507,-0.063,3949
3,508,-0.397,3725
3,509,-0.328,4386
3,510,0.413,3856
3,511,0.347,3945
3,512,0.533,4169
3,513,0.169,3405
3,514,0.589,4064
3,515,0.094,3236
3,516,-0.540,4385
3,517,0.418,4386
3,518,0.456,4292
3,519,0.454,3726
3,520,0.593,4115
3,521,-0.072,3469
3,522,-0.059,3266
3,523,-0.251,4366
3,524,-0.667,4723
3,525,-0.007,3279
3,526,0.257,4030
3,527,0.429,4290
3,528,0.084,3700
3,529,0.933,4312
3,530,-0.096,3796
3,531,-0.198,3737
3,532,0.254,3575
3,533,-0.361,3546
3,534,-0.305,3459
3,535,1.147,5033
3,536,0.366,4372
3,537,-0.002,4121
3,538,0.048,3856
3,539,0.006,3134
3,540,0.817,4613
3,541,-0.054,3284
3,542,0.779,4490
3,543,0.030,3304
3,544,0.268,3866
3,545,0.290,4353
3,546,-0.176,3380
3,547,0.043,3690
3,548,-0.252,3599
3,549,0.208,3999
3,550,-0.079,3278
3,551,0.359,3647
3,552,0.140,3759
3,553,0.242,3769
3,554,0.005,3309
3,555,-0.214,4235
3,556,-0.135,4127
3,557,0.080,3868
3,558,0.478,4403
3,559,0.040,3866
3,560,-0.506,3999
3,561,-0.054,4190
3,562,-0.296,3562
3,563,0.199,4051
3,564,0.010,3642
3,565,-0.697,3842
3,566,-0.351,3740
3,567,-0.530,4049
3,568,0.079,3462
3,569,0.881,4739
3,570,0.779,4551
3,571,1.468,5328
3,572,0.042,4128
3,573,0.481,4173
3,574,0.098,3541
3,575,-0.097,3488
3,576,0.255,3560
3,577,0.788,4177
3,578,0.160,4006
3,579,-0.288,4168
3,580,0.447,3742
3,581,-0.671,3960
3,582,-0.540,4356
3,583,-0.587,4371
3,584,0.452,3575
3,585,-0.146,3925
3,586,0.014,3181
3,587,0.849,4359
3,588,-0.347,4311
3,589,-0.158,3973
3,590,0.857,4244
3,591,0.516,4314
3,592,-0.289,4178
3,593,0.085,3937
3,594,0.184,3754
3,595,0.004,3648
3,596,0.182,3683
3,597,0.134,4088
3,598,0.144,4006
3,599,-0.273,3510
3,600,-0.219,4107
3,601,-0.121,4056
3,602,-0.101,4030
3,603,0.291,3669
3,604,-0.026,3710
3,605,-0.088,3238
3,606,0.631,3935
3,607,0.187,3754
3,608,0.137,3243
3,609,0.142,4121
3,610,0.355,3902
3,611,0.523,4179
3,612,-0.546,3843
3,613,0.266,4167
3,614,0.361,3955
3,615,1.039,4480
3,616,-0.925,4698
3,617,0.156,3836
3,618,0.367,4165
3,619,0.059,3685
3,620,0.268,3605
3,621,0.643,3948
3,622,0.070,3307
3,623,-0.432,3515
3,624,0.046,3561
3,625,0.286,4080
3,626,-0.243,4280
3,627,0.115,3341
3,628,-0.028,4141
3,629,-0.589,3696
3,630,-0.011,3206
3,631,-0.185,3801
3,632,0.770,4118
3,633,-0.570,4058
3,634,0.360,3970
3,635,-0.195,4091
3,636,0.404,3572
3,637,-0.450,4511
3,638,0.307,4215
3,639,-0.224,4275
3,640,0.133,3940
3,641,-0.343,3965
3,642,0.580,4019
3,643,0.246,3709
3,644,-0.072,3726
3,645,0.501,4537
3,646,-0.337,3638
3,647,-0.334,3742
3,648,-0.954,4151
3,649,0.025,4011
3,650,0.372,4341
3,651,0.494,3823
3,652,-0.140,3558
3,653,-0.402,4278
3,654,-0.120,4116
3,655,-0.401,3622
3,656,-0.005,3887
3,657,0.331,4260
3,658,0.207,3535
3,659,0.406,4005
3,660,0.611,4495
3,661,0.095,4117
3,662,0.102,3961
3,663,0.283,3526
3,664,0.135,3699
3,665,0.356,3699
3,666,0.208,3397
3,667,0.485,3982
3,668,-0.693,3760
3,669,0.371,3544
3,670,-0.082,4125
3,671,0.293,4241
3,672,-0.499,3898
3,673,-0.112,3854
3,674,0.141,4139
3,675,-0.430,3998
3,676,0.055,3978
3,677,0.223,3883
3,678,-0.297,4231
3,679,-0.026,4096
3,680,0.595,4193
3,681,0.656,4015
3,682,-0.250,4325
3,683,0.043,4160
3,684,-0.268,4308
3,685,0.246,3907
3,686,0.721,4760
3,687,-0.092,3469
3,688,0.808,4542
3,689,0.144,4171
3,690,-0.189,3437
3,691,0.126,3856
3,692,0.650,4189
3,693,0.378,4103
3,694,0.164,3543
3,695,-0.132,3829
3,696,-0.164,3513
3,697,-0.452,4535
3,698,0.399,4206
3,699,0.766,4250
3,700,0.688,4256
3,701,0.557,4351
3,702,0.501,3852
3,703,-0.186,3963
3,704,0.126,3910
3,705,-0.547,4174
3,706,0.359,4285
3,707,0.216,4130
3,708,-0.371,4457
3,709,0.406,3767
3,710,0.858,4053
3,711,0.282,3900
3,712,0.016,3199
3,713,0.228,3701
3,714,-0.046,3549
3,715,0.649,4546
3,716,0.471,3939
3,717,0.031,3658
3,718,-0.225,4267
3,719,-0.744,4223
3,720,0.132,3270
3,721,0.327,4306
3,722,0.275,4396
3,723,-0.485,4095
3,724,-0.264,4326
3,725,-0.380,4383
3,726,0.306,3618
3,727,-0.431,4407
3,728,0.621,4617
3,729,0.108,4155
3,730,-0.038,3324
3,731,-0.233,4241
3,732,0.596,4057
3,733,-0.637,3911
3,734,-0.006,3647
3,735,-0.569,4067
3,736,0.395,4205
3,737,-0.646,3979
3,738,-0.108,3757
3,739,0.360,3647
3,740,-0.100,3535
3,741,-0.041,3722
3,742,-0.530,3850
3,743,0.279,3783
3,744,0.024,4085
3,745,-0.165,3713
3,746,-0.803,3996
3,747,0.163,3740
3,748,-0.165,3265
3,749,0.018,3922
3,750,-0.133,3328
3,751,0.426,4489
3,752,-0.665,4758
3,753,0.029,3304
3,754,0.120,3317
3,755,-0.392,4118
3,756,-0.307,4322
3,757,-0.156,3266
3,758,-0.101,3859
3,759,0.317,4278
3,760,0.267,3989
3,761,0.240,3805
3,762,-0.577,4243
3,763,-0.358,3970
3,764,0.574,4188
3,765,0.480,4182
3,766,-0.546,4534
3,767,-0.008,3600
3,768,0.009,3697
3,769,0.001,3584
3,770,-0.391,3579
3,771,-0.237,3616
3,772,-0.221,4086
3,773,-0.266,3664
3,774,0.200,3430
3,775,0.241,3829
3,776,0.424,4094
3,777,0.015,3837
3,778,0.519,3938
3,779,-0.761,4276
3,780,-0.244,3350
3,781,0.275,3622
3,782,0.130,3530
3,783,0.504,4284
3,784,-0.249,3848
3,785,-0.219,4305
3,786,-0.397,3911
3,787,0.223,3640
3,788,0.984,4931
3,789,-0.322,4437
3,790,-0.279,3550
3,791,-0.005,3363
3,792,-0.591,4288
3,793,-0.318,4088
3,794,0.191,4313
3,795,0.233,4212
3,796,0.652,4703
3,797,0.252,4022
3,798,0.632,4243
3,799,0.214,3594
3,800,0.407,4065
3,801,0.098,3259
3,802,0.394,3488
3,803,0.472,3775
3,804,0.063,3975
3,805,0.394,3541
3,806,-0.497,3931
3,807,0.334,4065
3,808,-1.187,4966
3,809,-0.071,3540
3,810,0.565,4432
3,811,0.233,3480
3,812,0.737,4411
3,813,0.056,3820
3,814,0.618,4162
3,815,0.191,3312
3,816,0.109,3213
3,817,-0.212,4286
3,818,-0.527,3713
3,819,-0.434,3714
3,820,0.351,3821
3,821,-0.182,4091
3,822,0.676,4125
3,823,-0.057,4056
3,824,-0.047,3441
3,825,0.143,3678
3,826,0.128,3421
3,827,0.478,3582
3,828,-0.328,4339
3,829,-0.119,4037
3,830,-0.438,3693
3,831,-0.539,4116
3,832,-1.098,5142
3,833,0.057,3556
3,834,-0.790,4423
3,835,-0.637,4221
3,836,-0.246,3463
3,837,-0.641,3811
3,838,0.119,3736
3,839,-0.064,3532
3,840,0.507,4500
3,841,-0.545,4073
3,842,0.206,4196
3,843,0.451,4474
3,844,-0.068,3185
3,845,1.043,4289
3,846,0.088,3924
3,847,0.243,3582
3,848,0.015,3666
3,849,0.424,4187
3,850,-0.138,4063
3,851,0.274,4031
3,852,0.142,3352
3,853,0.205,3615
3,854,-0.114,4134
3,855,0.352,3577
3,856,0.134,3786
3,857,-1.033,4493
3,858,0.515,4460
3,859,-0.171,3876
3,860,-0.002,3476
3,861,0.241,3807
3,862,0.285,4389
3,863,-0.392,3807
3,864,-0.819,4714
3,865,0.247,4302
3,866,-0.164,3970
3,867,0.109,3636
3,868,-0.114,4062
3,869,0.503,4171
3,870,-1.104,4665
3,871,0.549,3968
3,872,0.650,4199
3,873,0.487,3742
3,874,0.393,3576
3,875,-0.127,3334
3,876,-0.291,4258
3,877,0.164,3282
3,878,-0.680,4380
3,879,-0.760,4423
3,880,0.334,3838
3,881,-0.027,3754
3,882,-0.116,3895
3,883,-0.412,4164
3,884,-0.803,4613
3,885,0.692,3820
3,886,-0.117,4017
3,887,0.014,3727
3,888,0.052,4110
3,889,-0.747,4211
3,890,0.122,4034
3,891,0.092,3574
3,892,-0.395,3800
3,893,0.392,3946
3,894,-0.720,4453
3,895,-0.110,4002
3,896,-0.786,4296
3,897,-0.834,4588
3,898,-0.106,3864
3,899,0.278,3978
3,900,0.659,4685
3,901,-0.068,4079
3,902,-0.146,3611
3,903,0.095,4101
3,904,0.261,4310
3,905,-0.411,4290
3,906,0.295,3406
3,907,0.149,3505
3,908,0.211,4219
3,909,-0.042,3676
3,910,-0.074,3339
3,911,0.384,4086
3,912,-0.592,4656
3,913,0.135,3614
3,914,0.438,3812
3,915,-0.386,3576
3,916,-0.127,4022
3,917,-0.058,3203
3,918,0.659,3945
3,919,0.050,4163
3,920,0.181,3698
3,921,-0.172,4009
3,922,0.676,4433
3,923,0.027,4043
3,924,-0.487,4415
3,925,0.034,3425
3,926,0.088,3950
3,927,0.228,3791
3,928,-0.167,4070
3,929,0.273,4300
3,930,-0.086,4202
3,931,0.209,3668
3,932,0.366,4106
3,933,0.355,4177
3,934,0.195,3563
3,935,0.421,3618
3,936,-0.507,3584
3,937,-0.577,4523
3,938,0.503,4436
3,939,-0.277,3581
3,940,-0.243,4066
3,941,0.184,3942
3,942,0.379,4186
3,943,-0.017,3291
3,944,-0.154,3403
3,945,-0.316,3855
3,946,0.267,3941
3,947,-0.147,3357
3,948,0.231,3963
3,949,-0.276,4363
3,950,-0.620,4558
3,951,0.060,3530
3,952,0.233,4226
3,953,0.091,3282
3,954,-0.255,3633
3,955,0.388,3511
3,956,0.181,4172
3,957,0.517,3598
3,958,-0.371,4000
3,959,0.581,4420
3,960,0.629,4703
3,961,-0.383,3500
3,962,-0.057,4012
3,963,-0.010,4105
3,964,0.472,4338
3,965,0.608,4423
3,966,-0.113,3533
3,967,0.257,3824
3,968,-0.088,3436
3,969,-0.189,4039
3,970,0.189,3580
3,971,0.005,3491
3,972,0.787,4355
3,973,-0.029,3261
3,974,0.645,4734
3,975,-0.399,4259
3,976,-0.213,3743
3,977,-0.085,3240
3,978,-0.141,3329
3,979,-0.073,3222
3,980,-0.141,4224
3,981,-0.913,4949
3,982,0.428,4083
3,983,-0.161,4243
3,984,1.040,4625
3,985,-0.377,3860
3,986,0.170,4057
3,987,0.351,3680
3,988,0.503,4146
3,989,0.122,4069
3,990,0.075,3594
3,991,-0.471,4076
3,992,0.081,4002
3,993,0.268,4013
3,994,-0.252,3629
3,995,0.273,3791
3,996,-0.357,4185
3,997,-0.204,3638
3,998,0.370,4065
3,999,0.123,3925
3,1000,-0.285,3859
3,1001,0.189,4067
3,1002,0.479,3804
3,1003,-0.439,4514
3,1004,-0.435,3593
3,1005,0.042,3257
3,1006,-0.643,4429
3,1007,0.313,4165
3,1008,0.526,4324
3,1009,-0.091,3406
3,1010,-0.121,3423
3,1011,-0.085,4112
3,1012,-0.207,3469
3,1013,-0.226,4101
3,1014,0.483,4347
3,1015,-1.036,4306
3,1016,0.548,4521
3,1017,-0.085,3843
3,1018,0.039,3394
3,1019,-0.011,3515
3,1020,-0.141,4148
3,1021,-0.163,4286
3,1022,0.138,3504
3,1023,-0.622,4029
3,1024,0.358,4399
3,1025,0.716,4464
3,1026,0.149,3439
3,1027,0.419,3524
3,1028,-0.076,3219
3,1029,0.321,4345
3,1030,0.109,3931
3,1031,0.280,3650
3,1032,0.606,4242
3,1033,0.070,3554
3,1034,0.383,4008
3,1035,-0.008,4077
3,1036,0.597,3698
3,1037,-0.242,3910
3,1038,-0.104,3604
3,1039,-0.260,3955
3,1040,0.937,4544
3,1041,-0.390,3733
3,1042,0.450,4243
3,1043,-0.075,4203
3,1044,0.205,4322
3,1045,-0.257,4185
3,1046,0.008,3577
3,1047,-0.140,3464
3,1048,-0.242,3800
3,1049,-0.083,3646
3,1050,0.227,3929
3,1051,0.635,3887
3,1052,0.117,3596
3,1053,-0.292,3699
3,1054,0.891,4840
3,1055,-0.805,4432
3,1056,0.109,3740
3,1057,0.376,4266
3,1058,-0.184,3492
3,1059,0.317,3422
3,1060,-0.218,4263
3,1061,-0.561,3698
3,1062,0.147,3867
3,1063,0.564,3734
3,1064,0.354,4140
3,1065,0.592,4009
3,1066,0.827,4834
3,1067,0.362,3874
3,1068,0.732,4495
3,1069,0.420,3751
3,1070,-0.060,3961
3,1071,0.804,4239
3,1072,-0.035,3247
3,1073,-0.388,3611
3,1074,0.396,3625
3,1075,-0.479,4198
3,1076,0.005,3546
3,1077,-0.717,4319
3,1078,-0.883,4368
3,1079,0.570,3958
3,1080,-0.221,3428
3,1081,0.271,4289
3,1082,0.257,3843
3,1083,-0.219,3331
3,1084,-0.362,3996
3,1085,-0.438,3896
3,1086,0.204,3891
3,1087,-0.132,4233
3,1088,0.158,3951
3,1089,-0.284,3814
3,1090,0.133,3991
3,1091,-0.560,4261
3,1092,0.286,3898
3,1093,0.706,4139
3,1094,0.704,4786
3,1095,-0.606,4408
3,1096,-0.091,4031
3,1097,0.286,3446
3,1098,0.333,4292
3,1099,-0.241,3606
3,1100,-0.156,4269
3,1101,-0.043,3500
3,1102,-0.110,3839
3,1103,-0.521,4595
3,1104,-0.184,4311
3,1105,0.416,4518
3,1106,0.606,4429
3,1107,0.354,4305
3,1108,0.129,3913
3,1109,-0.246,3615
3,1110,0.907,4142
3,1111,0.127,3894
3,1112,0.024,4097
3,1113,0.093,3482
3,1114,0.585,4319
3,1115,0.192,4210
3,1116,-0.282,3399
3,1117,0.465,3989
3,1118,0.354,4174
3,1119,0.639,3854
3,1120,0.232,3793
3,1121,0.032,3426
3,1122,0.907,4289
3,1123,0.051,3967
3,1124,-0.450,3674
3,1125,-0.140,3321
3,1126,0.284,3698
3,1127,-0.287,4033
3,1128,-0.039,3735
3,1129,0.181,3283
3,1130,0.923,4862
3,1131,0.321,3431
3,1132,0.110,4109
3,1133,-0.235,4177
3,1134,0.089,3829
3,1135,-0.186,3567
3,1136,-0.138,3621
3,1137,-0.187,3632
3,1138,-0.063,3509
3,1139,-0.025,3381
3,1140,-0.298,3869
3,1141,0.673,4286
3,1142,0.511,4445
3,1143,-0.071,3839
3,1144,0.368,3566
3,1145,0.176,3792
3,1146,0.849,4324
3,1147,0.237,3335
3,1148,-0.286,3740
3,1149,0.133,4212
3,1150,-0.004,3233
3,1151,0.103,3760
3,1152,-0.055,3212
3,1153,-0.416,4265
3,1154,-0.163,3508
3,1155,0.428,4303
3,1156,0.755,4140
3,1157,-0.184,3606
3,1158,-0.762,4590
3,1159,0.244,3405
3,1160,0.630,3769
3,1161,-0.648,4407
3,1162,0.529,4064
3,1163,0.449,4168
3,1164,-0.512,3832
3,1165,0.153,3788
3,1166,-0.746,4358
3,1167,0.359,4311
3,1168,0.321,3862
3,1169,0.687,4310
3,1170,0.391,4493
3,1171,0.239,3841
3,1172,-0.088,3656
3,1173,0.038,3585
3,1174,0.006,3380
3,1175,-0.112,3274
3,1176,-0.061,3532
3,1177,-0.165,3263
3,1178,0.189,4077
3,1179,0.079,3867
3,1180,0.076,4126
3,1181,-0.412,3577
3,1182,-0.253,3352
3,1183,-0.431,3774
3,1184,0.056,4069
3,1185,0.506,4262
3,1186,-0.008,3599
3,1187,-0.292,3509
3,1188,-0.331,4317
3,1189,-0.071,3867
3,1190,0.097,3221
3,1191,-0.005,3527
3,1192,-0.224,3774
3,1193,0.240,4196
3,1194,0.567,4035
3,1195,-0.065,4184
3,1196,0.108,3665
3,1197,0.394,3513
3,1198,0.578,4410
3,1199,0.050,3433
3,1200,0.515,4588
3,1201,0.218,4247
3,1202,-0.083,3812
3,1203,-0.270,4165
3,1204,0.307,4034
3,1205,-0.437,3768
3,1206,-0.237,4155
3,1207,-0.409,4273
3,1208,-0.138,3386
3,1209,-0.126,3382
3,1210,0.326,3903
3,1211,-0.037,3463
3,1212,-0.217,3758
3,1213,0.750,4404
3,1214,-0.149,3432
3,1215,0.798,4005
3,1216,-0.039,3421
3,1217,0.176,4277
3,1218,0.509,3959
3,1219,0.040,3397
3,1220,0.084,3368
3,1221,-0.306,4052
3,1222,-0.046,3695
3,1223,0.234,4020
3,1224,-0.205,4017
3,1225,0.221,4203
3,1226,-0.702,4121
3,1227,0.112,4076
3,1228,-0.077,3673
3,1229,-0.277,4262
3,1230,0.129,3692
3,1231,-0.690,4775
3,1232,0.433,4315
3,1233,-0.288,3718
3,1234,0.837,4445
3,1235,-0.019,3444
3,1236,0.375,4417
3,1237,-0.304,3918
3,1238,-0.458,3939
3,1239,0.682,4311
3,1240,0.062,3172
3,1241,-0.061,3681
3,1242,0.377,4066
3,1243,0.005,4108
3,1244,-0.285,3616
3,1245,0.160,4241
3,1246,0.127,3247
3,1247,0.482,4036
3,1248,0.450,4356
3,1249,0.373,3856
3,1250,1.407,4740
3,1251,0.284,3920
3,1252,-0.130,3860
3,1253,0.145,3629
3,1254,-0.119,3549
3,1255,-0.384,3498
3,1256,0.069,3624
3,1257,0.119,4202
3,1258,0.234,4010
3,1259,-0.054,3962
3,1260,-0.190,3799
3,1261,0.681,4223
3,1262,-0.350,4041
3,1263,-0.272,3976
3,1264,0.250,3993
3,1265,-0.019,4122
3,1266,-0.374,4177
3,1267,-0.016,3854
3,1268,0.456,4095
3,1269,-0.143,3851
3,1270,-0.029,3500
3,1271,-0.120,4036
3,1272,-0.322,4042
3,1273,0.448,3658
3,1274,0.027,3862
3,1275,0.657,4611
3,1276,-0.060,3623
3,1277,0.332,3900
3,1278,-0.128,3454
3,1279,-0.097,3296
3,1280,0.557,3911
3,1281,-0.117,4028
3,1282,0.079,3245
3,1283,0.228,4218
3,1284,0.491,3587
3,1285,0.077,3954
3,1286,0.423,3913
3,1287,-0.020,4123
3,1288,0.439,4228
3,1289,-0.330,4151
3,1290,0.488,4147
3,1291,0.266,3908
3,1292,0.820,3996
3,1293,-0.468,3828
3,1294,-0.125,4035
3,1295,0.423,3883
3,1296,0.131,3664
3,1297,-0.008,3476
3,1298,-0.287,4222
3,1299,0.688,4044
3,1300,-0.200,4135
3,1301,-0.203,4311
3,1302,-0.273,3634
3,1303,0.537,4009
3,1304,-0.824,4767
3,1305,-0.257,4218
3,1306,0.617,3913
3,1307,0.321,3879
3,1308,-0.498,4037
3,1309,-0.487,4280
3,1310,0.329,4115
3,1311,-0.100,3657
3,1312,-0.652,4249
3,1313,-0.266,4263
3,1314,-0.057,3907
3,1315,-0.743,4539
3,1316,-0.196,3664
3,1317,-0.319,3851
3,1318,0.774,3891
3,1319,0.131,4178
3,1320,-0.267,3599
3,1321,-0.058,4113
3,1322,0.447,4260
3,1323,0.841,4135
3,1324,0.816,4101
3,1325,-0.253,4128
3,1326,-0.605,4608
3,1327,0.032,3948
3,1328,-0.208,3486
3,1329,0.112,3706
3,1330,-0.328,3947
3,1331,0.300,3454
3,1332,0.241,3410
3,1333,-0.013,3165
3,1334,-0.032,4112
3,1335,-0.169,3843
3,1336,-0.288,4300
3,1337,-0.073,4172
3,1338,-0.442,4081
3,1339,-0.177,3898
3,1340,-0.121,3621
3,1341,0.035,3939
3,1342,-0.035,3669
3,1343,0.405,4058
3,1344,-0.635,4014
3,1345,0.188,3455
3,1346,-0.002,3563
3,1347,-0.372,3520
3,1348,-0.233,4142
3,1349,0.143,3330
3,1350,0.033,3339
3,1351,0.784,4514
3,1352,-1.020,4841
3,1353,0.312,4052
3,1354,-0.856,4113
3,1355,0.442,4227
3,1356,0.211,4329
3,1357,0.000,4085
3,1358,-0.356,4330
3,1359,1.046,4701
3,1360,0.428,4330
3,1361,-0.042,3808
3,1362,-0.503,3727
3,1363,-0.084,3648
3,1364,0.380,3939
3,1365,-0.114,3242
3,1366,-0.840,3889
3,1367,-0.097,3915
3,1368,-0.037,3827
3,1369,0.490,3650
3,1370,-0.183,3489
3,1371,-0.175,3579
3,1372,0.071,3911
3,1373,0.194,3569
3,1374,-0.238,3653
3,1375,-0.434,4493
3,1376,0.212,3853
3,1377,0.151,3897
3,1378,0.249,4280
3,1379,-0.281,3815
3,1380,0.405,3775
3,1381,-0.416,4232
3,1382,-0.391,3616
3,1383,0.137,3874
3,1384,0.031,3786
3,1385,-0.257,3554
3,1386,0.359,4295
3,1387,-0.915,4808
3,1388,0.096,3724
3,1389,0.712,4576
3,1390,0.033,4086
3,1391,-0.061,3272
3,1392,-0.323,3545
3,1393,0.246,3903
3,1394,-0.366,3898
3,1395,0.703,4636
3,1396,-0.418,3740
3,1397,-0.544,3646
3,1398,0.031,3577
3,1399,0.382,4009
3,1400,-0.285,3535
3,1401,-0.134,3580
3,1402,0.132,3714
3,1403,0.880,4769
3,1404,-0.392,3604
3,1405,-0.213,3964
3,1406,-0.345,3757
3,1407,-0.841,4780
3,1408,-0.698,3920
3,1409,0.005,3377
3,1410,0.151,3408
3,1411,0.375,4221
3,1412,-0.148,4214
3,1413,-0.226,3559
3,1414,-0.261,3795
3,1415,0.121,3332
3,1416,0.323,4152
3,1417,0.475,3928
3,1418,-0.306,3582
3,1419,-0.311,3893
3,1420,0.346,4111
3,1421,-0.032,3159
3,1422,0.080,4127
3,1423,0.297,4254
3,1424,-0.050,3607
3,1425,-1.221,4507
3,1426,0.029,3770
3,1427,-0.002,3265
3,1428,0.476,3630
3,1429,-0.271,4255
3,1430,0.568,3778
3,1431,0.304,3404
3,1432,0.076,3626
3,1433,0.456,4070
3,1434,0.010,3134
3,1435,0.283,4306
3,1436,0.334,4443
3,1437,-0.225,4182
3,1438,-0.588,3668
3,1439,-0.033,4042
3,1440,-0.091,3877
4,1,0.252,6550
4,2,-0.594,6504
4,3,-0.169,6952
4,4,0.902,8395
4,5,-0.187,6270
4,6,-0.054,6460
4,7,0.400,6821
4,8,0.611,7962
4,9,0.192,6019
4,10,-0.184,6582
4,11,0.473,6558
4,12,0.555,6757
4,13,-0.262,7124
4,14,0.307,7435
4,15,0.145,6979
4,16,0.736,7141
4,17,0.383,7011
4,18,0.626,6435
4,19,-0.256,6442
4,20,0.030,5772
4,21,1.059,8512
4,22,-0.026,5839
4,23,-0.179,6625
4,24,-0.673,7689
4,25,-0.279,6494
4,26,0.141,6218
4,27,0.505,7160
4,28,0.283,5891
4,29,-0.701,6929
4,30,0.125,5639
4,31,0.402,6202
4,32,-0.638,7821
4,33,0.258,6762
4,34,-0.139,6478
4,35,-0.427,7320
4,36,0.317,6719
4,37,0.177,6089
4,38,-0.066,5576
4,39,-0.222,6853
4,40,0.422,6720
4,41,0.068,5834
4,42,-0.096,5475
4,43,-0.112,7107
4,44,0.279,6376
4,45,-0.401,6200
4,46,-0.463,7185
4,47,-0.440,6142
4,48,-0.192,6006
4,49,0.287,7099
4,50,0.178,5595
4,51,-0.506,7240
4,52,0.591,7733
4,53,-0.150,7253
4,54,-0.309,6988
4,55,0.101,5550
4,56,0.428,7206
4,57,-0.550,7800
4,58,0.042,6931
4,59,0.354,6691
4,60,-0.172,7293
4,61,0.046,5758
4,62,-0.218,5809
4,63,0.259,6125
4,64,0.248,7255
4,65,0.133,5785
4,66,-0.022,5735
4,67,0.513,7532
4,68,0.853,6679
4,69,0.460,6551
4,70,-0.254,6349
4,71,0.068,6848
4,72,0.496,6787
4,73,0.371,6180
4,74,-0.587,6694
4,75,0.016,6198
4,76,-0.236,6095
4,77,0.205,6664
4,78,-0.182,6890
4,79,0.161,6452
4,80,-0.511,6253
4,81,-0.698,7249
4,82,-0.273,7333
4,83,0.101,5867
4,84,-0.447,6869
4,85,0.320,5967
4,86,0.164,5904
4,87,-0.116,6122
4,88,-0.539,7805
4,89,-0.373,7369
4,90,-0.648,7434
4,91,-0.234,6555
4,92,-0.054,5433
4,93,0.894,7498
4,94,0.455,7428
4,95,0.133,5811
4,96,-0.492,6465
4,97,-0.609,6615
4,98,-0.297,7325
4,99,-0.028,6875
4,100,0.329,6840
4,101,0.025,6300
4,102,0.268,7320
4,103,-0.159,6188
4,104,-0.075,6851
4,105,0.698,7782
4,106,0.210,7290
4,107,0.634,7480
4,108,0.088,6474
4,109,0.051,5453
4,110,-0.108,5479
4,111,-0.284,6624
4,112,-0.537,6891
4,113,-0.167,5690
4,114,0.229,6143
4,115,-0.574,7458
4,116,0.335,7595
4,117,0.729,7869
4,118,0.063,5511
4,119,-0.274,7251
4,120,0.635,6884
4,121,0.479,7718
4,122,-0.253,6639
4,123,0.191,6802
4,124,-0.207,6092
4,125,0.454,7459
4,126,0.103,6047
4,127,0.057,7024
4,128,0.250,5898
4,129,0.136,6595
4,130,0.430,6744
4,131,-0.142,5805
4,132,0.048,6855
4,133,0.152,6982
4,134,0.633,7723
4,135,0.245,6850
4,136,-0.678,8119
4,137,-0.406,6694
4,138,-0.026,6552
4,139,-0.260,6952
4,140,0.313,6041
4,141,0.130,6991
4,142,-0.475,7655
4,143,-0.378,7217
4,144,0.150,5764
4,145,0.069,7065
4,146,0.438,7691
4,147,0.526,6689
4,148,-0.123,6312
4,149,0.482,7390
4,150,-0.088,5468
4,151,-0.300,6348
4,152,-0.386,6485
4,153,0.038,6897
4,154,-0.210,6987
4,155,-0.279,7432
4,156,0.535,7723
4,157,-0.432,6625
4,158,0.290,5957
4,159,0.105,6345
4,160,-0.713,6564
4,161,1.049,7555
4,162,0.001,6123
4,163,0.730,8048
4,164,0.566,6470
4,165,0.567,6230
4,166,-0.461,6818
4,167,0.022,5865
4,168,0.238,5845
4,169,0.345,7282
4,170,-0.440,7112
4,171,-0.779,7313
4,172,0.263,6812
4,173,-0.710,7701
4,174,0.104,7053
4,175,0.773,6934
4,176,0.501,7241
4,177,0.224,6855
4,178,-0.068,6121
4,179,-0.120,6496
4,180,0.558,7912
4,181,-0.279,6088
4,182,0.177,7192
4,183,0.090,7047
4,184,-0.530,7066
4,185,-0.485,7010
4,186,-0.438,6053
4,187,0.080,6429
4,188,0.581,6874
4,189,-0.326,6015
4,190,-0.929,7159
4,191,0.958,7522
4,192,-0.159,6152
4,193,0.371,7322
4,194,-0.239,5773
4,195,0.277,7108
4,196,-0.436,7627
4,197,-0.172,6664
4,198,0.090,6502
4,199,-0.056,6688
4,200,0.443,6505
4,201,0.280,6201
4,202,0.261,6751
4,203,-0.110,5724
4,204,-0.184,7194
4,205,-0.380,6427
4,206,0.537,6168
4,207,-0.319,7020
4,208,-0.330,6668
4,209,-0.270,6883
4,210,-0.372,7277
4,211,-0.031,5534
4,212,0.092,5563
4,213,-0.718,6906
4,214,-1.062,8281
4,215,-0.121,6330
4,216,-0.450,6234
4,217,0.469,7240
4,218,0.269,6381
4,219,-0.116,6078
4,220,0.142,5550
4,221,-0.282,7198
4,222,-0.546,6951
4,223,0.172,6560
4,224,0.571,6454
4,225,-0.043,5639
4,226,0.038,5919
4,227,-0.209,6725
4,228,-0.376,6703
4,229,0.169,6602
4,230,0.403,7055
4,231,0.192,6394
4,232,0.099,6878
4,233,0.792,6646
4,234,-0.076,7016
4,235,-0.323,7483
4,236,0.938,7637
4,237,-0.089,6843
4,238,0.033,7007
4,239,-0.192,6904
4,240,-0.064,6786
4,241,-0.274,7031
4,242,-0.374,6639
4,243,-0.203,7350
4,244,-0.788,7406
4,245,-0.018,5561
4,246,-0.042,6909
4,247,0.260,6462
4,248,0.043,5529
4,249,-0.503,6211
4,250,0.473,6867
4,251,0.506,6334
4,252,-0.542,7249
4,253,-0.671,7814
4,254,0.329,6289
4,255,-0.117,5619
4,256,-0.165,6924
4,257,-0.682,6855
4,258,-0.044,6601
4,259,-0.384,7539
4,260,-0.601,6733
4,261,-0.584,6986
4,262,-0.322,6788
4,263,0.001,5400
4,264,-0.586,6816
4,265,0.013,6411
4,266,-0.401,6034
4,267,-0.548,7388
4,268,0.279,7472
4,269,0.270,6984
4,270,0.033,5969
4,271,-0.093,5485
4,272,-0.428,6579
4,273,-0.727,6657
4,274,-0.077,6063
4,275,-0.587,6676
4,276,-0.557,6296
4,277,0.073,5481
4,278,-0.061,7028
4,279,0.546,6546
4,280,0.294,6587
4,281,0.189,6447
4,282,-0.402,6410
4,283,-0.353,6732
4,284,0.239,6052
4,285,-0.810,6686
4,286,0.622,6561
4,287,-0.110,5934
4,288,-0.356,6217
4,289,-0.182,5849
4,290,-0.591,7431
4,291,-0.084,6487
4,292,-0.452,6478
4,293,0.016,6831
4,294,-0.031,5653
4,295,0.574,7598
4,296,-0.278,6801
4,297,0.336,6969
4,298,0.023,6282
4,299,-0.310,5845
4,300,0.069,6847
4,301,0.135,6738
4,302,0.626,6866
4,303,0.102,6374
4,304,-0.119,6770
4,305,0.290,6468
4,306,-0.481,7686
4,307,-0.328,6676
4,308,0.120,6922
4,309,-0.463,7019
4,310,0.458,7104
4,311,0.371,6471
4,312,-0.969,8550
4,313,-0.602,7806
4,314,0.450,6349
4,315,0.158,6989
4,316,0.104,5991
4,317,-0.630,7646
4,318,0.300,6561
4,319,-0.150,7105
4,320,-0.314,6336
4,321,-0.179,6085
4,322,-0.573,6286
4,323,-0.113,6500
4,324,-0.568,7838
4,325,-0.415,7709
4,326,-0.409,7229
4,327,-0.323,7358
4,328,0.141,6141
4,329,-0.701,7801
4,330,-0.183,5607
4,331,0.126,6893
4,332,-0.014,6430
4,333,0.234,5999
4,334,-0.114,5947
4,335,-0.211,6179
4,336,-0.219,7217
4,337,-0.255,6894
4,338,0.282,6651
4,339,0.044,7127
4,340,-0.514,6823
4,341,-0.182,6946
4,342,0.159,7038
4,343,-0.012,6988
4,344,0.154,6293
4,345,0.194,7035
4,346,-0.221,5871
4,347,-0.368,7384
4,348,-0.119,6666
4,349,0.034,5673
4,350,-0.671,6908
4,351,0.456,7251
4,352,0.588,6579
4,353,0.399,6691
4,354,0.006,5554
4,355,0.180,6990
4,356,0.149,6454
4,357,0.511,6779
4,358,-0.227,6833
4,359,-0.011,6881
4,360,0.311,7209
4,361,-0.020,5682
4,362,0.044,6077
4,363,-0.187,6058
4,364,-0.602,7952
4,365,-0.920,8409
4,366,-0.224,6641
4,367,0.397,6278
4,368,0.259,6868
4,369,-0.209,6687
4,370,0.116,6634
4,371,-0.348,6523
4,372,-0.040,6405
4,373,-0.310,6127
4,374,0.238,6268
4,375,-0.336,7220
4,376,-0.535,6827
4,377,-0.152,7040
4,378,0.070,5454
4,379,-0.305,7252
4,380,0.298,5972
4,381,0.244,6104
4,382,-0.988,8044
4,383,0.017,6453
4,384,0.334,6615
4,385,-0.289,6139
4,386,-0.033,6925
4,387,0.436,7571
4,388,0.013,5384
4,389,0.028,5545
4,390,-0.611,6993
4,391,0.320,5975
4,392,0.450,6129
4,393,0.180,6051
4,394,0.545,6922
4,395,0.064,6479
4,396,0.053,5969
4,397,0.130,6073
4,398,-0.277,6732
4,399,0.151,7116
4,400,0.253,6159
4,401,-0.474,6351
4,402,0.527,7042
4,403,-0.359,6340
4,404,-0.064,5985
4,405,0.462,6995
4,406,0.411,6873
4,407,-0.424,7648
4,408,0.009,5727
4,409,-0.031,5885
4,410,0.172,6074
4,411,0.584,7416
4,412,0.241,7282
4,413,-0.043,5565
4,414,0.444,6680
4,415,-0.447,6377
4,416,-1.032,7630
4,417,-0.353,5945
4,418,-0.003,6262
4,419,0.047,5568
4,420,-0.087,6228
4,421,-0.124,6959
4,422,0.118,7043
4,423,0.369,7549
4,424,0.082,6772
4,425,0.978,7829
4,426,0.337,6324
4,427,-0.526,6536
4,428,-0.022,5492
4,429,0.799,8262
4,430,-0.274,5789
4,431,0.232,7424
4,432,0.287,6835
4,433,0.154,6225
4,434,-0.369,6334
4,435,0.491,6362
4,436,0.194,6736
4,437,0.173,6083
4,438,-0.134,7207
4,439,0.015,5542
4,440,0.047,6338
4,441,0.154,6361
4,442,-0.424,6530
4,443,0.156,7119
4,444,0.163,7186
4,445,-0.465,7168
4,446,0.797,7990
4,447,0.455,6665
4,448,-0.093,6993
4,449,0.009,6820
4,450,-0.225,6238
4,451,0.202,7029
4,452,0.036,6847
4,453,0.333,7521
4,454,-0.263,6122
4,455,0.058,6723
4,456,0.013,5431
4,457,0.163,5561
4,458,-0.085,6908
4,459,-0.151,5725
4,460,0.028,5981
4,461,0.084,6636
4,462,0.202,6281
4,463,-0.158,6966
4,464,0.091,6444
4,465,0.036,7005
4,466,-0.295,7017
4,467,-0.079,6674
4,468,0.263,6481
4,469,-0.111,5588
4,470,-0.542,7693
4,471,0.401,6249
4,472,-0.447,6748
4,473,-0.725,7114
4,474,0.538,7296
4,475,0.588,6402
4,476,-0.213,5734
4,477,0.339,7517
4,478,0.195,6233
4,479,0.198,6722
4,480,-0.626,7281
4,481,-0.171,5602
4,482,0.602,7270
4,483,0.319,6627
4,484,0.066,7086
4,485,-0.209,6299
4,486,0.660,7001
4,487,-0.189,6998
4,488,0.431,6763
4,489,-0.107,6625
4,490,0.242,6949
4,491,-0.115,5879
4,492,-0.130,6979
4,493,-0.086,5800
4,494,0.131,6118
4,495,0.326,6732
4,496,-0.133,6214
4,497,0.127,5905
4,498,0.294,7055
4,499,0.325,5861
4,500,0.459,7195
4,501,0.311,7512
4,502,0.235,5850
4,503,0.824,7100
4,504,-0.378,7213
4,505,0.146,6850
4,506,0.077,7134
4,507,0.150,5841
4,508,0.379,6664
4,509,0.032,7046
4,510,0.108,5959
4,511,0.442,6697
4,512,0.033,6633
4,513,-0.156,6198
4,514,0.485,6132
4,515,-0.166,6724
4,516,0.261,5823
4,517,0.333,6082
4,518,0.346,7057
4,519,-0.320,6499
4,520,0.286,6644
4,521,0.080,6027
4,522,0.145,6708
4,523,-0.165,5806
4,524,0.028,5920
4,525,-0.530,7474
4,526,0.501,6521
4,527,-0.246,7399
4,528,0.301,6152
4,529,-0.633,6679
4,530,-0.257,6868
4,531,0.851,7134
4,532,0.624,7649
4,533,0.076,6097
4,534,0.723,6886
4,535,0.317,6618
4,536,0.068,6648
4,537,-0.662,6877
4,538,1.083,7986
4,539,-0.472,6781
4,540,0.408,7077
4,541,-0.347,6964
4,542,0.173,7142
4,543,0.082,6699
4,544,1.022,7370
4,545,0.294,7020
4,546,-0.388,7505
4,547,-0.063,5994
4,548,0.123,5574
4,549,-0.088,6192
4,550,0.227,7190
4,551,0.092,6058
4,552,0.279,7123
4,553,0.185,5694
4,554,0.099,5896
4,555,0.602,6772
4,556,0.406,5999
4,557,-0.216,6739
4,558,-0.143,5787
4,559,0.325,6373
4,560,0.097,6730
4,561,-0.355,6969
4,562,-0.263,6908
4,563,-0.335,6768
4,564,-0.011,6137
4,565,-0.236,7406
4,566,0.256,7198
4,567,0.566,7377
4,568,-0.101,6772
4,569,0.027,5617
4,570,-0.030,5507
4,571,0.267,6056
4,572,-0.077,5664
4,573,0.094,5447
4,574,0.741,7312
4,575,0.031,6039
4,576,-0.792,7684
4,577,0.281,6106
4,578,-0.226,7136
4,579,0.470,7504
4,580,-0.007,5943
4,581,0.573,7566
4,582,0.095,5683
4,583,0.057,5389
4,584,-0.400,7129
4,585,-0.549,7758
4,586,-0.306,6799
4,587,-0.372,7161
4,588,0.550,7555
4,589,0.426,7304
4,590,0.564,7896
4,591,-0.016,5916
4,592,0.427,6064
4,593,0.487,7786
4,594,0.223,6193
4,595,0.486,6548
4,596,-0.647,6587
4,597,0.411,6359
4,598,0.077,5890
4,599,-0.331,6263
4,600,-0.313,6123
4,601,0.684,8139
4,602,0.054,7095
4,603,0.376,6945
4,604,-0.209,6339
4,605,0.393,6105
4,606,-0.359,6708
4,607,0.572,6234
4,608,0.289,7119
4,609,0.244,6934
4,610,-0.260,6812
4,611,0.432,6095
4,612,-0.140,7188
4,613,-0.298,7131
4,614,0.509,6985
4,615,0.621,7770
4,616,0.852,7289
4,617,0.135,5926
4,618,-0.156,6379
4,619,-0.570,7372
4,620,-0.270,6308
4,621,-0.357,6169
4,622,0.453,7527
4,623,-0.453,6824
4,624,0.531,7452
4,625,-0.101,6047
4,626,-0.178,7100
4,627,0.022,6899
4,628,-0.364,6907
4,629,-0.211,6878
4,630,0.062,6829
4,631,0.371,6630
4,632,-0.179,7082
4,633,0.434,7457
4,634,-0.275,6163
4,635,-0.192,6995
4,636,0.122,7117
4,637,0.070,5710
4,638,0.221,6673
4,639,-0.045,6279
4,640,-0.103,6909
4,641,-0.068,6269
4,642,0.457,7473
4,643,0.033,5973
4,644,0.415,7405
4,645,-0.101,6216
4,646,-0.394,6593
4,647,0.437,6873
4,648,-0.176,6465
4,649,-0.415,6166
4,650,-0.031,6206
4,651,0.499,6498
4,652,-0.149,5957
4,653,0.298,5861
4,654,0.117,6843
4,655,-0.511,6289
4,656,-0.032,5755
4,657,0.897,7395
4,658,0.668,8050
4,659,0.731,8217
4,660,-0.114,6338
4,661,-0.921,7920
4,662,0.121,6572
4,663,-0.001,6224
4,664,0.505,6133
4,665,0.060,6418
4,666,-0.245,6222
4,667,-0.616,7150
4,668,0.706,8127
4,669,0.374,7091
4,670,0.883,7659
4,671,-0.071,6683
4,672,0.183,6889
4,673,-0.032,6347
4,674,1.255,8179
4,675,-0.472,6765
4,676,0.113,6250
4,677,-0.011,5776
4,678,0.319,6512
4,679,-0.026,5410
4,680,0.092,6418
4,681,-0.625,6965
4,682,-0.420,6644
4,683,-0.415,6332
4,684,-0.209,6820
4,685,0.724,6498
4,686,0.092,6287
4,687,-0.240,6299
4,688,-0.260,7311
4,689,-0.260,6714
4,690,0.277,7239
4,691,-0.198,7103
4,692,0.532,6344
4,693,0.137,6160
4,694,-0.113,6171
4,695,-0.151,7087
4,696,-0.403,6380
4,697,0.240,6262
4,698,-0.734,6922
4,699,0.633,7361
4,700,0.075,5499
4,701,0.344,6909
4,702,-0.045,6642
4,703,0.159,7042
4,704,-0.186,6910
4,705,0.021,6143
4,706,-0.142,5921
4,707,0.495,6569
4,708,0.211,6700
4,709,0.675,6522
4,710,0.197,5669
4,711,0.478,6317
4,712,-0.334,6398
4,713,0.340,6326
4,714,0.162,7137
4,715,-0.177,6998
4,716,-0.430,6797
4,717,0.126,5777
4,718,0.196,6808
4,719,0.358,7408
4,720,-0.400,6376
4,721,0.009,7059
4,722,0.152,7198
4,723,-0.314,6941
4,724,0.111,5967
4,725,-0.473,6726
4,726,-0.009,6033
4,727,-0.103,5990
4,728,0.228,5786
4,729,-0.087,6596
4,730,-0.220,6549
4,731,-0.211,6961
4,732,-0.232,5692
4,733,-0.347,7198
4,734,-0.268,5843
4,735,0.376,7393
4,736,-0.080,5986
4,737,0.028,5543
4,738,0.215,6348
4,739,-0.147,6708
4,740,-0.136,5592
4,741,0.647,7057
4,742,-0.382,5944
4,743,-0.505,6260
4,744,0.138,6610
4,745,-0.355,6874
4,746,-0.827,7781
4,747,0.098,5830
4,748,0.296,6599
4,749,0.215,5643
4,750,-0.083,6889
4,751,0.397,6686
4,752,0.473,7632
4,753,0.336,7151
4,754,-0.140,7138
4,755,0.159,5945
4,756,-0.201,5984
4,757,0.113,6014
4,758,0.222,6115
4,759,-0.461,7235
4,760,-0.147,5969
4,761,-0.422,6396
4,762,-0.514,6226
4,763,-0.910,6919
4,764,0.465,6723
4,765,0.219,6990
4,766,-0.071,5535
4,767,0.038,6351
4,768,0.461,7447
4,769,0.547,6792
4,770,0.138,5818
4,771,0.167,6905
4,772,0.025,6196
4,773,-0.154,6970
4,774,-0.140,6865
4,775,-0.229,7308
4,776,-0.485,6594
4,777,0.015,6317
4,778,-0.233,7047
4,779,0.449,6868
4,780,-0.185,6649
4,781,0.485,6487
4,782,-0.561,7208
4,783,0.593,7886
4,784,-0.392,6198
4,785,-0.186,6459
4,786,-0.012,6706
4,787,0.425,7683
4,788,0.780,7906
4,789,0.141,6700
4,790,-0.400,6947
4,791,-0.419,7265
4,792,0.464,7470
4,793,0.421,6860
4,794,0.070,5418
4,795,-0.155,6431
4,796,0.494,6089
4,797,-0.445,6084
4,798,-0.142,6325
4,799,0.548,7246
4,800,0.201,6781
4,801,0.164,6971
4,802,0.625,6984
4,803,0.222,6028
4,804,0.069,6665
4,805,0.392,7413
4,806,0.083,5486
4,807,-0.389,6356
4,808,0.554,7841
4,809,0.654,6524
4,810,0.165,6616
4,811,0.557,6503
4,812,0.520,7323
4,813,0.250,7181
4,814,-0.388,6721
4,815,0.443,6801
4,816,0.308,7265
4,817,0.211,6214
4,818,0.140,6957
4,819,0.227,5796
4,820,0.247,6360
4,821,0.181,5703
4,822,0.815,7715
4,823,0.347,7150
4,824,-0.267,5849
4,825,0.012,6162
4,826,-0.287,5993
4,827,-0.409,7373
4,828,0.934,8417
4,829,0.264,6852
4,830,-0.169,6702
4,831,1.130,8570
4,832,0.184,6148
4,833,-0.092,6886
4,834,-0.246,6800
4,835,0.139,6560
4,836,0.449,6821
4,837,-0.267,7481
4,838,0.265,7338
4,839,0.482,6999
4,840,-0.618,6370
4,841,-0.232,6630
4,842,0.126,6965
4,843,0.685,7905
4,844,-0.241,7074
4,845,0.284,6111
4,846,-0.020,6293
4,847,0.670,6837
4,848,0.373,7344
4,849,-0.416,7573
4,850,0.011,6731
4,851,-0.619,6646
4,852,0.202,6938
4,853,0.132,6261
4,854,0.188,6388
4,855,-0.008,5721
4,856,-0.165,6672
4,857,0.001,5478
4,858,0.158,6039
4,859,-0.917,7288
4,860,-0.676,7227
4,861,-0.022,6276
4,862,-0.469,6717
4,863,0.202,6284
4,864,-0.705,7482
4,865,0.248,6985
4,866,-0.602,6384
4,867,0.871,8224
4,868,-0.024,5664
4,869,0.298,6148
4,870,0.625,7430
4,871,0.112,6366
4,872,0.402,6248
4,873,-0.347,7443
4,874,0.399,7518
4,875,0.473,6479
4,876,0.142,6598
4,877,0.087,5548
4,878,-0.161,5873
4,879,0.585,6917
4,880,0.236,6408
4,881,0.132,6889
4,882,0.348,6747
4,883,0.447,6413
4,884,0.297,7471
4,885,0.379,7033
4,886,0.105,7025
4,887,-0.201,5655
4,888,0.140,5918
4,889,-0.188,6921
4,890,1.331,8541
4,891,0.366,6977
4,892,-0.091,5958
4,893,-0.163,5676
4,894,-0.187,6315
4,895,-0.339,6723
4,896,0.441,6636
4,897,0.749,7411
4,898,0.639,7936
4,899,0.700,6907
4,900,0.067,6632
4,901,0.212,7363
4,902,-0.220,7328
4,903,0.507,6675
4,904,-0.082,5695
4,905,-0.791,8213
4,906,-0.390,6133
4,907,-0.450,6825
4,908,-0.007,6134
4,909,-0.465,7108
4,910,-0.781,7354
4,911,-0.224,6883
4,912,-0.482,6946
4,913,0.161,6543
4,914,0.442,6019
4,915,-0.096,6851
4,916,0.405,6107
4,917,-0.300,6454
4,918,-1.185,8420
4,919,0.148,6471
4,920,0.554,7898
4,921,0.900,6849
4,922,0.611,6943
4,923,0.781,7091
4,924,0.317,6287
4,925,0.384,7114
4,926,0.435,6251
4,927,0.176,7208
4,928,0.286,5862
4,929,-0.400,7132
4,930,-0.251,5805
4,931,-0.058,5916
4,932,-0.108,5734
4,933,-0.024,5693
4,934,0.052,6480
4,935,-0.569,7726
4,936,0.160,6984
4,937,-0.478,6895
4,938,0.440,6077
4,939,0.468,6995
4,940,0.083,6340
4,941,-0.786,6686
4,942,-0.190,6828
4,943,-0.379,7407
4,944,0.275,5759
4,945,-0.001,6283
4,946,0.624,6884
4,947,0.352,6772
4,948,0.127,6878
4,949,0.142,5947
4,950,-0.535,6439
4,951,0.485,6912
4,952,0.087,5670
4,953,0.533,7323
4,954,0.274,6332
4,955,0.062,6959
4,956,-0.222,6418
4,957,-0.144,6078
4,958,-0.040,6376
4,959,0.185,6042
4,960,0.527,7324
4,961,-0.368,6566
4,962,-0.415,7119
4,963,0.256,6024
4,964,-0.023,6981
4,965,-0.041,7065
4,966,-0.160,6251
4,967,0.367,6979
4,968,0.078,7035
4,969,0.292,7434
4,970,-0.617,7395
4,971,-0.282,7328
4,972,-0.344,6858
4,973,-0.503,6109
4,974,-0.002,5517
4,975,-0.492,7157
4,976,0.281,6549
4,977,-0.707,8124
4,978,-0.096,6511
4,979,-0.261,6577
4,980,-0.188,5869
4,981,-0.184,6914
4,982,-0.490,7177
4,983,-0.284,7014
4,984,0.037,5583
4,985,-0.297,6252
4,986,0.509,7238
4,987,0.847,7449
4,988,0.389,7304
4,989,-0.148,6516
4,990,-0.973,8529
4,991,-0.469,7496
4,992,0.073,6519
4,993,-0.218,7072
4,994,0.325,6519
4,995,0.155,6413
4,996,0.037,6173
4,997,-0.452,7029
4,998,-0.377,7103
4,999,-0.159,6203
4,1000,0.892,8332
4,1001,-0.295,7170
4,1002,-0.446,6493
4,1003,0.541,7352
4,1004,-0.520,6249
4,1005,0.133,5880
4,1006,0.291,6678
4,1007,0.392,7275
4,1008,0.588,7370
4,1009,-0.151,6103
4,1010,0.041,6853
4,1011,-1.015,7807
4,1012,0.020,6678
4,1013,0.111,5841
4,1014,-0.973,7085
4,1015,0.126,5892
4,1016,0.259,6846
4,1017,0.537,7433
4,1018,-0.206,6868
4,1019,-0.007,5560
4,1020,0.009,6401
4,1021,0.123,6689
4,1022,-0.601,7600
4,1023,0.272,6235
4,1024,-0.444,6351
4,1025,-0.048,6498
4,1026,-0.406,6532
4,1027,-0.351,7331
4,1028,0.451,7111
4,1029,-0.208,6315
4,1030,-0.536,6318
4,1031,-0.052,6770
4,1032,0.121,6363
4,1033,0.130,6043
4,1034,0.126,6277
4,1035,0.126,6154
4,1036,-0.395,6965
4,1037,0.610,7364
4,1038,-0.196,6452
4,1039,-0.220,6095
4,1040,-0.035,5710
4,1041,0.282,6782
4,1042,-0.219,7391
4,1043,-0.355,6546
4,1044,-0.425,7602
4,1045,0.125,7001
4,1046,-0.472,6854
4,1047,0.617,7657
4,1048,-0.052,5434
4,1049,-0.105,6139
4,1050,0.035,5606
4,1051,-0.120,6854
4,1052,0.206,6277
4,1053,0.326,7190
4,1054,0.801,8176
4,1055,0.009,6011
4,1056,0.499,6369
4,1057,-0.239,6963
4,1058,0.742,6920
4,1059,-0.014,7036
4,1060,-0.300,6081
4,1061,0.187,5699
4,1062,0.304,7139
4,1063,0.460,6973
4,1064,0.275,6569
4,1065,-0.080,6530
4,1066,0.558,6586
4,1067,0.894,6747
4,1068,-0.280,7004
4,1069,0.370,7544
4,1070,0.088,6856
4,1071,0.220,5919
4,1072,-0.839,7929
4,1073,-0.250,6663
4,1074,-0.368,6075
4,1075,-0.329,7269
4,1076,-0.932,8379
4,1077,0.388,7375
4,1078,-0.077,5727
4,1079,-0.298,6441
4,1080,-0.377,6467
4,1081,-0.008,5598
4,1082,0.238,5788
4,1083,0.623,6577
4,1084,-0.369,6302
4,1085,0.216,6669
4,1086,0.850,8165
4,1087,-0.233,5741
4,1088,-0.589,6762
4,1089,0.283,7210
4,1090,-0.611,7541
4,1091,-0.089,6143
4,1092,0.181,6552
4,1093,0.102,6926
4,1094,-1.030,7877
4,1095,0.233,5702
4,1096,-0.023,6207
4,1097,0.067,6979
4,1098,0.387,6143
4,1099,0.160,7183
4,1100,-0.058,5689
4,1101,0.478,7598
4,1102,0.559,6487
4,1103,0.557,7503
4,1104,-0.277,6022
4,1105,0.529,6715
4,1106,0.708,6770
4,1107,0.285,6945
4,1108,0.055,5657
4,1109,0.654,6367
4,1110,0.517,6190
4,1111,0.030,5677
4,1112,0.069,6842
4,1113,0.313,6998
4,1114,-0.236,6746
4,1115,-0.283,7068
4,1116,-0.118,6570
4,1117,0.457,7617
4,1118,0.102,5602
4,1119,0.008,6063
4,1120,-0.601,7155
4,1121,0.209,5653
4,1122,-0.326,6978
4,1123,-0.191,6089
4,1124,-0.294,6441
4,1125,0.991,7505
4,1126,0.186,6770
4,1127,0.475,7318
4,1128,-0.283,6933
4,1129,-0.512,6632
4,1130,0.704,8094
4,1131,-0.198,6856
4,1132,0.546,6585
4,1133,0.546,7852
4,1134,-0.399,6538
4,1135,-0.271,6873
4,1136,0.829,7719
4,1137,0.293,7347
4,1138,0.513,7537
4,1139,0.468,7477
4,1140,0.510,7519
4,1141,-0.366,6436
4,1142,0.070,6132
4,1143,0.642,6498
4,1144,-0.463,7378
4,1145,0.101,6965
4,1146,-0.106,6830
4,1147,-0.183,6967
4,1148,0.339,6672
4,1149,-0.080,5501
4,1150,0.177,6081
4,1151,-0.504,7816
4,1152,-0.041,6847
4,1153,0.289,6999
4,1154,0.726,7853
4,1155,1.053,8473
4,1156,-0.089,5839
4,1157,0.666,7305
4,1158,0.816,7684
4,1159,0.155,6885
4,1160,0.125,6438
4,1161,-0.074,6091
4,1162,-0.296,5982
4,1163,0.207,6097
4,1164,0.009,5879
4,1165,0.091,6950
4,1166,-0.313,6821
4,1167,-0.764,7142
4,1168,0.302,6024
4,1169,0.454,6468
4,1170,0.231,6513
4,1171,0.708,7281
4,1172,0.379,6094
4,1173,0.247,6770
4,1174,-0.164,6406
4,1175,0.450,6156
4,1176,0.447,7269
4,1177,0.330,7525
4,1178,0.362,6349
4,1179,-0.363,6396
4,1180,0.519,6806
4,1181,-0.281,6014
4,1182,-0.020,6470
4,1183,0.077,6286
4,1184,0.323,6660
4,1185,0.228,5809
4,1186,0.158,6324
4,1187,-0.260,7054
4,1188,0.025,6548
4,1189,-0.081,5487
4,1190,-0.082,5800
4,1191,0.436,6486
4,1192,-0.016,5334
4,1193,-0.652,8015
4,1194,-0.100,7114
4,1195,-0.229,6912
4,1196,-0.288,7377
4,1197,-0.252,7174
4,1198,0.193,5913
4,1199,0.443,7568
4,1200,0.366,6298
4,1201,0.604,7725
4,1202,0.611,7268
4,1203,-1.334,8721
4,1204,0.117,7174
4,1205,0.324,7024
4,1206,-0.352,7028
4,1207,-0.279,5794
4,1208,-0.096,6257
4,1209,-0.196,6813
4,1210,-0.281,6173
4,1211,-0.449,7215
4,1212,0.336,6541
4,1213,0.722,8035
4,1214,0.475,6186
4,1215,-0.201,6063
4,1216,0.090,7201
4,1217,-0.525,7845
4,1218,-0.064,6602
4,1219,-0.152,6265
4,1220,0.019,5808
4,1221,0.352,6708
4,1222,0.143,7032
4,1223,0.427,6054
4,1224,-0.307,7384
4,1225,-0.109,6333
4,1226,-0.259,6858
4,1227,0.269,6328
4,1228,0.172,6678
4,1229,-0.031,6365
4,1230,0.187,7124
4,1231,-0.153,6389
4,1232,-0.068,6900
4,1233,-0.825,7035
4,1234,0.253,6191
4,1235,-0.097,7118
4,1236,0.407,6939
4,1237,0.596,7268
4,1238,0.548,6916
4,1239,0.814,8339
4,1240,0.022,5937
4,1241,0.347,7236
4,1242,0.280,6792
4,1243,-0.208,6715
4,1244,0.005,5524
4,1245,-0.785,7231
4,1246,-0.435,7318
4,1247,0.288,6446
4,1248,0.233,7123
4,1249,-0.085,6111
4,1250,-0.444,6977
4,1251,0.485,7672
4,1252,-0.042,6710
4,1253,-0.012,5502
4,1254,-0.145,6662
4,1255,-0.057,5953
4,1256,0.186,6233
4,1257,0.412,6198
4,1258,0.045,6343
4,1259,0.311,6607
4,1260,-0.214,6399
4,1261,-0.227,7134
4,1262,0.239,6759
4,1263,-0.384,7219
4,1264,-0.940,8261
4,1265,0.371,6315
4,1266,-0.469,6865
4,1267,-0.555,6881
4,1268,-0.154,6089
4,1269,0.389,6405
4,1270,-0.223,7075
4,1271,0.094,6518
4,1272,0.488,6801
4,1273,0.267,7201
4,1274,-0.450,7010
4,1275,0.701,7389
4,1276,0.246,6698
4,1277,-0.684,6464
4,1278,-0.032,6947
4,1279,-0.882,7080
4,1280,0.069,5965
4,1281,0.026,6486
4,1282,-0.609,6697
4,1283,0.318,6000
4,1284,-0.171,6516
4,1285,-0.266,7182
4,1286,-0.798,7874
4,1287,-0.068,5962
4,1288,-0.440,7163
4,1289,-0.281,7127
4,1290,0.206,5922
4,1291,0.668,6817
4,1292,0.167,6842
4,1293,0.926,8050
4,1294,0.021,5620
4,1295,0.125,6767
4,1296,-0.317,6870
4,1297,-0.307,7017
4,1298,1.152,7192
4,1299,0.909,8201
4,1300,0.143,6555
4,1301,1.076,7007
4,1302,0.202,6349
4,1303,0.126,6039
4,1304,-0.515,6316
4,1305,0.359,6688
4,1306,0.363,7562
4,1307,0.075,7094
4,1308,0.006,5978
4,1309,0.124,5547
4,1310,0.495,6241
4,1311,-0.306,6849
4,1312,-0.226,6380
4,1313,-0.968,7910
4,1314,0.147,6693
4,1315,0.312,7132
4,1316,-0.007,6155
4,1317,-0.099,5535
4,1318,-0.463,7439
4,1319,-0.060,5685
4,1320,0.100,6282
4,1321,-0.539,6302
4,1322,-0.665,6788
4,1323,-0.036,6669
4,1324,0.132,5573
4,1325,0.283,6553
4,1326,-0.174,6469
4,1327,-0.276,6649
4,1328,-0.654,6536
4,1329,-0.142,6055
4,1330,0.341,7580
4,1331,-0.728,8191
4,1332,0.138,6679
4,1333,0.182,6834
4,1334,-0.438,7317
4,1335,-0.115,7232
4,1336,-0.266,6182
4,1337,0.119,6663
4,1338,0.045,7041
4,1339,-0.096,6914
4,1340,-0.579,6249
4,1341,0.598,7176
4,1342,-0.463,7443
4,1343,0.926,7548
4,1344,-0.374,6449
4,1345,-0.096,5989
4,1346,0.605,6706
4,1347,0.129,6131
4,1348,-0.601,6354
4,1349,0.469,7358
4,1350,0.266,5981
4,1351,-0.450,6897
4,1352,0.166,6641
4,1353,-0.475,7337
4,1354,0.104,6062
4,1355,0.266,7013
4,1356,0.466,6449
4,1357,-0.363,6666
4,1358,0.766,8257
4,1359,0.083,6711
4,1360,0.127,6591
4,1361,-0.590,6876
4,1362,-0.014,5982
4,1363,0.048,5392
4,1364,-0.305,6316
4,1365,0.227,6204
4,1366,-0.114,5520
4,1367,-0.509,6572
4,1368,0.190,6456
4,1369,0.332,6596
4,1370,-0.026,7034
4,1371,0.157,6939
4,1372,0.041,6620
4,1373,0.422,6386
4,1374,-0.215,7126
4,1375,-0.338,6010
4,1376,0.262,6558
4,1377,0.403,7193
4,1378,0.346,7067
4,1379,0.470,6614
4,1380,-0.227,6284
4,1381,0.365,6350
4,1382,-0.193,6522
4,1383,-0.041,6706
4,1384,-0.763,6899
4,1385,0.448,6153
4,1386,0.120,7063
4,1387,-0.319,6164
4,1388,-0.354,7152
4,1389,-0.971,7876
4,1390,0.495,7674
4,1391,0.365,6183
4,1392,-0.186,7163
4,1393,-0.739,7900
4,1394,0.909,8051
4,1395,-0.226,5692
4,1396,-0.264,6766
4,1397,-0.472,7668
4,1398,-0.340,6003
4,1399,-0.020,5946
4,1400,0.094,6716
4,1401,-0.021,5819
4,1402,0.658,6891
4,1403,-0.401,7640
4,1404,-0.182,7244
4,1405,0.372,7623
4,1406,-0.304,7307
4,1407,-0.283,5883
4,1408,-0.380,7163
4,1409,0.239,7264
4,1410,0.943,8524
4,1411,0.351,6345
4,1412,-0.256,7333
4,1413,-0.610,7103
4,1414,0.136,6773
4,1415,-0.174,6411
4,1416,0.884,7994
4,1417,0.577,7745
4,1418,0.421,6718
4,1419,-0.274,6930
4,1420,-0.041,6542
4,1421,0.110,6184
4,1422,-0.187,6034
4,1423,0.251,6370
4,1424,0.327,7547
4,1425,-0.717,7633
4,1426,0.183,6960
4,1427,-0.064,6758
4,1428,-0.294,6321
4,1429,-0.286,7151
4,1430,0.110,5950
4,1431,0.358,5885
4,1432,-0.169,7025
4,1433,0.267,7458
4,1434,0.789,8222
4,1435,0.247,5878
4,1436,-0.061,6460
4,1437,-0.189,7202
4,1438,-0.221,6441
4,1439,0.008,6198
4,1440,0.375,6264
5,1,0.011,2375
5,2,-1.073,3617
5,3,-0.293,3070
5,4,1.066,2997
5,5,-0.618,2698
5,6,-0.573,2854
5,7,-0.242,2972
5,8,0.074,2849
5,9,-0.413,2656
5,10,-0.089,2822
5,11,0.131,2681
5,12,-0.192,2569
5,13,0.461,2884
5,14,1.215,3365
5,15,0.238,2707
5,16,-0.175,2771
5,17,0.148,2812
5,18,0.594,2861
5,19,0.286,2879
5,20,0.387,2897
5,21,0.093,2876
5,22,0.103,2974
5,23,-0.439,2570
5,24,-0.023,2578
5,25,0.495,2829
5,26,0.152,2608
5,27,-0.148,2926
5,28,-0.120,2884
5,29,-0.537,3004
5,30,0.754,3138
5,31,-0.421,2921
5,32,-0.239,2490
5,33,0.298,2801
5,34,-0.153,2775
5,35,0.392,3123
5,36,-0.456,2833
5,37,0.255,2974
5,38,0.728,2915
5,39,0.361,2685
5,40,0.192,2524
5,41,-0.070,2783
5,42,-0.746,2964
5,43,-0.042,2598
5,44,-0.137,2903
5,45,1.293,3223
5,46,-0.516,2822
5,47,0.519,2618
5,48,-0.728,2863
5,49,0.006,2914
5,50,0.335,3142
5,51,-0.102,2779
5,52,-0.270,2902
5,53,0.178,2483
5,54,-0.637,2922
5,55,-0.020,2493
5,56,0.740,2860
5,57,-0.617,3074
5,58,0.089,2569
5,59,-0.035,2739
5,60,-0.207,2913
5,61,0.251,2837
5,62,0.037,2971
5,63,-0.202,3105
5,64,0.039,2291
5,65,-0.177,2593
5,66,-0.590,3029
5,67,-0.482,2891
5,68,0.415,2911
5,69,0.315,2837
5,70,0.091,2564
5,71,-0.270,2901
5,72,0.563,2692
5,73,0.257,2513
5,74,-0.055,2379
5,75,-0.570,2706
5,76,-0.378,2510
5,77,0.413,2910
5,78,0.240,3011
5,79,0.045,2948
5,80,0.031,2420
5,81,-0.172,2628
5,82,0.424,2991
5,83,0.726,3091
5,84,-0.256,2904
5,85,-0.113,2632
5,86,1.011,3176
5,87,0.508,2627
5,88,0.149,3083
5,89,-0.775,2834
5,90,1.060,3079
5,91,-0.070,2613
5,92,-0.138,2342
5,93,-0.269,2682
5,94,0.354,2817
5,95,-0.070,2371
5,96,-0.048,2767
5,97,0.092,2569
5,98,0.946,3504
5,99,0.269,2660
5,100,0.053,2900
5,101,0.676,3293
5,102,-0.325,2867
5,103,0.507,2912
5,104,-0.639,3086
5,105,0.094,2910
5,106,0.316,3164
5,107,0.135,3009
5,108,-0.028,2522
5,109,-0.638,3064
5,110,-0.060,2484
5,111,0.101,2582
5,112,0.022,2312
5,113,-0.367,2552
5,114,0.056,2672
5,115,-0.140,2714
5,116,-0.061,2632
5,117,-0.577,2918
5,118,0.701,3365
5,119,-0.458,3144
5,120,0.036,2419
5,121,-0.141,2580
5,122,-0.271,2731
5,123,0.190,3088
5,124,-0.291,2895
5,125,-0.609,3125
5,126,0.130,2816
5,127,-0.281,2971
5,128,0.466,3007
5,129,0.128,2426
5,130,0.431,2706
5,131,0.502,2695
5,132,-0.057,2993
5,133,-0.276,2438
5,134,0.248,2943
5,135,0.870,2926
5,136,-0.512,2937
5,137,0.173,2858
5,138,0.458,3288
5,139,0.492,2663
5,140,1.006,3457
5,141,0.646,2715
5,142,-0.415,3141
5,143,0.376,2981
5,144,-0.510,3019
5,145,-0.434,2934
5,146,0.346,3173
5,147,0.212,2557
5,148,-0.402,2978
5,149,0.079,2826
5,150,-0.043,2796
5,151,0.170,2587
5,152,0.053,2393
5,153,0.310,3116
5,154,-0.159,2367
5,155,-0.343,3130
5,156,0.382,2756
5,157,-0.612,2929
5,158,0.334,2935
5,159,-0.676,2823
5,160,-0.224,2679
5,161,-0.017,2805
5,162,0.440,2608
5,163,-0.455,2978
5,164,0.456,3172
5,165,-0.284,2530
5,166,0.150,2783
5,167,0.229,3097
5,168,0.118,2633
5,169,0.765,3073
5,170,0.299,2534
5,171,-0.520,3139
5,172,0.134,2425
5,173,-0.194,2921
5,174,-0.153,3053
5,175,0.489,3324
5,176,0.068,2657
5,177,0.156,2897
5,178,-0.037,3016
5,179,0.345,3058
5,180,-0.171,2455
5,181,0.412,3247
5,182,0.334,2998
5,183,0.174,2950
5,184,-0.264,2986
5,185,-0.118,2553
5,186,-0.250,2709
5,187,-0.719,2926
5,188,0.468,2702
5,189,0.040,2839
5,190,0.008,2265
5,191,0.084,2983
5,192,0.499,3236
5,193,-0.131,2675
5,194,0.380,2951
5,195,-0.386,2657
5,196,0.331,3194
5,197,-0.316,3155
5,198,0.269,3165
5,199,0.429,3159
5,200,-0.228,2598
5,201,0.072,2688
5,202,0.393,3185
5,203,0.894,2903
5,204,0.196,2529
5,205,-0.061,2395
5,206,0.602,3127
5,207,0.012,2616
5,208,-0.268,2518
5,209,0.207,2484
5,210,0.211,3033
5,211,-0.019,2467
5,212,0.292,2922
5,213,0.286,2669
5,214,0.032,2284
5,215,0.235,2428
5,216,-0.318,2885
5,217,0.691,3312
5,218,0.262,2739
5,219,0.770,3490
5,220,0.203,2732
5,221,-0.046,2945
5,222,0.325,3030
5,223,0.337,3165
5,224,0.650,2868
5,225,0.486,2770
5,226,-0.211,2996
5,227,-0.388,2816
5,228,1.132,3427
5,229,-0.454,2943
5,230,0.569,2740
5,231,0.024,2604
5,232,0.869,2957
5,233,-0.424,3127
5,234,-0.106,2541
5,235,0.046,2998
5,236,-0.221,3008
5,237,0.638,2685
5,238,0.245,2806
5,239,0.156,2555
5,240,-0.655,2805
5,241,0.404,3095
5,242,-0.262,3133
5,243,-0.070,3020
5,244,0.570,2638
5,245,0.040,2753
5,246,0.254,2790
5,247,0.534,2763
5,248,0.019,2470
5,249,-0.215,2814
5,250,0.205,2681
5,251,0.230,2733
5,252,0.520,2763
5,253,-0.452,3101
5,254,-0.170,2810
5,255,0.695,2772
5,256,0.405,2738
5,257,0.317,2781
5,258,-0.114,2505
5,259,0.453,2843
5,260,0.295,2958
5,261,0.292,2848
5,262,-0.387,2779
5,263,0.025,2611
5,264,-0.094,2910
5,265,-0.203,2603
5,266,-0.174,2789
5,267,-0.014,2275
5,268,0.196,2473
5,269,-0.095,2396
5,270,-0.032,2426
5,271,-0.119,2385
5,272,0.561,2981
5,273,0.354,3119
5,274,0.456,3028
5,275,0.589,2728
5,276,-0.047,2461
5,277,0.269,2444
5,278,-0.152,2734
5,279,-0.161,2934
5,280,-0.174,2552
5,281,0.289,2922
5,282,0.757,2866
5,283,0.462,2864
5,284,0.165,2636
5,285,0.379,3222
5,286,0.785,3465
5,287,0.290,2670
5,288,0.521,2822
5,289,0.547,3346
5,290,-0.568,3277
5,291,0.656,2766
5,292,0.504,3062
5,293,0.385,2873
5,294,-0.066,2547
5,295,-0.129,3061
5,296,0.308,2554
5,297,-0.311,2499
5,298,-0.667,3411
5,299,0.140,2437
5,300,-0.567,2954
5,301,0.683,3374
5,302,-1.296,3456
5,303,-0.219,2892
5,304,0.476,3149
5,305,0.466,3226
5,306,-0.149,2501
5,307,-0.410,2598
5,308,0.099,2350
5,309,-0.405,2558
5,310,0.069,2676
5,311,-0.002,2261
5,312,-0.045,2732
5,313,-0.381,3236
5,314,-0.451,2838
5,315,0.488,2669
5,316,0.056,2550
5,317,-0.740,3483
5,318,-0.288,2485
5,319,0.286,2716
5,320,0.250,2647
5,321,0.622,2741
5,322,0.116,2545
5,323,0.417,2698
5,324,0.314,2908
5,325,-0.147,2621
5,326,-0.351,2989
5,327,-0.283,2700
5,328,0.100,2984
5,329,-0.332,3176
5,330,0.111,2575
5,331,0.164,2790
5,332,0.360,2527
5,333,-0.318,2666
5,334,-0.118,2696
5,335,0.123,2398
5,336,-0.344,2585
5,337,0.323,2887
5,338,-0.271,2550
5,339,-0.232,2480
5,340,0.018,2338
5,341,0.181,2921
5,342,0.205,2545
5,343,0.298,3037
5,344,0.017,2690
5,345,-0.237,2821
5,346,-0.309,2523
5,347,0.522,2989
5,348,0.102,2972
5,349,0.202,2853
5,350,-0.197,2893
5,351,0.256,3144
5,352,0.288,2612
5,353,0.039,2627
5,354,-0.117,2769
5,355,0.731,2827
5,356,-0.754,3011
5,357,-0.024,2903
5,358,-0.098,2873
5,359,0.548,2988
5,360,0.257,2991
5,361,0.356,3212
5,362,-0.498,3090
5,363,-0.277,2712
5,364,0.204,2898
5,365,-0.210,2851
5,366,0.174,2650
5,367,0.043,2659
5,368,0.337,2631
5,369,-0.176,2384
5,370,0.033,2517
5,371,-0.354,3035
5,372,0.349,3172
5,373,0.301,3147
5,374,-0.807,3273
5,375,-0.474,2943
5,376,-0.567,2653
5,377,0.061,2425
5,378,0.031,2426
5,379,-0.720,2925
5,380,-0.113,2888
5,381,-0.154,2865
5,382,0.238,2493
5,383,0.668,3010
5,384,0.239,2712
5,385,-0.645,3342
5,386,-0.205,2966
5,387,-0.094,2510
5,388,0.136,3020
5,389,0.062,2594
5,390,-0.230,2405
5,391,0.708,3328
5,392,0.065,2826
5,393,0.071,2337
5,394,-0.137,2540
5,395,0.993,3107
5,396,-0.152,3095
5,397,-0.094,3011
5,398,-0.032,2887
5,399,-0.697,2959
5,400,0.761,3261
5,401,0.159,2398
5,402,-0.571,2884
5,403,0.392,3255
5,404,-0.138,3067
5,405,0.468,2627
5,406,-0.359,2744
5,407,-0.732,2877
5,408,0.264,2844
5,409,0.489,2659
5,410,-0.733,3120
5,411,0.470,2604
5,412,-0.096,2842
5,413,-0.034,2483
5,414,-0.281,2634
5,415,0.044,2399
5,416,0.386,2956
5,417,-0.252,3066
5,418,0.327,2528
5,419,0.259,2989
5,420,-0.769,3376
5,421,-0.162,2898
5,422,0.262,3155
5,423,0.811,3107
5,424,-0.026,2292
5,425,-0.614,3078
5,426,-0.260,2533
5,427,0.003,2513
5,428,0.359,2912
5,429,0.048,2326
5,430,0.275,3129
5,431,-0.142,2644
5,432,-0.058,2496
5,433,-0.213,2780
5,434,0.224,2479
5,435,0.314,3148
5,436,0.497,2860
5,437,-0.737,2822
5,438,0.370,3036
5,439,-0.135,2571
5,440,0.880,3353
5,441,0.050,2576
5,442,0.096,2605
5,443,-0.183,2956
5,444,-0.289,2999
5,445,0.265,2809
5,446,-0.613,3068
5,447,0.256,3132
5,448,-0.111,2386
5,449,0.824,3020
5,450,-0.211,3075
5,451,0.418,2920
5,452,0.383,2741
5,453,0.104,2815
5,454,0.110,2624
5,455,0.474,2600
5,456,-0.998,3503
5,457,-0.319,3048
5,458,-0.305,2686
5,459,-0.014,2574
5,460,0.222,2513
5,461,0.123,2681
5,462,0.385,2634
5,463,-0.192,2531
5,464,-0.192,3117
5,465,-0.414,2798
5,466,0.299,2913
5,467,-0.429,3042
5,468,0.619,2984
5,469,0.150,2547
5,470,0.290,3017
5,471,0.239,2950
5,472,0.013,2965
5,473,0.276,2525
5,474,0.381,2587
5,475,0.180,2705
5,476,0.478,2925
5,477,-0.377,2622
5,478,0.438,3036
5,479,0.600,3052
5,480,0.411,2549
5,481,-0.229,3071
5,482,0.440,3210
5,483,-0.336,2524
5,484,-0.832,2902
5,485,-0.309,2529
5,486,-0.214,2986
5,487,-0.379,3084
5,488,-0.248,2967
5,489,-0.282,2497
5,490,-0.116,2631
5,491,-0.362,2904
5,492,-0.208,2974
5,493,-0.161,2363
5,494,-0.040,2321
5,495,-0.174,2402
5,496,0.023,2887
5,497,-0.179,2919
5,498,0.268,2960
5,499,0.040,2767
5,500,-0.047,2736
5,501,0.119,2757
5,502,0.230,2900
5,503,-0.174,2465
5,504,-0.685,3407
5,505,0.029,2884
5,506,-0.735,2977
5,507,0.337,2666
5,508,0.616,3248
5,509,-0.601,3113
5,510,-0.291,3179
5,511,0.016,2580
5,512,-0.570,2875
5,513,0.256,3090
5,514,-0.224,2599
5,515,-0.332,2853
5,516,0.106,2793
5,517,-0.341,3169
5,518,0.058,2292
5,519,0.042,2932
5,520,-0.024,2900
5,521,-0.056,2536
5,522,-0.318,2778
5,523,0.135,3059
5,524,-0.029,2298
5,525,-0.183,3094
5,526,-0.560,2931
5,527,-0.539,3251
5,528,-0.496,3147
5,529,0.235,2628
5,530,-0.177,2774
5,531,0.198,3050
5,532,0.023,2819
5,533,0.070,2317
5,534,-0.598,2885
5,535,0.013,2607
5,536,-0.302,2651
5,537,-0.532,2858
5,538,0.506,3214
5,539,-0.142,2748
5,540,-0.045,2795
5,541,0.197,2448
5,542,0.298,2924
5,543,0.664,3214
5,544,0.076,2525
5,545,-0.045,2799
5,546,0.052,2921
5,547,-0.117,2494
5,548,-0.334,2735
5,549,0.166,3015
5,550,-0.018,2667
5,551,-0.215,2958
5,552,0.449,3027
5,553,-0.257,2540
5,554,-0.738,3453
5,555,-0.249,2521
5,556,-0.287,2866
5,557,0.397,2580
5,558,0.188,3015
5,559,-0.501,2630
5,560,-0.197,2843
5,561,0.985,3628
5,562,0.447,3189
5,563,-0.101,2967
5,564,-0.032,2721
5,565,-0.486,2749
5,566,0.430,2652
5,567,0.014,2853
5,568,-0.822,3153
5,569,0.276,2878
5,570,-0.703,3213
5,571,0.146,2825
5,572,0.933,3349
5,573,0.067,2963
5,574,-0.496,3262
5,575,-0.012,2863
5,576,-0.064,2793
5,577,0.275,2549
5,578,0.390,2927
5,579,0.433,3076
5,580,-0.311,2509
5,581,-0.342,3124
5,582,0.440,3047
5,583,-0.126,2751
5,584,0.076,2843
5,585,0.247,3079
5,586,0.396,2581
5,587,0.171,2762
5,588,-0.345,2918
5,589,-0.946,3008
5,590,0.379,2724
5,591,-0.016,2642
5,592,0.194,2697
5,593,-0.318,2759
5,594,-0.280,2720
5,595,-0.211,2826
5,596,-0.572,2832
5,597,-0.431,3012
5,598,-0.268,2642
5,599,0.189,2701
5,600,0.499,3039
5,601,-0.311,2739
5,602,0.095,2668
5,603,-0.036,2574
5,604,-0.183,3024
5,605,-0.367,2636
5,606,0.494,2931
5,607,0.615,2729
5,608,0.098,2380
5,609,-0.009,2300
5,610,0.116,2739
5,611,-0.156,2622
5,612,-0.175,2867
5,613,1.035,3526
5,614,0.565,3111
5,615,0.279,2809
5,616,-0.070,2745
5,617,0.008,2986
5,618,0.698,3159
5,619,0.064,2814
5,620,-0.026,2299
5,621,-0.195,2816
5,622,-0.243,2805
5,623,-0.362,3077
5,624,0.117,2924
5,625,0.072,2577
5,626,0.273,2833
5,627,-0.292,2764
5,628,0.638,3315
5,629,0.510,2972
5,630,0.092,2402
5,631,-0.062,2594
5,632,0.354,2677
5,633,-0.473,3067
5,634,0.543,3051
5,635,-0.366,2561
5,636,-0.334,2506
5,637,-0.146,2665
5,638,-0.196,2905
5,639,0.260,2647
5,640,0.233,2758
5,641,-0.016,2474
5,642,-0.149,2958
5,643,-0.059,2889
5,644,-0.289,2900
5,645,-0.204,2751
5,646,0.922,3615
5,647,-0.479,2655
5,648,0.023,2599
5,649,0.204,2668
5,650,-0.418,2702
5,651,0.128,2816
5,652,-0.282,2982
5,653,0.755,3303
5,654,0.495,2726
5,655,-0.192,2884
5,656,-0.073,2951
5,657,0.031,2615
5,658,-0.101,2915
5,659,-0.382,2989
5,660,-0.308,3003
5,661,-0.131,2672
5,662,0.352,2674
5,663,0.249,2842
5,664,0.182,3079
5,665,-0.247,2542
5,666,-0.159,3037
5,667,-0.453,2983
5,668,0.517,3140
5,669,0.628,3221
5,670,-0.007,2370
5,671,0.262,2851
5,672,-0.580,2698
5,673,0.056,2534
5,674,-0.193,3042
5,675,-0.830,3501
5,676,0.295,2897
5,677,0.250,2742
5,678,-1.128,3458
5,679,-0.256,2816
5,680,0.271,2658
5,681,0.610,3128
5,682,-0.514,3146
5,683,-0.368,2654
5,684,0.018,2418
5,685,0.209,2954
5,686,0.538,3065
5,687,0.575,3038
5,688,-0.146,3053
5,689,-0.200,2904
5,690,-0.688,3157
5,691,-0.946,2942
5,692,-0.182,2723
5,693,-0.550,3315
5,694,0.419,3011
5,695,-0.163,2793
5,696,-0.615,3220
5,697,0.015,2433
5,698,-0.072,2926
5,699,-0.353,2903
5,700,-0.151,2745
5,701,0.063,2385
5,702,0.022,2912
5,703,0.645,3186
5,704,0.223,2886
5,705,-0.228,2719
5,706,0.384,2746
5,707,0.642,3119
5,708,-0.057,2994
5,709,-0.819,3004
5,710,0.095,2327
5,711,-0.117,2736
5,712,-0.024,2881
5,713,-0.378,2777
5,714,-0.043,2481
5,715,0.091,2943
5,716,0.116,2855
5,717,0.317,2555
5,718,0.209,2474
5,719,0.355,2537
5,720,0.442,3189
5,721,-0.106,2414
5,722,-0.048,2838
5,723,0.047,2763
5,724,0.688,3327
5,725,0.453,2663
5,726,0.800,2794
5,727,0.047,2721
5,728,-0.198,2558
5,729,0.718,3322
5,730,0.458,3165
5,731,-0.428,3079
5,732,0.111,2520
5,733,-0.584,2771
5,734,-0.329,3130
5,735,-0.245,2913
5,736,0.210,2883
5,737,0.409,2603
5,738,-0.052,2506
5,739,-0.315,3138
5,740,-0.148,3013
5,741,-0.104,2490
5,742,-0.020,2999
5,743,0.490,2903
5,744,-0.014,2914
5,745,-0.154,2426
5,746,0.190,3023
5,747,0.672,3430
5,748,-0.719,3396
5,749,0.086,2864
5,750,-0.164,3017
5,751,-0.358,2510
5,752,0.700,3190
5,753,0.561,2860
5,754,0.238,2757
5,755,0.543,2677
5,756,-0.474,2890
5,757,0.120,2801
5,758,-0.477,3103
5,759,-0.666,2808
5,760,0.736,2783
5,761,-0.015,2725
5,762,0.368,2847
5,763,0.042,2740
5,764,-0.444,3223
5,765,-0.365,3043
5,766,0.489,3245
5,767,-0.299,2826
5,768,0.022,2434
5,769,-0.243,2733
5,770,0.177,2453
5,771,0.255,2559
5,772,-0.095,2683
5,773,-0.433,3125
5,774,0.214,3138
5,775,-0.459,2749
5,776,-0.015,2644
5,777,0.131,2432
5,778,0.595,3035
5,779,-0.008,2624
5,780,0.067,2645
5,781,-0.955,3142
5,782,-0.419,2594
5,783,-0.217,2652
5,784,0.075,2533
5,785,0.050,2731
5,786,-0.276,2504
5,787,0.188,2724
5,788,0.351,3113
5,789,0.400,2704
5,790,-0.090,3029
5,791,-0.312,3168
5,792,-0.446,2832
5,793,-0.116,2676
5,794,-0.070,2456
5,795,0.186,3084
5,796,0.056,2602
5,797,0.044,2575
5,798,0.398,3215
5,799,-0.067,2670
5,800,-0.186,2418
5,801,0.178,2870
5,802,-0.211,2758
5,803,0.411,2768
5,804,0.025,2756
5,805,0.700,3370
5,806,-0.131,2727
5,807,0.138,2773
5,808,0.054,2703
5,809,0.142,2515
5,810,-0.375,2983
5,811,0.669,2712
5,812,0.565,2737
5,813,0.028,2734
5,814,-0.674,3305
5,815,0.281,2924
5,816,0.312,2621
5,817,0.224,3109
5,818,0.387,2705
5,819,-0.002,2965
5,820,1.088,3239
5,821,0.334,2496
5,822,0.546,3220
5,823,-0.815,3295
5,824,0.407,3073
5,825,0.356,2840
5,826,-0.566,2893
5,827,0.211,3037
5,828,0.113,2420
5,829,0.184,2828
5,830,0.226,3102
5,831,-0.299,2907
5,832,-0.092,2766
5,833,-0.026,2557
5,834,0.182,2971
5,835,-0.123,2437
5,836,0.452,2809
5,837,0.558,2919
5,838,-0.135,2861
5,839,-0.349,2549
5,840,-0.265,3009
5,841,-0.332,2673
5,842,0.260,2764
5,843,0.202,3106
5,844,0.485,2830
5,845,0.234,2502
5,846,0.431,2626
5,847,0.651,3320
5,848,-0.212,2461
5,849,0.092,2634
5,850,0.270,2855
5,851,0.166,2608
5,852,-1.090,3395
5,853,-0.544,3051
5,854,-0.437,2739
5,855,-0.772,3512
5,856,0.061,2303
5,857,-0.071,2556
5,858,0.126,2991
5,859,-0.085,2992
5,860,0.247,2632
5,861,-0.012,2810
5,862,-0.095,2925
5,863,-0.443,2714
5,864,0.227,2795
5,865,-0.628,2821
5,866,0.277,2638
5,867,0.765,3192
5,868,-0.356,2869
5,869,0.179,2507
5,870,-0.502,3115
5,871,-0.617,3016
5,872,-0.574,3249
5,873,0.067,2792
5,874,-0.104,2553
5,875,-0.064,2736
5,876,0.185,2767
5,877,-0.357,2506
5,878,0.398,3099
5,879,0.023,2957
5,880,-0.452,3194
5,881,-0.381,3255
5,882,0.002,2334
5,883,0.380,3182
5,884,0.089,3021
5,885,0.440,2620
5,886,-0.080,2467
5,887,-0.451,2918
5,888,-0.319,3144
5,889,-0.661,3186
5,890,0.278,2483
5,891,-0.229,2901
5,892,0.085,2981
5,893,0.429,2948
5,894,0.055,2786
5,895,-0.175,2654
5,896,-0.389,3211
5,897,-0.876,3141
5,898,0.056,2341
5,899,-0.110,3010
5,900,-0.827,3057
5,901,-0.310,2879
5,902,-0.349,2821
5,903,-0.475,2861
5,904,-0.415,3126
5,905,0.398,3081
5,906,-0.368,3129
5,907,-0.512,2639
5,908,0.210,3015
5,909,-0.907,3029
5,910,-0.485,2948
5,911,-0.387,2699
5,912,0.301,2884
5,913,-0.388,2733
5,914,0.622,3074
5,915,-0.923,2922
5,916,-0.035,2797
5,917,-0.457,3146
5,918,0.028,2524
5,919,1.111,3096
5,920,-0.867,3320
5,921,-0.200,2444
5,922,-0.146,3012
5,923,-0.128,2994
5,924,-0.237,2840
5,925,0.225,2667
5,926,0.103,2840
5,927,0.563,3228
5,928,-0.319,3114
5,929,0.656,3024
5,930,-0.402,2905
5,931,0.213,2937
5,932,-0.137,2879
5,933,-0.040,2567
5,934,-0.231,2774
5,935,-0.149,2885
5,936,-0.062,3029
5,937,-0.069,2402
5,938,0.376,3041
5,939,0.062,2959
5,940,0.044,2483
5,941,0.312,2767
5,942,-0.396,3114
5,943,-0.439,3212
5,944,-0.340,2601
5,945,0.701,3320
5,946,0.535,3097
5,947,0.577,3231
5,948,-0.836,3256
5,949,0.237,3054
5,950,0.354,2866
5,951,0.460,2676
5,952,-0.405,2669
5,953,0.979,3234
5,954,0.057,2607
5,955,0.204,3117
5,956,0.558,2782
5,957,-0.246,3110
5,958,0.212,2847
5,959,-0.203,2700
5,960,0.005,2838
5,961,0.111,2996
5,962,0.065,2394
5,963,-0.083,3055
5,964,-0.114,2605
5,965,0.024,2290
5,966,-0.128,2951
5,967,0.464,2813
5,968,0.512,2734
5,969,0.012,2576
5,970,0.522,3257
5,971,-0.169,2723
5,972,0.667,3393
5,973,-0.552,3071
5,974,0.293,3039
5,975,-0.707,2849
5,976,0.255,2957
5,977,0.107,2534
5,978,0.039,2404
5,979,0.099,2365
5,980,0.385,3230
5,981,0.224,3020
5,982,-0.226,2568
5,983,0.487,2850
5,984,0.471,3234
5,985,0.433,3210
5,986,-0.197,3078
5,987,-0.440,3157
5,988,0.060,2532
5,989,0.526,2885
5,990,0.827,2968
5,991,-0.858,2831
5,992,0.017,2729
5,993,0.095,2742
5,994,-0.276,3026
5,995,0.378,3077
5,996,0.233,2793
5,997,0.034,2843
5,998,0.119,2818
5,999,0.902,3607
5,1000,-0.175,2845
5,1001,-0.338,2651
5,1002,0.294,2485
5,1003,-0.241,2635
5,1004,-0.985,3432
5,1005,0.094,2312
5,1006,-0.787,2967
5,1007,-0.436,2583
5,1008,0.272,2794
5,1009,0.294,3017
5,1010,-0.620,2797
5,1011,0.015,2840
5,1012,-0.557,3225
5,1013,0.032,2953
5,1014,-0.626,2927
5,1015,-0.203,3060
5,1016,-0.795,3150
5,1017,-0.142,2950
5,1018,0.261,2923
5,1019,0.576,2653
5,1020,-0.731,3378
5,1021,-0.315,2942
5,1022,0.046,2459
5,1023,0.054,2954
5,1024,-0.185,2932
5,1025,0.887,3369
5,1026,-0.479,3294
5,1027,0.091,2362
5,1028,-0.770,3312
5,1029,0.165,2387
5,1030,-0.162,2509
5,1031,0.080,3000
5,1032,-0.411,2649
5,1033,-0.548,3167
5,1034,-0.313,2476
5,1035,-0.843,3561
5,1036,0.089,2955
5,1037,-0.064,2752
5,1038,-0.089,2361
5,1039,0.217,3130
5,1040,0.553,2741
5,1041,-0.299,2515
5,1042,0.627,3138
5,1043,0.265,3103
5,1044,0.298,3010
5,1045,0.129,2758
5,1046,-0.136,2407
5,1047,-0.499,2947
5,1048,0.288,2979
5,1049,-0.291,2848
5,1050,-0.141,2726
5,1051,-0.170,3065
5,1052,0.374,2914
5,1053,-0.200,3119
5,1054,0.024,2765
5,1055,-0.656,3280
5,1056,-0.192,3055
5,1057,0.119,2459
5,1058,-0.346,2534
5,1059,0.737,3359
5,1060,0.014,2431
5,1061,-0.189,2928
5,1062,-0.633,2744
5,1063,0.147,2621
5,1064,-0.421,2552
5,1065,0.204,3040
5,1066,-0.681,2825
5,1067,0.691,3319
5,1068,0.090,2792
5,1069,-0.220,2490
5,1070,-0.708,3276
5,1071,-0.460,3079
5,1072,-0.900,3558
5,1073,-0.071,2620
5,1074,0.139,2439
5,1075,-0.346,2564
5,1076,0.110,2649
5,1077,0.350,3011
5,1078,-0.347,2528
5,1079,0.266,3059
5,1080,-0.679,3094
5,1081,-0.415,3239
5,1082,0.360,3032
5,1083,0.186,2868
5,1084,-0.046,2805
5,1085,0.201,2799
5,1086,-0.108,3014
5,1087,0.017,2930
5,1088,-0.406,2610
5,1089,0.343,3211
5,1090,-0.400,2690
5,1091,-0.062,2310
5,1092,-0.586,2916
5,1093,-0.422,3016
5,1094,0.190,3106
5,1095,0.016,2505
5,1096,-0.313,2763
5,1097,-0.193,3110
5,1098,0.297,3131
5,1099,0.169,2397
5,1100,-0.364,3171
5,1101,0.049,2793
5,1102,-0.023,2826
5,1103,0.718,3018
5,1104,0.346,2915
5,1105,0.200,2931
5,1106,1.227,3592
5,1107,-1.041,3331
5,1108,-0.287,2640
5,1109,0.521,3143
5,1110,0.109,2522
5,1111,0.229,2946
5,1112,-0.503,3026
5,1113,-0.670,3294
5,1114,-0.553,3149
5,1115,-0.238,3148
5,1116,-0.437,3195
5,1117,-0.175,2796
5,1118,0.003,2276
5,1119,-0.745,2933
5,1120,0.533,2851
5,1121,-1.151,3205
5,1122,0.737,3077
5,1123,-0.163,2819
5,1124,0.652,3222
5,1125,0.231,3024
5,1126,-0.677,3012
5,1127,-0.133,2697
5,1128,0.551,2732
5,1129,-0.248,2869
5,1130,0.114,2993
5,1131,0.099,2917
5,1132,-0.576,2769
5,1133,0.565,2884
5,1134,-0.323,2745
5,1135,-0.325,2918
5,1136,0.046,2383
5,1137,0.204,2626
5,1138,0.689,3272
5,1139,0.250,2734
5,1140,-0.239,2854
5,1141,-0.560,3305
5,1142,-0.164,2412
5,1143,0.254,3145
5,1144,0.207,2872
5,1145,-0.669,2795
5,1146,0.539,2723
5,1147,-0.084,2559
5,1148,-0.172,2909
5,1149,0.032,2369
5,1150,-0.090,2794
5,1151,-0.304,3126
5,1152,0.112,2637
5,1153,0.234,3060
5,1154,-0.055,2702
5,1155,0.141,2915
5,1156,0.758,2899
5,1157,0.227,2486
5,1158,-0.455,3230
5,1159,0.152,2378
5,1160,0.308,2985
5,1161,-0.680,3101
5,1162,0.369,3243
5,1163,0.067,2941
5,1164,-0.241,2900
5,1165,-0.187,3097
5,1166,0.364,3010
5,1167,-0.503,2722
5,1168,0.238,2620
5,1169,-0.580,3222
5,1170,0.126,2606
5,1171,0.301,3009
5,1172,-1.052,3680
5,1173,0.012,2786
5,1174,-0.031,2492
5,1175,-0.279,3036
5,1176,-0.332,3224
5,1177,-0.388,2575
5,1178,-0.171,2832
5,1179,-0.662,2865
5,1180,0.527,3010
5,1181,-0.165,2415
5,1182,0.086,2908
5,1183,-0.327,2770
5,1184,-0.009,2573
5,1185,0.172,2778
5,1186,-0.100,2768
5,1187,-0.562,3220
5,1188,0.025,2798
5,1189,-0.470,3310
5,1190,0.041,2924
5,1191,-0.503,3157
5,1192,0.574,2836
5,1193,0.440,2859
5,1194,-0.378,2858
5,1195,0.400,2622
5,1196,-0.366,2635
5,1197,0.068,2777
5,1198,0.402,2616
5,1199,-0.256,3104
5,1200,0.471,3293
5,1201,0.251,2438
5,1202,0.095,2789
5,1203,-0.596,3207
5,1204,0.721,2953
5,1205,0.787,3188
5,1206,0.212,2497
5,1207,0.044,2794
5,1208,-0.096,2329
5,1209,0.062,2680
5,1210,-0.053,2893
5,1211,-0.365,2716
5,1212,0.102,3023
5,1213,-0.102,2600
5,1214,-0.108,3038
5,1215,0.214,2844
5,1216,0.599,2916
5,1217,0.932,3304
5,1218,-0.166,2941
5,1219,0.626,3134
5,1220,0.174,2839
5,1221,-0.277,3099
5,1222,-0.254,2636
5,1223,-0.370,3143
5,1224,-0.487,2665
5,1225,-0.166,3111
5,1226,-0.712,3147
5,1227,-0.312,3090
5,1228,-0.662,2973
5,1229,-0.557,3303
5,1230,-0.198,3086
5,1231,0.247,2418
5,1232,-0.014,2821
5,1233,0.325,2583
5,1234,-0.240,2742
5,1235,0.662,2785
5,1236,-0.207,3085
5,1237,0.590,2964
5,1238,0.269,2912
5,1239,0.130,2526
5,1240,-0.032,2588
5,1241,-0.396,2575
5,1242,1.017,2951
5,1243,-0.882,3318
5,1244,0.518,3237
5,1245,0.102,2923
5,1246,-0.380,2671
5,1247,0.319,2520
5,1248,-0.770,3497
5,1249,0.531,3190
5,1250,0.244,3099
5,1251,0.089,2621
5,1252,-0.107,2748
5,1253,-0.022,2284
5,1254,0.033,2705
5,1255,0.680,2722
5,1256,-0.079,2385
5,1257,0.300,2768
5,1258,0.637,3125
5,1259,0.593,3129
5,1260,0.603,3342
5,1261,-0.378,2759
5,1262,0.212,3032
5,1263,-0.529,3288
5,1264,-0.154,2528
5,1265,0.078,2443
5,1266,0.053,2754
5,1267,0.163,2640
5,1268,0.322,3038
5,1269,-0.179,2700
5,1270,0.200,2682
5,1271,0.066,2546
5,1272,0.392,3233
5,1273,-0.295,2966
5,1274,0.084,2936
5,1275,-0.936,3447
5,1276,-0.025,2272
5,1277,0.194,3008
5,1278,-0.141,2939
5,1279,0.223,2917
5,1280,-0.305,2619
5,1281,-1.157,3469
5,1282,0.473,2618
5,1283,-0.046,2589
5,1284,-0.173,2417
5,1285,0.673,2788
5,1286,0.444,3043
5,1287,1.026,3274
5,1288,0.151,3066
5,1289,0.544,3362
5,1290,0.052,2388
5,1291,-0.431,2689
5,1292,0.126,2730
5,1293,0.117,2426
5,1294,-0.592,3071
5,1295,-0.160,2751
5,1296,0.236,2990
5,1297,0.303,2836
5,1298,-0.216,2735
5,1299,0.118,2388
5,1300,0.237,3128
5,1301,-0.508,2767
5,1302,-0.099,2320
5,1303,0.165,2826
5,1304,-0.141,2504
5,1305,-0.149,3092
5,1306,0.029,2842
5,1307,0.161,2711
5,1308,0.287,2565
5,1309,-0.444,2947
5,1310,-0.375,2568
5,1311,-0.271,2672
5,1312,-0.681,2802
5,1313,-0.003,2791
5,1314,-0.174,2599
5,1315,0.090,2907
5,1316,0.193,3104
5,1317,0.515,2989
5,1318,0.123,2943
5,1319,0.467,2929
5,1320,-0.118,3076
5,1321,0.577,2749
5,1322,-1.215,3412
5,1323,0.106,2912
5,1324,-0.081,2520
5,1325,-0.058,2531
5,1326,0.199,2672
5,1327,0.270,2872
5,1328,0.024,2479
5,1329,-0.603,3360
5,1330,-0.159,3079
5,1331,0.096,2417
5,1332,0.239,2916
5,1333,-0.447,2756
5,1334,0.466,2976
5,1335,-0.535,2926
5,1336,-0.049,2991
5,1337,0.047,2628
5,1338,0.218,2937
5,1339,-0.471,2593
5,1340,-0.643,2961
5,1341,-0.037,3015
5,1342,-0.028,2809
5,1343,-0.143,2706
5,1344,0.390,2913
5,1345,0.464,3225
5,1346,-0.076,2740
5,1347,0.155,2363
5,1348,0.111,2453
5,1349,0.508,2993
5,1350,0.114,2984
5,1351,-0.264,3141
5,1352,0.169,2420
5,1353,-0.207,2447
5,1354,-0.565,3262
5,1355,-0.847,3120
5,1356,-0.199,2756
5,1357,-0.162,2408
5,1358,-0.102,2802
5,1359,-0.641,3419
5,1360,0.143,2479
5,1361,0.008,2797
5,1362,-0.916,2969
5,1363,0.024,2743
5,1364,0.963,2976
5,1365,-0.258,3159
5,1366,0.418,2676
5,1367,0.150,2803
5,1368,-0.142,2650
5,1369,-0.239,2836
5,1370,-0.408,2906
5,1371,-0.743,2870
5,1372,0.472,3189
5,1373,0.151,2935
5,1374,-0.022,2559
5,1375,0.070,2374
5,1376,0.502,3320
5,1377,0.455,2789
5,1378,0.143,2351
5,1379,-0.139,2433
5,1380,0.057,2331
5,1381,0.420,2992
5,1382,0.214,2764
5,1383,0.279,3086
5,1384,-0.326,2945
5,1385,0.452,3056
5,1386,-0.144,2680
5,1387,0.186,2447
5,1388,-0.103,2410
5,1389,0.177,3109
5,1390,-0.011,2745
5,1391,0.225,2651
5,1392,-0.952,3236
5,1393,0.394,3187
5,1394,0.446,2973
5,1395,0.183,3072
5,1396,-0.121,2892
5,1397,0.142,2950
5,1398,0.169,2965
5,1399,-0.328,2673
5,1400,0.176,2483
5,1401,0.259,2546
5,1402,0.377,3248
5,1403,0.254,2675
5,1404,0.125,2893
5,1405,0.490,2614
5,1406,0.113,2426
5,1407,-0.702,2853
5,1408,0.289,2554
5,1409,0.373,3014
5,1410,0.219,2744
5,1411,-0.037,2450
5,1412,0.114,2872
5,1413,-0.196,2498
5,1414,-0.245,2802
5,1415,-0.657,3210
5,1416,-0.081,2618
5,1417,0.236,2984
5,1418,-0.410,3257
5,1419,0.004,2643
5,1420,0.116,2764
5,1421,-0.671,3144
5,1422,0.446,2919
5,1423,-0.665,2920
5,1424,-0.948,3596
5,1425,0.619,2895
5,1426,-0.170,2687
5,1427,-0.180,2873
5,1428,-0.426,2880
5,1429,0.413,2530
5,1430,1.219,3532
5,1431,0.014,2757
5,1432,0.523,2666
5,1433,-0.292,3138
5,1434,-0.334,3205
5,1435,-0.322,2744
5,1436,1.365,3223
5,1437,0.398,3188
5,1438,-0.179,2687
5,1439,0.404,3219
5,1440,0.279,2501
6,1,0.000,2585
6,2,-0.658,2581
6,3,0.000,2584
6,4,-1.325,3055
6,5,1.342,3280
6,6,1.325,3815
6,7,-0.654,3334
6,8,0.000,2636
6,9,2.632,3905
6,10,-1.282,3020
6,11,-1.948,3357
6,12,0.662,2950
6,13,-1.316,3256
6,14,0.000,2193
6,15,0.000,2475
6,16,-0.667,2864
6,17,0.671,2484
6,18,0.000,2549
6,19,-1.333,3303
6,20,-0.676,2993
6,21,0.000,2410
6,22,0.000,2683
6,23,0.000,2738
6,24,-0.680,3246
6,25,-2.055,3720
6,26,-0.699,2795
6,27,-1.408,3033
6,28,0.714,2515
6,29,0.709,2877
6,30,0.000,2711
6,31,0.704,2965
6,32,1.399,2854
6,33,0.690,2583
6,34,-0.685,2394
6,35,1.379,3353
6,36,1.361,2893
6,37,-1.342,2983
6,38,-0.680,2745
6,39,1.370,3239
6,40,-0.676,2866
6,41,0.680,2917
6,42,-0.676,2677
6,43,1.361,3173
6,44,-1.342,3209
6,45,1.361,3602
6,46,-0.671,2833
6,47,0.000,3073
6,48,0.676,2637
6,49,-1.342,3275
6,50,0.000,2242
6,51,0.000,2730
6,52,-1.361,3326
6,53,-0.690,3068
6,54,0.694,3131
6,55,0.690,2955
6,56,-0.685,3036
6,57,-2.069,3218
6,58,2.113,3576
6,59,-0.690,3078
6,60,0.000,2874
6,61,-1.389,3330
6,62,0.000,2277
6,63,-0.704,2997
6,64,1.418,3001
6,65,0.000,2543
6,66,-0.699,3083
6,67,0.704,3251
6,68,0.000,2547
6,69,1.399,3454
6,70,-1.379,3008
6,71,-1.399,3260
6,72,0.709,2805
6,73,0.704,3024
6,74,-0.699,2765
6,75,-0.704,3083
6,76,0.000,2881
6,77,-2.128,4042
6,78,0.000,2910
6,79,1.449,3472
6,80,-0.714,2512
6,81,0.719,2289
6,82,2.143,4119
6,83,0.000,2423
6,84,-2.098,3386
6,85,0.714,2714
6,86,0.709,2862
6,87,-0.704,3184
6,88,0.000,2718
6,89,0.709,2718
6,90,-0.704,3018
6,91,0.000,2587
6,92,0.709,3159
6,93,0.000,2883
6,94,0.000,2884
6,95,0.704,2636
6,96,0.000,2611
6,97,-0.699,2669
6,98,0.000,2552
6,99,0.704,3241
6,100,0.699,2376
6,101,0.000,2356
6,102,0.000,2472
6,103,0.694,2781
6,104,-0.690,2868
6,105,0.000,2392
6,106,1.389,3251
6,107,1.370,3261
6,108,0.000,2502
6,109,-0.676,3045
6,110,-0.680,3164
6,111,-1.370,3183
6,112,0.694,3004
6,113,0.000,2631
6,114,-0.690,2608
6,115,-0.694,2724
6,116,1.399,3168
6,117,0.000,2353
6,118,0.000,2656
6,119,-1.379,2643
6,120,0.699,3024
6,121,0.000,2392
6,122,1.389,3263
6,123,0.000,2285
6,124,-0.685,3237
6,125,0.690,2932
6,126,-2.055,3681
6,127,0.000,2676
6,128,0.699,2793
6,129,0.000,2871
6,130,1.389,3439
6,131,-1.370,3399
6,132,0.694,2858
6,133,-1.379,3419
6,134,0.000,2423
6,135,0.000,2953
6,136,0.000,2845
6,137,0.699,2993
6,138,0.694,2863
6,139,0.000,2772
6,140,0.690,3197
6,141,-0.685,2649
6,142,0.000,2561
6,143,1.379,3320
6,144,-1.361,3287
6,145,1.379,3291
6,146,0.000,2673
6,147,0.000,2682
6,148,-0.680,2796
6,149,0.685,2537
6,150,0.000,2287
6,151,2.721,4430
6,152,0.000,2356
6,153,-1.325,3242
6,154,0.000,2233
6,155,2.013,3852
6,156,0.000,2995
6,157,0.000,2564
6,158,0.658,2967
6,159,-0.654,2639
6,160,-0.658,2567
6,161,0.662,2651
6,162,0.658,2513
6,163,-1.307,2981
6,164,1.325,2831
6,165,0.654,2849
6,166,-1.948,3360
6,167,-0.662,3194
6,168,0.667,2806
6,169,-1.325,3146
6,170,0.000,2699
6,171,0.000,2286
6,172,0.000,2805
6,173,-1.342,2983
6,174,-0.680,2786
6,175,0.685,3020
6,176,-1.361,3529
6,177,0.000,2680
6,178,1.379,3425
6,179,0.000,2209
6,180,0.680,3109
6,181,-1.351,3729
6,182,-2.055,3734
6,183,-1.399,3496
6,184,2.128,3719
6,185,-0.694,2771
6,186,0.000,2320
6,187,-0.699,2455
6,188,-2.113,3689
6,189,0.000,2372
6,190,-0.719,2714
6,191,-0.725,2439
6,192,1.460,3447
6,193,1.439,3250
6,194,0.000,2325
6,195,0.000,2580
6,196,0.000,2558
6,197,1.418,3036
6,198,-0.699,2674
6,199,0.704,2339
6,200,0.000,2694
6,201,0.000,2988
6,202,0.699,2765
6,203,-1.389,2864
6,204,0.000,2879
6,205,0.000,2327
6,206,0.000,2767
6,207,-0.704,3297
6,208,-0.709,2576
6,209,1.429,3224
6,210,0.000,2416
6,211,0.000,2696
6,212,0.000,2905
6,213,-0.704,3074
6,214,0.709,3189
6,215,0.704,2998
6,216,1.399,3183
6,217,1.379,3027
6,218,0.680,2306
6,219,-2.703,3732
6,220,0.000,2652
6,221,-2.083,3552
6,222,1.418,2896
6,223,0.000,3032
6,224,1.399,3203
6,225,-0.690,3080
6,226,-0.694,3115
6,227,0.000,2685
6,228,0.699,2527
6,229,-2.083,3776
6,230,1.418,3257
6,231,0.699,2614
6,232,-1.389,2930
6,233,-1.408,3326
6,234,1.429,3108
6,235,-0.704,2863
6,236,0.709,2757
6,237,-0.704,3004
6,238,0.709,2760
6,239,0.000,2734
6,240,1.408,2870
6,241,0.000,2757
6,242,0.694,2578
6,243,-1.379,3144
6,244,-0.699,3116
6,245,0.000,2537
6,246,-0.704,3331
6,247,0.000,2136
6,248,0.000,2685
6,249,0.000,2482
6,250,-0.709,3538
6,251,-0.714,3110
6,252,-0.719,3163
6,253,0.725,3176
6,254,-0.719,2600
6,255,-1.449,3579
6,256,1.471,2760
6,257,0.000,2361
6,258,0.725,2747
6,259,0.000,2349
6,260,0.719,2990
6,261,0.714,3055
6,262,-0.709,2893
6,263,0.714,2507
6,264,-1.418,3682
6,265,0.719,3280
6,266,0.714,2954
6,267,-1.418,3176
6,268,0.000,2911
6,269,1.439,3648
6,270,-0.709,3162
6,271,-0.714,3103
6,272,0.719,2652
6,273,0.000,2843
6,274,0.000,2813
6,275,0.000,2435
6,276,0.000,2409
6,277,2.143,3370
6,278,0.000,2623
6,279,0.699,2855
6,280,0.000,2793
6,281,-0.694,2787
6,282,0.000,2585
6,283,0.000,2282
6,284,1.399,3420
6,285,-0.690,3162
6,286,1.389,3479
6,287,0.000,2213
6,288,0.000,2659
6,289,0.000,2724
6,290,0.000,2734
6,291,0.685,2658
6,292,-1.361,3270
6,293,0.690,3092
6,294,-0.685,2726
6,295,1.379,3382
6,296,-0.680,2704
6,297,0.000,2957
6,298,-2.055,4087
6,299,0.000,2684
6,300,0.699,2655
6,301,0.694,2632
6,302,-1.379,2877
6,303,0.699,3134
6,304,0.000,2590
6,305,0.000,2496
6,306,0.694,2970
6,307,0.690,2914
6,308,0.000,2780
6,309,0.000,2646
6,310,2.055,3581
6,311,0.000,2843
6,312,-0.671,3130
6,313,-0.676,2955
6,314,-0.680,2979
6,315,-0.685,2767
6,316,-0.690,2840
6,317,0.694,2664
6,318,-0.690,2590
6,319,-1.389,3481
6,320,0.000,2826
6,321,-1.408,3668
6,322,-0.714,3351
6,323,0.000,2807
6,324,0.000,2846
6,325,-2.158,3962
6,326,0.735,2709
6,327,-2.190,3727
6,328,0.746,2689
6,329,0.741,2772
6,330,-0.735,2623
6,331,0.000,2671
6,332,0.000,2756
6,333,-0.741,2498
6,334,-0.746,3052
6,335,0.000,2645
6,336,0.000,2678
6,337,-0.752,3073
6,338,1.515,2991
6,339,0.000,2851
6,340,0.000,2737
6,341,-2.239,4409
6,342,0.763,3444
6,343,0.758,3305
6,344,0.752,2991
6,345,-0.746,2465
6,346,0.752,3097
6,347,0.000,2926
6,348,0.000,2464
6,349,0.746,2681
6,350,0.741,2775
6,351,1.471,3546
6,352,-1.449,3343
6,353,-0.735,3085
6,354,0.000,2964
6,355,1.481,3278
6,356,0.000,2318
6,357,0.730,2955
6,358,2.174,3947
6,359,0.709,2946
6,360,0.704,2655
6,361,-1.399,3900
6,362,2.128,3477
6,363,0.694,2873
6,364,0.000,2485
6,365,2.069,3316
6,366,-0.676,2640
6,367,0.680,2705
6,368,-1.351,3177
6,369,0.000,2383
6,370,0.685,3196
6,371,2.041,3355
6,372,-0.667,2480
6,373,2.013,3306
6,374,0.000,2789
6,375,0.000,2329
6,376,0.000,2612
6,377,-1.974,3874
6,378,0.000,2344
6,379,1.342,3474
6,380,-1.325,3433
6,381,2.013,3857
6,382,0.000,2624
6,383,0.658,2867
6,384,0.000,2632
6,385,-1.307,3618
6,386,0.000,2480
6,387,-1.325,3190
6,388,1.342,3464
6,389,0.000,2553
6,390,0.000,2910
6,391,0.662,2902
6,392,-1.316,3270
6,393,0.000,2671
6,394,-1.333,2922
6,395,0.676,2865
6,396,-0.671,2982
6,397,0.676,2595
6,398,0.671,3000
6,399,-0.667,3101
6,400,-2.013,3688
6,401,0.685,2743
6,402,0.000,2339
6,403,0.680,2822
6,404,-0.676,2471
6,405,-0.680,3154
6,406,0.000,2625
6,407,-0.685,2553
6,408,-0.690,3194
6,409,0.000,2354
6,410,-2.778,4341
6,411,0.714,2539
6,412,-0.709,2416
6,413,1.429,3275
6,414,-0.704,2675
6,415,1.418,3082
6,416,0.000,2410
6,417,-1.399,2698
6,418,1.418,3088
6,419,1.399,3096
6,420,0.000,2864
6,421,0.000,2746
6,422,0.000,2408
6,423,0.690,2768
6,424,1.370,2949
6,425,-0.676,2602
6,426,0.000,2572
6,427,-0.680,2881
6,428,2.055,3857
6,429,-1.342,2778
6,430,0.680,2936
6,431,0.676,3035
6,432,-0.671,2552
6,433,0.000,2586
6,434,-1.351,3320
6,435,0.000,2510
6,436,0.685,2705
6,437,1.361,3572
6,438,0.671,3136
6,439,-0.667,2638
6,440,-0.671,2915
6,441,0.000,2272
6,442,0.676,2689
6,443,0.671,2901
6,444,0.000,2742
6,445,0.000,2569
6,446,1.333,3591
6,447,-0.658,2701
6,448,-1.325,3167
6,449,-0.671,2895
6,450,-2.703,3935
6,451,0.694,3317
6,452,1.379,3142
6,453,-1.361,3678
6,454,0.000,2882
6,455,-2.069,3153
6,456,2.113,3679
6,457,0.690,3151
6,458,0.685,2680
6,459,-0.680,2335
6,460,-0.685,2825
6,461,0.000,2817
6,462,-2.069,3366
6,463,-0.704,2991
6,464,-0.709,3223
6,465,0.000,2908
6,466,0.000,2331
6,467,-1.429,3093
6,468,-0.725,2790
6,469,0.730,2707
6,470,-0.725,2393
6,471,2.190,3872
6,472,0.000,2677
6,473,0.000,2422
6,474,0.714,2873
6,475,1.418,3086
6,476,-0.699,3077
6,477,0.704,2856
6,478,0.000,2896
6,479,0.000,2643
6,480,0.699,3031
6,481,-1.389,3250
6,482,2.113,3483
6,483,0.000,2620
6,484,0.000,3014
6,485,0.690,2809
6,486,-1.370,2951
6,487,-0.694,2548
6,488,0.000,2351
6,489,-0.699,2632
6,490,0.000,2168
6,491,0.000,2395
6,492,0.000,2436
6,493,0.704,2934
6,494,0.000,2216
6,495,0.000,2418
6,496,-1.399,3659
6,497,0.000,2913
6,498,0.709,2643
6,499,-1.408,2716
6,500,1.429,3475
6,501,0.000,2492
6,502,-0.704,3145
6,503,0.000,2478
6,504,0.000,2578
6,505,0.000,2781
6,506,-1.418,3628
6,507,-1.439,3256
6,508,0.730,2704
6,509,0.000,2815
6,510,0.725,2824
6,511,0.719,2592
6,512,0.714,2852
6,513,0.000,2697
6,514,0.709,3151
6,515,0.000,2487
6,516,-0.704,2534
6,517,-0.709,3442
6,518,-0.714,2622
6,519,0.000,2447
6,520,0.719,2687
6,521,0.000,2722
6,522,-0.714,2799
6,523,0.719,2727
6,524,-2.143,3532
6,525,0.000,2694
6,526,2.190,3645
6,527,-0.714,2890
6,528,2.878,3982
6,529,0.699,2743
6,530,0.694,3378
6,531,0.000,2606
6,532,1.379,2922
6,533,0.680,2626
6,534,1.351,3156
6,535,0.667,2687
6,536,-0.662,3080
6,537,-0.667,2940
6,538,-0.671,3241
6,539,0.000,2640
6,540,1.351,3110
6,541,-0.667,2391
6,542,2.685,4031
6,543,-0.654,2795
6,544,-0.658,2689
6,545,-0.662,2670
6,546,-1.333,3662
6,547,-0.676,2969
6,548,0.000,2318
6,549,-0.680,2563
6,550,1.370,3056
6,551,-0.676,2624
6,552,-0.680,2949
6,553,0.685,2576
6,554,0.680,2800
6,555,-0.676,2866
6,556,0.000,2497
6,557,0.000,2937
6,558,0.680,2667
6,559,-0.676,3234
6,560,0.680,2956
6,561,0.676,3117
6,562,-0.671,2810
6,563,0.676,2700
6,564,0.000,3044
6,565,-1.342,3479
6,566,0.680,2424
6,567,0.676,2699
6,568,-1.342,3329
6,569,-0.680,2869
6,570,2.055,3788
6,571,0.000,2646
6,572,-0.671,2842
6,573,0.676,2488
6,574,0.000,2536
6,575,-0.671,2466
6,576,1.351,2809
6,577,0.000,2714
6,578,0.667,3082
6,579,0.662,2979
6,580,0.000,2727
6,581,1.316,3036
6,582,-0.649,2755
6,583,0.000,2661
6,584,0.000,2593
6,585,0.000,2761
6,586,-0.654,2644
6,587,0.000,2666
6,588,0.000,2329
6,589,1.974,3627
6,590,-0.645,2740
6,591,1.299,3446
6,592,-0.641,2926
6,593,0.000,2450
6,594,-1.290,3056
6,595,-0.654,2937
6,596,0.000,2870
6,597,-1.316,3138
6,598,0.667,3083
6,599,-0.662,2825
6,600,0.667,2967
6,601,0.000,2346
6,602,-0.662,2940
6,603,0.667,2613
6,604,1.325,3018
6,605,-1.307,3283
6,606,0.662,2615
6,607,-1.316,3290
6,608,-0.667,3297
6,609,0.671,3174
6,610,0.000,2804
6,611,0.667,2782
6,612,0.000,2416
6,613,-1.325,3091
6,614,0.000,2329
6,615,0.671,2553
6,616,0.000,2513
6,617,1.333,3316
6,618,-0.658,3082
6,619,0.000,2464
6,620,-0.662,2820
6,621,2.000,3359
6,622,1.961,4454
6,623,0.641,2988
6,624,-0.637,3011
6,625,-0.641,2771
6,626,-0.645,3115
6,627,-1.299,3590
6,628,1.316,3188
6,629,0.000,2780
6,630,0.000,2485
6,631,0.649,2931
6,632,-1.935,3362
6,633,-0.658,2613
6,634,0.000,2943
6,635,0.662,2524
6,636,-0.658,3369
6,637,1.325,3782
6,638,1.307,2951
6,639,-1.290,2912
6,640,1.961,3465
6,641,1.282,3026
6,642,0.000,2614
6,643,-0.633,2664
6,644,-1.274,3472
6,645,0.645,2661
6,646,0.641,3107
6,647,0.637,2801
6,648,1.266,2849
6,649,2.500,3609
6,650,0.610,3215
6,651,0.606,2751
6,652,-1.205,3170
6,653,-0.610,2859
6,654,-0.613,2442
6,655,-0.617,3250
6,656,0.000,2876
6,657,-0.621,3037
6,658,0.000,2663
6,659,1.250,3282
6,660,0.000,2350
6,661,-0.617,2786
6,662,-0.621,2600
6,663,-1.250,3232
6,664,0.633,3227
6,665,-0.629,2821
6,666,0.000,2432
6,667,-1.266,3262
6,668,-0.641,2911
6,669,0.000,2663
6,670,0.000,2852
6,671,0.000,2527
6,672,0.645,2507
6,673,0.000,2608
6,674,1.282,3393
6,675,0.633,2475
6,676,1.258,3862
6,677,0.621,2797
6,678,-0.617,3345
6,679,0.000,2740
6,680,-1.242,3647
6,681,0.629,2662
6,682,0.000,2834
6,683,-0.625,2727
6,684,0.629,2601
6,685,-0.625,3307
6,686,0.629,2857
6,687,1.250,2836
6,688,0.617,2498
6,689,1.227,2860
6,690,0.606,2586
6,691,1.807,4128
6,692,-0.592,2820
6,693,0.595,2395
6,694,-0.592,2293
6,695,0.000,3050
6,696,1.190,3266
6,697,-0.588,3050
6,698,-0.592,3042
6,699,-0.595,2670
6,700,-1.198,2858
6,701,1.212,3287
6,702,-1.796,3621
6,703,0.610,2637
6,704,-1.212,2798
6,705,-1.227,3257
6,706,0.000,2746
6,707,0.621,2927
6,708,0.617,2546
6,709,0.000,2858
6,710,-0.613,2885
6,711,-0.617,2707
6,712,0.621,2583
6,713,0.000,2808
6,714,0.617,2835
6,715,0.000,2847
6,716,1.227,3722
6,717,-0.606,2871
6,718,0.610,2369
6,719,0.000,2744
6,720,0.606,3009
6,721,0.000,2848
6,722,1.205,3005
6,723,-1.190,3007
6,724,-0.602,2967
6,725,-1.212,3213
6,726,1.227,3090
6,727,-1.212,3442
6,728,-0.613,3341
6,729,0.617,2744
6,730,0.000,2419
6,731,1.840,3484
6,732,-0.602,2953
6,733,0.606,3158
6,734,0.602,2987
6,735,-0.599,2713
6,736,-1.205,2705
6,737,1.220,3334
6,738,0.000,2298
6,739,0.000,2687
6,740,-0.602,2854
6,741,-0.606,2435
6,742,0.610,2803
6,743,-1.212,3149
6,744,0.000,2513
6,745,1.227,3141
6,746,-1.212,2899
6,747,1.227,3456
6,748,0.606,2999
6,749,1.205,3193
6,750,1.786,3357
6,751,1.170,3352
6,752,-0.578,2278
6,753,1.163,3331
6,754,-0.575,3041
6,755,0.578,2718
6,756,1.724,3400
6,757,-1.695,3922
6,758,-0.575,2412
6,759,-0.578,2585
6,760,0.000,2799
6,761,-0.581,2811
6,762,-0.585,2423
6,763,1.176,2864
6,764,1.163,3092
6,765,0.575,2992
6,766,-0.571,2887
6,767,0.575,2956
6,768,0.571,3093
6,769,-0.568,2709
6,770,0.000,2274
6,771,1.143,2786
6,772,-0.565,3031
6,773,0.568,2998
6,774,-0.565,3019
6,775,-0.568,3211
6,776,1.143,3629
6,777,0.000,2233
6,778,-2.260,4264
6,779,-0.578,2866
6,780,1.744,3611
6,781,-0.571,2646
6,782,1.149,2994
6,783,-0.568,2415
6,784,0.571,2611
6,785,-0.568,2865
6,786,0.000,2262
6,787,1.143,3127
6,788,0.000,2436
6,789,-1.130,3053
6,790,1.143,2619
6,791,-0.565,2931
6,792,1.136,3533
6,793,1.124,3368
6,794,1.111,2913
6,795,0.000,2288
6,796,0.549,2912
6,797,0.000,2217
6,798,-0.546,2604
6,799,-1.099,3213
6,800,-1.111,3272
6,801,-1.124,3003
6,802,0.000,2582
6,803,0.000,2767
6,804,0.568,3025
6,805,-1.130,3604
6,806,-0.571,2821
6,807,1.149,2602
6,808,-0.568,2493
6,809,0.571,2321
6,810,0.000,3046
6,811,0.568,2279
6,812,0.000,2720
6,813,0.565,2872
6,814,-0.562,2797
6,815,0.000,2502
6,816,0.565,2966
6,817,1.685,3630
6,818,1.105,3306
6,819,-1.093,3146
6,820,-1.105,3490
6,821,-0.559,2801
6,822,0.000,2262
6,823,0.562,2954
6,824,-1.117,3529
6,825,-0.565,3135
6,826,0.000,2770
6,827,0.000,2785
6,828,0.000,2431
6,829,1.136,2974
6,830,1.685,3298
6,831,0.552,2494
6,832,2.198,3401
6,833,0.538,2844
6,834,0.000,2666
6,835,-0.535,2769
6,836,0.000,2272
6,837,1.075,2957
6,838,1.064,3304
6,839,1.053,3526
6,840,-0.521,3081
6,841,2.094,3839
6,842,0.000,2616
6,843,-0.513,2494
6,844,1.031,2760
6,845,0.510,2590
6,846,1.523,3350
6,847,-1.000,3374
6,848,-1.515,3311
6,849,0.000,2238
6,850,0.513,2946
6,851,-2.041,4046
6,852,0.521,2619
6,853,-0.518,2789
6,854,0.000,2897
6,855,0.521,2869
6,856,0.518,2770
6,857,-0.515,2905
6,858,0.518,2685
6,859,0.515,2499
6,860,1.026,2849
6,861,0.508,3145
6,862,-1.010,3476
6,863,-0.510,2960
6,864,-0.513,2843
6,865,1.546,3366
6,866,-0.508,2593
6,867,1.531,3115
6,868,-0.503,2355
6,869,0.505,3111
6,870,0.503,2769
6,871,0.500,3155
6,872,-0.498,2738
6,873,-1.000,3292
6,874,0.000,2452
6,875,0.000,2811
6,876,-0.505,2938
6,877,-1.015,3258
6,878,0.513,3175
6,879,0.510,3238
6,880,0.000,2412
6,881,0.508,2668
6,882,0.505,2665
6,883,0.000,2716
6,884,2.010,3628
6,885,-0.493,2603
6,886,0.990,2955
6,887,-0.490,2724
6,888,-0.493,2749
6,889,0.495,2715
6,890,1.478,3635
6,891,0.485,2838
6,892,-0.483,2366
6,893,0.971,2584
6,894,-0.481,2692
6,895,0.966,2959
6,896,0.478,2852
6,897,0.476,3176
6,898,0.000,2495
6,899,1.422,3305
6,900,0.467,2973
6,901,1.395,3508
6,902,-0.459,2435
6,903,-0.461,2877
6,904,0.463,2743
6,905,1.843,3280
6,906,0.000,2607
6,907,0.452,2551
6,908,-1.351,3202
6,909,-1.370,3561
6,910,0.000,2713
6,911,0.000,2768
6,912,0.463,2891
6,913,-0.922,2693
6,914,0.930,3123
6,915,0.922,3281
6,916,0.913,2769
6,917,0.905,2833
6,918,-0.448,2712
6,919,-0.901,2999
6,920,0.909,3237
6,921,-1.351,3153
6,922,0.000,2414
6,923,1.370,2974
6,924,-2.252,4146
6,925,0.461,3054
6,926,0.000,2755
6,927,-0.917,3237
6,928,-0.463,2791
6,929,-1.395,3308
6,930,0.943,2934
6,931,0.000,2324
6,932,2.804,4147
6,933,0.455,2822
6,934,-0.905,3215
6,935,0.000,2571
6,936,0.457,3046
6,937,1.364,3019
6,938,0.000,2652
6,939,0.000,2727
6,940,0.000,2331
6,941,0.000,2688
6,942,0.448,2356
6,943,0.000,2731
6,944,0.000,2559
6,945,-1.786,3317
6,946,-0.455,2987
6,947,-0.457,3146
6,948,0.000,2578
6,949,0.000,2593
6,950,-0.917,2941
6,951,1.389,3422
6,952,0.000,2310
6,953,0.000,2407
6,954,-0.913,2896
6,955,-0.922,2995
6,956,-0.930,3261
6,957,0.469,2610
6,958,0.000,2369
6,959,0.935,2629
6,960,-0.926,3307
6,961,0.467,2591
6,962,-0.465,2938
6,963,0.000,2449
6,964,0.467,2698
6,965,0.000,2221
6,966,0.000,2485
6,967,0.465,2297
6,968,-0.926,2654
6,969,0.000,2293
6,970,-1.869,3872
6,971,-0.952,3343
6,972,-0.481,2705
6,973,0.483,2716
6,974,0.962,2771
6,975,0.000,2797
6,976,-0.476,2853
6,977,-0.957,3333
6,978,0.000,2482
6,979,-0.966,3151
6,980,0.488,2766
6,981,0.000,2759
6,982,1.942,3860
6,983,1.429,3412
6,984,0.939,2742
6,985,-1.395,3440
6,986,-0.472,2239
6,987,0.474,2442
6,988,0.943,3164
6,989,-0.467,2582
6,990,0.469,2871
6,991,0.000,2820
6,992,-0.935,2680
6,993,-0.472,3079
6,994,0.948,2897
6,995,0.000,2384
6,996,-0.939,3075
6,997,-0.948,2795
6,998,2.392,4177
6,999,0.000,2403
6,1000,-1.402,3262
6,1001,-1.422,3601
6,1002,0.481,3043
6,1003,0.957,2616
6,1004,1.422,3117
6,1005,0.935,2953
6,1006,-0.926,2953
6,1007,-0.467,2605
6,1008,0.000,2790
6,1009,-1.408,2810
6,1010,0.476,2762
6,1011,-2.370,4189
6,1012,0.485,2922
6,1013,-0.483,2645
6,1014,0.485,2574
6,1015,-0.483,2608
6,1016,-0.485,2543
6,1017,-1.463,3096
6,1018,1.485,3193
6,1019,0.488,2898
6,1020,0.971,3197
6,1021,0.000,2474
6,1022,-0.481,2459
6,1023,1.449,3250
6,1024,0.476,2736
6,1025,-0.948,2926
6,1026,0.957,2611
6,1027,0.948,2988
6,1028,-0.469,3123
6,1029,0.000,2602
6,1030,-0.472,2652
6,1031,0.474,2279
6,1032,0.943,3061
6,1033,0.467,2995
6,1034,1.395,3253
6,1035,-1.376,3505
6,1036,0.000,2433
6,1037,0.000,2610
6,1038,1.860,3788
6,1039,0.913,3336
6,1040,1.810,3733
6,1041,-0.444,2586
6,1042,0.000,2275
6,1043,1.339,3136
6,1044,0.000,2858
6,1045,0.441,2882
6,1046,0.439,2731
6,1047,0.437,2483
6,1048,-1.304,3174
6,1049,-0.441,2944
6,1050,0.000,2817
6,1051,0.442,2860
6,1052,-0.881,2950
6,1053,-1.778,3307
6,1054,0.452,2885
6,1055,-1.351,3059
6,1056,0.000,2858
6,1057,-0.457,3182
6,1058,0.000,2571
6,1059,0.917,3244
6,1060,-1.818,3799
6,1061,-0.463,2856
6,1062,-0.465,2593
6,1063,-0.467,2895
6,1064,-0.939,3187
6,1065,-0.474,2639
6,1066,-1.429,3245
6,1067,0.000,2577
6,1068,-1.449,3704
6,1069,0.000,2783
6,1070,1.961,3800
6,1071,0.000,2481
6,1072,-0.481,2778
6,1073,0.483,2477
6,1074,0.481,3004
6,1075,-1.914,3376
6,1076,-0.488,2948
6,1077,0.490,2658
6,1078,1.463,3267
6,1079,-0.962,2937
6,1080,0.485,2496
6,1081,1.932,4082
6,1082,-1.422,3469
6,1083,-1.442,2897
6,1084,-0.488,3001
6,1085,0.000,2745
6,1086,-1.961,3671
6,1087,-2.000,3670
6,1088,1.531,3294
6,1089,-1.508,3079
6,1090,0.000,2686
6,1091,-1.020,3091
6,1092,0.515,3000
6,1093,0.000,2674
6,1094,-1.026,3006
6,1095,1.036,3301
6,1096,-1.026,3066
6,1097,-1.036,3382
6,1098,0.524,2519
6,1099,0.000,2794
6,1100,0.521,2660
6,1101,0.518,2475
6,1102,-0.515,2811
6,1103,0.518,2405
6,1104,0.000,2473
6,1105,2.062,3730
6,1106,0.505,2704
6,1107,-1.005,2907
6,1108,1.015,3022
6,1109,2.010,3667
6,1110,0.000,2490
6,1111,0.000,2866
6,1112,0.000,2462
6,1113,-0.493,2782
6,1114,-0.990,3237
6,1115,-0.500,2594
6,1116,0.503,2384
6,1117,-0.500,3035
6,1118,-0.503,3120
6,1119,-0.505,2667
6,1120,1.015,3243
6,1121,-0.503,2637
6,1122,-0.505,2850
6,1123,1.015,3387
6,1124,-0.503,3016
6,1125,-0.505,3218
6,1126,-1.523,3370
6,1127,0.000,2317
6,1128,1.031,3110
6,1129,0.000,2602
6,1130,2.551,4342
6,1131,0.995,2819
6,1132,-0.493,2453
6,1133,0.990,2838
6,1134,-0.980,2766
6,1135,0.990,3119
6,1136,0.490,2818
6,1137,0.488,2532
6,1138,0.971,3104
6,1139,0.000,2303
6,1140,-0.481,2806
6,1141,-1.449,3003
6,1142,0.490,2823
6,1143,0.976,3194
6,1144,0.966,2677
6,1145,-0.478,2938
6,1146,0.962,2725
6,1147,0.000,2205
6,1148,0.000,2757
6,1149,1.429,3272
6,1150,0.469,2976
6,1151,1.869,3565
6,1152,0.459,2357
6,1153,-0.913,2864
6,1154,1.382,3148
6,1155,-0.455,2416
6,1156,-0.457,2599
6,1157,-0.459,2759
6,1158,0.922,2650
6,1159,0.000,2628
6,1160,-0.457,2417
6,1161,0.459,2520
6,1162,-1.826,3706
6,1163,-0.465,2668
6,1164,0.935,2814
6,1165,0.463,3152
6,1166,0.922,3038
6,1167,0.457,2612
6,1168,-0.909,3175
6,1169,0.459,2865
6,1170,-0.457,2837
6,1171,0.000,2727
6,1172,-0.459,2735
6,1173,-0.461,2997
6,1174,0.000,2412
6,1175,0.000,2747
6,1176,1.852,3661
6,1177,-2.273,3839
6,1178,0.465,2887
6,1179,-0.463,3079
6,1180,0.465,2834
6,1181,-1.389,3412
6,1182,-0.939,3046
6,1183,0.000,2511
6,1184,-0.474,2821
6,1185,0.952,2916
6,1186,-0.472,2783
6,1187,1.422,3342
6,1188,0.935,2795
6,1189,-0.926,2842
6,1190,-0.467,2626
6,1191,0.000,2779
6,1192,0.469,2851
6,1193,-1.869,3340
6,1194,0.000,2744
6,1195,0.000,2573
6,1196,-0.952,2700
6,1197,0.000,2849
6,1198,-1.442,3473
6,1199,-0.488,2819
6,1200,0.980,2741
6,1201,0.000,2326
6,1202,1.456,3265
6,1203,-0.957,2963
6,1204,0.000,2697
6,1205,0.000,2512
6,1206,-1.932,3305
6,1207,0.493,2493
6,1208,0.490,2924
6,1209,-0.976,3024
6,1210,1.478,3310
6,1211,0.485,2743
6,1212,-1.449,3199
6,1213,0.000,2571
6,1214,-0.490,2560
6,1215,0.493,3068
6,1216,0.980,2670
6,1217,1.456,3467
6,1218,-0.478,2650
6,1219,1.442,3113
6,1220,0.948,2877
6,1221,-1.878,3340
6,1222,-0.957,2834
6,1223,0.483,3170
6,1224,-0.481,2928
6,1225,-0.966,2876
6,1226,0.000,2442
6,1227,0.976,2848
6,1228,-0.966,2880
6,1229,-0.488,2369
6,1230,-0.980,3107
6,1231,0.495,2816
6,1232,-0.985,2664
6,1233,0.000,2904
6,1234,0.498,2809
6,1235,-0.495,3067
6,1236,-0.995,2932
6,1237,1.005,2995
6,1238,0.498,2876
6,1239,0.495,2596
6,1240,0.493,3143
6,1241,-0.490,2949
6,1242,0.985,3348
6,1243,0.000,2883
6,1244,-1.463,3443
6,1245,-0.495,2946
6,1246,-1.493,3243
6,1247,1.515,3310
6,1248,0.995,3382
6,1249,0.493,2438
6,1250,-0.490,3155
6,1251,0.000,2441
6,1252,1.970,3221
6,1253,0.483,2741
6,1254,0.962,3161
6,1255,0.000,2384
6,1256,0.000,2243
6,1257,-1.429,3475
6,1258,-0.483,3052
6,1259,-1.456,3241
6,1260,-0.493,2836
6,1261,0.495,2780
6,1262,0.000,2718
6,1263,0.985,3064
6,1264,0.488,2375
6,1265,-1.456,3173
6,1266,1.970,3667
6,1267,0.483,2510
6,1268,0.000,2299
6,1269,0.481,2773
6,1270,-0.478,3056
6,1271,0.000,2612
6,1272,1.442,3191
6,1273,0.948,3276
6,1274,-0.469,2876
6,1275,1.415,2895
6,1276,1.395,3622
6,1277,-1.376,3251
6,1278,-0.930,2664
6,1279,0.939,2920
6,1280,0.465,2963
6,1281,0.000,2234
6,1282,0.463,2620
6,1283,-0.461,3109
6,1284,0.000,2320
6,1285,0.000,2224
6,1286,0.463,2616
6,1287,0.000,2384
6,1288,-1.843,3510
6,1289,0.000,2672
6,1290,0.000,2754
6,1291,0.469,2913
6,1292,-0.467,2224
6,1293,0.469,2226
6,1294,-1.402,3443
6,1295,-0.474,2637
6,1296,0.476,2825
6,1297,0.948,3413
6,1298,0.939,3041
6,1299,0.465,2852
6,1300,0.000,2416
6,1301,-0.463,2955
6,1302,0.930,3272
6,1303,0.000,2290
6,1304,1.382,3567
6,1305,-0.455,3003
6,1306,-0.913,3139
6,1307,1.382,3521
6,1308,0.455,2640
6,1309,0.452,2421
6,1310,0.901,2895
6,1311,-0.446,2418
6,1312,-2.242,4228
6,1313,0.459,2894
6,1314,0.457,2780
6,1315,0.000,2529
6,1316,0.000,2670
6,1317,1.364,3395
6,1318,0.000,2369
6,1319,-0.448,2942
6,1320,-1.802,3501
6,1321,-0.459,2670
6,1322,0.922,2914
6,1323,0.000,2524
6,1324,2.283,3714
6,1325,1.339,3352
6,1326,-1.762,3294
6,1327,-0.448,2607
6,1328,0.450,2766
6,1329,0.448,2958
6,1330,0.446,2673
6,1331,0.444,2481
6,1332,-0.442,2607
6,1333,-0.444,2537
6,1334,2.232,3907
6,1335,1.747,3651
6,1336,0.858,3149
6,1337,1.277,3059
6,1338,1.681,3780
6,1339,2.066,3806
6,1340,0.405,2787
6,1341,-0.403,2645
6,1342,0.000,2638
6,1343,-0.810,2991
6,1344,0.816,3391
6,1345,1.215,3261
6,1346,0.400,2793
6,1347,0.000,2209
6,1348,1.195,3316
6,1349,0.394,2800
6,1350,1.176,3336
6,1351,-0.775,3157
6,1352,0.391,2972
6,1353,0.389,2546
6,1354,0.775,3083
6,1355,0.385,2493
6,1356,0.383,2969
6,1357,1.527,3589
6,1358,-0.376,2500
6,1359,0.000,2895
6,1360,-1.887,3469
6,1361,-1.538,3347
6,1362,0.781,3247
6,1363,0.000,2422
6,1364,0.388,2830
6,1365,-1.544,3169
6,1366,1.176,3597
6,1367,0.775,2773
6,1368,0.000,2246
6,1369,1.154,3016
6,1370,0.760,2955
6,1371,-0.377,2478
6,1372,0.379,2438
6,1373,0.755,2720
6,1374,0.000,2221
6,1375,0.000,2279
6,1376,0.000,2435
6,1377,-1.124,3287
6,1378,-1.136,2818
6,1379,0.000,2764
6,1380,-1.149,2965
6,1381,0.000,2368
6,1382,0.000,2524
6,1383,-1.163,2950
6,1384,1.176,3643
6,1385,-0.388,2735
6,1386,-0.778,3180
6,1387,-0.392,2821
6,1388,-0.787,3178
6,1389,0.000,2177
6,1390,0.794,2642
6,1391,0.787,2760
6,1392,0.391,2456
6,1393,-1.167,3004
6,1394,0.000,2429
6,1395,-0.787,2719
6,1396,1.587,3451
6,1397,0.781,2853
6,1398,1.163,3592
6,1399,0.766,2992
6,1400,0.000,2849
6,1401,-0.380,2911
6,1402,-0.382,3136
6,1403,0.000,2501
6,1404,0.766,2700
6,1405,-2.281,3449
6,1406,-1.556,3424
6,1407,0.000,2795
6,1408,-0.791,2736
6,1409,0.000,2692
6,1410,1.195,3131
6,1411,-0.787,2892
6,1412,-0.794,3251
6,1413,0.000,2663
6,1414,-0.800,2786
6,1415,-0.403,2487
6,1416,0.000,2607
6,1417,0.810,2787
6,1418,-0.803,2749
6,1419,1.619,3492
6,1420,0.398,2756
6,1421,-1.190,3046
6,1422,0.803,3032
6,1423,1.195,3578
6,1424,-0.787,2761
6,1425,0.397,2625
6,1426,0.000,2542
6,1427,0.791,3158
6,1428,0.392,2740
6,1429,-0.391,2665
6,1430,-0.392,2440
6,1431,-1.181,3213
6,1432,0.797,3042
6,1433,-1.186,3645
6,1434,-2.000,4108
6,1435,0.816,2694
6,1436,-0.405,2627
6,1437,-1.626,3483
6,1438,0.826,3175
6,1439,0.000,2601
6,1440,0.820,2871
7,1,-1.290,7589
7,2,-1.307,5847
7,3,0.662,5144
7,4,-0.658,5896
7,5,1.325,6384
7,6,1.307,6294
7,7,-0.645,6226
7,8,0.000,5746
7,9,0.649,6063
7,10,0.645,6004
7,11,-0.641,5939
7,12,-1.290,5660
7,13,0.000,4771
7,14,-0.654,5799
7,15,0.000,4651
7,16,0.658,4837
7,17,0.000,5130
7,18,-0.654,5842
7,19,0.658,6729
7,20,0.000,6063
7,21,-0.654,5555
7,22,1.316,6803
7,23,-0.649,5499
7,24,0.654,6533
7,25,0.649,5615
7,26,0.000,5243
7,27,1.290,5942
7,28,0.637,6900
7,29,1.266,6099
7,30,-1.875,6876
7,31,0.000,5696
7,32,-0.637,6363
7,33,0.000,5237
7,34,1.282,6872
7,35,1.899,6968
7,36,0.621,5016
7,37,0.617,4964
7,38,-1.227,6403
7,39,0.621,6157
7,40,-1.235,6623
7,41,0.000,5598
7,42,0.000,5172
7,43,-1.250,6186
7,44,0.633,6457
7,45,1.258,6823
7,46,1.242,6991
7,47,-1.840,7960
7,48,1.250,6125
7,49,-0.617,6027
7,50,-0.621,5241
7,51,-0.625,5948
7,52,0.000,5100
7,53,0.629,6130
7,54,0.625,6091
7,55,-1.242,5919
7,56,-1.887,7527
7,57,0.000,6221
7,58,0.641,4956
7,59,-0.637,5494
7,60,1.923,7241
7,61,-0.629,5751
7,62,-0.633,6609
7,63,0.637,5652
7,64,0.633,5317
7,65,0.629,5230
7,66,0.625,6177
7,67,0.000,5696
7,68,1.242,6872
7,69,1.227,6574
7,70,-1.212,6895
7,71,0.000,4529
7,72,0.000,5129
7,73,-0.613,5469
7,74,0.617,4996
7,75,-1.227,6280
7,76,0.621,5884
7,77,-0.617,6192
7,78,-1.242,6118
7,79,1.258,6054
7,80,1.242,6521
7,81,-0.613,6108
7,82,0.000,5328
7,83,-0.617,6154
7,84,0.000,5425
7,85,0.000,5145
7,86,1.242,6994
7,87,0.000,5342
7,88,1.227,5902
7,89,0.606,5513
7,90,-1.205,6125
7,91,-0.610,5397
7,92,0.613,6352
7,93,0.610,5155
7,94,-1.212,6023
7,95,0.000,4862
7,96,-0.613,6612
7,97,0.000,5782
7,98,0.617,5157
7,99,-0.613,5421
7,100,-0.617,6596
7,101,0.000,4783
7,102,1.242,6014
7,103,-1.227,6589
7,104,0.621,5659
7,105,-1.852,7832
7,106,-0.629,6584
7,107,-1.266,6229
7,108,0.641,5079
7,109,0.000,4881
7,110,-1.274,5882
7,111,0.000,5396
7,112,0.000,4790
7,113,1.290,7074
7,114,-0.637,5777
7,115,0.000,5880
7,116,0.000,4899
7,117,-0.641,5377
7,118,0.000,5104
7,119,1.290,5917
7,120,0.000,5450
7,121,0.637,6038
7,122,-0.633,5577
7,123,0.000,4846
7,124,0.000,4911
7,125,0.637,5547
7,126,-0.633,5324
7,127,1.274,5579
7,128,-1.258,5915
7,129,0.637,6833
7,130,0.000,4547
7,131,-0.633,6757
7,132,0.637,6294
7,133,0.633,5946
7,134,0.629,6773
7,135,-1.250,6659
7,136,1.266,6419
7,137,0.625,5849
7,138,1.242,5659
7,139,-1.227,6446
7,140,1.242,6115
7,141,0.000,5806
7,142,0.613,5354
7,143,0.610,4970
7,144,0.000,5154
7,145,1.212,6986
7,146,-1.796,7962
7,147,0.000,5174
7,148,0.000,5664
7,149,1.829,6867
7,150,0.599,6681
7,151,-0.595,5644
7,152,0.000,4644
7,153,-1.796,7499
7,154,0.000,5411
7,155,0.000,5054
7,156,0.000,5238
7,157,1.220,7621
7,158,0.602,6399
7,159,0.000,5587
7,160,-0.599,4900
7,161,0.602,4706
7,162,-1.198,6768
7,163,0.606,5251
7,164,0.602,5520
7,165,0.599,6536
7,166,1.786,6492
7,167,-1.170,6674
7,168,0.592,6372
7,169,-1.765,6716
7,170,0.599,4967
7,171,-0.595,5639
7,172,-0.599,6432
7,173,0.602,5440
7,174,-1.198,6367
7,175,-1.212,6277
7,176,0.613,5725
7,177,-0.610,5496
7,178,0.000,5265
7,179,1.227,6623
7,180,0.606,4981
7,181,0.000,4861
7,182,-1.205,6217
7,183,-0.610,6518
7,184,-1.227,6602
7,185,0.000,6205
7,186,-0.621,5206
7,187,0.000,5908
7,188,-1.250,7200
7,189,0.000,5453
7,190,0.633,5614
7,191,-0.629,6823
7,192,-0.633,5552
7,193,-3.185,9223
7,194,1.316,6716
7,195,-1.299,5704
7,196,-0.658,6069
7,197,-0.662,6065
7,198,0.000,4823
7,199,0.000,6375
7,200,0.667,5816
7,201,0.662,6208
7,202,0.658,6094
7,203,-0.654,6394
7,204,-0.658,6207
7,205,0.662,6158
7,206,0.000,5188
7,207,-0.658,5318
7,208,-0.662,6235
7,209,0.667,6193
7,210,0.000,5356
7,211,0.000,4799
7,212,1.325,7433
7,213,-0.654,6583
7,214,1.316,7340
7,215,0.000,5642
7,216,0.649,6505
7,217,-1.935,7612
7,218,0.000,5300
7,219,0.000,5812
7,220,0.000,5660
7,221,0.000,5612
7,222,0.000,5189
7,223,-0.658,6476
7,224,-0.662,6202
7,225,-0.667,6326
7,226,0.000,5108
7,227,2.013,7049
7,228,1.316,6461
7,229,0.649,6045
7,230,0.645,6488
7,231,0.000,5112
7,232,0.641,6280
7,233,0.637,6591
7,234,-1.266,6306
7,235,-0.641,5639
7,236,0.000,5377
7,237,0.000,6026
7,238,-1.290,5505
7,239,1.961,6815
7,240,0.000,5981
7,241,0.000,5153
7,242,0.641,5991
7,243,0.000,6146
7,244,0.637,5942
7,245,0.633,5771
7,246,-1.258,7130
7,247,0.637,6381
7,248,0.633,5154
7,249,-0.629,5874
7,250,1.266,7143
7,251,0.000,6037
7,252,0.000,5223
7,253,1.250,6794
7,254,0.617,5120
7,255,0.613,6738
7,256,0.000,5118
7,257,0.000,4778
7,258,1.220,7038
7,259,-1.205,6431
7,260,-0.610,5198
7,261,0.613,6977
7,262,-0.610,6364
7,263,2.454,8066
7,264,0.000,4851
7,265,0.000,5293
7,266,-0.599,5105
7,267,-1.807,7834
7,268,-0.613,5400
7,269,-1.235,6530
7,270,0.000,5921
7,271,1.250,5780
7,272,0.000,5777
7,273,1.235,7322
7,274,-1.829,7570
7,275,0.621,5956
7,276,0.000,4911
7,277,0.000,5276
7,278,0.617,5760
7,279,1.227,6890
7,280,-0.606,6001
7,281,-0.610,5562
7,282,0.613,5616
7,283,0.610,4604
7,284,-0.606,4755
7,285,-0.610,5656
7,286,0.613,5598
7,287,0.000,5767
7,288,0.610,5463
7,289,-0.606,5547
7,290,1.829,7048
7,291,-0.599,5748
7,292,0.000,5388
7,293,-0.602,5733
7,294,0.606,6119
7,295,0.000,5907
7,296,0.602,4783
7,297,0.000,4441
7,298,0.000,5752
7,299,1.796,6175
7,300,0.588,6135
7,301,-1.170,6526
7,302,0.000,5690
7,303,0.000,5777
7,304,0.000,5419
7,305,0.000,4681
7,306,0.000,6090
7,307,-1.183,6840
7,308,0.599,6265
7,309,1.190,6012
7,310,1.176,7026
7,311,1.163,5976
7,312,1.149,6565
7,313,1.136,7013
7,314,0.562,5696
7,315,0.559,5984
7,316,-1.667,7137
7,317,-1.130,5687
7,318,0.000,4789
7,319,-1.143,5893
7,320,0.578,5069
7,321,-1.724,8181
7,322,0.585,6486
7,323,-1.744,6092
7,324,-0.592,5831
7,325,0.595,5118
7,326,-0.592,5385
7,327,-0.595,5930
7,328,-0.599,6439
7,329,0.602,4877
7,330,-1.198,6108
7,331,0.000,5742
7,332,-1.818,6716
7,333,0.617,5068
7,334,0.000,5015
7,335,0.000,5175
7,336,-1.227,6224
7,337,0.621,5512
7,338,-0.617,6373
7,339,0.621,5881
7,340,-0.617,5734
7,341,-1.242,6315
7,342,-0.629,6405
7,343,-0.633,5611
7,344,0.637,5410
7,345,0.633,5501
7,346,0.629,5352
7,347,-0.625,6932
7,348,0.000,6177
7,349,1.887,7496
7,350,-0.617,5972
7,351,0.000,5644
7,352,-0.621,6052
7,353,1.250,6158
7,354,-1.235,6628
7,355,-1.250,6968
7,356,0.633,5389
7,357,0.000,5184
7,358,0.629,5808
7,359,0.000,5023
7,360,-0.625,5210
7,361,0.000,5727
7,362,-0.629,6250
7,363,-1.266,6162
7,364,0.000,5019
7,365,0.000,5555
7,366,-1.282,7047
7,367,0.000,5738
7,368,0.000,4811
7,369,1.948,6829
7,370,-1.274,6559
7,371,-1.935,6762
7,372,0.658,5170
7,373,0.000,4841
7,374,0.000,5365
7,375,-0.654,6867
7,376,1.316,7111
7,377,-1.948,6861
7,378,-1.325,5759
7,379,0.000,4521
7,380,0.000,5430
7,381,-0.671,5454
7,382,1.351,6470
7,383,0.667,6245
7,384,0.000,5166
7,385,-0.662,5709
7,386,-0.667,6341
7,387,-0.671,5788
7,388,-0.676,5654
7,389,0.000,4753
7,390,0.000,5063
7,391,-2.721,7500
7,392,2.098,7180
7,393,1.370,6645
7,394,0.676,6337
7,395,1.342,5879
7,396,-0.662,5316
7,397,0.000,4442
7,398,0.667,6523
7,399,0.000,6015
7,400,0.662,6754
7,401,0.000,5128
7,402,0.658,5849
7,403,-0.654,5644
7,404,-0.658,6207
7,405,0.000,5817
7,406,0.000,4815
7,407,0.000,4893
7,408,-0.662,5452
7,409,0.000,4943
7,410,-1.333,6419
7,411,0.676,6277
7,412,0.000,5479
7,413,0.671,6088
7,414,-0.667,5346
7,415,0.000,5098
7,416,-0.671,5584
7,417,1.351,7424
7,418,-0.667,5035
7,419,-0.671,5738
7,420,1.351,6017
7,421,-0.667,4808
7,422,-2.013,7898
7,423,0.685,6120
7,424,-0.680,5727
7,425,0.000,5312
7,426,0.685,6409
7,427,0.000,4726
7,428,0.680,6336
7,429,0.000,5198
7,430,0.000,5317
7,431,-0.676,5588
7,432,-1.361,6269
7,433,0.000,5805
7,434,0.000,5275
7,435,0.000,5792
7,436,0.000,5653
7,437,0.000,5738
7,438,-0.690,5676
7,439,0.000,5746
7,440,0.000,4497
7,441,0.694,5552
7,442,1.379,6045
7,443,-2.041,6547
7,444,0.694,5362
7,445,0.690,5836
7,446,0.000,5519
7,447,1.370,6303
7,448,2.027,6838
7,449,-1.325,5649
7,450,0.671,5358
7,451,-2.000,7575
7,452,-0.680,6509
7,453,0.000,4408
7,454,1.370,6145
7,455,-1.351,7321
7,456,-2.055,6892
7,457,0.000,5508
7,458,-2.098,7139
7,459,1.429,6182
7,460,0.704,5543
7,461,-0.699,6011
7,462,0.000,5484
7,463,0.704,6390
7,464,-0.699,6287
7,465,-0.704,6138
7,466,2.128,7544
7,467,0.000,5169
7,468,0.000,5856
7,469,0.694,6155
7,470,-1.379,7060
7,471,-1.399,6524
7,472,0.000,4933
7,473,0.709,5561
7,474,2.113,7774
7,475,0.690,5946
7,476,0.000,6184
7,477,0.000,5684
7,478,-1.370,6416
7,479,-0.694,5735
7,480,1.399,7432
7,481,0.000,5152
7,482,-0.690,6085
7,483,0.694,5967
7,484,-1.379,6187
7,485,0.000,4990
7,486,0.000,5169
7,487,0.000,5513
7,488,-0.699,6439
7,489,0.704,5178
7,490,0.699,6099
7,491,1.389,7389
7,492,1.370,5750
7,493,-0.676,4836
7,494,0.680,6057
7,495,0.000,5142
7,496,2.027,7645
7,497,-1.325,6216
7,498,-0.671,5880
7,499,-2.027,6518
7,500,0.690,5773
7,501,0.000,6036
7,502,1.370,6244
7,503,0.000,6040
7,504,0.676,5772
7,505,-0.671,5066
7,506,-0.676,5450
7,507,-0.680,5687
7,508,-1.370,7638
7,509,0.000,5543
7,510,-0.694,4885
7,511,-0.699,6465
7,512,-0.704,5575
7,513,0.000,5771
7,514,0.709,5612
7,515,0.000,5768
7,516,0.704,5101
7,517,-0.699,6416
7,518,0.704,5639
7,519,-1.399,6369
7,520,2.128,7338
7,521,-0.694,6353
7,522,0.699,6134
7,523,0.000,4542
7,524,0.000,6266
7,525,-0.694,5851
7,526,0.000,5194
7,527,0.000,4943
7,528,-0.699,5445
7,529,-0.704,6270
7,530,0.709,5384
7,531,-1.408,6842
7,532,0.000,5992
7,533,-0.714,6431
7,534,1.439,6299
7,535,-0.709,5816
7,536,-1.429,6149
7,537,1.449,6142
7,538,-0.714,6540
7,539,0.000,5766
7,540,0.000,5619
7,541,0.719,5936
7,542,-0.714,6829
7,543,-0.719,6893
7,544,-0.725,5365
7,545,0.000,4573
7,546,1.460,6967
7,547,-0.719,6920
7,548,-0.725,5620
7,549,0.000,4687
7,550,0.000,4450
7,551,-0.730,6432
7,552,-1.471,6594
7,553,0.000,4963
7,554,-0.746,6412
7,555,-0.752,5518
7,556,0.758,5657
7,557,0.000,5213
7,558,0.000,5017
7,559,0.000,5705
7,560,-1.504,7952
7,561,0.763,5779
7,562,-0.758,5902
7,563,0.000,5360
7,564,-0.763,5674
7,565,0.769,6481
7,566,-0.763,6393
7,567,0.000,4615
7,568,-0.769,5437
7,569,0.000,4630
7,570,-0.775,5630
7,571,0.000,5031
7,572,0.000,4831
7,573,0.000,5476
7,574,0.000,4560
7,575,-1.562,6867
7,576,-0.794,6117
7,577,-0.800,6759
7,578,-0.806,5825
7,579,0.813,5923
7,580,0.000,5937
7,581,0.000,5244
7,582,-1.613,7009
7,583,1.639,7178
7,584,-0.806,5118
7,585,-0.813,6178
7,586,-0.820,6362
7,587,0.000,5708
7,588,-0.826,6202
7,589,-0.833,5309
7,590,0.840,5968
7,591,0.000,5262
7,592,0.000,5483
7,593,-0.833,6068
7,594,0.000,5376
7,595,-0.840,5433
7,596,1.695,6731
7,597,-0.833,4982
7,598,0.840,6325
7,599,0.000,5569
7,600,-1.667,6521
7,601,0.847,6236
7,602,0.840,6035
7,603,-0.833,5670
7,604,0.840,6054
7,605,0.000,5525
7,606,0.000,4925
7,607,0.000,4845
7,608,0.000,6198
7,609,0.000,5803
7,610,-0.833,4983
7,611,0.000,6012
7,612,0.000,5213
7,613,-0.840,4792
7,614,0.847,5455
7,615,-0.840,5916
7,616,1.695,6273
7,617,0.000,4975
7,618,0.000,5296
7,619,0.000,5535
7,620,-1.667,6973
7,621,0.000,6110
7,622,1.695,8506
7,623,1.667,6363
7,624,0.000,4646
7,625,0.000,5627
7,626,-1.639,7408
7,627,0.833,6456
7,628,0.000,4438
7,629,0.000,5487
7,630,0.000,5549
7,631,0.826,4991
7,632,0.000,5050
7,633,-0.820,6438
7,634,0.000,5157
7,635,0.000,5286
7,636,0.000,5503
7,637,0.000,5763
7,638,1.653,6197
7,639,-0.813,5620
7,640,-1.639,6533
7,641,-0.833,6723
7,642,0.840,6512
7,643,0.833,6566
7,644,0.000,4458
7,645,-0.826,5396
7,646,-0.833,6840
7,647,0.840,6078
7,648,0.000,5008
7,649,0.000,6171
7,650,-0.833,6136
7,651,1.681,7599
7,652,-1.653,6598
7,653,0.000,4749
7,654,0.000,5848
7,655,0.000,5074
7,656,0.840,6468
7,657,-0.833,5829
7,658,1.681,5708
7,659,-0.826,5014
7,660,0.000,5559
7,661,-0.833,6396
7,662,-0.840,6729
7,663,1.695,7331
7,664,0.833,6295
7,665,0.000,4990
7,666,-0.826,5787
7,667,-1.667,7640
7,668,0.000,5710
7,669,-1.695,7305
7,670,0.000,5029
7,671,0.000,4812
7,672,-0.862,5624
7,673,-1.739,6822
7,674,0.000,5995
7,675,-0.885,5613
7,676,0.000,5705
7,677,0.000,4908
7,678,0.893,5932
7,679,1.770,8439
7,680,0.000,6781
7,681,0.870,6927
7,682,0.862,6784
7,683,0.000,5883
7,684,0.000,5431
7,685,1.709,7433
7,686,0.000,5639
7,687,-1.681,6709
7,688,-0.855,5757
7,689,-0.862,5517
7,690,-0.870,6942
7,691,-0.877,5868
7,692,0.000,5646
7,693,0.000,5783
7,694,0.000,4625
7,695,-0.885,7219
7,696,0.000,5468
7,697,-0.893,5437
7,698,1.802,6491
7,699,0.000,5086
7,700,0.000,4958
7,701,0.885,5255
7,702,0.000,4513
7,703,-0.877,5368
7,704,0.885,5889
7,705,0.877,5941
7,706,0.000,5234
7,707,-0.870,6054
7,708,0.000,6208
7,709,0.000,5639
7,710,0.000,6198
7,711,-2.632,8534
7,712,-1.802,7078
7,713,0.000,5630
7,714,1.835,6554
7,715,-1.802,8237
7,716,1.835,6716
7,717,0.901,6371
7,718,0.000,6422
7,719,-0.893,7670
7,720,-0.901,5940
7,721,-0.909,5314
7,722,0.917,5848
7,723,0.000,4673
7,724,-0.909,5129
7,725,0.917,5760
7,726,0.000,5593
7,727,1.818,7021
7,728,0.893,6435
7,729,0.000,4924
7,730,0.000,4888
7,731,0.000,5970
7,732,0.885,5833
7,733,-1.754,7342
7,734,-0.893,5022
7,735,-0.901,6772
7,736,0.909,6025
7,737,-0.901,6091
7,738,0.000,5096
7,739,0.000,5434
7,740,0.000,5598
7,741,-0.909,5849
7,742,0.000,5209
7,743,0.000,5473
7,744,-0.917,6190
7,745,-0.926,5735
7,746,0.000,6247
7,747,-1.869,7410
7,748,0.952,5421
7,749,-0.943,5732
7,750,0.000,5330
7,751,0.000,5577
7,752,0.000,5606
7,753,0.952,5972
7,754,0.943,6600
7,755,0.000,6337
7,756,0.935,5038
7,757,0.000,5257
7,758,3.704,8681
7,759,0.000,5244
7,760,0.893,5731
7,761,-0.885,6369
7,762,-2.679,7492
7,763,0.000,4671
7,764,0.000,6165
7,765,-0.917,5479
7,766,0.000,6130
7,767,0.000,4726
7,768,0.000,5718
7,769,0.926,5841
7,770,1.835,6854
7,771,-1.802,5731
7,772,0.000,5943
7,773,0.000,4834
7,774,0.917,5809
7,775,-0.909,6522
7,776,-0.917,6789
7,777,-0.926,5257
7,778,0.000,4579
7,779,0.000,4871
7,780,0.935,6781
7,781,0.926,6875
7,782,-0.917,6490
7,783,0.000,5421
7,784,0.000,5101
7,785,-0.926,6241
7,786,0.935,5638
7,787,-0.926,6118
7,788,-0.935,5929
7,789,0.000,6552
7,790,0.000,5824
7,791,-0.943,6039
7,792,1.905,6094
7,793,0.000,5125
7,794,1.869,7077
7,795,-0.917,6254
7,796,1.852,7175
7,797,-1.818,6989
7,798,0.926,5353
7,799,0.000,4869
7,800,0.000,5733
7,801,0.000,5463
7,802,0.000,4552
7,803,-0.917,5289
7,804,-0.926,5931
7,805,0.935,6259
7,806,0.000,6055
7,807,0.926,5453
7,808,-0.917,5882
7,809,0.926,5985
7,810,1.835,7764
7,811,-0.901,6958
7,812,-1.818,6938
7,813,-0.926,6769
7,814,0.000,5483
7,815,0.935,6312
7,816,-0.926,6416
7,817,-0.935,5762
7,818,0.000,4367
7,819,1.887,8028
7,820,-0.926,6166
7,821,-0.935,6689
7,822,-1.887,6722
7,823,0.962,5095
7,824,0.000,5207
7,825,2.857,8009
7,826,0.926,6963
7,827,0.000,6058
7,828,0.000,6313
7,829,0.917,5547
7,830,0.000,5028
7,831,-0.909,4998
7,832,-0.917,6070
7,833,-0.926,7409
7,834,0.000,5875
7,835,0.000,6007
7,836,1.869,6510
7,837,0.917,6878
7,838,0.000,6075
7,839,0.909,6364
7,840,-0.901,4940
7,841,0.909,6857
7,842,1.802,7982
7,843,0.885,6590
7,844,1.754,6377
7,845,0.000,5208
7,846,0.862,7271
7,847,1.709,6017
7,848,0.840,7138
7,849,0.000,6166
7,850,-0.833,5691
7,851,0.000,4865
7,852,0.000,5398
7,853,0.000,4915
7,854,0.840,5351
7,855,-0.833,6035
7,856,0.000,4895
7,857,-0.840,5250
7,858,0.000,5800
7,859,0.000,5036
7,860,0.000,5279
7,861,-0.847,6462
7,862,0.855,5927
7,863,0.847,6284
7,864,-1.681,8090
7,865,-0.855,5503
7,866,0.000,5688
7,867,0.000,5523
7,868,1.724,7003
7,869,0.847,5611
7,870,-0.840,6523
7,871,0.000,5100
7,872,-0.847,6142
7,873,0.855,5890
7,874,-1.695,6944
7,875,-1.724,6655
7,876,-0.877,6985
7,877,0.885,7282
7,878,0.000,6143
7,879,0.877,6666
7,880,-0.870,4854
7,881,0.877,5636
7,882,-0.870,4998
7,883,0.877,5631
7,884,-0.870,4589
7,885,0.000,5268
7,886,0.877,5616
7,887,0.000,5696
7,888,-1.739,7302
7,889,0.885,5155
7,890,0.000,4991
7,891,0.000,6004
7,892,-0.877,6216
7,893,-0.885,6047
7,894,0.893,5400
7,895,0.000,5658
7,896,-0.885,5857
7,897,0.000,5614
7,898,0.000,5967
7,899,0.893,5810
7,900,0.000,4775
7,901,0.000,5384
7,902,-0.885,7097
7,903,0.893,6670
7,904,-0.885,5919
7,905,1.786,7742
7,906,0.000,5576
7,907,-1.754,6017
7,908,0.893,5897
7,909,0.000,4621
7,910,0.000,4893
7,911,0.000,5606
7,912,0.885,7032
7,913,-0.877,5984
7,914,0.000,5898
7,915,1.770,6343
7,916,-0.870,6259
7,917,0.000,5272
7,918,-0.877,4850
7,919,-2.655,8551
7,920,0.909,6101
7,921,-1.802,6769
7,922,0.917,6500
7,923,-0.909,6239
7,924,0.000,5188
7,925,0.000,5022
7,926,0.000,6572
7,927,0.000,4913
7,928,0.000,5429
7,929,-0.917,5504
7,930,0.926,5680
7,931,0.917,6054
7,932,0.000,5464
7,933,0.000,4909
7,934,0.909,6438
7,935,-0.901,5941
7,936,0.000,5214
7,937,-0.909,6412
7,938,0.917,5737
7,939,0.000,4698
7,940,0.000,5536
7,941,-1.818,6758
7,942,0.000,5304
7,943,0.926,5988
7,944,2.752,7650
7,945,0.000,5363
7,946,0.893,5803
7,947,0.000,6550
7,948,-0.885,6437
7,949,0.893,5331
7,950,-0.885,5778
7,951,0.893,5834
7,952,0.885,5764
7,953,-0.877,6352
7,954,-0.885,7044
7,955,0.000,5829
7,956,0.000,5362
7,957,0.893,6161
7,958,0.000,5761
7,959,0.000,5191
7,960,-0.885,5073
7,961,0.000,5716
7,962,-0.893,5997
7,963,-1.802,7441
7,964,-0.917,6283
7,965,0.926,4872
7,966,-0.917,6486
7,967,-0.926,6526
7,968,0.935,6725
7,969,1.852,6529
7,970,-0.909,5414
7,971,1.835,6105
7,972,-0.901,5587
7,973,0.909,5596
7,974,0.901,6916
7,975,0.000,4965
7,976,-1.786,7839
7,977,-1.818,8150
7,978,-0.926,5874
7,979,-0.935,6129
7,980,2.830,7418
7,981,-1.835,6891
7,982,-1.869,6662
7,983,0.000,5270
7,984,0.952,7344
7,985,0.943,6582
7,986,0.000,5160
7,987,-0.935,6691
7,988,0.000,4878
7,989,0.000,5520
7,990,-0.943,6308
7,991,0.000,4472
7,992,0.952,5502
7,993,0.943,5800
7,994,0.000,5995
7,995,0.000,5445
7,996,0.000,5031
7,997,0.935,6998
7,998,0.000,5238
7,999,0.926,5918
7,1000,0.917,6671
7,1001,0.909,6101
7,1002,0.000,4670
7,1003,0.901,6099
7,1004,0.893,5946
7,1005,0.000,5744
7,1006,0.000,5575
7,1007,-0.885,6023
7,1008,-0.893,5911
7,1009,0.000,6180
7,1010,-0.901,6271
7,1011,1.818,7231
7,1012,0.000,6240
7,1013,0.000,4407
7,1014,0.893,6305
7,1015,-0.885,7037
7,1016,0.893,6805
7,1017,0.885,6279
7,1018,0.000,5704
7,1019,-0.877,5970
7,1020,-1.770,7412
7,1021,-0.901,6367
7,1022,1.818,6916
7,1023,0.000,5277
7,1024,0.000,5141
7,1025,-0.893,5479
7,1026,0.901,5549
7,1027,0.893,6713
7,1028,0.000,4682
7,1029,-0.885,5749
7,1030,0.893,5437
7,1031,2.655,8091
7,1032,0.862,5171
7,1033,-0.855,6147
7,1034,1.724,6262
7,1035,0.000,5318
7,1036,-0.847,6218
7,1037,0.855,6447
7,1038,0.000,4663
7,1039,-1.695,6521
7,1040,0.000,5112
7,1041,-0.862,5484
7,1042,0.000,5026
7,1043,-0.870,5139
7,1044,0.877,5932
7,1045,0.870,4983
7,1046,0.862,6135
7,1047,-0.855,5769
7,1048,-0.862,5431
7,1049,-1.739,6886
7,1050,-0.885,6716
7,1051,-0.893,5349
7,1052,-1.802,6962
7,1053,0.000,5015
7,1054,0.000,6704
7,1055,0.917,6238
7,1056,0.000,5479
7,1057,0.000,4778
7,1058,-0.909,5360
7,1059,0.000,5752
7,1060,-1.835,7367
7,1061,0.000,5177
7,1062,-0.935,6009
7,1063,0.943,5598
7,1064,-0.935,6117
7,1065,-1.887,6703
7,1066,0.962,5226
7,1067,1.905,8248
7,1068,0.000,4785
7,1069,-0.935,5721
7,1070,0.000,5371
7,1071,-0.943,6497
7,1072,0.952,7000
7,1073,1.887,6771
7,1074,-0.926,6332
7,1075,0.935,5489
7,1076,-1.852,7025
7,1077,0.000,4342
7,1078,-0.943,6444
7,1079,-1.905,7350
7,1080,0.971,6229
7,1081,0.962,5760
7,1082,-0.952,5044
7,1083,0.962,6700
7,1084,0.000,5737
7,1085,-0.952,6188
7,1086,0.000,4446
7,1087,0.000,5623
7,1088,-0.962,5681
7,1089,0.000,5612
7,1090,0.000,5200
7,1091,0.000,5542
7,1092,-1.942,8064
7,1093,0.990,7698
7,1094,0.980,5909
7,1095,-0.971,6954
7,1096,0.000,4816
7,1097,0.000,5437
7,1098,-0.980,5422
7,1099,0.990,5917
7,1100,0.000,5793
7,1101,1.961,6562
7,1102,0.000,5948
7,1103,0.000,5558
7,1104,0.962,6544
7,1105,0.000,4926
7,1106,0.000,5596
7,1107,0.000,5394
7,1108,0.000,5638
7,1109,0.000,4815
7,1110,0.000,5103
7,1111,0.952,6237
7,1112,0.943,5854
7,1113,-0.935,6328
7,1114,0.943,5406
7,1115,0.000,4536
7,1116,0.000,5004
7,1117,-0.935,6201
7,1118,0.000,4776
7,1119,-0.943,6290
7,1120,0.952,5953
7,1121,0.000,5797
7,1122,0.000,5327
7,1123,-0.943,5901
7,1124,0.952,7008
7,1125,0.000,5606
7,1126,-0.943,6702
7,1127,-0.952,6529
7,1128,0.000,5653
7,1129,0.000,5843
7,1130,0.000,4665
7,1131,-0.962,5115
7,1132,0.971,5565
7,1133,0.962,7038
7,1134,-0.952,5733
7,1135,0.000,5380
7,1136,0.000,5313
7,1137,-0.962,6072
7,1138,-0.971,5311
7,1139,1.961,6813
7,1140,0.000,5105
7,1141,0.000,4613
7,1142,-1.923,6910
7,1143,-0.980,6401
7,1144,0.000,5525
7,1145,0.000,5061
7,1146,-0.990,6550
7,1147,-1.000,6139
7,1148,0.000,5127
7,1149,-1.010,6158
7,1150,-1.020,6956
7,1151,-1.031,6734
7,1152,1.042,5820
7,1153,-1.031,6214
7,1154,-2.083,6794
7,1155,-1.064,6477
7,1156,1.075,6459
7,1157,-1.064,5275
7,1158,1.075,6974
7,1159,0.000,5865
7,1160,0.000,6039
7,1161,0.000,6296
7,1162,-1.064,6042
7,1163,0.000,4551
7,1164,2.151,7923
7,1165,0.000,5625
7,1166,0.000,4952
7,1167,0.000,5557
7,1168,0.000,5044
7,1169,0.000,6129
7,1170,1.053,5929
7,1171,0.000,5007
7,1172,0.000,5926
7,1173,0.000,5737
7,1174,-1.042,5405
7,1175,1.053,5326
7,1176,-1.042,6108
7,1177,1.053,6605
7,1178,1.042,6813
7,1179,-1.031,5648
7,1180,-1.042,6806
7,1181,-1.053,6012
7,1182,2.128,7155
7,1183,0.000,5218
7,1184,0.000,5244
7,1185,0.000,5710
7,1186,0.000,5732
7,1187,0.000,5858
7,1188,0.000,4909
7,1189,1.042,4564
7,1190,-1.031,5447
7,1191,0.000,6019
7,1192,-1.042,5780
7,1193,1.053,5734
7,1194,-2.083,7669
7,1195,0.000,5823
7,1196,1.064,6451
7,1197,-1.053,6255
7,1198,2.128,6713
7,1199,0.000,4657
7,1200,1.042,5294
7,1201,0.000,6100
7,1202,-2.062,8108
7,1203,1.053,6636
7,1204,-1.042,5594
7,1205,0.000,5696
7,1206,1.053,7471
7,1207,0.000,5885
7,1208,0.000,5038
7,1209,1.042,6378
7,1210,-1.031,5637
7,1211,1.042,6313
7,1212,0.000,5222
7,1213,1.031,6782
7,1214,0.000,5692
7,1215,1.020,6340
7,1216,0.000,4747
7,1217,0.000,5910
7,1218,1.010,7046
7,1219,0.000,4783
7,1220,1.000,7513
7,1221,-0.990,7401
7,1222,-1.000,5803
7,1223,-1.010,6859
7,1224,-1.020,6613
7,1225,2.062,7567
7,1226,0.000,5707
7,1227,-2.020,6245
7,1228,0.000,4599
7,1229,-1.031,6916
7,1230,0.000,5309
7,1231,1.042,5167
7,1232,-1.031,7371
7,1233,-1.042,5213
7,1234,0.000,4702
7,1235,1.053,5033
7,1236,0.000,4438
7,1237,0.000,5861
7,1238,1.042,5562
7,1239,-1.031,5311
7,1240,-1.042,6972
7,1241,1.053,7076
7,1242,0.000,4520
7,1243,0.000,5674
7,1244,0.000,5353
7,1245,-1.042,6970
7,1246,-2.105,8284
7,1247,1.075,7397
7,1248,0.000,5750
7,1249,1.064,5297
7,1250,-1.053,5122
7,1251,0.000,5503
7,1252,0.000,5692
7,1253,1.064,6754
7,1254,1.053,5545
7,1255,0.000,5817
7,1256,1.042,5396
7,1257,-1.031,6215
7,1258,-1.042,6840
7,1259,0.000,5396
7,1260,-1.053,6724
7,1261,1.064,5989
7,1262,-1.053,6181
7,1263,0.000,5622
7,1264,0.000,4985
7,1265,-1.064,6313
7,1266,0.000,4879
7,1267,0.000,4974
7,1268,0.000,5029
7,1269,0.000,6036
7,1270,-1.075,5829
7,1271,1.087,5673
7,1272,1.075,6212
7,1273,-1.064,5387
7,1274,1.075,6320
7,1275,0.000,5260
7,1276,-1.064,6686
7,1277,2.151,7627
7,1278,0.000,4792
7,1279,1.053,6661
7,1280,-2.083,6473
7,1281,1.064,5192
7,1282,-1.053,5741
7,1283,1.064,5670
7,1284,-1.053,5480
7,1285,1.064,5230
7,1286,0.000,5539
7,1287,0.000,5815
7,1288,0.000,5238
7,1289,-1.053,5380
7,1290,0.000,4832
7,1291,0.000,5451
7,1292,0.000,5343
7,1293,0.000,5266
7,1294,1.064,6889
7,1295,1.053,6559
7,1296,1.042,6652
7,1297,-1.031,6037
7,1298,1.042,5097
7,1299,0.000,5400
7,1300,0.000,6050
7,1301,0.000,6285
7,1302,2.062,7722
7,1303,0.000,5593
7,1304,-1.010,5935
7,1305,0.000,5369
7,1306,-2.041,6233
7,1307,0.000,5622
7,1308,-1.042,7108
7,1309,0.000,5756
7,1310,0.000,4483
7,1311,0.000,5944
7,1312,1.053,5150
7,1313,0.000,5136
7,1314,0.000,5173
7,1315,1.042,5668
7,1316,0.000,4976
7,1317,0.000,5485
7,1318,-1.031,6161
7,1319,0.000,5963
7,1320,-1.042,6006
7,1321,-1.053,5150
7,1322,0.000,5806
7,1323,0.000,5970
7,1324,-1.064,7329
7,1325,-2.151,7029
7,1326,0.000,5959
7,1327,-1.099,5276
7,1328,0.000,5725
7,1329,-1.111,5163
7,1330,0.000,4905
7,1331,0.000,5003
7,1332,0.000,5283
7,1333,1.124,7252
7,1334,0.000,4534
7,1335,0.000,4683
7,1336,-2.222,6886
7,1337,-1.136,5961
7,1338,-1.149,8022
7,1339,-1.163,5960
7,1340,0.000,5839
7,1341,-2.353,7597
7,1342,0.000,5347
7,1343,1.205,6926
7,1344,-1.190,5661
7,1345,-1.205,5903
7,1346,2.439,7396
7,1347,0.000,4749
7,1348,-1.190,6277
7,1349,1.205,5557
7,1350,1.190,7161
7,1351,-1.176,6577
7,1352,-1.190,6808
7,1353,-1.205,5251
7,1354,0.000,6469
7,1355,1.220,6789
7,1356,1.205,7236
7,1357,1.190,6719
7,1358,-1.176,5821
7,1359,1.190,5865
7,1360,0.000,5762
7,1361,0.000,5090
7,1362,-1.176,6147
7,1363,-1.190,5815
7,1364,0.000,5126
7,1365,0.000,5867
7,1366,-1.205,5576
7,1367,1.220,5485
7,1368,0.000,5258
7,1369,0.000,6316
7,1370,-1.205,5122
7,1371,0.000,4489
7,1372,0.000,5380
7,1373,2.439,7545
7,1374,0.000,5516
7,1375,1.190,6895
7,1376,-1.176,6395
7,1377,1.190,5662
7,1378,0.000,4855
7,1379,-3.529,8994
7,1380,0.000,5757
7,1381,-1.220,4864
7,1382,0.000,5295
7,1383,1.235,6019
7,1384,0.000,5366
7,1385,-1.220,7114
7,1386,0.000,5893
7,1387,1.235,6992
7,1388,-3.659,8694
7,1389,1.266,6020
7,1390,0.000,6328
7,1391,1.250,5712
7,1392,0.000,5731
7,1393,0.000,6883
7,1394,0.000,6032
7,1395,-1.235,6112
7,1396,0.000,5796
7,1397,0.000,5583
7,1398,0.000,4948
7,1399,-1.250,7295
7,1400,-1.266,6494
7,1401,-2.564,7175
7,1402,1.316,6709
7,1403,-1.299,5915
7,1404,0.000,5162
7,1405,0.000,4996
7,1406,-1.316,6119
7,1407,0.000,6400
7,1408,0.000,5035
7,1409,0.000,5988
7,1410,2.667,7046
7,1411,-1.299,5469
7,1412,1.316,5998
7,1413,-1.299,5682
7,1414,1.316,5581
7,1415,1.299,6140
7,1416,1.282,6225
7,1417,-1.266,5354
7,1418,1.282,6049
7,1419,1.266,6673
7,1420,1.250,5266
7,1421,0.000,5168
7,1422,0.000,5814
7,1423,-2.469,6937
7,1424,0.000,4938
7,1425,0.000,6357
7,1426,1.266,6545
7,1427,-1.250,6096
7,1428,0.000,5955
7,1429,0.000,4868
7,1430,1.266,6258
7,1431,0.000,5802
7,1432,0.000,6644
7,1433,-1.250,6374
7,1434,-1.266,7140
7,1435,0.000,5041
7,1436,1.282,5870
7,1437,1.266,7225
7,1438,0.000,4928
7,1439,0.000,5220
7,1440,2.500,7261
8,1,0.000,3338
8,2,0.000,3104
8,3,-1.250,3629
8,4,0.000,3004
8,5,-1.266,4226
8,6,0.641,3226
8,7,0.637,3727
8,8,0.000,3353
8,9,0.633,3832
8,10,-0.629,3371
8,11,0.000,3326
8,12,2.532,5081
8,13,1.235,3794
8,14,-0.610,3314
8,15,1.227,3862
8,16,-0.606,3657
8,17,1.829,4295
8,18,0.599,3345
8,19,1.190,4232
8,20,0.000,3413
8,21,-0.588,3296
8,22,2.367,4634
8,23,-0.578,3361
8,24,0.581,3275
8,25,0.578,3566
8,26,1.724,3523
8,27,0.000,3038
8,28,0.000,2746
8,29,0.565,3064
8,30,-0.562,2901
8,31,0.000,3056
8,32,0.565,3333
8,33,1.124,3489
8,34,0.000,2613
8,35,-0.556,2798
8,36,1.117,3491
8,37,-0.552,3571
8,38,-0.556,3394
8,39,1.117,3980
8,40,0.000,3178
8,41,0.552,2962
8,42,0.549,3099
8,43,0.546,3553
8,44,-1.087,3906
8,45,0.549,3723
8,46,0.000,3164
8,47,-1.639,4036
8,48,-1.111,3705
8,49,1.124,3953
8,50,2.222,4082
8,51,-0.543,3052
8,52,-1.093,3796
8,53,1.105,3398
8,54,0.546,3132
8,55,0.000,3435
8,56,1.087,4060
8,57,-0.538,3531
8,58,0.541,2960
8,59,-1.075,4332
8,60,-0.543,2876
8,61,0.000,2876
8,62,0.546,3455
8,63,-0.543,3216
8,64,0.546,3411
8,65,0.000,2824
8,66,0.000,3256
8,67,-0.543,3280
8,68,1.093,4183
8,69,-1.622,3883
8,70,1.648,4549
8,71,-0.541,3600
8,72,2.174,4835
8,73,-1.064,3808
8,74,-0.538,3395
8,75,1.081,3388
8,76,-1.070,4096
8,77,-0.541,3187
8,78,-2.174,4437
8,79,0.556,3527
8,80,1.105,4016
8,81,-0.546,3759
8,82,-0.549,3131
8,83,-0.552,3297
8,84,0.556,3651
8,85,1.657,4116
8,86,0.000,3138
8,87,-0.543,3327
8,88,-0.546,3341
8,89,0.000,2820
8,90,1.099,3478
8,91,0.543,3971
8,92,1.081,3414
8,93,0.535,3373
8,94,-1.064,3696
8,95,-0.538,3065
8,96,0.000,3233
8,97,-1.622,3663
8,98,-0.549,3611
8,99,1.657,4059
8,100,-0.543,3082
8,101,-1.639,4020
8,102,-1.111,4107
8,103,-0.562,3728
8,104,0.565,4065
8,105,-0.562,3933
8,106,-0.565,3569
8,107,1.705,4825
8,108,1.676,4081
8,109,1.099,3769
8,110,-1.630,4350
8,111,-0.552,3434
8,112,-0.556,3095
8,113,-1.117,4453
8,114,0.000,2838
8,115,0.000,3133
8,116,1.130,4024
8,117,0.000,3217
8,118,0.000,3521
8,119,0.559,3450
8,120,1.111,3994
8,121,0.000,2961
8,122,0.549,3804
8,123,-0.546,3546
8,124,-1.099,3747
8,125,0.556,3375
8,126,0.000,3655
8,127,-0.552,2935
8,128,-0.556,3162
8,129,-0.559,3690
8,130,-0.562,3676
8,131,-0.565,3575
8,132,-0.568,3214
8,133,0.000,3281
8,134,1.143,3494
8,135,0.565,3463
8,136,-1.685,4627
8,137,-1.143,3843
8,138,1.156,3592
8,139,-0.571,3696
8,140,0.000,2903
8,141,0.000,3029
8,142,0.000,2828
8,143,1.149,3520
8,144,1.705,4008
8,145,0.000,3409
8,146,-1.676,4447
8,147,1.705,4188
8,148,0.559,3199
8,149,1.111,3953
8,150,-0.549,3347
8,151,0.552,3307
8,152,-1.648,4024
8,153,0.000,3260
8,154,0.000,3547
8,155,0.559,3344
8,156,-0.556,3282
8,157,0.000,3316
8,158,0.000,3328
8,159,-1.117,3638
8,160,-1.130,3829
8,161,-1.143,3907
8,162,-0.578,3315
8,163,0.000,2672
8,164,2.907,4736
8,165,0.000,2905
8,166,-1.130,3865
8,167,-1.143,3708
8,168,0.578,3081
8,169,-0.575,3382
8,170,0.578,2831
8,171,1.149,3685
8,172,-0.568,3003
8,173,-0.571,3100
8,174,2.299,4127
8,175,0.000,2749
8,176,1.124,4161
8,177,0.556,3088
8,178,1.657,4188
8,179,-0.543,3748
8,180,1.093,3854
8,181,-0.541,2952
8,182,0.543,3325
8,183,1.081,3511
8,184,0.000,2997
8,185,0.535,3700
8,186,-0.532,3609
8,187,0.535,2849
8,188,0.532,3008
8,189,0.000,2870
8,190,1.058,4261
8,191,0.000,3158
8,192,-0.524,3562
8,193,-1.053,3544
8,194,-0.532,3219
8,195,-0.535,3282
8,196,-1.075,4259
8,197,0.000,3726
8,198,1.087,3794
8,199,0.000,3170
8,200,0.538,3293
8,201,-1.604,3879
8,202,0.000,2870
8,203,0.543,3943
8,204,1.622,4014
8,205,-0.532,3486
8,206,-0.535,3166
8,207,-1.613,4456
8,208,1.093,3851
8,209,-1.081,3738
8,210,0.000,3158
8,211,-2.186,4792
8,212,0.559,3253
8,213,-0.556,3526
8,214,2.235,4317
8,215,-0.546,3759
8,216,0.549,3566
8,217,0.000,2886
8,218,0.000,3207
8,219,0.546,3323
8,220,1.087,3205
8,221,-1.075,4140
8,222,0.000,2798
8,223,0.000,3439
8,224,-0.543,3604
8,225,-0.546,3549
8,226,1.099,3745
8,227,1.630,4190
8,228,0.000,2955
8,229,0.535,3172
8,230,0.000,2852
8,231,-0.532,3379
8,232,0.000,3013
8,233,-0.535,3602
8,234,0.538,3264
8,235,-1.070,3480
8,236,-0.541,3926
8,237,2.174,4571
8,238,0.532,3541
8,239,-1.058,3780
8,240,0.000,2765
8,241,-1.070,3946
8,242,-0.541,3189
8,243,1.087,3611
8,244,0.538,3013
8,245,0.000,3094
8,246,0.535,3379
8,247,-0.532,2883
8,248,0.535,3803
8,249,-0.532,3435
8,250,0.000,3122
8,251,0.535,3342
8,252,0.000,3242
8,253,-1.064,3706
8,254,-1.075,3608
8,255,1.630,4313
8,256,0.000,3138
8,257,-0.535,3371
8,258,1.613,4196
8,259,-1.058,3868
8,260,0.535,2979
8,261,0.000,2952
8,262,0.000,2987
8,263,-0.532,3246
8,264,-0.535,3229
8,265,0.000,2890
8,266,-1.613,4819
8,267,0.000,3435
8,268,0.000,3081
8,269,1.639,3677
8,270,-1.075,3531
8,271,1.087,3471
8,272,-0.538,2903
8,273,0.000,3639
8,274,0.000,3287
8,275,1.081,3476
8,276,-0.535,3294
8,277,1.075,3885
8,278,0.000,3404
8,279,1.596,4155
8,280,0.000,3238
8,281,0.524,3060
8,282,-0.521,3621
8,283,1.047,3980
8,284,-1.554,4068
8,285,0.526,3431
8,286,0.000,3380
8,287,0.524,3184
8,288,0.000,3457
8,289,2.083,4128
8,290,0.000,3363
8,291,0.000,3077
8,292,0.510,3021
8,293,0.000,3317
8,294,-1.015,3259
8,295,-0.513,3662
8,296,-0.515,3090
8,297,0.000,3087
8,298,1.554,3589
8,299,0.000,3429
8,300,-1.531,3704
8,301,0.000,3342
8,302,-0.518,3848
8,303,-1.042,3929
8,304,1.053,3988
8,305,-1.042,3646
8,306,-0.526,3442
8,307,0.000,3399
8,308,0.529,3563
8,309,1.053,3748
8,310,-2.083,4289
8,311,0.000,2908
8,312,0.532,3821
8,313,0.000,3016
8,314,-1.058,3817
8,315,0.000,2965
8,316,0.535,3235
8,317,-1.596,3937
8,318,0.541,2989
8,319,0.000,3253
8,320,1.075,3799
8,321,0.000,3244
8,322,0.000,3033
8,323,0.000,3210
8,324,-0.532,3114
8,325,0.535,3317
8,326,0.000,2817
8,327,0.000,3185
8,328,0.000,3442
8,329,1.064,4001
8,330,-1.053,3604
8,331,-1.064,4321
8,332,-1.075,3899
8,333,-1.087,3519
8,334,-1.099,3762
8,335,0.556,3341
8,336,0.000,3133
8,337,-0.552,3128
8,338,-1.667,4468
8,339,1.695,3811
8,340,-1.667,3990
8,341,-0.565,3882
8,342,0.000,3227
8,343,1.136,4137
8,344,-1.124,3833
8,345,-0.568,3889
8,346,-1.143,3817
8,347,0.578,3336
8,348,-0.575,3379
8,349,1.156,3667
8,350,-0.571,3400
8,351,-0.575,3686
8,352,0.578,3214
8,353,-0.575,3273
8,354,-1.156,3776
8,355,0.585,3451
8,356,0.581,3427
8,357,0.578,3228
8,358,1.149,3544
8,359,-0.568,3040
8,360,0.000,3610
8,361,1.143,3797
8,362,0.000,3377
8,363,-0.565,3623
8,364,0.000,2657
8,365,0.000,3564
8,366,-0.568,3183
8,367,-0.571,3301
8,368,-0.575,3059
8,369,0.578,3501
8,370,1.149,4303
8,371,0.568,3989
8,372,1.130,3828
8,373,-0.559,3485
8,374,-0.562,3408
8,375,0.565,3740
8,376,0.562,3440
8,377,-0.559,3129
8,378,2.809,5324
8,379,2.186,4518
8,380,0.535,3422
8,381,-0.532,3650
8,382,0.535,3496
8,383,-1.064,4229
8,384,-1.613,3765
8,385,2.186,4917
8,386,-1.604,4584
8,387,2.174,4598
8,388,1.596,3555
8,389,2.094,4519
8,390,-0.513,3243
8,391,-0.515,3085
8,392,-1.036,3854
8,393,-1.571,4468
8,394,0.532,3435
8,395,1.058,3597
8,396,1.047,3433
8,397,0.518,3202
8,398,1.031,3841
8,399,1.020,3846
8,400,-1.515,4090
8,401,-0.513,3646
8,402,-1.031,4136
8,403,1.562,3937
8,404,-1.538,4468
8,405,-0.521,2889
8,406,0.000,3345
8,407,0.524,3845
8,408,0.000,3202
8,409,0.000,3043
8,410,-1.042,3228
8,411,-1.053,3943
8,412,0.532,2880
8,413,0.000,2891
8,414,-0.529,3312
8,415,1.596,4436
8,416,-2.094,4206
8,417,2.139,4472
8,418,0.000,2975
8,419,0.000,2864
8,420,-0.524,3142
8,421,0.000,3076
8,422,0.000,2926
8,423,0.000,2818
8,424,-0.526,3081
8,425,-2.116,4706
8,426,-0.541,3988
8,427,1.630,4235
8,428,-1.070,3939
8,429,0.000,2763
8,430,-0.541,3220
8,431,-1.630,4143
8,432,0.552,3111
8,433,0.549,3428
8,434,0.000,3112
8,435,0.000,2878
8,436,0.000,3294
8,437,0.546,4057
8,438,2.174,4977
8,439,0.532,2850
8,440,0.529,3075
8,441,0.526,3065
8,442,-1.571,4350
8,443,-1.064,3444
8,444,-0.538,3021
8,445,-1.081,3905
8,446,-0.546,3397
8,447,0.549,3180
8,448,-0.546,3865
8,449,2.198,4837
8,450,0.538,3205
8,451,-0.535,2936
8,452,0.000,2809
8,453,0.000,2651
8,454,-0.538,3985
8,455,-0.541,3596
8,456,-1.087,3837
8,457,0.000,3518
8,458,-1.099,4169
8,459,-0.556,3754
8,460,0.559,3638
8,461,-1.111,3583
8,462,0.562,3201
8,463,0.000,3184
8,464,0.000,3068
8,465,0.000,3424
8,466,0.559,3128
8,467,0.556,3791
8,468,0.552,3193
8,469,1.099,3611
8,470,-0.543,3357
8,471,1.093,3708
8,472,1.622,4396
8,473,0.000,2643
8,474,2.128,4874
8,475,0.000,2729
8,476,-0.521,3467
8,477,1.047,3913
8,478,2.073,4118
8,479,0.000,2866
8,480,1.523,4067
8,481,-0.500,3022
8,482,0.503,3183
8,483,-1.000,4009
8,484,0.000,2905
8,485,0.000,3432
8,486,0.505,3324
8,487,0.000,3340
8,488,-1.508,4461
8,489,0.510,3463
8,490,0.000,2931
8,491,0.508,4100
8,492,-0.505,3524
8,493,-0.508,3134
8,494,1.531,3840
8,495,0.000,3482
8,496,-0.503,3539
8,497,-1.010,3356
8,498,-0.510,3227
8,499,-1.538,3649
8,500,0.000,3216
8,501,-0.521,3381
8,502,-0.524,3061
8,503,0.000,2931
8,504,-1.053,3535
8,505,1.064,3877
8,506,0.526,3459
8,507,1.571,3905
8,508,0.000,3358
8,509,0.000,3144
8,510,-0.515,3827
8,511,0.000,3482
8,512,0.518,3008
8,513,-1.546,4273
8,514,1.047,3429
8,515,0.000,2948
8,516,0.518,3673
8,517,0.515,3828
8,518,1.026,3433
8,519,1.015,3921
8,520,0.000,3173
8,521,-1.508,3874
8,522,-1.020,3920
8,523,-1.546,3954
8,524,1.047,3627
8,525,1.036,3730
8,526,-0.513,3925
8,527,0.000,2869
8,528,-0.515,3393
8,529,-0.518,3215
8,530,1.042,3465
8,531,1.031,3896
8,532,0.000,3046
8,533,1.531,4381
8,534,1.005,3886
8,535,0.995,3773
8,536,0.000,2638
8,537,-1.478,3962
8,538,-1.000,3480
8,539,2.525,5082
8,540,0.000,3146
8,541,1.478,4296
8,542,1.456,4081
8,543,-0.478,3683
8,544,-1.442,4093
8,545,0.976,3868
8,546,0.966,3295
8,547,-0.478,3214
8,548,0.000,2836
8,549,-0.962,3885
8,550,0.485,3616
8,551,0.483,2951
8,552,0.000,2630
8,553,0.000,2921
8,554,0.962,3593
8,555,-1.429,3895
8,556,0.000,3336
8,557,0.000,2906
8,558,-1.932,4398
8,559,-0.493,3065
8,560,-0.990,3620
8,561,-1.000,3910
8,562,0.000,3135
8,563,-0.505,3221
8,564,-1.015,3745
8,565,-0.513,3540
8,566,-0.515,3473
8,567,0.518,3255
8,568,1.031,4304
8,569,0.000,3174
8,570,-1.020,3590
8,571,0.000,2601
8,572,-1.031,3690
8,573,0.000,3198
8,574,-1.042,4222
8,575,0.000,2751
8,576,0.526,3636
8,577,-0.524,3747
8,578,1.053,4437
8,579,-0.521,3440
8,580,0.000,3215
8,581,0.000,3133
8,582,0.000,3008
8,583,0.524,2880
8,584,-1.042,4200
8,585,0.526,3589
8,586,-0.524,3238
8,587,1.053,3651
8,588,-0.521,2996
8,589,0.000,2810
8,590,-0.524,3150
8,591,-1.579,4457
8,592,-0.535,2986
8,593,1.075,3175
8,594,2.128,4958
8,595,0.000,2686
8,596,1.042,3684
8,597,-1.031,3642
8,598,0.000,2843
8,599,0.000,3221
8,600,-0.521,3980
8,601,1.047,3588
8,602,0.518,3434
8,603,-1.546,4073
8,604,1.047,3925
8,605,0.000,2794
8,606,1.036,4033
8,607,-1.538,4277
8,608,0.521,2952
8,609,-0.518,3202
8,610,0.521,2967
8,611,-0.518,3378
8,612,2.083,4608
8,613,-1.020,3767
8,614,-1.546,3878
8,615,0.000,2969
8,616,-1.571,4682
8,617,-0.532,3209
8,618,-1.070,3478
8,619,-0.541,3033
8,620,2.174,4652
8,621,1.064,3366
8,622,-1.053,3638
8,623,1.064,3805
8,624,1.579,3708
8,625,0.518,3211
8,626,0.515,3139
8,627,-0.513,3646
8,628,0.000,3441
8,629,-0.515,3299
8,630,-1.036,4080
8,631,-1.047,3934
8,632,0.000,2963
8,633,0.529,3500
8,634,-0.526,3508
8,635,0.000,2978
8,636,-1.058,3682
8,637,0.000,2900
8,638,0.535,3487
8,639,0.532,3185
8,640,-0.529,3922
8,641,1.596,4267
8,642,0.000,2905
8,643,-0.524,3267
8,644,0.526,3121
8,645,-1.571,4199
8,646,-0.532,3516
8,647,1.604,3887
8,648,-1.579,4174
8,649,-1.070,3708
8,650,1.081,3307
8,651,0.535,3912
8,652,-2.128,4114
8,653,1.630,3970
8,654,-0.535,3462
8,655,-1.075,3556
8,656,0.000,2993
8,657,-0.543,3508
8,658,-0.546,3602
8,659,0.000,3371
8,660,-0.549,2955
8,661,1.657,3683
8,662,0.543,3396
8,663,-1.081,3992
8,664,1.093,4071
8,665,2.162,4378
8,666,-0.529,3113
8,667,0.000,2991
8,668,-0.532,3169
8,669,1.070,3698
8,670,-0.529,3334
8,671,-1.064,3877
8,672,-1.075,4043
8,673,0.543,3623
8,674,-0.541,3080
8,675,-1.630,3705
8,676,-0.552,3480
8,677,1.111,4030
8,678,0.000,3438
8,679,-1.099,3464
8,680,1.667,4308
8,681,0.000,3517
8,682,-0.546,3186
8,683,0.000,3316
8,684,-0.549,3428
8,685,-0.552,3060
8,686,1.667,3756
8,687,0.000,2673
8,688,-1.093,3632
8,689,-0.552,3741
8,690,-0.556,3105
8,691,-0.559,3025
8,692,0.562,3279
8,693,-0.559,3883
8,694,-0.562,2726
8,695,0.000,2886
8,696,0.000,2650
8,697,-1.695,4100
8,698,1.724,4037
8,699,-0.565,3178
8,700,-0.568,3518
8,701,-1.143,3887
8,702,-1.156,3319
8,703,-0.585,3588
8,704,0.588,3392
8,705,-1.754,4603
8,706,0.000,3464
8,707,1.190,3780
8,708,-1.765,4085
8,709,-0.599,3058
8,710,1.205,4064
8,711,0.595,4013
8,712,-0.592,3349
8,713,0.595,3820
8,714,0.000,3281
8,715,-1.183,3690
8,716,0.000,2920
8,717,1.198,3534
8,718,1.183,3605
8,719,0.585,3542
8,720,1.163,3465
8,721,0.000,3291
8,722,0.575,3668
8,723,1.714,4106
8,724,-1.685,3690
8,725,0.000,3304
8,726,1.143,4121
8,727,1.130,4092
8,728,-0.559,3428
8,729,0.000,3154
8,730,-1.124,4361
8,731,0.568,3209
8,732,-0.565,3192
8,733,-0.568,3304
8,734,-1.143,3838
8,735,0.000,3099
8,736,-0.578,3832
8,737,-1.744,4258
8,738,-0.592,3868
8,739,0.000,2756
8,740,1.190,4159
8,741,0.000,3292
8,742,1.176,3108
8,743,0.000,2752
8,744,-0.581,3576
8,745,0.000,3314
8,746,-0.585,3012
8,747,0.000,3415
8,748,-0.588,3413
8,749,1.775,4151
8,750,1.163,4172
8,751,0.575,3439
8,752,0.000,2802
8,753,-0.571,3575
8,754,-0.575,3686
8,755,-1.156,3638
8,756,0.000,3059
8,757,0.000,3638
8,758,2.339,4555
8,759,0.571,3612
8,760,0.568,3140
8,761,0.565,3704
8,762,0.562,2846
8,763,0.559,3809
8,764,0.000,2868
8,765,1.667,4276
8,766,-1.639,3771
8,767,1.667,4170
8,768,0.000,2818
8,769,0.546,3371
8,770,-0.543,2884
8,771,1.093,3878
8,772,0.541,3373
8,773,0.538,2894
8,774,-1.070,3992
8,775,0.541,3380
8,776,0.000,3253
8,777,0.000,3277
8,778,2.151,4228
8,779,0.000,3504
8,780,0.526,3107
8,781,1.047,3757
8,782,2.073,4479
8,783,1.015,3127
8,784,0.503,3624
8,785,0.500,3471
8,786,0.000,3104
8,787,0.498,3599
8,788,0.000,3271
8,789,0.000,2966
8,790,0.495,3320
8,791,-0.493,3117
8,792,0.000,2617
8,793,0.990,3439
8,794,-1.471,4593
8,795,0.000,3127
8,796,-0.498,3575
8,797,0.500,3568
8,798,0.498,3317
8,799,-1.485,4505
8,800,-1.005,3437
8,801,-0.508,3820
8,802,3.061,5161
8,803,0.000,3386
8,804,0.000,2933
8,805,-0.495,3283
8,806,0.498,3010
8,807,0.000,3197
8,808,0.000,3257
8,809,0.000,3342
8,810,0.000,2997
8,811,0.000,3423
8,812,0.000,3188
8,813,-2.475,4714
8,814,0.508,3641
8,815,0.505,2834
8,816,0.503,3571
8,817,-0.500,3742
8,818,0.503,3348
8,819,0.500,3013
8,820,0.000,3437
8,821,-0.995,3853
8,822,1.005,3623
8,823,-1.493,4318
8,824,-1.010,4103
8,825,0.000,2906
8,826,-1.531,3925
8,827,-1.036,3518
8,828,1.047,3567
8,829,0.518,3152
8,830,0.515,3954
8,831,0.000,3218
8,832,0.000,3414
8,833,-0.513,3446
8,834,0.000,3357
8,835,1.546,4030
8,836,-1.523,3568
8,837,-1.031,4067
8,838,0.521,3390
8,839,1.036,3997
8,840,0.513,3319
8,841,-1.020,3539
8,842,0.515,2871
8,843,1.538,4246
8,844,0.000,2984
8,845,-1.010,3590
8,846,0.000,2630
8,847,-1.531,4212
8,848,1.554,3952
8,849,-0.510,3190
8,850,2.564,4386
8,851,0.000,2615
8,852,0.500,3740
8,853,-0.498,3251
8,854,0.500,3584
8,855,0.000,3574
8,856,-1.493,4042
8,857,-2.020,4145
8,858,2.062,4907
8,859,-0.505,3331
8,860,0.508,3439
8,861,1.515,4015
8,862,0.000,3393
8,863,-0.995,3537
8,864,0.503,3572
8,865,-0.500,3671
8,866,0.503,3730
8,867,-0.500,3779
8,868,0.000,3199
8,869,-1.005,3926
8,870,-1.523,3642
8,871,1.031,3755
8,872,1.020,3819
8,873,1.010,3467
8,874,0.000,2996
8,875,1.000,3195
8,876,-0.990,3962
8,877,1.000,4069
8,878,0.000,3067
8,879,0.000,3216
8,880,0.495,3263
8,881,0.493,3670
8,882,0.980,4209
8,883,0.000,2840
8,884,0.485,2889
8,885,0.483,3646
8,886,0.000,3227
8,887,0.481,3743
8,888,0.957,3911
8,889,1.422,4152
8,890,0.935,4145
8,891,-1.389,3761
8,892,-0.939,3574
8,893,-0.948,3673
8,894,-0.957,3590
8,895,0.483,3458
8,896,0.000,3197
8,897,-1.442,4112
8,898,0.000,3096
8,899,-0.488,3634
8,900,0.490,3621
8,901,-0.488,2914
8,902,0.000,3472
8,903,0.490,3342
8,904,-0.976,3229
8,905,0.985,3769
8,906,0.488,3044
8,907,0.971,3898
8,908,1.442,4205
8,909,-0.474,3512
8,910,0.000,3285
8,911,1.429,4063
8,912,-0.939,3631
8,913,0.000,3000
8,914,0.474,3314
8,915,-1.415,3584
8,916,0.000,2763
8,917,-1.914,4083
8,918,0.000,3061
8,919,0.488,3311
8,920,-0.485,3763
8,921,-0.488,3062
8,922,0.000,3026
8,923,0.000,3229
8,924,0.490,3339
8,925,0.976,3480
8,926,-0.966,3726
8,927,-0.488,2965
8,928,0.490,3180
8,929,1.463,4097
8,930,0.481,3415
8,931,0.000,3447
8,932,-0.478,3369
8,933,-1.442,4575
8,934,0.000,3073
8,935,0.488,3631
8,936,-0.485,3819
8,937,1.463,3742
8,938,0.481,3340
8,939,0.478,3425
8,940,-0.476,3595
8,941,-0.957,3199
8,942,0.966,4083
8,943,0.957,3227
8,944,1.422,4289
8,945,0.000,2796
8,946,-0.467,3158
8,947,0.469,3303
8,948,0.000,3194
8,949,-0.467,3496
8,950,0.469,3369
8,951,-0.467,3239
8,952,-0.939,3428
8,953,0.948,3150
8,954,0.000,3120
8,955,-0.939,3556
8,956,-0.948,3750
8,957,-0.478,3147
8,958,0.000,3169
8,959,0.481,3537
8,960,-0.478,3190
8,961,-1.442,3997
8,962,0.000,2869
8,963,-0.488,3390
8,964,0.490,3093
8,965,0.000,2947
8,966,-1.463,4214
8,967,0.495,3504
8,968,0.000,3162
8,969,-1.478,4283
8,970,-0.500,3674
8,971,1.005,3791
8,972,0.000,3093
8,973,0.995,3493
8,974,1.970,4402
8,975,0.483,3149
8,976,-0.481,3408
8,977,0.966,3380
8,978,-0.478,3398
8,979,0.481,3477
8,980,-1.435,3709
8,981,-0.485,3272
8,982,-0.976,3603
8,983,0.985,3874
8,984,0.000,3258
8,985,0.488,3606
8,986,-0.971,3717
8,987,-0.490,3617
8,988,0.493,3647
8,989,-0.980,3255
8,990,0.000,2591
8,991,0.000,3606
8,992,0.495,3228
8,993,0.985,3614
8,994,-0.976,4072
8,995,-0.493,3450
8,996,0.000,2939
8,997,0.000,3512
8,998,0.990,3332
8,999,0.000,3190
8,1000,0.980,3473
8,1001,0.485,2935
8,1002,1.449,4204
8,1003,-1.429,3721
8,1004,2.415,5059
8,1005,-0.472,3268
8,1006,0.000,2844
8,1007,0.000,3096
8,1008,0.948,3993
8,1009,0.000,3639
8,1010,0.469,3158
8,1011,0.467,3494
8,1012,0.930,3550
8,1013,0.000,3248
8,1014,-2.304,4729
8,1015,-0.472,3846
8,1016,0.948,3506
8,1017,-1.408,4246
8,1018,0.952,3572
8,1019,-1.415,4525
8,1020,-0.478,3380
8,1021,0.000,3073
8,1022,0.000,2962
8,1023,1.923,4607
8,1024,-0.472,3685
8,1025,0.000,2839
8,1026,-0.474,3022
8,1027,-0.952,3850
8,1028,-0.962,3459
8,1029,0.971,3309
8,1030,0.481,3454
8,1031,0.478,3146
8,1032,0.952,3132
8,1033,0.472,3164
8,1034,1.408,3808
8,1035,-0.926,3684
8,1036,-0.935,4008
8,1037,0.000,2757
8,1038,0.472,3566
8,1039,0.939,3968
8,1040,-0.930,3878
8,1041,-0.469,3765
8,1042,0.000,2920
8,1043,-0.472,3628
8,1044,-0.948,3987
8,1045,1.435,3803
8,1046,0.943,3686
8,1047,0.935,3856
8,1048,0.000,2899
8,1049,-0.463,3066
8,1050,-0.465,3521
8,1051,-0.935,4021
8,1052,-0.472,3537
8,1053,0.000,2755
8,1054,0.474,3246
8,1055,0.472,2990
8,1056,0.000,2874
8,1057,0.000,3686
8,1058,-0.469,3148
8,1059,-0.472,3745
8,1060,-0.948,4042
8,1061,0.957,3392
8,1062,-0.474,3488
8,1063,-0.476,3347
8,1064,-0.478,2782
8,1065,1.442,4163
8,1066,-0.474,3017
8,1067,0.952,3575
8,1068,0.000,3246
8,1069,0.472,3761
8,1070,0.469,3898
8,1071,0.467,3164
8,1072,0.000,3174
8,1073,0.465,2981
8,1074,-0.926,3738
8,1075,-0.467,3662
8,1076,0.000,2812
8,1077,-0.939,3602
8,1078,-0.474,3468
8,1079,-0.476,3398
8,1080,0.478,2927
8,1081,-0.476,3474
8,1082,1.435,3572
8,1083,0.472,3573
8,1084,0.469,3209
8,1085,0.467,3111
8,1086,-1.860,4401
8,1087,0.948,3302
8,1088,0.469,3687
8,1089,0.000,2829
8,1090,0.467,3222
8,1091,0.000,2911
8,1092,0.000,2803
8,1093,0.930,3722
8,1094,0.000,3304
8,1095,-0.461,3268
8,1096,0.000,2934
8,1097,0.463,3723
8,1098,-0.461,3345
8,1099,-0.926,3374
8,1100,0.935,3897
8,1101,-1.389,4001
8,1102,0.469,2837
8,1103,0.935,3481
8,1104,0.000,3185
8,1105,-0.463,3720
8,1106,0.000,2991
8,1107,-0.465,2904
8,1108,0.467,3387
8,1109,-0.465,3570
8,1110,-1.402,4095
8,1111,-0.474,3455
8,1112,0.476,3571
8,1113,0.474,3478
8,1114,-1.415,4335
8,1115,0.000,2941
8,1116,0.957,3964
8,1117,0.948,3311
8,1118,0.939,3826
8,1119,0.930,4153
8,1120,0.000,3105
8,1121,-1.382,3767
8,1122,-0.467,3148
8,1123,1.408,3499
8,1124,0.926,3760
8,1125,0.459,3280
8,1126,-0.913,3948
8,1127,-0.461,3254
8,1128,0.000,3427
8,1129,-0.926,3662
8,1130,1.869,4293
8,1131,-0.459,3393
8,1132,0.000,3300
8,1133,0.922,3202
8,1134,0.457,3075
8,1135,-2.727,4430
8,1136,-1.869,4684
8,1137,-1.429,3949
8,1138,0.483,3073
8,1139,0.481,3676
8,1140,-0.957,3635
8,1141,0.000,3492
8,1142,0.000,3203
8,1143,0.483,3048
8,1144,1.442,4429
8,1145,-0.948,3655
8,1146,0.000,2910
8,1147,-1.435,4697
8,1148,0.485,3498
8,1149,-0.483,3447
8,1150,0.971,3441
8,1151,0.000,3522
8,1152,-0.962,3173
8,1153,0.000,2938
8,1154,0.000,3163
8,1155,-0.485,3119
8,1156,0.000,3514
8,1157,0.976,3723
8,1158,0.483,3648
8,1159,0.481,3683
8,1160,0.000,2890
8,1161,-0.957,3193
8,1162,0.000,2933
8,1163,0.483,3379
8,1164,0.962,3596
8,1165,0.000,3112
8,1166,-0.476,3356
8,1167,1.435,3722
8,1168,0.000,2981
8,1169,0.000,3404
8,1170,-0.943,3044
8,1171,-0.476,3032
8,1172,1.435,3903
8,1173,0.000,3322
8,1174,-1.415,3991
8,1175,0.000,3263
8,1176,-0.478,3619
8,1177,-1.442,4073
8,1178,-0.976,3593
8,1179,-0.493,2962
8,1180,0.990,3305
8,1181,-1.471,3549
8,1182,-0.995,3784
8,1183,-1.508,4012
8,1184,-0.510,2948
8,1185,0.513,3277
8,1186,0.510,3820
8,1187,0.508,2960
8,1188,-1.515,3673
8,1189,-1.026,3421
8,1190,0.000,3303
8,1191,1.036,3313
8,1192,0.000,3040
8,1193,-1.026,4179
8,1194,0.518,3712
8,1195,0.000,3032
8,1196,0.515,3697
8,1197,0.513,3792
8,1198,0.000,3710
8,1199,-1.020,3966
8,1200,1.546,3937
8,1201,0.000,3211
8,1202,0.000,2667
8,1203,-1.015,3440
8,1204,1.026,3255
8,1205,0.000,3148
8,1206,-0.508,3549
8,1207,-1.531,4496
8,1208,0.000,2778
8,1209,0.518,3707
8,1210,-0.515,2951
8,1211,0.518,3454
8,1212,0.515,3596
8,1213,-1.026,3335
8,1214,-0.518,3216
8,1215,2.083,4351
8,1216,-0.510,3096
8,1217,2.051,4105
8,1218,0.503,3652
8,1219,-0.500,2967
8,1220,-0.503,3255
8,1221,-0.505,3321
8,1222,1.015,3797
8,1223,-0.503,3286
8,1224,0.000,2905
8,1225,1.515,4401
8,1226,-1.493,4160
8,1227,0.505,3405
8,1228,-1.005,3773
8,1229,0.000,3052
8,1230,0.000,3038
8,1231,0.000,3305
8,1232,-0.508,3007
8,1233,0.510,3566
8,1234,0.508,3378
8,1235,1.010,3824
8,1236,0.500,3313
8,1237,0.995,3714
8,1238,1.478,4199
8,1239,0.485,3808
8,1240,0.000,3179
8,1241,1.449,3633
8,1242,-0.476,3133
8,1243,0.000,3609
8,1244,-0.478,3194
8,1245,0.481,2944
8,1246,-0.478,3199
8,1247,-0.481,3906
8,1248,-0.483,2847
8,1249,-1.942,4952
8,1250,-0.495,3565
8,1251,0.498,3174
8,1252,1.485,4003
8,1253,-2.439,4635
8,1254,-1.500,4374
8,1255,-0.508,3216
8,1256,-1.020,3892
8,1257,-1.546,4504
8,1258,-1.571,4412
8,1259,0.000,2950
8,1260,-1.064,3622
8,1261,0.538,3160
8,1262,-1.070,3417
8,1263,1.622,3731
8,1264,1.064,4286
8,1265,1.053,3194
8,1266,0.000,3320
8,1267,0.521,2993
8,1268,0.000,3274
8,1269,-0.518,3734
8,1270,-1.042,3699
8,1271,0.526,3353
8,1272,1.571,4493
8,1273,1.546,3863
8,1274,0.000,3690
8,1275,0.508,3345
8,1276,-0.505,3646
8,1277,-1.015,3298
8,1278,-1.026,4124
8,1279,-0.518,3292
8,1280,1.562,4171
8,1281,0.513,3408
8,1282,0.000,3379
8,1283,1.531,3847
8,1284,-0.503,3275
8,1285,0.000,2730
8,1286,1.515,3781
8,1287,0.995,3450
8,1288,-1.478,3874
8,1289,-1.500,4172
8,1290,2.030,4974
8,1291,1.493,3615
8,1292,-0.980,3650
8,1293,0.495,3258
8,1294,0.493,3436
8,1295,0.980,4097
8,1296,-0.971,3591
8,1297,-0.490,4023
8,1298,0.000,3445
8,1299,1.478,4014
8,1300,0.000,3081
8,1301,0.485,3728
8,1302,0.483,3223
8,1303,0.481,3250
8,1304,-0.478,3565
8,1305,-0.481,2950
8,1306,0.483,3302
8,1307,0.481,3771
8,1308,0.000,3173
8,1309,1.914,4687
8,1310,0.000,3084
8,1311,0.939,4203
8,1312,0.465,3500
8,1313,0.000,3237
8,1314,1.389,4319
8,1315,-1.370,4068
8,1316,0.000,3356
8,1317,0.000,3371
8,1318,0.000,2964
8,1319,-1.389,3996
8,1320,-0.469,3380
8,1321,0.000,3372
8,1322,0.472,3555
8,1323,-0.469,3611
8,1324,-0.472,3494
8,1325,0.000,3426
8,1326,1.422,4758
8,1327,0.000,3357
8,1328,1.869,4520
8,1329,0.459,2601
8,1330,-1.370,4124
8,1331,0.463,3606
8,1332,0.461,3239
8,1333,0.917,3452
8,1334,0.455,3209
8,1335,-0.905,3681
8,1336,-0.457,2805
8,1337,0.459,3481
8,1338,0.000,3169
8,1339,-1.826,4398
8,1340,-1.395,3848
8,1341,0.472,2897
8,1342,0.000,3599
8,1343,0.469,3184
8,1344,-0.935,3070
8,1345,0.943,3118
8,1346,1.402,4119
8,1347,0.000,3505
8,1348,-1.382,4654
8,1349,-0.467,3464
8,1350,-0.469,3338
8,1351,0.472,3679
8,1352,-0.469,3123
8,1353,-0.472,3507
8,1354,0.948,3785
8,1355,-0.469,3643
8,1356,0.000,3308
8,1357,0.000,2712
8,1358,0.472,3454
8,1359,-1.408,4264
8,1360,0.000,3342
8,1361,1.429,4479
8,1362,-0.469,3396
8,1363,0.472,2915
8,1364,-0.469,3194
8,1365,0.472,2921
8,1366,-1.878,4206
8,1367,-1.914,4792
8,1368,-0.488,3367
8,1369,0.490,3075
8,1370,-1.463,4470
8,1371,1.980,4409
8,1372,-1.456,3986
8,1373,1.478,4615
8,1374,0.485,2856
8,1375,0.966,3654
8,1376,0.478,3381
8,1377,0.476,3485
8,1378,-0.474,3052
8,1379,-1.429,4326
8,1380,-0.483,3474
8,1381,0.485,2860
8,1382,0.483,3611
8,1383,0.481,3119
8,1384,-0.478,3741
8,1385,-0.962,3666
8,1386,0.971,3538
8,1387,-0.481,3572
8,1388,-0.483,3094
8,1389,-0.485,3653
8,1390,0.976,3813
8,1391,0.000,2680
8,1392,0.966,4165
8,1393,1.435,4179
8,1394,-2.830,4634
8,1395,0.485,2808
8,1396,0.483,3864
8,1397,0.481,3624
8,1398,-0.957,3390
8,1399,0.000,2887
8,1400,0.483,3274
8,1401,0.000,2777
8,1402,0.962,3820
8,1403,0.476,3270
8,1404,0.000,3395
8,1405,0.474,3348
8,1406,1.415,4200
8,1407,0.000,3209
8,1408,1.395,3780
8,1409,0.000,2781
8,1410,-0.459,3308
8,1411,-0.461,3404
8,1412,0.000,3034
8,1413,0.926,3629
8,1414,1.376,3936
8,1415,-0.905,3728
8,1416,1.826,4351
8,1417,0.897,3530
8,1418,0.889,3635
8,1419,-0.441,3377
8,1420,0.885,3909
8,1421,0.439,3650
8,1422,-0.437,3694
8,1423,0.877,3965
8,1424,-0.870,3342
8,1425,-0.877,3978
8,1426,-0.442,3221
8,1427,0.889,3904
8,1428,1.322,3646
8,1429,0.000,2792
8,1430,-0.870,3846
8,1431,-1.316,4086
8,1432,-0.889,4249
8,1433,0.448,3127
8,1434,-0.893,3790
8,1435,1.802,4178
8,1436,1.770,4427
8,1437,1.304,4153
8,1438,0.858,3395
8,1439,0.851,3891
8,1440,-0.422,3127
9,1,0.827,4748
9,2,0.277,4326
9,3,-0.361,3585
9,4,-0.625,3973
9,5,0.191,3660
9,6,0.292,3823
9,7,0.099,3732
9,8,0.085,3800
9,9,-0.393,3495
9,10,0.281,4152
9,11,-0.808,4059
9,12,0.279,3580
9,13,0.623,3912
9,14,-0.871,4425
9,15,0.676,4397
9,16,-0.574,3929
9,17,0.006,3558
9,18,0.220,3448
9,19,0.128,3242
9,20,0.140,3423
9,21,0.239,3753
9,22,0.083,3669
9,23,0.535,3736
9,24,0.331,4240
9,25,-0.066,3292
9,26,0.401,4061
9,27,-0.339,4317
9,28,-0.218,3423
9,29,-0.086,4009
9,30,-0.105,3719
9,31,-0.058,4134
9,32,0.025,3683
9,33,-0.536,3630
9,34,0.221,3454
9,35,-0.432,3820
9,36,-0.277,4020
9,37,0.053,4138
9,38,-0.360,4057
9,39,-0.320,4327
9,40,0.130,3786
9,41,-0.424,3658
9,42,0.590,4663
9,43,0.083,4008
9,44,-0.074,3389
9,45,-0.341,3873
9,46,0.648,3944
9,47,-0.357,3882
9,48,-0.197,3748
9,49,0.792,4856
9,50,-0.568,3658
9,51,0.759,4456
9,52,-0.764,4571
9,53,0.377,4258
9,54,0.200,3789
9,55,0.341,3716
9,56,-0.625,4392
9,57,0.172,3712
9,58,-0.313,3671
9,59,0.398,4087
9,60,0.124,3612
9,61,-0.185,3720
9,62,0.224,3752
9,63,0.649,4209
9,64,0.290,3362
9,65,0.473,4097
9,66,0.273,3702
9,67,0.108,3855
9,68,-0.080,3687
9,69,-0.290,3453
9,70,-0.554,4451
9,71,0.286,3645
9,72,0.188,3671
9,73,-0.072,3794
9,74,-0.330,3689
9,75,-0.335,3735
9,76,0.111,3661
9,77,-0.324,3425
9,78,0.128,3282
9,79,0.342,4298
9,80,-0.226,4098
9,81,0.010,3658
9,82,-0.201,3823
9,83,0.407,4131
9,84,-0.444,3681
9,85,0.110,4204
9,86,0.162,3293
9,87,0.069,4081
9,88,-0.103,3231
9,89,0.415,3584
9,90,0.034,3799
9,91,0.078,4165
9,92,-0.545,4139
9,93,0.789,4362
9,94,0.151,3861
9,95,0.795,4843
9,96,-0.130,3281
9,97,0.559,3633
9,98,0.437,3748
9,99,0.490,3642
9,100,-0.127,4073
9,101,-0.150,3746
9,102,0.092,3759
9,103,0.042,3827
9,104,0.274,3709
9,105,0.265,4026
9,106,0.332,4212
9,107,0.097,3200
9,108,0.301,3709
9,109,-0.543,3937
9,110,-0.201,3988
9,111,0.843,4226
9,112,-0.140,3920
9,113,-0.343,3493
9,114,0.101,3741
9,115,-0.424,3876
9,116,0.049,3552
9,117,-0.382,3602
9,118,0.167,3676
9,119,0.260,3638
9,120,-0.380,3691
9,121,0.527,3780
9,122,0.015,3803
9,123,-0.460,4412
9,124,-0.030,3683
9,125,-0.338,3473
9,126,0.148,3333
9,127,0.507,3910
9,128,0.241,4016
9,129,-0.116,3683
9,130,0.430,3970
9,131,0.729,4249
9,132,-0.174,3874
9,133,0.556,4303
9,134,0.081,3584
9,135,-0.087,3259
9,136,0.095,3874
9,137,-0.518,3781
9,138,0.574,3779
9,139,-0.398,3535
9,140,-0.477,4102
9,141,-0.298,3643
9,142,-0.736,4258
9,143,-0.498,4007
9,144,0.105,4214
9,145,0.069,3691
9,146,0.019,3671
9,147,-0.346,3774
9,148,-0.015,3560
9,149,0.561,3841
9,150,-0.152,3361
9,151,0.108,3531
9,152,-0.234,3733
9,153,-0.045,3898
9,154,-0.386,3742
9,155,0.128,3524
9,156,-0.111,3531
9,157,0.544,4165
9,158,0.329,4118
9,159,0.285,3517
9,160,-0.638,4060
9,161,0.057,3441
9,162,-0.096,3764
9,163,-0.195,3459
9,164,-0.145,4129
9,165,-0.014,3943
9,166,0.380,4124
9,167,-0.069,3681
9,168,0.030,3200
9,169,0.638,4131
9,170,-0.334,3596
9,171,0.518,3572
9,172,0.171,4240
9,173,-0.152,3763
9,174,-0.113,3401
9,175,0.293,4002
9,176,0.042,4131
9,177,0.461,3570
9,178,0.227,3676
9,179,0.079,4128
9,180,-0.283,4300
9,181,0.380,3660
9,182,0.411,3634
9,183,-0.547,4370
9,184,0.032,3824
9,185,0.029,4109
9,186,0.630,3911
9,187,-0.097,3704
9,188,-0.341,4262
9,189,-0.186,4250
9,190,0.230,3999
9,191,0.363,3630
9,192,0.048,3518
9,193,0.083,3665
9,194,0.387,3526
9,195,-0.327,3553
9,196,0.065,3703
9,197,-0.281,3810
9,198,-0.194,3314
9,199,-0.515,3842
9,200,-0.510,4230
9,201,-0.384,3976
9,202,-0.331,4140
9,203,0.406,3478
9,204,-0.606,4369
9,205,-0.424,4468
9,206,-0.191,3973
9,207,-0.486,3810
9,208,0.049,4086
9,209,0.189,3982
9,210,0.324,3810
9,211,0.505,3667
9,212,0.212,4293
9,213,-0.844,4120
9,214,0.160,3357
9,215,-0.443,3793
9,216,0.052,3332
9,217,0.434,3585
9,218,0.588,4667
9,219,-0.766,4061
9,220,0.038,3515
9,221,-0.768,4218
9,222,0.340,3808
9,223,0.504,3898
9,224,0.079,3847
9,225,-0.263,3534
9,226,0.453,3606
9,227,0.041,3806
9,228,0.428,4043
9,229,0.152,3881
9,230,0.623,3716
9,231,1.120,4673
9,232,-0.240,4313
9,233,0.074,3920
9,234,0.254,3468
9,235,-0.562,4625
9,236,0.205,3830
9,237,-0.107,3379
9,238,-0.146,3481
9,239,0.192,3762
9,240,-0.396,4097
9,241,-0.121,3307
9,242,-0.247,3563
9,243,0.127,3577
9,244,-0.168,3502
9,245,0.200,3828
9,246,0.181,3989
9,247,-0.003,3454
9,248,-0.533,3622
9,249,-0.524,4246
9,250,0.491,3656
9,251,-0.406,4097
9,252,0.206,4006
9,253,-1.129,4797
9,254,0.157,3794
9,255,0.064,3155
9,256,-0.871,4272
9,257,-0.162,3269
9,258,0.326,4320
9,259,-0.399,4278
9,260,-0.086,3208
9,261,-0.041,4050
9,262,0.080,4023
9,263,0.652,4629
9,264,0.655,4355
9,265,-0.210,3681
9,266,-0.750,4740
9,267,0.259,3988
9,268,0.127,3341
9,269,-0.472,4012
9,270,-0.783,3899
9,271,-0.122,3839
9,272,-0.161,3595
9,273,0.473,3740
9,274,-0.460,3642
9,275,0.024,3740
9,276,-0.230,4234
9,277,-0.506,4062
9,278,0.038,3974
9,279,0.448,4199
9,280,0.279,3380
9,281,-0.197,3777
9,282,-0.776,3895
9,283,-0.477,3572
9,284,-0.015,3547
9,285,0.072,4013
9,286,-0.161,3647
9,287,0.457,4170
9,288,-0.055,3224
9,289,-0.527,4602
9,290,-0.491,3797
9,291,-0.190,3543
9,292,-0.412,3690
9,293,-0.870,4621
9,294,0.070,3940
9,295,0.255,4163
9,296,0.145,4180
9,297,0.436,4276
9,298,-0.132,3572
9,299,0.843,4693
9,300,0.717,4138
9,301,0.227,3366
9,302,0.166,4015
9,303,0.757,4157
9,304,-0.175,3407
9,305,0.463,3897
9,306,-0.584,4426
9,307,1.008,4731
9,308,0.253,3984
9,309,-0.135,3977
9,310,-0.113,3968
9,311,0.331,3640
9,312,0.395,3581
9,313,-0.204,3288
9,314,0.014,3891
9,315,-0.155,3868
9,316,0.317,4071
9,317,-0.346,3894
9,318,0.569,4576
9,319,0.664,4104
9,320,-0.189,3337
9,321,-0.053,3517
9,322,-0.153,4204
9,323,0.549,4289
9,324,-0.062,3271
9,325,0.721,4261
9,326,-0.135,4049
9,327,-0.015,3847
9,328,-0.037,4105
9,329,0.386,4031
9,330,0.362,3824
9,331,0.500,3991
9,332,-0.085,3224
9,333,0.324,4336
9,334,0.507,4220
9,335,-0.266,4189
9,336,0.037,3258
9,337,-0.337,3454
9,338,-0.486,3820
9,339,0.154,4008
9,340,0.496,3881
9,341,0.066,4052
9,342,0.283,3431
9,343,0.567,3635
9,344,0.249,4053
9,345,-0.362,4021
9,346,0.066,3275
9,347,0.337,4166
9,348,0.144,3519
9,349,0.109,3601
9,350,0.490,4422
9,351,-0.056,3317
9,352,-0.341,3938
9,353,-0.287,4240
9,354,-0.299,3437
9,355,0.129,3899
9,356,0.484,4188
9,357,-0.033,4111
9,358,0.308,3814
9,359,-0.166,3540
9,360,-0.070,4136
9,361,0.215,4017
9,362,-0.005,3795
9,363,-0.342,3998
9,364,-0.275,3861
9,365,0.617,4489
9,366,-1.229,5091
9,367,0.166,3625
9,368,-0.436,3579
9,369,0.495,3873
9,370,-0.222,4285
9,371,0.075,3798
9,372,0.290,4283
9,373,0.211,3687
9,374,-0.072,3378
9,375,0.166,3890
9,376,-0.792,4614
9,377,0.267,4059
9,378,-0.068,3782
9,379,-0.313,4308
9,380,-0.254,4079
9,381,0.431,4121
9,382,0.028,3303
9,383,1.122,4425
9,384,-0.280,4194
9,385,0.698,4663
9,386,0.044,4147
9,387,0.337,3489
9,388,-0.217,4052
9,389,0.327,3933
9,390,0.336,4270
9,391,0.701,4427
9,392,0.404,4287
9,393,-0.047,4135
9,394,0.795,4612
9,395,0.010,3784
9,396,-0.114,3954
9,397,0.222,4190
9,398,0.142,3452
9,399,0.028,3808
9,400,-0.299,3444
9,401,-0.062,3967
9,402,-0.682,4299
9,403,0.070,3233
9,404,0.483,3540
9,405,-0.767,4503
9,406,0.003,3485
9,407,0.190,3684
9,408,-0.494,3703
9,409,0.666,4296
9,410,-0.347,3462
9,411,0.419,3819
9,412,-0.256,3701
9,413,-0.909,4522
9,414,0.025,3218
9,415,0.014,3292
9,416,-0.303,4039
9,417,-0.136,3401
9,418,-0.704,4617
9,419,-0.180,3550
9,420,-0.682,4208
9,421,-0.504,3777
9,422,-0.181,3986
9,423,0.072,3783
9,424,0.043,4091
9,425,0.307,4324
9,426,0.159,4245
9,427,0.552,4555
9,428,-0.578,4268
9,429,-0.259,3628
9,430,-0.581,4179
9,431,0.725,4079
9,432,0.476,4550
9,433,0.300,4274
9,434,-0.199,3787
9,435,-0.185,3863
9,436,-0.374,4308
9,437,-0.341,3739
9,438,-0.247,3925
9,439,-0.461,3944
9,440,-0.253,3783
9,441,-0.174,3487
9,442,0.080,3669
9,443,0.046,4106
9,444,-0.040,3687
9,445,-0.397,4095
9,446,0.586,4180
9,447,-0.303,4352
9,448,-0.282,3610
9,449,-0.115,3317
9,450,0.276,3960
9,451,-0.387,3972
9,452,0.571,3649
9,453,-1.108,5088
9,454,-0.455,4310
9,455,-0.717,4012
9,456,-0.059,3394
9,457,-0.209,4002
9,458,0.210,3634
9,459,0.593,4286
9,460,0.066,3263
9,461,-0.383,4294
9,462,-0.088,3486
9,463,-0.039,3357
9,464,0.147,3527
9,465,-0.213,3835
9,466,0.062,3443
9,467,-0.125,3639
9,468,0.544,3597
9,469,-0.166,3671
9,470,0.048,3291
9,471,0.087,3995
9,472,-0.424,3912
9,473,0.542,4219
9,474,0.290,4247
9,475,-0.011,3462
9,476,0.660,3952
9,477,-0.084,3845
9,478,0.498,4378
9,479,-0.479,3912
9,480,0.320,4418
9,481,-0.267,3673
9,482,0.498,4039
9,483,0.639,4114
9,484,-0.100,4026
9,485,-0.027,3805
9,486,0.199,3820
9,487,0.766,3885
9,488,0.360,4275
9,489,-0.720,4301
9,490,0.075,3791
9,491,0.680,4000
9,492,0.212,3869
9,493,0.125,4026
9,494,0.010,3540
9,495,-0.051,3843
9,496,-0.252,4235
9,497,-0.295,3412
9,498,0.464,4097
9,499,0.034,3803
9,500,0.795,4380
9,501,-0.146,3425
9,502,0.039,3662
9,503,-0.285,4339
9,504,-0.115,3428
9,505,0.528,3760
9,506,-0.546,4038
9,507,0.125,3835
9,508,-0.061,3538
9,509,0.164,3441
9,510,-0.127,3266
9,511,-0.522,4547
9,512,-0.002,3623
9,513,-0.083,3397
9,514,0.469,4037
9,515,-0.303,3382
9,516,-0.166,4026
9,517,0.325,4414
9,518,-0.289,3458
9,519,-0.017,3488
9,520,0.043,3497
9,521,-0.141,4197
9,522,-0.693,3841
9,523,-0.818,4035
9,524,0.582,4089
9,525,0.629,4031
9,526,-0.249,4131
9,527,-0.225,4133
9,528,0.276,3689
9,529,0.552,4432
9,530,-0.689,4581
9,531,0.087,4166
9,532,0.090,4068
9,533,-0.262,3400
9,534,0.082,3705
9,535,-0.339,3681
9,536,0.133,4225
9,537,0.303,3394
9,538,-0.382,4354
9,539,-0.511,4227
9,540,0.521,4202
9,541,-0.642,4501
9,542,-0.483,4449
9,543,0.187,4220
9,544,-0.082,3888
9,545,-0.554,4534
9,546,0.583,4541
9,547,0.211,3733
9,548,0.142,3286
9,549,0.328,3863
9,550,-0.097,3508
9,551,-0.366,4274
9,552,0.176,3770
9,553,-0.138,3358
9,554,0.446,3838
9,555,0.215,4027
9,556,-0.455,4326
9,557,-0.772,3899
9,558,0.101,3727
9,559,0.551,4375
9,560,-0.627,4353
9,561,-0.558,4527
9,562,-0.243,3686
9,563,-1.122,4361
9,564,-0.096,3680
9,565,-0.420,4308
9,566,-0.014,3825
9,567,-0.373,4153
9,568,-0.542,4260
9,569,0.205,4189
9,570,0.802,4565
9,571,0.144,3287
9,572,0.348,3958
9,573,0.650,3918
9,574,-0.073,3583
9,575,0.109,3369
9,576,-0.262,3342
9,577,0.336,4329
9,578,-0.312,4396
9,579,0.312,3467
9,580,-0.196,3690
9,581,-0.358,3714
9,582,0.207,3867
9,583,0.172,3752
9,584,0.322,4380
9,585,-0.196,4064
9,586,-0.321,3528
9,587,-0.098,3307
9,588,0.643,4114
9,589,-0.040,3729
9,590,0.367,4237
9,591,-0.196,3288
9,592,-0.411,4372
9,593,-0.442,3998
9,594,0.422,4351
9,595,0.188,3268
9,596,-0.023,3847
9,597,0.754,4190
9,598,1.033,4151
9,599,-0.190,4093
9,600,0.156,3447
9,601,-0.312,3944
9,602,-0.437,4277
9,603,0.150,3979
9,604,-0.003,3537
9,605,-0.544,4191
9,606,-0.382,3709
9,607,-0.196,4045
9,608,0.103,4045
9,609,0.153,3912
9,610,0.198,3368
9,611,0.480,4436
9,612,0.083,3744
9,613,0.020,3480
9,614,0.785,4676
9,615,-0.218,3813
9,616,-0.197,3748
9,617,-0.124,3676
9,618,0.113,3617
9,619,0.055,3241
9,620,0.914,4455
9,621,-0.153,3666
9,622,0.405,3627
9,623,-0.248,4040
9,624,-0.445,3834
9,625,-0.126,3804
9,626,-0.372,3679
9,627,0.155,3876
9,628,-0.331,3603
9,629,-0.201,3754
9,630,-0.101,3557
9,631,0.085,3246
9,632,0.071,3800
9,633,0.089,4131
9,634,-0.300,3696
9,635,-0.141,3707
9,636,0.720,4449
9,637,0.077,4107
9,638,-0.201,4127
9,639,-0.547,3712
9,640,-0.869,4634
9,641,-0.026,3252
9,642,0.092,3981
9,643,-0.145,4182
9,644,-0.227,4285
9,645,0.076,4144
9,646,-0.410,3977
9,647,-0.394,4333
9,648,0.397,4280
9,649,-0.147,3403
9,650,0.534,3891
9,651,0.400,4440
9,652,-0.568,4243
9,653,0.367,3634
9,654,0.436,3528
9,655,0.539,3983
9,656,0.520,3825
9,657,-0.086,3298
9,658,-0.017,3867
9,659,0.714,4455
9,660,-0.226,4286
9,661,0.325,3707
9,662,-0.401,3803
9,663,-0.630,3927
9,664,0.262,3485
9,665,0.224,3994
9,666,-0.793,4483
9,667,-0.188,3454
9,668,-0.444,3960
9,669,-0.756,4597
9,670,0.158,3424
9,671,-0.322,3417
9,672,0.095,3880
9,673,-0.018,4030
9,674,-0.104,3919
9,675,0.660,4036
9,676,0.228,3546
9,677,-0.715,4275
9,678,-0.457,3584
9,679,-0.563,3905
9,680,-0.538,4247
9,681,-0.364,3583
9,682,0.326,3873
9,683,0.726,3781
9,684,0.368,3660
9,685,-0.395,3705
9,686,-0.124,4138
9,687,-0.493,3929
9,688,0.150,3515
9,689,-0.563,4055
9,690,0.431,3648
9,691,0.285,3399
9,692,-0.126,3773
9,693,-0.066,3597
9,694,0.108,3961
9,695,-0.028,3719
9,696,-0.838,4725
9,697,0.511,4593
9,698,-0.687,4089
9,699,-0.426,3633
9,700,0.441,4423
9,701,0.352,4249
9,702,-0.531,4119
9,703,-0.412,3581
9,704,0.100,4033
9,705,0.565,3952
9,706,-0.274,3367
9,707,0.298,3558
9,708,-0.053,3739
9,709,0.512,4515
9,710,-0.343,3757
9,711,-0.099,3796
9,712,0.197,3494
9,713,-0.095,3854
9,714,-0.452,3535
9,715,0.064,3692
9,716,-0.386,4234
9,717,0.101,3645
9,718,-0.231,4187
9,719,-0.355,4290
9,720,0.098,3298
9,721,-0.087,3438
9,722,0.212,4296
9,723,0.122,3749
9,724,-0.067,3304
9,725,-0.002,3499
9,726,0.031,3534
9,727,0.830,4260
9,728,-0.239,4109
9,729,-0.527,4210
9,730,0.553,3825
9,731,0.292,3622
9,732,0.128,4205
9,733,-0.372,4057
9,734,0.321,3675
9,735,1.054,4972
9,736,-0.158,3956
9,737,-0.366,4402
9,738,0.178,3291
9,739,-0.503,4038
9,740,0.395,3997
9,741,0.149,3620
9,742,-0.554,3629
9,743,0.255,4048
9,744,-0.166,3728
9,745,0.194,3643
9,746,0.350,4190
9,747,-0.257,3970
9,748,-0.422,4203
9,749,0.689,3902
9,750,-0.472,4462
9,751,0.214,4004
9,752,0.210,3798
9,753,0.137,3303
9,754,0.075,3900
9,755,-0.332,3500
9,756,-0.232,4092
9,757,0.637,4349
9,758,0.700,4358
9,759,-1.130,4781
9,760,-0.678,4684
9,761,-0.014,3925
9,762,-0.116,4058
9,763,0.065,4008
9,764,0.364,3870
9,765,0.617,4195
9,766,0.341,4397
9,767,-0.172,3993
9,768,-0.670,4577
9,769,-0.970,4272
9,770,-0.138,4034
9,771,-0.219,3611
9,772,0.505,3981
9,773,-0.274,3738
9,774,-0.072,4185
9,775,-0.016,3260
9,776,-0.231,3735
9,777,-0.580,4133
9,778,-0.545,4012
9,779,0.427,4227
9,780,-0.086,4007
9,781,0.279,3878
9,782,0.011,4115
9,783,0.139,4067
9,784,-0.513,3843
9,785,0.205,3699
9,786,0.127,3692
9,787,-0.269,4341
9,788,0.041,3346
9,789,-0.208,3837
9,790,0.189,3317
9,791,-0.821,3916
9,792,0.570,3969
9,793,0.172,3825
9,794,0.590,3771
9,795,0.083,3687
9,796,0.341,4365
9,797,0.042,3930
9,798,-0.249,3705
9,799,-0.105,3708
9,800,0.496,4467
9,801,0.342,3671
9,802,-0.031,4029
9,803,-0.545,4280
9,804,0.087,3879
9,805,0.050,3373
9,806,0.468,3677
9,807,0.372,3965
9,808,-0.099,3970
9,809,0.370,3709
9,810,-0.290,4267
9,811,-0.727,3815
9,812,0.241,3619
9,813,0.057,3255
9,814,0.408,3566
9,815,0.893,4296
9,816,0.118,3221
9,817,-0.254,4240
9,818,0.182,3487
9,819,0.035,3866
9,820,-0.559,4471
9,821,0.639,4070
9,822,0.170,3723
9,823,0.252,3920
9,824,-0.964,4360
9,825,0.806,4372
9,826,0.771,4321
9,827,0.224,3845
9,828,-0.041,3755
9,829,0.505,4179
9,830,0.877,4354
9,831,-0.286,3464
9,832,-0.218,3298
9,833,-0.217,4251
9,834,0.717,3898
9,835,0.708,4111
9,836,0.374,4091
9,837,0.300,4204
9,838,-0.337,3456
9,839,-0.377,4403
9,840,0.409,3663
9,841,0.162,3321
9,842,-0.208,3848
9,843,0.065,3882
9,844,0.296,4291
9,845,-0.349,3468
9,846,-0.643,4218
9,847,0.530,3886
9,848,0.570,4084
9,849,-0.326,4044
9,850,-0.354,3593
9,851,-0.676,4672
9,852,-0.690,4489
9,853,0.797,4832
9,854,-0.145,4198
9,855,0.425,4064
9,856,-0.257,3770
9,857,-0.163,4168
9,858,0.339,4407
9,859,0.063,3377
9,860,-0.063,3185
9,861,-0.518,4106
9,862,-0.067,3584
9,863,0.079,3268
9,864,-0.079,3966
9,865,0.407,3543
9,866,0.471,3542
9,867,-0.200,3448
9,868,-0.291,4288
9,869,-0.125,3505
9,870,-0.295,3463
9,871,-0.102,3939
9,872,-0.127,3710
9,873,0.196,4239
9,874,0.220,4223
9,875,0.063,3482
9,876,-0.427,3598
9,877,-0.357,3916
9,878,0.271,4197
9,879,0.705,4565
9,880,0.674,4238
9,881,-0.081,3979
9,882,-0.376,4013
9,883,0.058,3976
9,884,-0.153,3283
9,885,-0.701,3964
9,886,0.140,3243
9,887,0.118,3965
9,888,-0.507,4232
9,889,0.046,3240
9,890,0.189,4237
9,891,0.630,4565
9,892,0.346,3458
9,893,0.405,4346
9,894,-0.382,4187
9,895,-0.405,4332
9,896,-0.510,3916
9,897,-0.345,4022
9,898,0.091,4131
9,899,-0.096,3795
9,900,0.025,3968
9,901,-0.560,4054
9,902,0.167,3782
9,903,0.738,4401
9,904,-0.043,3888
9,905,-0.176,3348
9,906,-0.503,4504
9,907,0.199,4193
9,908,0.289,4375
9,909,-0.530,3676
9,910,0.254,3841
9,911,0.116,4224
9,912,0.510,3749
9,913,-0.579,3657
9,914,0.110,3820
9,915,-0.099,3408
9,916,-0.304,4320
9,917,-0.065,3643
9,918,-0.370,3654
9,919,0.266,4147
9,920,0.567,4310
9,921,0.154,3280
9,922,-0.058,3730
9,923,0.357,4378
9,924,-0.045,3820
9,925,0.235,3769
9,926,-0.591,3911
9,927,-0.162,3907
9,928,-0.925,4143
9,929,0.753,4117
9,930,-0.020,3614
9,931,-0.591,4414
9,932,-0.300,3493
9,933,-0.199,3936
9,934,-0.142,4078
9,935,-0.121,3875
9,936,-0.402,3731
9,937,0.097,3654
9,938,-0.829,4229
9,939,-0.531,4343
9,940,-0.205,4241
9,941,-0.437,4520
9,942,0.293,4320
9,943,0.011,3926
9,944,0.071,4061
9,945,0.556,3646
9,946,-0.015,3354
9,947,0.514,4192
9,948,-0.465,4213
9,949,0.472,4043
9,950,0.040,3594
9,951,-0.834,3958
9,952,0.549,4519
9,953,-0.363,3769
9,954,-0.802,4861
9,955,-0.144,3758
9,956,-0.207,3735
9,957,-0.051,4096
9,958,0.144,3829
9,959,0.791,4498
9,960,0.118,3883
9,961,0.312,4190
9,962,-0.046,3593
9,963,-0.674,3909
9,964,0.230,3329
9,965,0.124,3929
9,966,0.308,3938
9,967,-0.261,4185
9,968,-0.333,4194
9,969,-0.435,3787
9,970,0.329,3399
9,971,-0.829,3942
9,972,-0.782,4228
9,973,-0.358,3672
9,974,0.089,3887
9,975,-0.181,3632
9,976,-0.512,4472
9,977,-0.581,4085
9,978,0.743,4511
9,979,0.485,4034
9,980,-0.461,3996
9,981,0.237,4221
9,982,0.465,3848
9,983,0.184,3998
9,984,-0.188,3411
9,985,0.311,4057
9,986,0.362,3501
9,987,0.800,3957
9,988,0.209,3353
9,989,0.209,3924
9,990,-0.072,3528
9,991,-0.118,3479
9,992,0.587,4557
9,993,-0.872,4397
9,994,0.137,3929
9,995,0.279,3559
9,996,0.214,3555
9,997,0.456,3734
9,998,0.307,3867
9,999,-0.922,4052
9,1000,0.156,3475
9,1001,0.280,3613
9,1002,-0.700,4032
9,1003,-0.020,3565
9,1004,-0.425,4446
9,1005,-0.635,4707
9,1006,-0.165,3646
9,1007,0.127,3402
9,1008,1.277,5245
9,1009,0.381,3680
9,1010,0.397,4120
9,1011,-0.833,4459
9,1012,-0.216,3665
9,1013,-0.857,4439
9,1014,-0.835,4819
9,1015,-0.553,3911
9,1016,0.201,3763
9,1017,0.504,4324
9,1018,0.559,3987
9,1019,0.605,4394
9,1020,-0.359,4233
9,1021,-0.662,4546
9,1022,0.558,4031
9,1023,-0.363,3749
9,1024,0.468,3790
9,1025,-0.357,3538
9,1026,-0.075,3856
9,1027,-0.522,4252
9,1028,-0.492,3984
9,1029,0.200,3981
9,1030,-0.567,3916
9,1031,-0.031,3611
9,1032,1.046,4561
9,1033,0.522,4274
9,1034,-1.202,4782
9,1035,0.297,3637
9,1036,0.175,4120
9,1037,-0.671,4237
9,1038,0.335,4014
9,1039,0.161,3289
9,1040,0.649,4149
9,1041,-0.294,4190
9,1042,-0.019,3467
9,1043,0.288,3440
9,1044,0.109,3257
9,1045,0.204,4159
9,1046,-0.800,4244
9,1047,-0.149,3350
9,1048,-0.195,3699
9,1049,-0.229,3652
9,1050,0.099,3507
9,1051,1.010,4793
9,1052,-0.297,3452
9,1053,0.110,3429
9,1054,0.656,4310
9,1055,-0.440,4037
9,1056,-0.177,4133
9,1057,0.346,3928
9,1058,-0.407,4393
9,1059,-0.722,4653
9,1060,1.048,4137
9,1061,0.755,4812
9,1062,-0.418,3525
9,1063,0.124,3256
9,1064,-0.451,3883
9,1065,0.194,3545
9,1066,-0.115,3225
9,1067,-0.350,4105
9,1068,-0.598,4101
9,1069,-0.383,3536
9,1070,-0.104,3911
9,1071,-0.170,3338
9,1072,0.675,4427
9,1073,0.151,4089
9,1074,-0.305,4159
9,1075,0.096,3752
9,1076,-0.671,4199
9,1077,-0.235,4161
9,1078,0.290,3383
9,1079,-0.564,3776
9,1080,0.026,3765
9,1081,-0.011,3744
9,1082,-0.189,3661
9,1083,0.078,3881
9,1084,-0.119,3244
9,1085,-0.011,3647
9,1086,-0.003,3827
9,1087,0.525,4331
9,1088,-0.258,3652
9,1089,-0.189,3343
9,1090,0.020,3384
9,1091,0.519,3670
9,1092,-0.584,4485
9,1093,-0.575,4477
9,1094,-0.009,3685
9,1095,-0.186,4056
9,1096,-0.683,4490
9,1097,0.028,3565
9,1098,-0.554,3834
9,1099,0.315,3773
9,1100,-0.384,3661
9,1101,-0.308,3513
9,1102,-0.401,3519
9,1103,0.197,3279
9,1104,0.101,3366
9,1105,0.039,4094
9,1106,0.614,4205
9,1107,-0.130,4120
9,1108,0.236,3609
9,1109,-0.575,3919
9,1110,-0.131,3874
9,1111,0.114,3840
9,1112,-0.475,3785
9,1113,0.103,3925
9,1114,-0.513,3932
9,1115,-0.646,4238
9,1116,0.459,4070
9,1117,0.213,3429
9,1118,0.198,3991
9,1119,-0.016,4078
9,1120,-0.048,3588
9,1121,0.286,4063
9,1122,0.754,4705
9,1123,0.903,4489
9,1124,0.414,4498
9,1125,-0.047,3135
9,1126,0.418,3947
9,1127,-0.328,3722
9,1128,0.835,3969
9,1129,0.769,4243
9,1130,-0.521,4446
9,1131,-0.076,3319
9,1132,-0.067,3168
9,1133,0.135,3742
9,1134,0.345,3599
9,1135,0.397,3791
9,1136,-0.097,3973
9,1137,-0.553,4193
9,1138,0.867,4250
9,1139,0.312,4326
9,1140,-0.366,4285
9,1141,-0.108,3384
9,1142,0.333,3818
9,1143,-0.021,4031
9,1144,0.050,3177
9,1145,-0.316,3859
9,1146,0.355,3928
9,1147,-0.065,4086
9,1148,0.134,3369
9,1149,0.651,4463
9,1150,-0.125,3893
9,1151,0.035,3307
9,1152,-0.573,4103
9,1153,-0.507,3892
9,1154,-0.086,4040
9,1155,0.449,4486
9,1156,0.098,3889
9,1157,0.668,4582
9,1158,0.416,3865
9,1159,-0.036,3579
9,1160,-0.481,4195
9,1161,-0.576,3629
9,1162,0.165,3976
9,1163,0.371,4250
9,1164,0.046,4052
9,1165,0.043,3133
9,1166,-0.239,3378
9,1167,-0.178,3622
9,1168,-0.055,3288
9,1169,0.629,3988
9,1170,-0.269,3798
9,1171,0.762,4617
9,1172,-0.483,4515
9,1173,0.434,4006
9,1174,0.056,3224
9,1175,-0.256,3472
9,1176,-0.178,4233
9,1177,0.122,3301
9,1178,0.400,4194
9,1179,-0.079,3597
9,1180,-0.408,4362
9,1181,0.152,3536
9,1182,0.599,4552
9,1183,-0.419,3610
9,1184,-0.002,3566
9,1185,0.092,3643
9,1186,-0.157,3560
9,1187,0.316,3879
9,1188,-0.477,4034
9,1189,0.281,3723
9,1190,-0.260,3449
9,1191,0.649,4564
9,1192,0.132,3894
9,1193,0.121,3878
9,1194,-0.443,3544
9,1195,0.049,4121
9,1196,-0.077,3508
9,1197,-1.126,4693
9,1198,-0.277,3615
9,1199,-0.678,4303
9,1200,0.210,3503
9,1201,-0.880,3924
9,1202,0.081,3785
9,1203,-0.163,3407
9,1204,-0.400,4211
9,1205,0.782,4580
9,1206,-0.300,3575
9,1207,0.544,4397
9,1208,0.163,4259
9,1209,0.162,3823
9,1210,0.216,3722
9,1211,-0.077,3829
9,1212,-0.058,3559
9,1213,0.535,4515
9,1214,-0.193,3379
9,1215,0.590,4315
9,1216,-0.124,3651
9,1217,0.137,3435
9,1218,0.291,3736
9,1219,0.483,4028
9,1220,0.093,3773
9,1221,-0.093,4169
9,1222,-0.210,3577
9,1223,-0.184,3579
9,1224,0.183,4088
9,1225,-0.422,4312
9,1226,0.032,3614
9,1227,0.164,3843
9,1228,0.012,3734
9,1229,-0.436,4243
9,1230,0.011,3159
9,1231,-0.634,4363
9,1232,0.186,3904
9,1233,-0.109,3723
9,1234,-0.021,3682
9,1235,-0.616,4232
9,1236,0.628,3736
9,1237,-0.169,3283
9,1238,0.956,4358
9,1239,0.918,4127
9,1240,0.048,4139
9,1241,-0.274,3585
9,1242,-0.574,4464
9,1243,0.544,4086
9,1244,0.055,4088
9,1245,0.386,3456
9,1246,0.013,3213
9,1247,-0.428,3509
9,1248,-0.269,4172
9,1249,0.166,3808
9,1250,-0.292,3429
9,1251,0.008,3488
9,1252,-0.715,3890
9,1253,0.091,4170
9,1254,-0.177,3310
9,1255,0.492,3921
9,1256,0.197,3517
9,1257,0.502,4340
9,1258,-0.137,4164
9,1259,-0.547,3689
9,1260,0.768,4540
9,1261,0.373,4371
9,1262,-0.356,4034
9,1263,-0.155,3520
9,1264,-0.417,4094
9,1265,0.630,4538
9,1266,-0.752,3918
9,1267,-0.059,3596
9,1268,0.336,3518
9,1269,0.516,4330
9,1270,-0.458,4523
9,1271,0.214,3763
9,1272,-0.338,3609
9,1273,-0.068,3247
9,1274,0.203,4298
9,1275,0.169,4030
9,1276,0.056,3611
9,1277,0.056,4105
9,1278,0.504,4082
9,1279,0.029,3559
9,1280,-0.050,3811
9,1281,-0.389,3530
9,1282,0.197,4075
9,1283,-0.164,3465
9,1284,0.326,3926
9,1285,-0.022,3659
9,1286,-0.116,4088
9,1287,-0.789,4379
9,1288,0.201,3982
9,1289,-0.613,4076
9,1290,-0.165,3462
9,1291,0.216,4062
9,1292,0.004,4023
9,1293,-0.560,3944
9,1294,0.947,4425
9,1295,-0.222,4004
9,1296,-0.140,3572
9,1297,0.505,4407
9,1298,1.113,4555
9,1299,0.378,4440
9,1300,-0.358,3830
9,1301,-0.052,3309
9,1302,0.601,4307
9,1303,-0.262,3855
9,1304,0.099,4047
9,1305,0.358,4246
9,1306,-0.318,3588
9,1307,0.524,4031
9,1308,-0.121,3453
9,1309,-0.024,3965
9,1310,-0.303,3704
9,1311,-0.230,3512
9,1312,0.005,3995
9,1313,0.968,4056
9,1314,-0.326,3995
9,1315,0.456,3601
9,1316,0.066,4094
9,1317,-0.722,4623
9,1318,0.144,3335
9,1319,0.256,4125
9,1320,0.146,3666
9,1321,0.051,3395
9,1322,-0.009,4013
9,1323,0.587,4521
9,1324,0.428,4378
9,1325,-0.115,3475
9,1326,0.176,3512
9,1327,-0.116,4041
9,1328,-0.194,4155
9,1329,-0.260,4117
9,1330,-0.436,4215
9,1331,-0.510,4456
9,1332,-0.359,3873
9,1333,0.417,4014
9,1334,0.185,3777
9,1335,-0.341,4347
9,1336,-0.067,4075
9,1337,0.286,3563
9,1338,0.576,4453
9,1339,0.374,4365
9,1340,-0.290,4328
9,1341,0.345,4304
9,1342,0.299,3813
9,1343,0.254,3606
9,1344,-0.185,3821
9,1345,0.172,3575
9,1346,1.094,4214
9,1347,0.619,4584
9,1348,-0.127,3738
9,1349,-0.017,3445
9,1350,-0.060,3888
9,1351,0.219,3479
9,1352,0.680,4029
9,1353,0.442,4053
9,1354,-0.075,4125
9,1355,0.449,3784
9,1356,-0.183,4220
9,1357,0.508,3859
9,1358,-0.618,4444
9,1359,0.151,3346
9,1360,-0.025,3897
9,1361,-0.058,3659
9,1362,0.219,3568
9,1363,-0.201,3476
9,1364,0.126,3272
9,1365,0.248,3784
9,1366,0.018,3905
9,1367,0.691,4220
9,1368,-0.055,3665
9,1369,0.361,4311
9,1370,0.578,4482
9,1371,-0.402,3562
9,1372,0.003,3148
9,1373,0.181,3425
9,1374,-0.077,3988
9,1375,-0.246,4004
9,1376,0.883,3996
9,1377,0.868,3967
9,1378,-0.710,4710
9,1379,-0.150,3723
9,1380,0.313,4110
9,1381,-0.071,3901
9,1382,-0.101,3623
9,1383,-0.031,3260
9,1384,-0.773,3880
9,1385,-0.966,4170
9,1386,0.201,3416
9,1387,0.076,3717
9,1388,0.080,3978
9,1389,0.385,3500
9,1390,-0.070,3162
9,1391,0.192,3487
9,1392,0.292,3580
9,1393,-0.070,3523
9,1394,-0.145,4004
9,1395,0.334,4178
9,1396,-0.589,4568
9,1397,-0.313,3987
9,1398,0.936,4260
9,1399,0.426,4278
9,1400,-0.651,4165
9,1401,-0.345,3824
9,1402,0.013,3829
9,1403,-0.129,3647
9,1404,-0.109,4095
9,1405,-0.129,3746
9,1406,0.630,4001
9,1407,-0.585,4112
9,1408,0.240,4149
9,1409,-0.336,3653
9,1410,-0.645,4280
9,1411,-0.002,3423
9,1412,-0.152,3785
9,1413,0.391,4368
9,1414,0.085,4162
9,1415,0.411,4137
9,1416,-0.245,3858
9,1417,0.616,4655
9,1418,0.355,3935
9,1419,-0.077,3864
9,1420,0.394,3612
9,1421,-0.460,4500
9,1422,-0.016,3378
9,1423,-1.039,5004
9,1424,0.002,3949
9,1425,0.183,3410
9,1426,-0.080,3276
9,1427,-0.337,3596
9,1428,-0.457,3834
9,1429,0.876,3974
9,1430,-0.560,4603
9,1431,-0.155,3889
9,1432,0.394,4364
9,1433,-0.263,3348
9,1434,0.036,3256
9,1435,-0.722,4225
9,1436,-0.327,3494
9,1437,-0.140,3945
9,1438,-0.145,3956
9,1439,0.255,3913
9,1440,-0.457,4283
10,1,0.193,5221
10,2,0.108,6330
10,3,-0.027,5107
10,4,-0.027,5136
10,5,0.187,6442
10,6,0.476,6631
10,7,-0.608,6395
10,8,-0.476,6869
10,9,-0.061,6568
10,10,-0.278,6787
10,11,0.385,6883
10,12,0.233,5391
10,13,-0.139,5381
10,14,-0.673,6282
10,15,1.021,7118
10,16,0.314,6826
10,17,-0.207,5683
10,18,-0.787,6477
10,19,0.328,6112
10,20,-0.703,6537
10,21,-0.690,6835
10,22,0.169,5157
10,23,0.599,5916
10,24,0.231,5714
10,25,0.114,5223
10,26,-0.362,6051
10,27,0.170,6416
10,28,-0.126,5069
10,29,-0.210,5710
10,30,-0.012,5042
10,31,-0.647,6716
10,32,0.034,5243
10,33,0.312,5954
10,34,0.554,6035
10,35,0.221,5968
10,36,0.740,6094
10,37,-0.164,6563
10,38,0.059,5420
10,39,0.761,7032
10,40,0.245,5555
10,41,0.175,6696
10,42,-0.373,6560
10,43,0.176,5483
10,44,-0.109,6437
10,45,-0.470,7167
10,46,0.220,6333
10,47,0.615,5907
10,48,-0.154,6432
10,49,-0.930,7331
10,50,0.779,6988
10,51,0.275,6594
10,52,-0.399,6352
10,53,0.614,5953
10,54,0.867,7545
10,55,-0.408,6194
10,56,-0.010,6080
10,57,-0.829,7690
10,58,0.690,6547
10,59,0.437,6119
10,60,0.296,6270
10,61,-0.511,6822
10,62,0.363,5813
10,63,0.471,5817
10,64,0.616,6479
10,65,-0.280,5973
10,66,-0.406,6751
10,67,-0.017,4961
10,68,-0.326,6448
10,69,0.359,6437
10,70,-0.305,5791
10,71,0.263,6331
10,72,0.056,5538
10,73,0.185,6523
10,74,0.368,5661
10,75,-0.508,7225
10,76,-0.081,5096
10,77,0.190,6750
10,78,-0.439,6309
10,79,0.544,6920
10,80,-0.460,7135
10,81,-0.679,7036
10,82,0.097,6313
10,83,0.275,6615
10,84,0.423,7007
10,85,1.142,6800
10,86,-0.208,5899
10,87,-0.217,6015
10,88,0.137,5722
10,89,-0.196,5323
10,90,-0.305,5595
10,91,0.018,4951
10,92,0.439,5878
10,93,-0.326,5610
10,94,-0.624,7104
10,95,0.240,5780
10,96,-0.241,5356
10,97,0.367,6668
10,98,0.459,6833
10,99,0.522,7188
10,100,-0.272,5429
10,101,-0.585,6930
10,102,-0.362,6798
10,103,-0.218,6466
10,104,0.193,5271
10,105,-0.299,6302
10,106,0.016,5221
10,107,0.209,6141
10,108,-0.036,5504
10,109,0.168,5852
10,110,0.097,6518
10,111,0.105,5278
10,112,-0.016,5888
10,113,0.397,6720
10,114,-0.272,6463
10,115,0.369,6513
10,116,0.199,5998
10,117,-0.076,5635
10,118,0.008,5575
10,119,0.404,6159
10,120,-0.308,5740
10,121,-0.052,6054
10,122,-0.256,5635
10,123,0.328,6127
10,124,1.042,7673
10,125,0.387,6126
10,126,-0.056,6302
10,127,-0.018,6266
10,128,-0.401,5574
10,129,0.075,5344
10,130,-0.475,6060
10,131,0.219,5884
10,132,0.501,6416
10,133,0.473,6698
10,134,-0.199,5462
10,135,0.329,6661
10,136,-0.155,6338
10,137,-0.353,5607
10,138,-0.664,6179
10,139,0.543,6844
10,140,-0.009,5908
10,141,0.633,6569
10,142,1.048,7545
10,143,0.080,6243
10,144,-0.225,6265
10,145,0.024,6436
10,146,0.193,5652
10,147,-0.298,6163
10,148,0.045,6350
10,149,0.189,5755
10,150,0.001,5128
10,151,-0.296,6856
10,152,-0.022,5094
10,153,-0.032,6442
10,154,1.029,6437
10,155,-0.058,5413
10,156,0.406,6520
10,157,-0.090,6317
10,158,0.131,5925
10,159,0.326,5705
10,160,0.040,4943
10,161,-0.521,6375
10,162,-0.568,6576
10,163,-0.102,5786
10,164,-0.322,6323
10,165,0.727,6767
10,166,-0.305,5986
10,167,0.047,5736
10,168,0.227,5464
10,169,-0.476,6641
10,170,0.704,6928
10,171,0.534,7203
10,172,-0.064,6528
10,173,0.095,6568
10,174,0.545,6877
10,175,-0.578,6284
10,176,0.805,7165
10,177,-0.266,5867
10,178,0.509,5993
10,179,-0.049,6042
10,180,-0.066,5961
10,181,-0.087,6300
10,182,0.114,5383
10,183,0.171,5554
10,184,0.305,5583
10,185,-0.802,6881
10,186,0.000,5433
10,187,-0.290,5747
10,188,-0.725,6057
10,189,0.260,5811
10,190,-0.111,6122
10,191,-0.732,7429
10,192,0.263,6649
10,193,0.513,5923
10,194,0.689,6162
10,195,-0.465,6828
10,196,-0.188,5656
10,197,-0.257,5819
10,198,-0.177,5540
10,199,0.646,6369
10,200,1.308,8099
10,201,0.379,6604
10,202,-0.096,6624
10,203,0.281,5281
10,204,-0.067,5736
10,205,0.022,5068
10,206,0.920,7416
10,207,-0.071,5034
10,208,0.000,5383
10,209,-0.055,5858
10,210,0.299,5914
10,211,0.136,6494
10,212,0.428,5853
10,213,-0.164,6588
10,214,0.179,5500
10,215,0.284,5675
10,216,-0.080,6516
10,217,0.386,6358
10,218,-0.567,6803
10,219,0.370,6037
10,220,-0.272,6389
10,221,0.082,5436
10,222,-0.098,6090
10,223,0.180,6195
10,224,0.246,6248
10,225,-0.504,7007
10,226,0.197,6744
10,227,0.288,5758
10,228,-0.131,5803
10,229,0.266,6647
10,230,0.348,6081
10,231,0.489,6227
10,232,-0.338,6474
10,233,-0.399,6769
10,234,0.067,5445
10,235,0.255,6471
10,236,-0.419,5832
10,237,0.270,5787
10,238,0.148,6306
10,239,-0.285,6405
10,240,0.065,5095
10,241,0.198,6733
10,242,-0.397,7004
10,243,0.681,6996
10,244,0.125,5319
10,245,-0.366,6782
10,246,-0.198,5898
10,247,0.274,5730
10,248,0.804,6630
10,249,-0.601,6962
10,250,-0.368,6612
10,251,-0.439,6851
10,252,0.530,7055
10,253,0.473,6390
10,254,0.327,5479
10,255,0.568,7294
10,256,0.128,6404
10,257,-0.704,7510
10,258,0.090,6591
10,259,0.237,5947
10,260,0.392,7057
10,261,0.616,6838
10,262,0.192,5637
10,263,0.475,5737
10,264,0.421,6005
10,265,-0.320,6550
10,266,0.150,5203
10,267,-0.163,6327
10,268,0.000,4944
10,269,0.603,6052
10,270,0.046,5506
10,271,0.108,5717
10,272,-0.377,6819
10,273,-0.182,6640
10,274,0.717,7410
10,275,0.593,6345
10,276,-0.408,6572
10,277,0.322,5606
10,278,-0.177,5464
10,279,-0.515,6825
10,280,-0.494,7168
10,281,0.446,7083
10,282,0.044,5464
10,283,-0.081,5268
10,284,-0.133,6681
10,285,0.033,5556
10,286,-0.222,6381
10,287,-0.247,5906
10,288,-0.456,5911
10,289,0.808,7105
10,290,0.670,6652
10,291,0.145,5428
10,292,-0.130,6122
10,293,-0.507,6114
10,294,0.019,6322
10,295,-0.406,5569
10,296,0.447,5667
10,297,0.387,6071
10,298,-0.140,6638
10,299,-0.202,6541
10,300,1.159,7059
10,301,-0.099,6230
10,302,0.369,6410
10,303,-0.953,6443
10,304,0.149,5974
10,305,-0.486,6276
10,306,-0.587,6133
10,307,-0.289,5600
10,308,0.210,5192
10,309,0.231,6578
10,310,-0.283,6155
10,311,0.243,6253
10,312,0.208,5987
10,313,0.265,6840
10,314,0.287,5691
10,315,-0.927,6870
10,316,-0.110,5730
10,317,0.350,5405
10,318,0.255,6509
10,319,0.356,6155
10,320,-0.285,5840
10,321,0.215,6137
10,322,0.275,5671
10,323,0.431,6427
10,324,-0.029,5412
10,325,0.071,6050
10,326,0.682,7294
10,327,-0.333,6913
10,328,0.394,6643
10,329,-0.034,5167
10,330,0.034,5821
10,331,0.164,5357
10,332,0.198,6188
10,333,0.530,6959
10,334,0.291,6738
10,335,-0.433,6634
10,336,0.070,6004
10,337,0.042,5457
10,338,0.490,5914
10,339,0.036,5240
10,340,-0.974,6859
10,341,0.252,5318
10,342,-0.185,5305
10,343,0.258,5357
10,344,-0.519,7043
10,345,0.604,5885
10,346,-0.786,6130
10,347,-0.338,6354
10,348,0.213,5542
10,349,0.189,6575
10,350,-0.071,5653
10,351,0.094,5688
10,352,0.045,5935
10,353,-0.818,6175
10,354,-0.198,5533
10,355,0.188,5832
10,356,-0.362,6392
10,357,-0.534,6376
10,358,0.896,7405
10,359,0.131,5622
10,360,0.113,6437
10,361,0.379,5729
10,362,0.580,6609
10,363,0.435,6130
10,364,0.686,6765
10,365,-0.207,6333
10,366,-0.109,6459
10,367,-0.273,5994
10,368,0.289,6901
10,369,0.449,7047
10,370,0.167,5834
10,371,-0.085,5380
10,372,-0.345,6690
10,373,0.796,6691
10,374,0.754,6521
10,375,0.297,5938
10,376,0.252,6409
10,377,-0.663,6622
10,378,-0.427,6663
10,379,-0.468,6079
10,380,0.310,6239
10,381,0.416,6477
10,382,0.619,6193
10,383,0.035,5338
10,384,-0.369,6054
10,385,0.488,6366
10,386,0.249,6089
10,387,0.215,6755
10,388,-0.287,5477
10,389,0.206,6172
10,390,0.337,6006
10,391,-0.261,5760
10,392,0.783,7288
10,393,0.203,6280
10,394,0.086,6267
10,395,-0.208,5863
10,396,0.423,6828
10,397,0.331,5540
10,398,-0.321,6688
10,399,-0.205,6349
10,400,-0.530,7179
10,401,0.137,6605
10,402,-0.706,6617
10,403,0.291,6058
10,404,0.182,5595
10,405,0.338,6501
10,406,-0.277,6349
10,407,0.272,5792
10,408,0.566,6220
10,409,-0.147,6156
10,410,0.221,5996
10,411,0.216,6369
10,412,0.439,5794
10,413,0.006,5840
10,414,-0.359,5835
10,415,0.223,6595
10,416,-0.490,5730
10,417,0.132,5903
10,418,-0.002,5931
10,419,0.571,6494
10,420,-0.114,6134
10,421,0.444,6084
10,422,0.115,5203
10,423,0.095,6303
10,424,0.020,6431
10,425,-0.370,6512
10,426,-0.181,6265
10,427,0.184,5709
10,428,0.284,5402
10,429,0.260,5396
10,430,-0.416,6203
10,431,0.288,6217
10,432,0.328,5421
10,433,0.344,5898
10,434,0.423,5703
10,435,0.025,5964
10,436,0.316,6226
10,437,0.076,5609
10,438,-0.475,5832
10,439,-0.642,7304
10,440,0.242,5801
10,441,0.299,6742
10,442,0.036,5604
10,443,0.536,6736
10,444,0.045,5357
10,445,-0.497,5631
10,446,0.428,6493
10,447,-0.459,5591
10,448,0.192,6101
10,449,-0.505,7178
10,450,0.012,5908
10,451,-0.899,6699
10,452,0.526,6733
10,453,0.094,5088
10,454,-0.543,5872
10,455,-0.013,5659
10,456,-0.113,6187
10,457,0.132,5390
10,458,0.216,6085
10,459,1.055,7266
10,460,0.329,5438
10,461,0.646,6220
10,462,0.292,6795
10,463,-0.042,5881
10,464,-0.193,5280
10,465,-0.475,7043
10,466,0.140,6512
10,467,0.193,6384
10,468,-0.069,5956
10,469,0.146,6276
10,470,0.338,6130
10,471,0.215,6712
10,472,0.284,5980
10,473,0.043,6445
10,474,-0.063,6297
10,475,0.411,6022
10,476,0.129,6285
10,477,0.177,5253
10,478,-0.033,6493
10,479,0.626,6192
10,480,0.345,6552
10,481,0.182,5358
10,482,0.452,6221
10,483,-0.675,6267
10,484,0.149,6469
10,485,0.421,6562
10,486,-0.368,6813
10,487,-0.668,5893
10,488,0.747,6844
10,489,-0.034,4941
10,490,0.817,6569
10,491,0.333,5537
10,492,-0.367,6788
10,493,-0.928,7298
10,494,0.093,6388
10,495,1.141,6659
10,496,-0.403,6791
10,497,0.062,4965
10,498,-0.112,5642
10,499,-0.376,5968
10,500,-0.346,6354
10,501,-0.341,5668
10,502,-0.373,5808
10,503,-0.511,5616
10,504,0.384,6007
10,505,-0.209,5255
10,506,0.498,7073
10,507,-0.571,7089
10,508,0.524,5922
10,509,0.402,6185
10,510,-0.043,5374
10,511,-0.058,5897
10,512,0.236,5626
10,513,0.721,6143
10,514,0.525,5731
10,515,0.208,5524
10,516,0.730,6474
10,517,-0.244,6230
10,518,0.467,5698
10,519,0.522,6241
10,520,-0.002,6225
10,521,-0.550,6738
10,522,0.258,6361
10,523,0.241,6638
10,524,0.381,6863
10,525,-0.094,6375
10,526,0.435,6766
10,527,0.553,5759
10,528,0.004,6107
10,529,0.482,6852
10,530,0.078,5194
10,531,-0.025,6230
10,532,-0.089,5248
10,533,0.696,7019
10,534,-0.079,5969
10,535,0.106,6497
10,536,0.421,6924
10,537,-0.163,6113
10,538,-0.060,5618
10,539,-0.238,6460
10,540,0.188,6414
10,541,0.537,6349
10,542,0.616,5967
10,543,0.278,6843
10,544,0.582,6615
10,545,-0.275,6774
10,546,0.259,6232
10,547,0.105,6247
10,548,-0.190,5239
10,549,0.302,5454
10,550,-0.231,5433
10,551,0.166,6381
10,552,0.466,6805
10,553,0.898,6210
10,554,-0.399,6480
10,555,-0.183,5812
10,556,-0.334,5575
10,557,0.002,5395
10,558,-0.103,5920
10,559,0.587,5927
10,560,0.144,5279
10,561,-0.080,5525
10,562,-0.166,5203
10,563,-0.222,5390
10,564,-0.563,6353
10,565,-0.681,6904
10,566,0.044,5030
10,567,0.039,5142
10,568,-0.024,5538
10,569,0.537,5757
10,570,0.244,5376
10,571,-0.245,5267
10,572,0.294,6072
10,573,-0.792,6646
10,574,0.141,5716
10,575,0.388,6096
10,576,-0.318,6568
10,577,-0.045,6532
10,578,-0.038,5188
10,579,-0.091,5684
10,580,-0.308,5559
10,581,-0.084,5632
10,582,-0.109,6420
10,583,-0.151,5717
10,584,-0.247,5594
10,585,0.572,5923
10,586,0.460,5706
10,587,-0.514,7002
10,588,0.004,6287
10,589,-0.134,6067
10,590,0.568,6634
10,591,-0.074,5118
10,592,-0.734,6768
10,593,-0.101,5977
10,594,0.143,5486
10,595,0.253,6008
10,596,-0.045,5177
10,597,-0.012,6004
10,598,0.955,7455
10,599,-0.199,5615
10,600,-0.237,5615
10,601,-0.370,5708
10,602,-0.911,7658
10,603,-0.089,5625
10,604,-0.023,4900
10,605,-0.094,6254
10,606,-0.062,6553
10,607,-0.613,6352
10,608,0.152,6019
10,609,0.267,5475
10,610,-0.120,5283
10,611,-0.351,6605
10,612,0.103,5685
10,613,-0.226,6547
10,614,-0.129,6253
10,615,-0.099,6200
10,616,0.389,6996
10,617,-0.230,6198
10,618,0.457,6515
10,619,0.182,6021
10,620,-0.253,6702
10,621,0.363,5415
10,622,-0.047,5846
10,623,0.221,6041
10,624,-0.140,6173
10,625,0.159,6249
10,626,0.209,6117
10,627,-0.135,5622
10,628,0.707,7395
10,629,-0.416,6943
10,630,0.318,6143
10,631,-0.310,5407
10,632,-0.164,5928
10,633,0.438,5803
10,634,-0.439,5896
10,635,-0.313,6117
10,636,0.436,6496
10,637,-0.121,5736
10,638,0.106,5572
10,639,-0.819,6771
10,640,0.325,5628
10,641,-0.431,6434
10,642,-0.015,6051
10,643,-0.920,7284
10,644,-0.688,6306
10,645,-0.029,5319
10,646,-0.492,5874
10,647,0.361,6396
10,648,0.006,5458
10,649,-0.145,5893
10,650,-0.262,5741
10,651,-0.786,7106
10,652,-0.247,5846
10,653,0.394,6570
10,654,-0.115,6228
10,655,0.473,6105
10,656,0.940,6713
10,657,-0.173,6019
10,658,-0.041,6411
10,659,-0.297,6884
10,660,0.212,6030
10,661,0.050,5026
10,662,0.391,6836
10,663,-0.154,6190
10,664,-0.046,6103
10,665,-0.215,5332
10,666,-0.134,5135
10,667,-0.028,6053
10,668,-0.155,6297
10,669,-0.049,4956
10,670,-0.603,6515
10,671,-0.265,6359
10,672,-0.061,5713
10,673,-0.486,5728
10,674,-0.567,6870
10,675,-0.352,6030
10,676,-0.488,6839
10,677,0.294,6742
10,678,-0.602,6650
10,679,0.138,6411
10,680,-1.075,7122
10,681,0.458,5981
10,682,0.225,6098
10,683,-0.212,6234
10,684,-0.025,5075
10,685,0.324,6432
10,686,-0.309,6115
10,687,-0.763,6586
10,688,0.643,6955
10,689,-0.195,5981
10,690,0.384,6120
10,691,-0.236,5260
10,692,-0.232,6635
10,693,0.323,5380
10,694,0.435,6468
10,695,0.169,6734
10,696,0.483,5975
10,697,0.111,5978
10,698,-0.002,5018
10,699,0.354,6001
10,700,0.083,5286
10,701,-0.051,6148
10,702,0.061,4975
10,703,0.462,5919
10,704,0.419,6458
10,705,-0.348,6127
10,706,-0.133,6253
10,707,-0.154,5582
10,708,-0.405,5896
10,709,0.259,5288
10,710,-0.643,6718
10,711,-0.202,6674
10,712,-0.381,5794
10,713,-0.214,6409
10,714,0.198,6136
10,715,0.112,5713
10,716,-1.148,6563
10,717,-0.258,6101
10,718,-0.419,6304
10,719,0.136,5587
10,720,0.193,6088
10,721,-0.215,6084
10,722,-0.065,5665
10,723,-0.313,6620
10,724,0.181,5687
10,725,-0.008,6067
10,726,-0.452,6157
10,727,0.065,6227
10,728,0.081,5767
10,729,-0.102,5869
10,730,0.402,5553
10,731,0.061,5732
10,732,-0.271,6516
10,733,0.125,6089
10,734,0.016,6460
10,735,0.087,6518
10,736,-0.147,6696
10,737,-0.187,5283
10,738,-0.077,6444
10,739,0.677,7105
10,740,-0.047,5856
10,741,-0.199,5419
10,742,-0.259,6410
10,743,0.028,5153
10,744,-0.565,6612
10,745,0.412,5978
10,746,-0.344,6457
10,747,0.035,5858
10,748,-0.593,5790
10,749,0.356,5701
10,750,-0.184,5801
10,751,0.199,6067
10,752,-0.403,6076
10,753,-0.308,5583
10,754,0.114,6557
10,755,-0.225,5680
10,756,-0.188,6235
10,757,-0.051,5286
10,758,0.876,6601
10,759,-0.645,7352
10,760,-0.774,6412
10,761,-0.006,6138
10,762,0.230,6079
10,763,0.041,5816
10,764,-0.482,5783
10,765,-0.080,6239
10,766,0.026,6409
10,767,-0.424,7040
10,768,0.186,6449
10,769,-0.591,6947
10,770,0.475,5575
10,771,0.363,6735
10,772,0.258,5344
10,773,0.423,5552
10,774,-0.304,5624
10,775,-0.482,6049
10,776,0.041,6360
10,777,-0.306,6007
10,778,-0.564,6905
10,779,0.558,6654
10,780,-0.160,6078
10,781,0.309,6177
10,782,0.264,5313
10,783,0.982,6928
10,784,-0.429,6732
10,785,-0.815,6784
10,786,0.551,5772
10,787,0.347,5994
10,788,-0.259,6424
10,789,-0.507,6207
10,790,-0.053,6311
10,791,-0.317,6547
10,792,0.552,6991
10,793,-0.363,5758
10,794,0.366,6057
10,795,-0.155,6523
10,796,0.513,6475
10,797,0.725,6191
10,798,0.238,6540
10,799,0.252,6608
10,800,-0.142,6243
10,801,-0.055,5597
10,802,-0.219,5357
10,803,-0.008,5195
10,804,0.279,5510
10,805,-0.400,6827
10,806,-0.306,5513
10,807,0.210,5270
10,808,0.032,6228
10,809,0.152,6428
10,810,0.106,6338
10,811,-0.705,6497
10,812,-0.401,5889
10,813,0.054,5654
10,814,-0.819,6163
10,815,-1.017,6644
10,816,-0.038,5680
10,817,-0.186,5730
10,818,0.363,6533
10,819,-0.315,5674
10,820,-0.219,6214
10,821,0.128,6004
10,822,-0.283,5872
10,823,-0.202,5589
10,824,-0.078,6250
10,825,0.365,5657
10,826,-0.089,6615
10,827,0.180,5961
10,828,-0.414,6466
10,829,-0.188,6713
10,830,0.326,6136
10,831,-0.415,5757
10,832,0.287,6214
10,833,0.132,5208
10,834,-0.465,5725
10,835,0.318,5842
10,836,-0.213,5959
10,837,-0.246,5650
10,838,-0.587,7007
10,839,0.361,6363
10,840,-0.109,6601
10,841,0.227,5811
10,842,-0.330,6012
10,843,-0.214,6798
10,844,-0.669,6377
10,845,-0.368,6871
10,846,-0.366,5818
10,847,-0.287,6856
10,848,-0.317,5748
10,849,0.217,6127
10,850,-0.538,6864
10,851,-0.488,6999
10,852,0.050,5853
10,853,0.476,7031
10,854,0.134,5880
10,855,-0.283,6187
10,856,-0.502,7204
10,857,0.180,5597
10,858,-0.083,6291
10,859,0.222,6119
10,860,0.078,5864
10,861,0.203,5440
10,862,-0.491,6917
10,863,0.379,6697
10,864,0.592,7341
10,865,0.261,6393
10,866,0.133,5512
10,867,-0.827,7070
10,868,-0.290,5305
10,869,-0.134,5636
10,870,-0.214,5299
10,871,0.323,6384
10,872,-0.335,5445
10,873,0.522,6951
10,874,-0.150,5756
10,875,-0.665,6308
10,876,0.339,6402
10,877,-0.838,6866
10,878,0.588,6175
10,879,0.446,6545
10,880,-0.940,7108
10,881,-0.024,5908
10,882,-0.661,6803
10,883,0.187,5306
10,884,-0.253,6805
10,885,-0.605,7323
10,886,-0.518,6357
10,887,-0.390,7045
10,888,-0.538,5806
10,889,-0.756,6755
10,890,-0.347,6478
10,891,-0.132,5064
10,892,-0.612,6588
10,893,0.690,7067
10,894,0.093,5147
10,895,-0.471,6976
10,896,0.268,5298
10,897,0.367,5754
10,898,0.951,6874
10,899,0.298,5560
10,900,-0.382,5641
10,901,0.618,7111
10,902,-0.169,6128
10,903,0.192,5949
10,904,0.004,5207
10,905,-1.032,7680
10,906,-0.240,5626
10,907,0.657,6083
10,908,0.036,5730
10,909,-0.396,6325
10,910,-0.399,5972
10,911,-0.480,5657
10,912,0.499,6179
10,913,-0.169,6561
10,914,-0.093,5218
10,915,0.081,5328
10,916,0.450,5854
10,917,0.077,5874
10,918,-0.161,6049
10,919,-0.599,7311
10,920,0.342,6016
10,921,-0.356,6255
10,922,0.339,6669
10,923,-0.111,6083
10,924,1.344,7433
10,925,-0.353,5411
10,926,0.402,5610
10,927,-0.080,6291
10,928,0.375,5616
10,929,-0.317,5612
10,930,0.191,5546
10,931,-0.422,6489
10,932,0.329,6533
10,933,0.402,7029
10,934,0.208,5779
10,935,-0.222,6168
10,936,0.345,5955
10,937,0.045,6172
10,938,0.059,6361
10,939,0.861,6284
10,940,-0.483,6919
10,941,-0.560,6151
10,942,0.318,5631
10,943,0.057,5090
10,944,-0.300,6752
10,945,0.039,5613
10,946,-0.027,5311
10,947,-0.290,6370
10,948,0.245,6795
10,949,0.722,7307
10,950,-0.162,6015
10,951,0.670,6257
10,952,0.211,5859
10,953,0.268,5567
10,954,0.401,6383
10,955,0.900,6266
10,956,0.555,6425
10,957,-0.445,5816
10,958,-0.454,6861
10,959,-0.474,6192
10,960,0.337,5759
10,961,-0.859,6415
10,962,0.508,6501
10,963,-0.065,5757
10,964,-0.097,5343
10,965,0.081,6348
10,966,0.366,6325
10,967,-0.219,5504
10,968,-0.583,6542
10,969,0.883,6710
10,970,0.341,6953
10,971,-0.408,6942
10,972,0.111,5470
10,973,-0.383,5717
10,974,0.582,6755
10,975,0.591,7266
10,976,-0.056,5472
10,977,0.573,5823
10,978,-0.128,6221
10,979,-0.300,6262
10,980,0.159,5591
10,981,0.085,5844
10,982,-0.464,5598
10,983,0.232,6518
10,984,0.123,6311
10,985,-0.600,6418
10,986,0.813,7365
10,987,-0.192,6224
10,988,-0.139,6182
10,989,0.219,5753
10,990,-0.634,6754
10,991,0.354,6247
10,992,-0.099,5796
10,993,0.103,5175
10,994,0.499,5900
10,995,0.391,6245
10,996,0.440,6943
10,997,0.745,7033
10,998,0.074,4995
10,999,0.230,5251
10,1000,0.446,5587
10,1001,-0.056,6410
10,1002,0.242,6313
10,1003,0.957,7524
10,1004,0.001,5222
10,1005,-0.187,5146
10,1006,0.757,6068
10,1007,0.085,5533
10,1008,0.187,6196
10,1009,0.142,6451
10,1010,0.050,6501
10,1011,-0.413,6895
10,1012,-0.450,6486
10,1013,-0.737,7226
10,1014,0.231,5460
10,1015,0.521,5695
10,1016,0.548,6351
10,1017,0.304,5744
10,1018,0.445,5520
10,1019,0.145,5923
10,1020,0.157,5450
10,1021,0.602,6279
10,1022,0.003,5716
10,1023,-0.274,6386
10,1024,-0.022,5619
10,1025,0.157,6518
10,1026,1.031,6987
10,1027,-0.036,5266
10,1028,0.376,5494
10,1029,-0.413,6352
10,1030,0.440,7039
10,1031,-0.429,6937
10,1032,-0.129,6124
10,1033,-0.293,6273
10,1034,-0.357,6965
10,1035,-0.227,5504
10,1036,0.007,5558
10,1037,-0.107,6294
10,1038,0.063,6330
10,1039,0.187,5270
10,1040,0.668,6965
10,1041,-0.102,5731
10,1042,-0.218,6307
10,1043,-0.942,7425
10,1044,-0.183,6170
10,1045,0.144,6513
10,1046,-0.015,5639
10,1047,-0.347,6385
10,1048,0.170,6270
10,1049,0.483,6828
10,1050,-0.059,6545
10,1051,0.073,5281
10,1052,0.609,7240
10,1053,0.286,5653
10,1054,-1.003,7343
10,1055,0.852,7373
10,1056,0.082,5176
10,1057,-0.079,6190
10,1058,0.447,7099
10,1059,0.027,5764
10,1060,0.391,6547
10,1061,-0.216,5295
10,1062,0.335,6775
10,1063,0.035,5117
10,1064,0.171,6534
10,1065,0.104,5867
10,1066,-0.575,6054
10,1067,-0.546,6646
10,1068,-0.709,6284
10,1069,-0.288,5608
10,1070,-1.181,6670
10,1071,0.225,5978
10,1072,-0.660,7292
10,1073,-0.392,5935
10,1074,0.513,6032
10,1075,-0.225,5893
10,1076,-0.468,7065
10,1077,0.400,5634
10,1078,-0.181,5219
10,1079,0.238,6401
10,1080,-0.741,6803
10,1081,0.206,6085
10,1082,0.189,5614
10,1083,-0.541,6252
10,1084,-0.132,6132
10,1085,-0.220,5748
10,1086,-0.216,5210
10,1087,0.104,5071
10,1088,0.430,6158
10,1089,-0.134,5966
10,1090,0.707,6982
10,1091,-0.703,6912
10,1092,-0.304,5327
10,1093,0.404,7046
10,1094,-0.367,6166
10,1095,-0.020,5527
10,1096,0.582,6692
10,1097,0.023,5138
10,1098,-0.117,6115
10,1099,0.237,5792
10,1100,-0.390,6353
10,1101,-0.332,6478
10,1102,-0.378,5975
10,1103,-0.171,6687
10,1104,0.216,6714
10,1105,-0.091,6328
10,1106,-0.204,5803
10,1107,0.371,5813
10,1108,-0.111,5518
10,1109,-0.297,5350
10,1110,-0.210,5189
10,1111,-0.007,5259
10,1112,0.620,7117
10,1113,-0.039,5027
10,1114,-0.092,5298
10,1115,-0.127,5140
10,1116,0.051,6010
10,1117,0.124,5159
10,1118,0.006,4903
10,1119,0.360,6590
10,1120,-0.247,6188
10,1121,-0.430,6844
10,1122,0.431,6589
10,1123,-0.044,6383
10,1124,0.122,6562
10,1125,-0.283,6187
10,1126,0.233,6530
10,1127,0.226,6313
10,1128,0.320,5769
10,1129,-0.180,5148
10,1130,0.507,6481
10,1131,-0.031,6473
10,1132,-0.166,6267
10,1133,-0.502,5611
10,1134,-0.130,5723
10,1135,-0.087,6539
10,1136,-0.093,5539
10,1137,0.307,6826
10,1138,0.295,6591
10,1139,0.216,6113
10,1140,0.208,6635
10,1141,-0.275,6844
10,1142,-0.579,6036
10,1143,0.299,6256
10,1144,0.044,6523
10,1145,0.219,6585
10,1146,-0.073,6360
10,1147,0.249,5892
10,1148,-0.154,6663
10,1149,0.438,5791
10,1150,-0.089,5998
10,1151,-0.296,5402
10,1152,0.401,6303
10,1153,0.322,5494
10,1154,-0.398,5657
10,1155,-0.393,6290
10,1156,-0.387,5744
10,1157,0.439,6704
10,1158,-0.146,6597
10,1159,-0.228,6399
10,1160,-0.159,5473
10,1161,0.685,5869
10,1162,0.459,6152
10,1163,-0.588,7010
10,1164,-0.478,6068
10,1165,0.517,7181
10,1166,0.143,6493
10,1167,-0.543,6238
10,1168,-0.092,5964
10,1169,-0.246,5448
10,1170,-0.141,6535
10,1171,-0.626,6720
10,1172,-0.259,5443
10,1173,-0.177,5340
10,1174,-0.056,6157
10,1175,-0.741,6246
10,1176,-0.271,5731
10,1177,-0.618,6649
10,1178,0.027,5645
10,1179,-0.311,5745
10,1180,-0.647,6341
10,1181,0.538,6074
10,1182,-0.390,6111
10,1183,-0.376,5991
10,1184,-0.348,6910
10,1185,-0.087,5357
10,1186,0.241,6387
10,1187,-0.552,6892
10,1188,-0.671,6946
10,1189,-0.282,6517
10,1190,-0.155,6250
10,1191,0.538,6156
10,1192,-0.452,5596
10,1193,-0.447,5908
10,1194,0.193,5183
10,1195,-0.059,6356
10,1196,0.308,6092
10,1197,0.481,6494
10,1198,0.101,5471
10,1199,0.828,6460
10,1200,0.297,5536
10,1201,-0.558,6284
10,1202,-0.362,5510
10,1203,0.178,6255
10,1204,0.027,6031
10,1205,0.565,6166
10,1206,-0.271,5584
10,1207,-0.397,5769
10,1208,-0.144,6217
10,1209,0.527,6199
10,1210,-0.148,5866
10,1211,0.290,5979
10,1212,0.633,7133
10,1213,0.220,6523
10,1214,-0.185,6294
10,1215,-0.284,5709
10,1216,-0.490,6194
10,1217,0.300,6282
10,1218,-0.407,6433
10,1219,-0.080,5254
10,1220,0.201,6541
10,1221,-0.598,5872
10,1222,-0.386,6730
10,1223,-0.001,5906
10,1224,-0.476,6766
10,1225,-0.228,6105
10,1226,0.096,5574
10,1227,-0.079,5277
10,1228,0.261,6803
10,1229,-0.406,6362
10,1230,-0.515,6740
10,1231,-0.253,5505
10,1232,-0.262,6244
10,1233,-0.228,5250
10,1234,0.327,6433
10,1235,-0.581,5915
10,1236,-0.049,5564
10,1237,1.000,7118
10,1238,0.349,5386
10,1239,0.270,5716
10,1240,0.092,6122
10,1241,0.421,6853
10,1242,-0.095,5260
10,1243,0.179,6627
10,1244,-0.424,6293
10,1245,-0.242,6281
10,1246,-0.038,6543
10,1247,-0.072,5394
10,1248,-0.051,6422
10,1249,-1.127,7798
10,1250,0.478,6942
10,1251,-0.440,6938
10,1252,-0.141,6250
10,1253,0.115,6215
10,1254,-0.747,6907
10,1255,0.172,5423
10,1256,0.520,7210
10,1257,-0.423,6954
10,1258,0.274,6812
10,1259,0.058,5348
10,1260,0.525,5821
10,1261,0.013,5162
10,1262,-0.420,5991
10,1263,0.155,6189
10,1264,-0.195,6313
10,1265,-0.322,5648
10,1266,0.725,7029
10,1267,0.013,4923
10,1268,0.066,6375
10,1269,-0.018,5941
10,1270,0.107,6459
10,1271,0.230,5567
10,1272,-0.052,5230
10,1273,0.319,6278
10,1274,0.226,5876
10,1275,0.305,6442
10,1276,0.072,6147
10,1277,0.010,5875
10,1278,-0.292,5862
10,1279,-0.669,6089
10,1280,-0.243,6607
10,1281,-0.455,5720
10,1282,0.666,6513
10,1283,-0.374,5505
10,1284,0.544,7216
10,1285,0.053,5893
10,1286,0.418,6973
10,1287,-0.170,5380
10,1288,0.412,5654
10,1289,0.300,6670
10,1290,0.317,5344
10,1291,0.113,6390
10,1292,-0.518,6201
10,1293,0.197,6612
10,1294,-0.056,5671
10,1295,0.459,6887
10,1296,-0.244,6268
10,1297,-0.301,6337
10,1298,0.038,6081
10,1299,0.875,6377
10,1300,-0.030,6099
10,1301,0.029,6081
10,1302,-0.295,6133
10,1303,-0.023,5549
10,1304,0.059,5571
10,1305,0.257,5623
10,1306,-0.103,6327
10,1307,-0.192,5227
10,1308,-0.591,6367
10,1309,-0.528,5706
10,1310,-0.467,7008
10,1311,0.358,6133
10,1312,-0.441,5671
10,1313,-0.210,5983
10,1314,0.196,5282
10,1315,0.027,5666
10,1316,0.215,5698
10,1317,0.281,5314
10,1318,0.246,6154
10,1319,0.387,6577
10,1320,0.477,6404
10,1321,-0.097,5558
10,1322,-0.362,6343
10,1323,-0.452,5814
10,1324,0.267,6360
10,1325,-0.077,5188
10,1326,-0.003,6448
10,1327,0.292,6644
10,1328,0.485,6342
10,1329,0.029,5120
10,1330,0.273,6301
10,1331,0.382,6671
10,1332,0.239,5278
10,1333,0.244,5656
10,1334,-0.097,5205
10,1335,0.824,6488
10,1336,-0.349,6088
10,1337,0.351,6807
10,1338,0.450,6529
10,1339,0.076,5773
10,1340,-0.323,6074
10,1341,-0.308,5668
10,1342,0.023,5930
10,1343,0.430,6748
10,1344,0.198,6154
10,1345,-0.216,5696
10,1346,-0.202,5686
10,1347,0.022,5440
10,1348,0.905,7479
10,1349,-0.444,6414
10,1350,-0.054,5431
10,1351,0.238,6539
10,1352,-0.086,6400
10,1353,0.275,5934
10,1354,0.643,6350
10,1355,-0.093,5117
10,1356,0.604,5970
10,1357,-0.437,5744
10,1358,0.420,6528
10,1359,-0.269,6083
10,1360,-0.168,5628
10,1361,-0.117,6322
10,1362,-0.433,6718
10,1363,0.795,7392
10,1364,0.293,5788
10,1365,-0.517,7050
10,1366,-0.661,6622
10,1367,-0.085,5053
10,1368,0.255,5894
10,1369,-0.531,6591
10,1370,0.206,6348
10,1371,0.669,5940
10,1372,-0.102,6056
10,1373,-0.789,7580
10,1374,-0.549,6083
10,1375,-0.534,6284
10,1376,-1.151,8041
10,1377,-0.774,6063
10,1378,0.414,6084
10,1379,0.146,5926
10,1380,0.483,6422
10,1381,-0.018,6189
10,1382,0.424,6147
10,1383,0.042,6527
10,1384,0.102,5266
10,1385,0.731,7474
10,1386,0.456,7146
10,1387,-0.412,6730
10,1388,0.036,5432
10,1389,0.123,5198
10,1390,-0.854,6165
10,1391,-0.813,7211
10,1392,0.602,6442
10,1393,-0.198,6211
10,1394,0.303,6477
10,1395,0.202,5521
10,1396,0.466,6017
10,1397,-0.383,5875
10,1398,-0.529,6317
10,1399,-0.345,6992
10,1400,-0.246,6726
10,1401,-0.514,6381
10,1402,0.435,6676
10,1403,0.190,6486
10,1404,-0.627,6720
10,1405,-0.566,6071
10,1406,-0.169,5791
10,1407,0.110,6284
10,1408,0.146,5137
10,1409,-0.027,6062
10,1410,-0.364,5575
10,1411,0.405,6347
10,1412,0.326,6146
10,1413,0.703,6471
10,1414,-0.102,5085
10,1415,0.116,5485
10,1416,-0.029,4971
10,1417,-0.272,6744
10,1418,-0.183,6332
10,1419,-0.440,7025
10,1420,0.017,5473
10,1421,-0.156,6305
10,1422,-0.271,5939
10,1423,-0.351,6676
10,1424,-0.511,7155
10,1425,-0.573,7178
10,1426,0.005,5359
10,1427,-0.285,6385
10,1428,-0.369,6661
10,1429,0.519,6815
10,1430,0.301,5760
10,1431,-0.531,6338
10,1432,0.629,6475
10,1433,-0.693,7054
10,1434,-0.020,5799
10,1435,0.286,6557
10,1436,0.539,6189
10,1437,-0.705,6610
10,1438,0.431,6097
10,1439,-0.312,5436
10,1440,0.523,5752
11,1,-0.461,3518
11,2,-0.049,3156
11,3,0.305,4066
11,4,-0.306,3495
11,5,-0.357,3486
11,6,-0.973,4745
11,7,-0.343,3400
11,8,0.068,3854
11,9,0.523,4237
11,10,-0.145,3201
11,11,0.032,3744
11,12,0.163,3250
11,13,0.189,3857
11,14,-0.197,3559
11,15,-0.430,3582
11,16,-0.130,3803
11,17,0.231,4187
11,18,0.340,3422
11,19,0.337,3694
11,20,0.037,3544
11,21,-0.145,4015
11,22,-0.572,3632
11,23,-0.089,3558
11,24,0.382,3911
11,25,0.218,4269
11,26,-0.013,3335
11,27,0.812,4074
11,28,-0.298,3618
11,29,0.145,3993
11,30,0.328,3537
11,31,-0.188,3514
11,32,0.522,3802
11,33,-0.417,4340
11,34,0.193,3934
11,35,0.022,3814
11,36,-0.283,4300
11,37,-0.417,3644
11,38,-0.188,3905
11,39,0.113,3574
11,40,-0.059,3607
11,41,-0.351,3379
11,42,0.362,4343
11,43,0.124,3302
11,44,0.699,3896
11,45,-0.349,3694
11,46,-0.082,3643
11,47,-0.656,4418
11,48,0.212,3793
11,49,0.145,3796
11,50,-0.179,3822
11,51,0.429,3883
11,52,-0.135,3637
11,53,0.048,3826
11,54,-0.235,3707
11,55,0.255,3478
11,56,0.081,3665
11,57,-0.081,3531
11,58,-0.033,3095
11,59,-0.042,3913
11,60,-0.552,4344
11,61,0.650,3875
11,62,0.111,3434
11,63,0.417,4266
11,64,0.292,3781
11,65,-0.167,3707
11,66,0.407,4398
11,67,0.202,4141
11,68,0.936,4430
11,69,-0.689,4495
11,70,-0.121,3377
11,71,0.105,3406
11,72,-0.143,4128
11,73,-0.313,3484
11,74,0.480,3653
11,75,0.346,4004
11,76,0.667,4421
11,77,-0.241,4028
11,78,-0.517,3764
11,79,0.211,3296
11,80,0.261,3395
11,81,-0.847,4266
11,82,-0.399,4140
11,83,0.049,3925
11,84,-0.505,3651
11,85,0.015,3185
11,86,-0.114,3174
11,87,0.437,3809
11,88,0.145,3905
11,89,0.298,3870
11,90,-0.070,3528
11,91,-0.356,4329
11,92,-0.572,4406
11,93,-0.860,4565
11,94,-0.274,3550
11,95,-0.526,3946
11,96,-0.264,4183
11,97,0.341,3865
11,98,-0.442,4303
11,99,-0.332,4185
11,100,-0.084,3407
11,101,0.576,3931
11,102,-0.455,3939
11,103,-0.791,4735
11,104,0.141,3821
11,105,-0.348,3594
11,106,-0.093,3201
11,107,0.212,4025
11,108,0.456,3947
11,109,-0.392,3548
11,110,0.856,3990
11,111,-1.108,4705
11,112,-0.327,3578
11,113,-0.206,3776
11,114,0.243,3349
11,115,0.186,3226
11,116,-0.061,3167
11,117,-0.025,3488
11,118,-0.052,3185
11,119,-0.209,3780
11,120,-0.012,3472
11,121,0.403,3739
11,122,-0.565,3705
11,123,0.407,3891
11,124,-0.058,3834
11,125,-0.472,4066
11,126,-0.472,4256
11,127,0.259,3515
11,128,0.447,3945
11,129,-0.335,3894
11,130,-0.004,4076
11,131,0.339,4233
11,132,0.225,3346
11,133,-0.081,3883
11,134,0.881,4380
11,135,-0.623,3639
11,136,-0.413,4317
11,137,0.032,3184
11,138,-0.222,3663
11,139,-0.122,3536
11,140,0.545,4478
11,141,-0.673,3806
11,142,-0.283,4222
11,143,0.030,3670
11,144,0.083,3156
11,145,0.091,3955
11,146,-0.085,4005
11,147,-0.069,3846
11,148,0.045,4016
11,149,-0.099,3485
11,150,0.068,4131
11,151,0.406,3530
11,152,0.328,3742
11,153,-0.273,3557
11,154,-0.642,4314
11,155,0.386,3765
11,156,0.184,4116
11,157,0.190,3715
11,158,-0.507,4332
11,159,0.740,4023
11,160,0.419,4410
11,161,-0.140,3774
11,162,-0.676,3743
11,163,0.066,4112
11,164,-0.628,4441
11,165,0.448,4248
11,166,-0.374,4120
11,167,-0.161,3897
11,168,-0.056,3272
11,169,0.252,3973
11,170,-0.436,3656
11,171,-0.008,4011
11,172,-0.696,3957
11,173,0.429,3696
11,174,0.251,4235
11,175,-0.026,3286
11,176,0.368,3788
11,177,-0.497,3658
11,178,-0.390,3752
11,179,-0.243,3418
11,180,-0.180,3475
11,181,-0.386,4355
11,182,-0.185,3355
11,183,-0.160,3223
11,184,-0.595,3658
11,185,-0.188,3723
11,186,-0.084,3653
11,187,-0.624,4054
11,188,0.292,3814
11,189,-0.196,3545
11,190,0.575,3863
11,191,-0.116,3192
11,192,0.084,3309
11,193,-0.379,4324
11,194,-0.007,3890
11,195,0.244,3662
11,196,0.031,3343
11,197,0.322,3781
11,198,0.307,4309
11,199,-0.304,4104
11,200,0.191,4165
11,201,0.040,3767
11,202,-0.692,4208
11,203,0.518,3675
11,204,0.634,4017
11,205,-0.767,4354
11,206,0.311,3598
11,207,-0.401,4309
11,208,0.543,3706
11,209,0.018,3922
11,210,0.485,3619
11,211,-0.253,3419
11,212,-0.085,3222
11,213,0.007,3741
11,214,0.508,4518
11,215,-0.074,3237
11,216,-0.009,4037
11,217,-0.275,4164
11,218,-0.327,4197
11,219,-0.786,4587
11,220,-0.317,3767
11,221,0.620,4138
11,222,-0.114,3731
11,223,0.275,3572
11,224,0.119,3873
11,225,0.391,3831
11,226,-0.182,3576
11,227,0.076,3764
11,228,-0.284,4109
11,229,1.058,4444
11,230,0.225,3995
11,231,-0.460,4245
11,232,-0.703,4667
11,233,-0.149,3868
11,234,0.468,3912
11,235,0.191,3732
11,236,0.585,4210
11,237,-0.302,4191
11,238,0.744,4291
11,239,-0.362,3520
11,240,-0.483,3846
11,241,0.156,3801
11,242,-0.532,4302
11,243,0.581,3631
11,244,-0.219,3481
11,245,0.278,3542
11,246,-0.011,3787
11,247,-0.387,3451
11,248,0.343,4342
11,249,-0.365,3671
11,250,-0.225,3344
11,251,0.214,3476
11,252,0.139,3952
11,253,-0.921,4614
11,254,0.654,3713
11,255,-0.170,4052
11,256,0.203,4041
11,257,0.177,4190
11,258,0.134,3301
11,259,-0.328,4007
11,260,0.581,3703
11,261,0.596,4538
11,262,0.248,4047
11,263,0.394,4052
11,264,0.026,3471
11,265,-0.453,4296
11,266,-0.310,4164
11,267,-0.433,3899
11,268,0.038,3169
11,269,0.131,3230
11,270,0.117,3433
11,271,-0.227,3389
11,272,-0.307,4214
11,273,-0.630,4065
11,274,-0.173,3903
11,275,0.690,4679
11,276,-0.142,3629
11,277,-0.209,3911
11,278,0.083,3316
11,279,-0.065,3223
11,280,0.000,3237
11,281,0.694,3714
11,282,0.475,3942
11,283,-0.349,4258
11,284,-0.322,3756
11,285,0.245,3434
11,286,-0.533,3667
11,287,0.106,3484
11,288,-0.136,3196
11,289,-0.182,4048
11,290,-0.745,4046
11,291,-0.064,3375
11,292,0.234,4154
11,293,-0.021,3436
11,294,-0.270,3457
11,295,-0.115,3721
11,296,0.457,4234
11,297,-0.489,3712
11,298,0.412,3689
11,299,-0.193,3762
11,300,-0.215,3425
11,301,-0.290,4332
11,302,0.640,3844
11,303,-0.670,4640
11,304,0.618,4106
11,305,-0.254,3828
11,306,0.110,4021
11,307,-0.330,3901
11,308,0.475,3753
11,309,0.096,3749
11,310,0.376,3766
11,311,-0.178,4074
11,312,0.626,3873
11,313,-0.375,3819
11,314,0.101,3981
11,315,-0.409,3634
11,316,-0.310,4158
11,317,-0.163,3506
11,318,0.281,3928
11,319,-0.426,4007
11,320,0.217,4045
11,321,-0.011,3485
11,322,-0.101,3405
11,323,-0.338,4148
11,324,0.251,3330
11,325,0.071,3555
11,326,-0.299,3987
11,327,0.233,4040
11,328,-0.479,4499
11,329,-0.159,3748
11,330,0.324,3698
11,331,-0.345,3578
11,332,-0.822,4422
11,333,-0.387,4108
11,334,0.023,3922
11,335,-0.154,4076
11,336,-0.607,4481
11,337,-0.132,3674
11,338,0.616,4462
11,339,-0.062,3806
11,340,-0.345,3495
11,341,-0.154,4115
11,342,-0.067,3993
11,343,0.492,4273
11,344,-0.009,3903
11,345,-0.542,3716
11,346,0.072,3494
11,347,0.127,3769
11,348,-0.581,3888
11,349,-0.184,3364
11,350,0.956,4448
11,351,0.008,3942
11,352,-0.133,3861
11,353,-0.556,4075
11,354,0.087,4052
11,355,-0.027,3412
11,356,0.354,3444
11,357,-0.636,3940
11,358,0.185,3897
11,359,-0.563,4276
11,360,-0.176,3506
11,361,-0.225,4159
11,362,0.619,4423
11,363,-0.603,3705
11,364,0.743,4047
11,365,0.291,3670
11,366,0.005,3984
11,367,0.815,3970
11,368,-0.246,3837
11,369,0.302,4025
11,370,0.049,3673
11,371,-0.462,3790
11,372,0.020,3159
11,373,0.942,4844
11,374,-0.779,4570
11,375,-0.406,3759
11,376,0.687,4007
11,377,-0.322,4126
11,378,0.024,3407
11,379,0.493,4511
11,380,0.267,4222
11,381,0.382,3920
11,382,0.277,3455
11,383,-0.022,3805
11,384,-0.063,3554
11,385,0.210,4191
11,386,0.417,4084
11,387,-0.151,3942
11,388,0.098,4102
11,389,-0.294,4147
11,390,0.259,3653
11,391,-0.513,3954
11,392,-0.263,4309
11,393,-0.474,4424
11,394,-0.300,4109
11,395,0.317,4200
11,396,-0.757,4639
11,397,-0.435,3762
11,398,-0.169,3728
11,399,-0.535,4071
11,400,0.090,3392
11,401,-0.303,3598
11,402,-0.280,4182
11,403,0.063,3372
11,404,0.263,3469
11,405,-0.232,4015
11,406,-0.262,3652
11,407,0.060,3563
11,408,0.442,4005
11,409,0.345,4149
11,410,-0.720,3751
11,411,-0.264,3827
11,412,-0.433,3709
11,413,-0.040,3530
11,414,-0.811,3830
11,415,-0.109,3335
11,416,-0.521,3942
11,417,-0.204,3816
11,418,0.989,4557
11,419,-0.071,3451
11,420,-0.028,3338
11,421,0.049,3494
11,422,0.172,3521
11,423,-0.377,4001
11,424,-0.263,3935
11,425,-0.052,3327
11,426,0.524,4337
11,427,-0.693,4624
11,428,0.378,3636
11,429,-0.442,4354
11,430,-0.249,3458
11,431,0.448,3693
11,432,-0.295,3385
11,433,-0.010,3246
11,434,-0.647,4110
11,435,0.402,3864
11,436,0.049,3651
11,437,0.127,4046
11,438,-0.161,3260
11,439,-0.005,3568
11,440,-0.293,3434
11,441,-0.007,4017
11,442,-0.759,3955
11,443,-0.238,3637
11,444,-0.105,3768
11,445,0.416,3983
11,446,0.240,3786
11,447,-0.510,4257
11,448,-0.121,4135
11,449,0.424,4116
11,450,-0.397,3556
11,451,-0.247,3366
11,452,0.231,4009
11,453,0.161,3829
11,454,0.239,4004
11,455,-0.547,4421
11,456,-0.203,3866
11,457,0.543,3790
11,458,-0.158,4120
11,459,0.583,4522
11,460,0.968,4616
11,461,0.831,3932
11,462,-0.551,3869
11,463,0.235,3644
11,464,0.147,3812
11,465,-0.069,3657
11,466,-0.385,3997
11,467,-0.409,3685
11,468,-0.045,3981
11,469,-0.478,4204
11,470,0.104,3663
11,471,-0.233,3558
11,472,0.244,3543
11,473,-0.094,3187
11,474,-0.886,4837
11,475,0.640,3649
11,476,0.317,3733
11,477,0.324,3727
11,478,-0.441,4084
11,479,-0.011,3393
11,480,-0.505,3855
11,481,0.333,4161
11,482,0.307,3865
11,483,-0.193,3627
11,484,0.419,3569
11,485,-1.313,4821
11,486,-0.128,3373
11,487,0.104,4144
11,488,-0.182,3463
11,489,-0.182,3909
11,490,-0.223,3749
11,491,-0.454,3874
11,492,0.725,3946
11,493,0.115,3160
11,494,0.114,4059
11,495,-0.593,4581
11,496,-0.103,3269
11,497,0.501,4205
11,498,-0.029,4094
11,499,-0.066,3359
11,500,0.099,3853
11,501,0.553,4249
11,502,0.476,3674
11,503,0.660,4249
11,504,0.501,3523
11,505,0.527,4247
11,506,-0.041,3863
11,507,0.257,3410
11,508,-0.608,4455
11,509,0.306,3674
11,510,-0.428,3997
11,511,0.554,4102
11,512,-0.093,3773
11,513,-0.162,3999
11,514,0.487,3549
11,515,1.048,4424
11,516,-0.513,4412
11,517,0.070,3507
11,518,-0.190,3819
11,519,0.624,4055
11,520,-0.052,3761
11,521,0.098,3488
11,522,0.342,4385
11,523,-0.320,3548
11,524,0.543,4213
11,525,0.103,3156
11,526,-0.292,3441
11,527,-0.130,3761
11,528,1.602,4537
11,529,0.013,3327
11,530,0.439,3839
11,531,0.786,4057
11,532,-0.161,4179
11,533,-0.013,3527
11,534,-0.121,4015
11,535,-0.538,3664
11,536,-0.082,3957
11,537,0.733,4680
11,538,0.038,3682
11,539,-0.692,4002
11,540,0.572,4413
11,541,0.238,3331
11,542,0.015,3710
11,543,0.765,4383
11,544,0.127,3914
11,545,-0.049,3445
11,546,0.161,3880
11,547,-0.148,3490
11,548,0.162,3573
11,549,0.377,3958
11,550,0.565,4004
11,551,-0.144,4088
11,552,-0.489,3847
11,553,0.062,3708
11,554,-0.536,4431
11,555,0.409,3577
11,556,-0.055,3322
11,557,0.916,4893
11,558,0.083,3330
11,559,0.238,4172
11,560,0.390,4303
11,561,0.615,4433
11,562,0.210,3841
11,563,0.143,3397
11,564,-0.022,3172
11,565,0.984,4609
11,566,0.553,3789
11,567,0.418,3575
11,568,0.902,4204
11,569,0.258,4099
11,570,-0.435,4230
11,571,-0.316,3524
11,572,0.383,3677
11,573,0.417,3748
11,574,0.003,3853
11,575,-0.539,4119
11,576,-0.105,3940
11,577,-0.283,3535
11,578,0.420,4407
11,579,0.311,3838
11,580,0.193,3637
11,581,-0.076,3560
11,582,0.128,3393
11,583,-0.340,4304
11,584,0.035,3299
11,585,0.884,4169
11,586,-0.232,3839
11,587,-0.513,3651
11,588,-0.138,3222
11,589,0.721,3930
11,590,0.068,4120
11,591,0.164,3976
11,592,0.176,3604
11,593,0.273,3431
11,594,-0.188,4183
11,595,0.566,4175
11,596,-0.242,4063
11,597,-0.390,4378
11,598,0.790,4466
11,599,0.068,3626
11,600,-0.584,3860
11,601,0.075,3631
11,602,-0.129,3404
11,603,0.354,4352
11,604,-0.450,4430
11,605,0.036,3105
11,606,-0.196,3636
11,607,-0.668,4586
11,608,0.033,3473
11,609,0.561,3709
11,610,-0.362,4214
11,611,-0.232,3459
11,612,-0.013,4018
11,613,0.509,4046
11,614,-0.411,3929
11,615,0.177,3783
11,616,0.031,3892
11,617,0.063,4072
11,618,0.122,3905
11,619,0.264,3956
11,620,-0.026,3080
11,621,0.042,3694
11,622,-0.300,3886
11,623,0.130,3527
11,624,0.721,4570
11,625,0.091,3559
11,626,0.593,4411
11,627,-0.235,3831
11,628,-0.155,3299
11,629,-0.366,3798
11,630,-0.002,3272
11,631,0.234,4149
11,632,1.018,5005
11,633,-0.446,3774
11,634,-0.104,4025
11,635,-0.102,3579
11,636,-0.119,3220
11,637,-0.081,4089
11,638,0.129,3637
11,639,-0.425,3947
11,640,0.014,3412
11,641,0.787,4056
11,642,0.021,3139
11,643,-0.263,3489
11,644,-0.652,4189
11,645,0.702,4107
11,646,-0.577,3584
11,647,-0.181,4179
11,648,-0.396,3710
11,649,0.579,4456
11,650,0.436,3784
11,651,0.314,3943
11,652,0.003,3359
11,653,-0.139,3666
11,654,0.361,4277
11,655,0.446,3759
11,656,0.127,3538
11,657,-0.153,3755
11,658,-0.473,4215
11,659,0.208,3486
11,660,0.187,3829
11,661,0.244,3992
11,662,0.513,4056
11,663,-0.165,4046
11,664,-0.558,4436
11,665,0.406,3547
11,666,-0.365,3817
11,667,-0.117,3189
11,668,-0.543,4111
11,669,-0.197,3796
11,670,-0.420,3977
11,671,0.359,3598
11,672,-0.702,3811
11,673,-0.672,4217
11,674,-0.131,3476
11,675,0.098,4155
11,676,0.159,3918
11,677,-0.053,4017
11,678,-0.896,4287
11,679,-0.415,3757
11,680,-0.486,3945
11,681,0.397,3866
11,682,-0.823,4676
11,683,-0.460,4130
11,684,0.720,4690
11,685,0.115,3202
11,686,-0.312,4358
11,687,-0.135,4024
11,688,-0.043,3484
11,689,-0.023,4085
11,690,-0.366,3401
11,691,0.428,3653
11,692,0.089,3343
11,693,-0.703,4533
11,694,-0.190,3828
11,695,-0.386,4029
11,696,-0.056,3839
11,697,-0.719,4127
11,698,-0.235,3894
11,699,-0.226,4202
11,700,0.019,3285
11,701,0.080,3759
11,702,-0.150,3603
11,703,0.243,3692
11,704,-0.107,3800
11,705,0.278,4127
11,706,0.370,3677
11,707,-0.478,3547
11,708,0.601,3846
11,709,0.050,3646
11,710,0.628,3649
11,711,-0.158,3776
11,712,-0.083,3786
11,713,0.400,4253
11,714,0.396,3652
11,715,0.541,4246
11,716,0.077,3441
11,717,0.221,3733
11,718,0.376,3482
11,719,0.492,3556
11,720,0.118,3217
11,721,-0.367,4033
11,722,0.059,3258
11,723,-0.290,3527
11,724,0.108,3836
11,725,0.629,3836
11,726,0.445,3500
11,727,0.068,3630
11,728,0.465,3600
11,729,-0.139,4079
11,730,-0.320,3715
11,731,0.672,3831
11,732,-0.360,4240
11,733,0.015,3177
11,734,0.937,3959
11,735,-0.210,3286
11,736,0.527,4509
11,737,0.114,3401
11,738,0.118,3355
11,739,0.050,4082
11,740,0.693,4539
11,741,-0.446,4416
11,742,0.293,4120
11,743,-0.236,3359
11,744,-0.372,3765
11,745,0.064,4035
11,746,0.404,4231
11,747,0.296,3508
11,748,0.134,3570
11,749,0.322,3497
11,750,0.327,3714
11,751,-0.257,3882
11,752,0.319,4010
11,753,0.188,3314
11,754,0.357,3439
11,755,-0.410,3706
11,756,0.177,3903
11,757,-0.379,4405
11,758,-0.179,3744
11,759,-0.021,3819
11,760,-0.632,3947
11,761,0.125,4058
11,762,-0.041,3548
11,763,0.677,4045
11,764,-0.051,3913
11,765,-0.423,4431
11,766,0.757,4637
11,767,0.664,4458
11,768,-0.495,3605
11,769,-0.522,4234
11,770,0.571,3840
11,771,-0.331,3922
11,772,-0.064,3940
11,773,0.197,3875
11,774,0.255,4014
11,775,-0.268,3457
11,776,-0.359,3556
11,777,0.475,3698
11,778,1.114,4846
11,779,-0.045,4067
11,780,-0.349,4181
11,781,-0.194,4113
11,782,-0.452,3491
11,783,0.327,4312
11,784,-0.363,3950
11,785,-0.765,4364
11,786,-0.114,3410
11,787,0.164,3248
11,788,0.056,3664
11,789,-0.081,3636
11,790,0.509,4227
11,791,-0.471,4057
11,792,-0.294,3692
11,793,-0.412,3794
11,794,-0.009,3323
11,795,0.010,4079
11,796,0.544,3648
11,797,0.208,3945
11,798,0.326,4046
11,799,0.126,3749
11,800,-0.985,4118
11,801,0.056,4061
11,802,0.428,3589
11,803,0.567,4069
11,804,1.075,4214
11,805,0.214,3253
11,806,-0.024,3466
11,807,-0.744,4628
11,808,0.113,3449
11,809,0.407,3441
11,810,0.001,3622
11,811,-0.440,3660
11,812,-0.102,3975
11,813,-0.496,4200
11,814,-0.496,3596
11,815,1.116,4794
11,816,1.165,4995
11,817,0.895,4886
11,818,-0.014,3795
11,819,-0.695,4555
11,820,-0.213,3662
11,821,0.380,4252
11,822,-0.240,3325
11,823,0.111,3613
11,824,0.150,3804
11,825,0.044,3520
11,826,0.425,4187
11,827,0.106,3860
11,828,-0.182,3919
11,829,-0.314,3921
11,830,0.282,4257
11,831,-0.572,3946
11,832,0.581,3715
11,833,0.547,4144
11,834,-0.319,3530
11,835,0.064,3771
11,836,0.475,4263
11,837,0.500,4150
11,838,-1.363,4588
11,839,-0.090,3227
11,840,-0.291,3718
11,841,-0.267,4280
11,842,-0.360,4081
11,843,0.528,4425
11,844,-0.041,3562
11,845,0.724,3884
11,846,-0.549,3767
11,847,0.113,3507
11,848,-0.795,4678
11,849,-0.403,3880
11,850,-0.031,4057
11,851,-1.102,4633
11,852,0.242,4002
11,853,0.124,4095
11,854,-0.163,3427
11,855,-0.040,3174
11,856,-0.318,3990
11,857,-0.139,3467
11,858,0.185,3657
11,859,-0.312,3744
11,860,-0.050,3211
11,861,-0.332,3953
11,862,-0.722,3892
11,863,-0.406,3602
11,864,0.019,3187
11,865,-0.355,4062
11,866,-0.612,3851
11,867,-0.116,3605
11,868,-0.565,4348
11,869,0.066,4003
11,870,-0.123,3504
11,871,-0.170,3906
11,872,0.005,3620
11,873,-0.373,3886
11,874,-0.116,3581
11,875,0.515,3788
11,876,-0.083,3523
11,877,0.279,3328
11,878,0.076,3864
11,879,-0.233,3713
11,880,0.354,3713
11,881,0.227,4182
11,882,0.258,4293
11,883,-0.138,3928
11,884,-0.429,3769
11,885,0.074,3394
11,886,-0.497,3758
11,887,0.212,3675
11,888,0.301,3828
11,889,-0.341,3907
11,890,0.027,3080
11,891,0.134,4146
11,892,-0.138,3903
11,893,-0.326,3469
11,894,-0.047,3541
11,895,-0.074,3289
11,896,-0.242,4071
11,897,0.465,3832
11,898,0.199,3410
11,899,0.221,4260
11,900,-0.054,3961
11,901,0.421,4352
11,902,-0.213,3270
11,903,0.403,3578
11,904,0.271,3438
11,905,-0.060,3281
11,906,-0.164,4047
11,907,0.386,3591
11,908,-0.123,3167
11,909,0.439,4474
11,910,-0.622,4210
11,911,-0.161,3385
11,912,-0.649,3910
11,913,0.038,3233
11,914,0.555,3889
11,915,-0.065,3448
11,916,-0.454,3512
11,917,0.015,3713
11,918,-0.079,3866
11,919,0.085,3824
11,920,0.188,3628
11,921,0.487,4024
11,922,-0.684,4430
11,923,-0.523,4391
11,924,0.081,3248
11,925,-0.252,3497
11,926,-0.465,4287
11,927,-0.123,3270
11,928,-0.116,3714
11,929,-0.306,3450
11,930,0.150,4088
11,931,-0.008,3579
11,932,0.734,4142
11,933,-0.284,3607
11,934,0.443,3507
11,935,-0.691,3715
11,936,0.427,4284
11,937,-0.400,3653
11,938,0.176,3846
11,939,0.403,3545
11,940,-0.154,3814
11,941,-0.763,4604
11,942,0.083,3654
11,943,-0.340,3942
11,944,0.253,3861
11,945,-0.336,3582
11,946,0.030,3533
11,947,0.112,3877
11,948,0.273,3503
11,949,0.225,3364
11,950,-0.195,4096
11,951,0.160,3754
11,952,-0.113,3484
11,953,0.423,3578
11,954,0.240,4152
11,955,-0.429,3804
11,956,0.254,3464
11,957,-0.059,3382
11,958,-0.428,4105
11,959,0.044,3873
11,960,-0.066,3769
11,961,-0.027,3715
11,962,0.070,4012
11,963,0.125,3196
11,964,0.197,4065
11,965,0.388,3725
11,966,0.161,3965
11,967,0.634,4562
11,968,-0.510,4091
11,969,0.642,4023
11,970,-0.896,4112
11,971,-0.353,4197
11,972,-0.130,4171
11,973,0.453,3572
11,974,-0.303,3819
11,975,-0.410,3972
11,976,-0.036,3189
11,977,-0.329,4011
11,978,0.028,3587
11,979,0.019,3218
11,980,0.668,3881
11,981,0.126,3264
11,982,0.719,4437
11,983,0.731,4312
11,984,0.390,4137
11,985,0.506,3850
11,986,0.172,4137
11,987,0.051,3360
11,988,-0.081,3855
11,989,0.470,4119
11,990,0.717,3777
11,991,-0.113,3333
11,992,-0.322,3673
11,993,-0.076,3984
11,994,-1.118,5062
11,995,-0.483,4102
11,996,-0.096,3636
11,997,-0.109,3962
11,998,0.039,3656
11,999,-0.065,3348
11,1000,-0.521,4381
11,1001,0.004,3559
11,1002,0.393,4174
11,1003,-0.435,3662
11,1004,-0.087,3582
11,1005,-0.386,4291
11,1006,0.088,3974
11,1007,-0.050,3571
11,1008,0.321,4004
11,1009,0.747,4610
11,1010,-0.474,3576
11,1011,0.387,3630
11,1012,-0.316,4184
11,1013,0.376,3940
11,1014,-0.118,4063
11,1015,0.243,3790
11,1016,-0.508,3681
11,1017,0.180,3316
11,1018,-0.169,3833
11,1019,0.166,3716
11,1020,-0.036,3156
11,1021,-0.163,3698
11,1022,-0.541,3986
11,1023,0.333,3936
11,1024,0.458,3985
11,1025,0.315,3343
11,1026,0.326,3453
11,1027,0.216,3304
11,1028,0.005,3190
11,1029,-0.049,3350
11,1030,-0.078,3858
11,1031,-0.038,3267
11,1032,0.564,3853
11,1033,0.610,4089
11,1034,-0.240,3992
11,1035,0.460,4417
11,1036,-0.108,3832
11,1037,-0.385,4404
11,1038,-0.257,3403
11,1039,-0.554,4370
11,1040,0.521,4452
11,1041,0.292,4057
11,1042,-0.360,3898
11,1043,0.354,3964
11,1044,0.306,4323
11,1045,0.069,3309
11,1046,0.074,3300
11,1047,0.097,3270
11,1048,0.183,4102
11,1049,-0.022,3988
11,1050,-0.111,4149
11,1051,-0.150,4198
11,1052,0.360,3969
11,1053,0.415,3575
11,1054,-0.089,3545
11,1055,0.285,3613
11,1056,0.476,4464
11,1057,0.544,3718
11,1058,-0.770,3761
11,1059,-0.384,3897
11,1060,-0.319,3894
11,1061,0.438,3924
11,1062,0.135,3649
11,1063,0.041,3694
11,1064,0.648,4346
11,1065,0.086,3152
11,1066,0.296,4338
11,1067,0.014,3965
11,1068,-0.041,4022
11,1069,0.143,4108
11,1070,0.369,4104
11,1071,-0.389,4049
11,1072,0.001,3787
11,1073,-0.653,3995
11,1074,0.587,4580
11,1075,0.924,4801
11,1076,0.561,3698
11,1077,0.457,4323
11,1078,0.101,3148
11,1079,0.252,4072
11,1080,-0.497,4142
11,1081,0.087,3816
11,1082,0.144,3375
11,1083,-0.381,4252
11,1084,0.253,3715
11,1085,-0.166,3901
11,1086,-0.040,3145
11,1087,0.545,3587
11,1088,-0.731,4206
11,1089,-0.070,4081
11,1090,0.234,3299
11,1091,-0.259,4007
11,1092,0.112,4121
11,1093,0.208,3538
11,1094,0.154,3480
11,1095,0.404,4232
11,1096,0.054,4118
11,1097,0.161,3613
11,1098,-0.191,3365
11,1099,-0.905,3922
11,1100,-0.132,3902
11,1101,-0.424,3933
11,1102,0.165,3737
11,1103,-0.451,4409
11,1104,-0.298,3803
11,1105,0.347,4180
11,1106,0.678,3820
11,1107,-0.346,4305
11,1108,0.256,3434
11,1109,0.343,3396
11,1110,-0.444,4327
11,1111,0.285,4294
11,1112,-0.384,3758
11,1113,-0.488,4302
11,1114,0.532,4497
11,1115,0.497,3730
11,1116,-0.132,3297
11,1117,-0.244,3617
11,1118,0.566,3971
11,1119,-0.430,4376
11,1120,0.236,3975
11,1121,-0.574,3859
11,1122,-0.557,3869
11,1123,-0.049,3700
11,1124,-0.144,3342
11,1125,0.376,3989
11,1126,0.376,4032
11,1127,0.097,3545
11,1128,-0.036,3383
11,1129,0.176,3516
11,1130,-0.326,3550
11,1131,-0.622,4203
11,1132,-0.782,4632
11,1133,-0.315,3884
11,1134,0.575,3953
11,1135,0.368,4107
11,1136,-0.391,3587
11,1137,-0.376,3662
11,1138,0.688,3918
11,1139,0.388,4362
11,1140,-0.530,3818
11,1141,0.214,3329
11,1142,0.613,3720
11,1143,-0.752,3788
11,1144,0.715,4426
11,1145,-0.011,3081
11,1146,0.126,4086
11,1147,0.178,3955
11,1148,-0.016,3983
11,1149,0.085,3592
11,1150,0.073,3945
11,1151,-0.138,3635
11,1152,0.447,3688
11,1153,0.334,3741
11,1154,0.317,3763
11,1155,-0.470,3810
11,1156,0.173,3296
11,1157,-0.313,4325
11,1158,-0.324,4253
11,1159,0.589,4564
11,1160,0.223,3536
11,1161,0.087,4031
11,1162,-0.273,4196
11,1163,0.186,3354
11,1164,0.160,4204
11,1165,0.749,4333
11,1166,-0.718,3988
11,1167,-0.181,3538
11,1168,-0.569,4042
11,1169,0.493,3955
11,1170,-0.495,3572
11,1171,-0.052,3272
11,1172,-0.114,3189
11,1173,0.095,3344
11,1174,-0.464,3760
11,1175,0.396,3808
11,1176,-0.338,3812
11,1177,-0.217,3991
11,1178,0.261,3434
11,1179,0.007,3551
11,1180,-0.154,3904
11,1181,0.139,3182
11,1182,-0.293,3949
11,1183,-0.387,3624
11,1184,0.123,3665
11,1185,0.392,3916
11,1186,-0.218,3778
11,1187,0.277,3695
11,1188,-0.287,4077
11,1189,0.649,4653
11,1190,-0.464,4400
11,1191,0.205,3568
11,1192,-0.136,4000
11,1193,0.168,3846
11,1194,0.574,3902
11,1195,0.782,4570
11,1196,-0.039,4031
11,1197,0.286,3491
11,1198,0.514,3861
11,1199,0.783,3816
11,1200,-0.732,3998
11,1201,-0.409,3945
11,1202,-0.184,3772
11,1203,0.064,4018
11,1204,0.578,4226
11,1205,0.040,3107
11,1206,-0.230,4139
11,1207,-0.037,3510
11,1208,0.013,3658
11,1209,0.029,3796
11,1210,-0.156,3479
11,1211,0.273,3886
11,1212,-0.118,4139
11,1213,-0.753,4462
11,1214,-0.073,3375
11,1215,-0.424,4199
11,1216,0.385,3712
11,1217,-0.135,3972
11,1218,0.063,3426
11,1219,-0.169,4166
11,1220,0.058,3302
11,1221,0.582,4409
11,1222,0.051,3915
11,1223,-0.288,3646
11,1224,0.606,3719
11,1225,-0.130,3643
11,1226,0.232,4054
11,1227,-0.070,3666
11,1228,0.689,4167
11,1229,-0.750,4552
11,1230,-0.008,3803
11,1231,0.145,4072
11,1232,0.367,3549
11,1233,-0.248,4232
11,1234,-0.145,4167
11,1235,0.050,3524
11,1236,0.032,3796
11,1237,-0.252,4137
11,1238,0.418,3570
11,1239,0.480,4297
11,1240,-0.151,3717
11,1241,0.224,3945
11,1242,0.350,4162
11,1243,0.560,4454
11,1244,0.371,3790
11,1245,-0.747,4508
11,1246,-0.263,3519
11,1247,-0.246,3906
11,1248,-0.469,3697
11,1249,-0.789,4196
11,1250,-0.335,3871
11,1251,-0.060,3606
11,1252,0.161,4097
11,1253,0.638,3900
11,1254,0.130,3571
11,1255,0.164,3307
11,1256,0.374,3853
11,1257,-0.422,4397
11,1258,-0.341,4013
11,1259,-0.179,3289
11,1260,0.130,3397
11,1261,-0.418,4195
11,1262,-0.470,4344
11,1263,0.051,3652
11,1264,0.178,3321
11,1265,-0.146,3312
11,1266,-0.209,3625
11,1267,0.004,3072
11,1268,-0.030,3846
11,1269,0.125,3976
11,1270,-0.034,3397
11,1271,1.075,4293
11,1272,0.270,4078
11,1273,1.131,4286
11,1274,0.032,3295
11,1275,-0.175,3888
11,1276,0.213,3953
11,1277,0.129,3879
11,1278,0.216,3951
11,1279,0.660,4125
11,1280,-0.097,4018
11,1281,-0.027,4075
11,1282,0.149,3698
11,1283,-0.199,4186
11,1284,-0.683,4128
11,1285,-0.491,3913
11,1286,-0.024,3557
11,1287,-0.231,3560
11,1288,0.229,3951
11,1289,0.363,3830
11,1290,-0.131,3507
11,1291,-0.253,3784
11,1292,0.760,3785
11,1293,0.240,3413
11,1294,0.275,3805
11,1295,-0.087,3967
11,1296,-0.529,4496
11,1297,-0.163,3698
11,1298,0.237,4261
11,1299,0.329,3871
11,1300,-0.022,3329
11,1301,-0.013,3275
11,1302,-0.251,4272
11,1303,0.932,4269
11,1304,0.640,4018
11,1305,0.090,4115
11,1306,-0.832,3967
11,1307,-0.049,3477
11,1308,-0.488,4201
11,1309,0.235,3358
11,1310,-0.399,4317
11,1311,-0.221,3274
11,1312,-0.450,4387
11,1313,0.247,4245
11,1314,-0.559,4491
11,1315,-0.626,3633
11,1316,-0.211,4265
11,1317,-0.298,3372
11,1318,0.099,3723
11,1319,-0.450,4137
11,1320,-0.406,3961
11,1321,0.331,4282
11,1322,-0.259,3294
11,1323,0.063,3420
11,1324,-0.479,3638
11,1325,-0.507,3857
11,1326,-0.822,4396
11,1327,-0.365,4405
11,1328,-0.274,3951
11,1329,-0.009,3166
11,1330,-0.496,4397
11,1331,-0.043,4022
11,1332,-0.261,3945
11,1333,0.253,3973
11,1334,-0.097,3447
11,1335,-0.251,4052
11,1336,0.588,4206
11,1337,0.103,3476
11,1338,-0.505,4487
11,1339,0.922,4007
11,1340,0.009,3564
11,1341,0.279,4210
11,1342,-0.519,3974
11,1343,0.222,4235
11,1344,-0.122,4126
11,1345,0.060,3282
11,1346,0.308,3727
11,1347,0.074,4069
11,1348,-0.374,3990
11,1349,-0.708,3972
11,1350,-0.301,3528
11,1351,-0.340,4076
11,1352,-0.242,4115
11,1353,-0.286,3412
11,1354,0.538,3628
11,1355,0.049,3717
11,1356,-0.001,3398
11,1357,-0.497,3909
11,1358,-0.595,3855
11,1359,-0.402,3913
11,1360,-0.114,3667
11,1361,0.714,4369
11,1362,-0.829,4334
11,1363,0.028,4056
11,1364,0.977,4275
11,1365,0.116,3266
11,1366,-0.316,4040
11,1367,-0.496,3558
11,1368,-0.577,3987
11,1369,0.502,4147
11,1370,0.476,4088
11,1371,-0.114,4126
11,1372,0.008,3900
11,1373,-0.377,4179
11,1374,-0.244,3379
11,1375,-0.315,4355
11,1376,-0.379,4018
11,1377,0.227,3735
11,1378,-0.046,3114
11,1379,-0.378,4273
11,1380,0.024,3510
11,1381,0.164,4212
11,1382,0.121,4139
11,1383,-0.845,4259
11,1384,0.384,4266
11,1385,0.075,3630
11,1386,-0.260,3902
11,1387,0.247,3885
11,1388,0.668,4033
11,1389,-0.607,3651
11,1390,-0.587,3978
11,1391,-0.410,4447
11,1392,-0.431,3877
11,1393,0.236,4133
11,1394,0.615,4254
11,1395,-0.542,4012
11,1396,0.644,4148
11,1397,-0.294,3866
11,1398,0.121,3463
11,1399,0.124,4011
11,1400,0.756,3804
11,1401,-0.743,4123
11,1402,0.039,3625
11,1403,0.141,3289
11,1404,0.012,3552
11,1405,-0.868,3887
11,1406,0.092,3926
11,1407,0.072,3938
11,1408,-0.083,3772
11,1409,0.190,4190
11,1410,-0.596,4109
11,1411,0.133,3930
11,1412,-0.444,3941
11,1413,0.642,4061
11,1414,0.410,4244
11,1415,0.320,3569
11,1416,0.505,4320
11,1417,-0.187,4092
11,1418,0.385,4037
11,1419,0.441,4349
11,1420,-0.902,4691
11,1421,-0.013,3456
11,1422,0.004,3732
11,1423,0.190,3319
11,1424,-0.518,3797
11,1425,-0.018,3822
11,1426,-0.119,3925
11,1427,0.078,4047
11,1428,-0.764,4127
11,1429,-0.183,3772
11,1430,-0.295,3972
11,1431,-0.519,4394
11,1432,0.108,4020
11,1433,0.366,4021
11,1434,0.002,3719
11,1435,0.419,3460
11,1436,-1.219,5135
11,1437,-0.290,3675
11,1438,-0.369,4031
11,1439,0.005,3195
11,1440,-0.568,3736
12,1,-0.154,2291
12,2,0.524,2473
12,3,-0.294,2610
12,4,-0.098,2453
12,5,-0.408,2119
12,6,-0.476,2243
12,7,-0.398,2564
12,8,0.767,2918
12,9,0.305,2569
12,10,0.097,2502
12,11,-0.270,2049
12,12,0.299,2123
12,13,0.456,2385
12,14,0.183,2132
12,15,-0.195,2398
12,16,0.246,2413
12,17,0.198,2430
12,18,0.513,2384
12,19,-0.522,2381
12,20,0.726,2875
12,21,0.110,2278
12,22,-0.499,2368
12,23,-0.472,2387
12,24,0.313,2526
12,25,-0.114,2272
12,26,0.186,2144
12,27,-0.525,2497
12,28,0.113,2310
12,29,0.352,2109
12,30,-0.568,2562
12,31,0.646,2533
12,32,0.068,2489
12,33,0.389,2368
12,34,-0.337,2657
12,35,0.432,2259
12,36,0.354,2600
12,37,-0.419,2382
12,38,0.268,2501
12,39,-0.659,2280
12,40,-0.181,2511
12,41,0.500,2729
12,42,0.450,2676
12,43,0.261,2586
12,44,0.304,2414
12,45,0.201,2475
12,46,-0.647,2497
12,47,0.586,2284
12,48,0.477,2574
12,49,-0.100,2546
12,50,-0.099,2225
12,51,0.031,2342
12,52,0.152,2054
12,53,-0.376,2649
12,54,-0.030,2296
12,55,-0.124,2167
12,56,0.105,1946
12,57,0.034,2089
12,58,0.213,2246
12,59,-0.187,2040
12,60,0.072,2525
12,61,-0.966,3022
12,62,0.223,2090
12,63,0.345,2548
12,64,0.515,2672
12,65,0.299,2569
12,66,0.218,2472
12,67,0.169,2395
12,68,-0.266,2559
12,69,-0.318,2245
12,70,0.459,2394
12,71,0.148,2285
12,72,-0.708,2506
12,73,0.192,2108
12,74,-0.135,2384
12,75,-0.265,2219
12,76,0.307,2358
12,77,0.229,2065
12,78,0.595,2642
12,79,0.260,2207
12,80,0.617,2288
12,81,-0.278,2589
12,82,0.112,2289
12,83,-0.561,2488
12,84,-0.330,2562
12,85,0.873,2639
12,86,-0.217,2017
12,87,-0.158,2205
12,88,-0.039,2053
12,89,0.084,2147
12,90,0.655,2363
12,91,-0.030,2356
12,92,0.051,2393
12,93,0.224,2158
12,94,0.672,2556
12,95,-0.252,2052
12,96,-0.461,2743
12,97,0.472,2592
12,98,0.198,2170
12,99,0.506,2261
12,100,-0.271,2474
12,101,-0.126,2447
12,102,0.423,2188
12,103,0.008,2094
12,104,-0.721,2646
12,105,0.243,2612
12,106,0.621,2580
12,107,0.041,2063
12,108,-0.072,2071
12,109,-0.339,2241
12,110,-0.558,2378
12,111,0.055,2173
12,112,0.493,2465
12,113,0.195,2454
12,114,0.172,2106
12,115,-0.389,2685
12,116,0.131,2250
12,117,0.087,2071
12,118,-0.377,2359
12,119,0.195,2500
12,120,-0.161,2129
12,121,0.174,2280
12,122,-0.301,2332
12,123,0.601,2683
12,124,0.315,2194
12,125,0.006,1936
12,126,-0.077,2041
12,127,0.510,2349
12,128,-0.386,2382
12,129,-0.615,2635
12,130,0.020,2044
12,131,0.162,2579
12,132,0.520,2374
12,133,-0.734,2891
12,134,0.107,2237
12,135,1.237,2943
12,136,0.261,2506
12,137,-0.057,2430
12,138,0.094,2422
12,139,0.498,2682
12,140,0.619,2570
12,141,0.530,2698
12,142,0.446,2685
12,143,-0.320,2416
12,144,-0.296,2055
12,145,0.847,2673
12,146,-0.079,2277
12,147,0.320,2322
12,148,0.020,2155
12,149,0.030,1994
12,150,0.518,2460
12,151,-0.178,2489
12,152,-0.181,2304
12,153,0.221,2102
12,154,0.083,2377
12,155,0.464,2537
12,156,-0.222,2124
12,157,-0.154,2533
12,158,0.470,2312
12,159,0.062,2268
12,160,-0.397,2397
12,161,0.015,2237
12,162,-0.213,2392
12,163,-0.462,2601
12,164,-0.030,1983
12,165,0.007,2205
12,166,-0.009,2255
12,167,0.111,2229
12,168,0.071,2427
12,169,0.402,2425
12,170,-0.182,1999
12,171,-0.540,2783
12,172,0.286,2318
12,173,0.367,2687
12,174,0.545,2722
12,175,0.360,2435
12,176,0.257,2054
12,177,-0.238,2187
12,178,0.228,2172
12,179,0.225,2317
12,180,-0.564,2358
12,181,0.487,2660
12,182,0.024,2099
12,183,0.609,2497
12,184,0.996,2500
12,185,0.423,2304
12,186,0.560,2543
12,187,0.428,2600
12,188,-0.336,2201
12,189,0.154,2022
12,190,-0.098,2206
12,191,0.474,2341
12,192,-0.126,2241
12,193,-0.202,2413
12,194,0.071,2244
12,195,0.224,2221
12,196,-0.110,1977
12,197,0.291,2429
12,198,-0.160,2338
12,199,-0.228,2070
12,200,0.087,2492
12,201,0.558,2462
12,202,-0.791,2334
12,203,0.075,2255
12,204,-0.215,2535
12,205,-0.049,2249
12,206,0.002,1896
12,207,0.246,2049
12,208,0.120,1966
12,209,0.678,2810
12,210,-0.121,1977
12,211,0.304,2334
12,212,0.525,2555
12,213,-0.261,2250
12,214,0.436,2155
12,215,0.458,2723
12,216,-0.313,2517
12,217,-0.020,2252
12,218,-0.057,2374
12,219,-0.149,2174
12,220,-0.070,1938
12,221,0.112,1943
12,222,-0.589,2382
12,223,0.979,2536
12,224,-0.082,2467
12,225,-0.086,2084
12,226,-0.180,2243
12,227,-0.185,2547
12,228,-0.116,2106
12,229,0.390,2360
12,230,-0.774,2519
12,231,-0.322,2582
12,232,-0.879,2796
12,233,-0.125,2123
12,234,-0.469,2509
12,235,0.177,2047
12,236,0.278,2308
12,237,-0.373,2495
12,238,0.290,2326
12,239,0.277,2338
12,240,-0.498,2369
12,241,-0.246,2047
12,242,-0.661,2327
12,243,0.248,2035
12,244,-0.486,2712
12,245,0.051,2008
12,246,0.225,2114
12,247,0.215,2455
12,248,-0.151,2518
12,249,0.150,2370
12,250,0.421,2554
12,251,1.032,2567
12,252,0.226,2510
12,253,0.222,2303
12,254,0.225,2025
12,255,-0.221,2482
12,256,0.825,2892
12,257,0.300,2205
12,258,0.269,2306
12,259,-0.797,2417
12,260,0.072,2525
12,261,-0.364,2487
12,262,-0.538,2497
12,263,-0.074,2024
12,264,0.124,2546
12,265,0.268,2282
12,266,-0.128,2333
12,267,0.007,2021
12,268,0.151,2363
12,269,0.221,2079
12,270,0.389,2393
12,271,0.572,2485
12,272,-0.127,2047
12,273,0.400,2265
12,274,0.293,2151
12,275,0.034,2250
12,276,0.172,2560
12,277,-0.261,2041
12,278,0.231,2437
12,279,0.200,2362
12,280,-0.453,2312
12,281,-0.081,2180
12,282,-0.228,2568
12,283,-0.632,2833
12,284,0.130,2029
12,285,0.442,2343
12,286,0.454,2381
12,287,-0.208,2607
12,288,0.363,2152
12,289,0.013,2053
12,290,0.243,2304
12,291,-0.272,2085
12,292,0.172,2431
12,293,0.053,2341
12,294,0.759,2383
12,295,0.872,2820
12,296,-0.521,2769
12,297,-0.032,2028
12,298,-0.030,2240
12,299,0.385,2556
12,300,0.577,2195
12,301,-0.352,2630
12,302,-0.399,2611
12,303,-0.740,2824
12,304,0.223,2034
12,305,-0.402,2682
12,306,-0.065,1963
12,307,-0.107,2499
12,308,0.782,2323
12,309,-0.155,2037
12,310,-0.212,2067
12,311,0.339,2096
12,312,0.057,2221
12,313,0.182,2269
12,314,0.280,2054
12,315,-0.042,2223
12,316,0.490,2635
12,317,-0.588,2758
12,318,0.567,2244
12,319,0.460,2663
12,320,-0.525,2519
12,321,0.159,2068
12,322,0.444,2329
12,323,0.404,2627
12,324,0.046,2375
12,325,0.485,2157
12,326,-0.057,2152
12,327,0.896,2797
12,328,-0.370,2569
12,329,0.466,2510
12,330,0.135,2378
12,331,0.592,2641
12,332,-0.164,2297
12,333,-0.012,1877
12,334,-0.188,2014
12,335,0.305,2329
12,336,-0.314,2252
12,337,-0.124,2014
12,338,-0.380,2456
12,339,-0.144,2482
12,340,-0.374,2251
12,341,0.507,2460
12,342,0.277,2235
12,343,-0.343,2575
12,344,0.534,2516
12,345,0.204,2167
12,346,-0.145,2481
12,347,0.376,2082
12,348,-0.096,2175
12,349,0.221,2005
12,350,0.237,2311
12,351,-0.003,2397
12,352,0.067,1940
12,353,-0.338,2198
12,354,-0.179,2534
12,355,1.116,2686
12,356,-0.405,2493
12,357,0.678,2741
12,358,-0.136,2250
12,359,-0.475,2183
12,360,-0.134,2155
12,361,-0.142,2283
12,362,0.098,2344
12,363,0.089,2489
12,364,0.353,2397
12,365,-0.458,2722
12,366,-0.366,2540
12,367,-0.142,2212
12,368,0.235,2242
12,369,0.287,2524
12,370,0.165,2260
12,371,-0.511,2264
12,372,0.336,2379
12,373,-0.496,2386
12,374,-0.404,2122
12,375,0.097,1963
12,376,-0.297,2604
12,377,0.672,2620
12,378,0.667,2453
12,379,0.099,1972
12,380,-0.344,2635
12,381,-0.575,2459
12,382,0.474,2154
12,383,0.128,2033
12,384,0.447,2443
12,385,0.277,2239
12,386,0.193,2598
12,387,0.435,2671
12,388,0.375,2100
12,389,-0.167,2557
12,390,0.429,2249
12,391,1.231,3117
12,392,0.132,2229
12,393,0.013,2320
12,394,0.290,2153
12,395,0.397,2701
12,396,0.409,2424
12,397,-0.143,2150
12,398,0.045,2350
12,399,0.057,2032
12,400,-0.331,2119
12,401,-0.518,2363
12,402,0.125,2185
12,403,-0.199,2062
12,404,0.619,2759
12,405,-0.090,2121
12,406,-0.007,1978
12,407,-1.017,2744
12,408,-0.570,2264
12,409,0.336,2267
12,410,-0.650,2630
12,411,0.327,2405
12,412,0.402,2665
12,413,-0.645,2446
12,414,0.159,2485
12,415,0.629,2272
12,416,-0.389,2387
12,417,0.143,2385
12,418,-0.309,2152
12,419,0.156,2200
12,420,0.174,2236
12,421,-0.748,2412
12,422,-0.631,2795
12,423,0.834,2410
12,424,0.413,2171
12,425,0.070,2527
12,426,0.399,2123
12,427,-0.238,2552
12,428,0.337,2129
12,429,0.244,2052
12,430,0.027,2210
12,431,-0.324,2536
12,432,0.035,1980
12,433,0.282,2336
12,434,0.486,2349
12,435,-0.079,2439
12,436,-0.642,2663
12,437,0.340,2128
12,438,-0.516,2693
12,439,-0.634,2281
12,440,-0.250,2137
12,441,-0.289,2371
12,442,-0.010,2027
12,443,0.192,2168
12,444,0.026,2230
12,445,0.499,2195
12,446,-0.483,2326
12,447,-0.538,2769
12,448,0.345,2131
12,449,-0.098,1947
12,450,0.363,2667
12,451,0.309,2488
12,452,-0.738,2608
12,453,-0.223,2132
12,454,0.210,2103
12,455,0.234,2199
12,456,-0.525,2185
12,457,-0.600,2642
12,458,-0.067,1920
12,459,0.147,2213
12,460,-0.376,2545
12,461,0.072,2357
12,462,-0.680,2784
12,463,-0.835,2369
12,464,0.078,2039
12,465,-0.825,2605
12,466,-0.558,2622
12,467,-0.156,2350
12,468,0.697,2369
12,469,-0.108,2371
12,470,0.454,2446
12,471,-0.393,2206
12,472,-1.016,2858
12,473,0.566,2628
12,474,-0.160,2576
12,475,0.151,2574
12,476,-0.348,2355
12,477,-0.719,2766
12,478,-0.361,2397
12,479,0.527,2575
12,480,0.117,1942
12,481,0.184,2273
12,482,0.272,2164
12,483,0.624,2308
12,484,0.706,2677
12,485,-0.349,2408
12,486,-0.180,2552
12,487,0.047,2401
12,488,0.244,2630
12,489,0.222,2374
12,490,-0.686,2813
12,491,0.475,2363
12,492,0.344,2319
12,493,-0.950,2824
12,494,-0.229,2199
12,495,0.517,2660
12,496,-0.392,2514
12,497,0.208,2034
12,498,-0.225,2422
12,499,-0.261,2306
12,500,-0.185,2486
12,501,-0.362,2437
12,502,-0.189,2312
12,503,0.032,2231
12,504,0.562,2414
12,505,1.004,2873
12,506,-0.381,2461
12,507,0.442,2620
12,508,0.523,2752
12,509,0.084,2100
12,510,0.024,2218
12,511,0.698,2671
12,512,0.310,2481
12,513,0.445,2703
12,514,0.033,2462
12,515,0.295,2091
12,516,-0.358,2122
12,517,0.431,2685
12,518,0.159,2261
12,519,-0.101,2196
12,520,0.086,2203
12,521,0.469,2197
12,522,0.020,1986
12,523,0.847,2927
12,524,-0.426,2438
12,525,0.146,2086
12,526,0.083,2215
12,527,0.217,2224
12,528,0.049,2021
12,529,-0.130,2146
12,530,-0.731,2831
12,531,-0.897,2444
12,532,-0.042,1957
12,533,0.510,2574
12,534,0.005,2076
12,535,0.070,1992
12,536,0.384,2288
12,537,0.440,2306
12,538,0.001,1927
12,539,0.207,2140
12,540,-0.112,2075
12,541,0.353,2216
12,542,0.700,2594
12,543,-0.587,2277
12,544,0.319,2485
12,545,0.592,2277
12,546,-0.403,2481
12,547,0.826,2632
12,548,-0.214,2231
12,549,0.036,2132
12,550,0.282,2306
12,551,-0.046,2491
12,552,-0.297,2237
12,553,0.567,2475
12,554,0.615,2684
12,555,0.107,2439
12,556,0.995,2474
12,557,0.287,2539
12,558,0.231,2025
12,559,0.772,2312
12,560,-0.712,2690
12,561,0.123,2321
12,562,0.478,2524
12,563,0.169,2270
12,564,0.933,2773
12,565,-0.098,2306
12,566,0.068,2296
12,567,0.431,2478
12,568,-0.010,2421
12,569,-0.030,2213
12,570,1.049,3045
12,571,-0.273,2153
12,572,0.573,2450
12,573,0.041,2443
12,574,-0.041,2384
12,575,-0.374,2481
12,576,-0.265,2180
12,577,0.558,2610
12,578,0.562,2492
12,579,-0.333,2241
12,580,-0.232,2086
12,581,-0.142,2258
12,582,-0.219,2039
12,583,0.690,2410
12,584,0.157,2234
12,585,0.329,2338
12,586,1.032,3002
12,587,0.043,2375
12,588,0.333,2058
12,589,0.192,2247
12,590,0.470,2672
12,591,0.142,2554
12,592,-0.469,2614
12,593,-0.359,2121
12,594,0.386,2395
12,595,-0.095,2117
12,596,-0.185,2106
12,597,-0.030,1904
12,598,-0.384,2566
12,599,-0.031,2349
12,600,-0.268,2253
12,601,-0.006,1984
12,602,-0.679,2783
12,603,-0.170,2426
12,604,-0.287,2282
12,605,-0.059,2124
12,606,-0.071,2522
12,607,-0.724,2818
12,608,0.468,2308
12,609,-0.367,2219
12,610,0.536,2759
12,611,-0.665,2623
12,612,-0.017,2002
12,613,0.139,2485
12,614,-0.404,2616
12,615,-0.044,2505
12,616,-0.696,2497
12,617,-0.534,2652
12,618,0.427,2161
12,619,-0.166,2263
12,620,-0.557,2679
12,621,-0.340,2315
12,622,0.304,2226
12,623,-0.787,2430
12,624,0.419,2222
12,625,-0.205,2209
12,626,0.384,2315
12,627,0.165,2544
12,628,0.089,2109
12,629,0.105,2054
12,630,0.375,2627
12,631,0.374,2202
12,632,0.296,2300
12,633,0.142,1963
12,634,0.369,2272
12,635,-0.133,2344
12,636,0.900,2484
12,637,0.083,2420
12,638,-0.039,2398
12,639,-0.148,2250
12,640,-0.210,2472
12,641,-0.313,2185
12,642,0.499,2298
12,643,-0.347,2508
12,644,-0.857,2403
12,645,0.601,2462
12,646,-0.426,2674
12,647,0.246,2211
12,648,0.447,2734
12,649,0.793,2487
12,650,0.162,2191
12,651,-0.468,2177
12,652,-0.034,1951
12,653,-0.660,2243
12,654,-0.021,2048
12,655,0.223,2506
12,656,-0.188,2462
12,657,0.030,2080
12,658,-0.165,2160
12,659,0.268,2206
12,660,0.315,2387
12,661,-0.286,2230
12,662,0.208,2346
12,663,-0.125,2498
12,664,-0.227,2304
12,665,-0.237,2107
12,666,-0.200,2605
12,667,-0.226,2434
12,668,-0.916,2526
12,669,-0.189,2371
12,670,0.107,2123
12,671,-0.306,2259
12,672,0.435,2720
12,673,-0.071,2066
12,674,0.291,2097
12,675,-0.003,2426
12,676,0.154,2311
12,677,0.244,2160
12,678,0.039,2000
12,679,-0.590,2614
12,680,-0.769,2628
12,681,0.278,2554
12,682,-0.515,2541
12,683,-0.147,2234
12,684,-0.493,2546
12,685,0.124,2515
12,686,-0.297,2121
12,687,-0.212,2300
12,688,0.151,2041
12,689,-0.466,2705
12,690,0.588,2396
12,691,0.067,2111
12,692,0.284,2402
12,693,-0.062,2439
12,694,0.313,2283
12,695,-0.208,2357
12,696,-0.536,2780
12,697,-0.424,2351
12,698,-0.791,2784
12,699,-0.310,2352
12,700,-0.358,2439
12,701,0.192,2203
12,702,-0.769,2331
12,703,0.380,2438
12,704,-1.067,3004
12,705,0.328,2216
12,706,-0.395,2434
12,707,0.131,2388
12,708,0.131,2443
12,709,0.569,2595
12,710,-0.055,2279
12,711,-0.063,2419
12,712,-0.418,2498
12,713,-0.338,2594
12,714,-0.101,2296
12,715,-0.219,2511
12,716,0.003,2081
12,717,0.475,2424
12,718,0.293,2212
12,719,0.120,2009
12,720,-0.290,2514
12,721,-0.006,2448
12,722,0.432,2646
12,723,0.123,2517
12,724,-0.018,2112
12,725,-0.607,2762
12,726,0.368,2566
12,727,0.283,2381
12,728,-0.177,2069
12,729,0.601,2759
12,730,0.342,2529
12,731,0.521,2346
12,732,0.132,2280
12,733,0.202,2083
12,734,0.541,2631
12,735,-0.318,2653
12,736,-0.520,2174
12,737,0.237,2359
12,738,0.872,2517
12,739,-0.234,2613
12,740,-0.164,2556
12,741,0.110,2471
12,742,0.106,2010
12,743,-0.166,2119
12,744,0.092,2030
12,745,0.049,2368
12,746,0.213,2532
12,747,-0.439,2326
12,748,0.496,2490
12,749,0.652,2548
12,750,-0.894,2459
12,751,0.495,2555
12,752,0.098,2363
12,753,-0.205,2077
12,754,-0.134,1948
12,755,0.302,2257
12,756,-0.514,2274
12,757,0.173,2474
12,758,0.274,2226
12,759,-0.945,2540
12,760,-0.567,2232
12,761,0.479,2555
12,762,0.230,2119
12,763,0.187,2128
12,764,-0.482,2452
12,765,0.595,2827
12,766,0.170,2472
12,767,0.571,2434
12,768,0.223,2424
12,769,0.123,2215
12,770,0.446,2281
12,771,-0.434,2356
12,772,0.132,2034
12,773,-0.022,1907
12,774,-0.180,2258
12,775,0.418,2122
12,776,0.343,2067
12,777,-0.249,2508
12,778,-0.035,2388
12,779,-0.347,2269
12,780,0.366,2426
12,781,-0.475,2524
12,782,0.568,2635
12,783,-0.030,2480
12,784,0.223,2585
12,785,-0.157,2145
12,786,1.321,3066
12,787,0.748,2716
12,788,-0.161,1998
12,789,0.154,2368
12,790,0.341,2598
12,791,0.491,2303
12,792,0.491,2230
12,793,0.545,2317
12,794,-0.002,1899
12,795,0.214,2571
12,796,0.353,2304
12,797,0.230,2094
12,798,0.203,2269
12,799,-0.130,2497
12,800,-0.059,2334
12,801,-0.385,2697
12,802,0.734,2653
12,803,0.466,2255
12,804,0.349,2240
12,805,0.662,2824
12,806,0.216,2113
12,807,-0.026,2073
12,808,0.107,2345
12,809,0.010,2313
12,810,0.697,2351
12,811,0.159,2400
12,812,0.423,2352
12,813,0.149,2119
12,814,0.046,2233
12,815,-0.382,2418
12,816,-0.274,2236
12,817,0.390,2575
12,818,-0.125,2187
12,819,0.363,2674
12,820,0.506,2291
12,821,-0.056,2103
12,822,0.379,2105
12,823,-0.292,2296
12,824,0.281,2118
12,825,-0.085,2018
12,826,-0.227,2432
12,827,0.031,2124
12,828,0.123,2194
12,829,-0.392,2622
12,830,-0.161,2431
12,831,-0.256,2515
12,832,0.505,2184
12,833,-0.216,2316
12,834,-0.093,2105
12,835,0.128,2056
12,836,0.165,2248
12,837,0.250,2366
12,838,0.938,2689
12,839,-0.308,2199
12,840,-0.632,2315
12,841,0.051,2077
12,842,0.250,2051
12,843,0.068,2495
12,844,-0.210,2611
12,845,-0.008,1937
12,846,0.310,2471
12,847,0.151,2548
12,848,0.745,2636
12,849,0.589,2211
12,850,-0.554,2800
12,851,-0.111,2349
12,852,-0.640,2617
12,853,-0.167,2286
12,854,-0.058,2397
12,855,0.097,1957
12,856,-0.614,2235
12,857,0.121,2476
12,858,0.153,1963
12,859,0.421,2199
12,860,1.229,3001
12,861,-0.007,2170
12,862,0.002,1878
12,863,-0.470,2680
12,864,0.604,2645
12,865,-0.330,2471
12,866,1.041,2923
12,867,-0.594,2818
12,868,0.333,2246
12,869,0.619,2725
12,870,-0.652,2849
12,871,-0.255,2437
12,872,-0.331,2558
12,873,0.411,2445
12,874,-0.474,2366
12,875,-0.504,2200
12,876,-0.442,2560
12,877,0.157,2148
12,878,0.512,2201
12,879,0.286,2068
12,880,-0.157,1983
12,881,-0.008,2338
12,882,0.426,2435
12,883,0.102,2032
12,884,-0.594,2547
12,885,0.537,2524
12,886,-0.079,2200
12,887,-0.092,2353
12,888,-0.225,2099
12,889,0.074,1952
12,890,-0.214,2607
12,891,0.342,2122
12,892,-0.463,2713
12,893,-0.518,2750
12,894,0.168,1976
12,895,-0.441,2143
12,896,-0.384,2399
12,897,0.547,2527
12,898,-0.231,2062
12,899,0.860,2629
12,900,0.063,2276
12,901,-0.419,2468
12,902,-0.201,2366
12,903,-0.356,2478
12,904,0.087,1984
12,905,0.046,2179
12,906,-0.503,2768
12,907,0.124,2159
12,908,0.345,2223
12,909,0.328,2627
12,910,-0.210,2225
12,911,0.043,2126
12,912,-0.092,2034
12,913,-0.442,2307
12,914,0.383,2491
12,915,-0.661,2726
12,916,-0.313,2386
12,917,0.158,2231
12,918,-0.267,2224
12,919,0.464,2341
12,920,0.275,2611
12,921,0.106,2327
12,922,0.230,2198
12,923,0.102,2190
12,924,-0.017,2216
12,925,0.141,2470
12,926,-0.286,2087
12,927,-0.031,2013
12,928,-0.144,2551
12,929,0.228,2305
12,930,-0.462,2213
12,931,-0.497,2532
12,932,0.044,2205
12,933,0.289,2237
12,934,0.182,2584
12,935,-0.594,2270
12,936,0.152,2113
12,937,0.514,2389
12,938,-0.386,2229
12,939,-0.537,2632
12,940,0.181,2497
12,941,0.012,2211
12,942,-0.537,2567
12,943,-0.152,2492
12,944,0.323,2315
12,945,0.086,2438
12,946,0.347,2265
12,947,-0.254,2248
12,948,-0.051,2215
12,949,0.332,2624
12,950,0.386,2113
12,951,0.304,2302
12,952,0.381,2502
12,953,-0.198,2303
12,954,0.099,2346
12,955,0.371,2287
12,956,0.354,2156
12,957,0.172,2249
12,958,0.531,2699
12,959,0.029,2441
12,960,-0.038,2028
12,961,-0.078,2436
12,962,0.123,2394
12,963,0.277,2636
12,964,0.693,2394
12,965,-0.575,2505
12,966,-0.663,2610
12,967,0.677,2358
12,968,-0.181,2428
12,969,0.119,2368
12,970,-0.023,2219
12,971,0.007,2469
12,972,-0.129,2536
12,973,-0.132,2168
12,974,0.943,2502
12,975,-0.680,2411
12,976,0.565,2608
12,977,0.179,2011
12,978,0.363,2323
12,979,0.375,2564
12,980,0.588,2686
12,981,0.155,2532
12,982,-0.255,2115
12,983,-0.003,2426
12,984,-0.884,2820
12,985,-1.118,3110
12,986,0.083,2160
12,987,0.300,2513
12,988,0.470,2434
12,989,-0.400,2095
12,990,-0.066,2285
12,991,-0.160,2029
12,992,0.185,2207
12,993,-0.203,2309
12,994,0.418,2713
12,995,0.175,2100
12,996,0.297,2463
12,997,0.104,2087
12,998,0.082,2271
12,999,-0.143,2316
12,1000,1.052,2602
12,1001,-0.383,2163
12,1002,0.274,2237
12,1003,0.661,2289
12,1004,0.992,2755
12,1005,-0.091,2432
12,1006,0.958,2408
12,1007,0.014,1932
12,1008,0.170,2272
12,1009,0.142,2159
12,1010,0.484,2682
12,1011,0.884,2867
12,1012,0.580,2625
12,1013,-0.145,2422
12,1014,-0.078,2286
12,1015,-0.023,2425
12,1016,-0.188,2516
12,1017,-0.158,2203
12,1018,0.303,2537
12,1019,-0.208,2119
12,1020,-0.361,2078
12,1021,0.186,2114
12,1022,-0.634,2631
12,1023,0.202,2178
12,1024,-0.379,2420
12,1025,0.076,1983
12,1026,0.001,1987
12,1027,0.130,2184
12,1028,-0.562,2326
12,1029,0.162,2398
12,1030,-0.121,2367
12,1031,-0.645,2591
12,1032,-0.649,2314
12,1033,0.402,2475
12,1034,-0.395,2177
12,1035,-0.436,2393
12,1036,0.234,2596
12,1037,0.508,2190
12,1038,0.372,2652
12,1039,0.026,1937
12,1040,-0.179,2357
12,1041,0.250,2374
12,1042,0.061,2162
12,1043,-0.380,2113
12,1044,-0.260,2592
12,1045,-0.574,2519
12,1046,0.275,2288
12,1047,0.573,2628
12,1048,-0.181,2259
12,1049,-0.102,2357
12,1050,0.829,2347
12,1051,0.459,2158
12,1052,0.148,2517
12,1053,0.005,2123
12,1054,-0.821,2355
12,1055,0.242,2245
12,1056,0.422,2355
12,1057,-0.101,2487
12,1058,0.171,2128
12,1059,-0.172,2121
12,1060,0.171,2349
12,1061,0.291,2305
12,1062,-0.045,2168
12,1063,0.814,2629
12,1064,-0.474,2686
12,1065,0.533,2587
12,1066,-0.269,2523
12,1067,-0.603,2798
12,1068,-0.030,1967
12,1069,0.137,2249
12,1070,-0.507,2684
12,1071,0.012,1888
12,1072,0.602,2460
12,1073,0.109,2151
12,1074,-0.052,2337
12,1075,0.684,2399
12,1076,0.232,2588
12,1077,0.673,2642
12,1078,-0.169,2458
12,1079,0.067,2386
12,1080,0.139,2248
12,1081,0.959,2833
12,1082,0.293,2266
12,1083,0.217,2281
12,1084,-0.525,2507
12,1085,0.046,2094
12,1086,-0.450,2580
12,1087,0.117,2416
12,1088,-0.177,2054
12,1089,-0.206,2488
12,1090,-0.729,2563
12,1091,-0.627,2382
12,1092,-0.179,2077
12,1093,-0.077,2532
12,1094,-0.189,2594
12,1095,-0.459,2632
12,1096,0.147,2353
12,1097,0.675,2803
12,1098,-0.325,2293
12,1099,0.227,2312
12,1100,-0.070,2425
12,1101,0.240,2594
12,1102,-0.724,2781
12,1103,-0.114,2120
12,1104,0.564,2383
12,1105,0.518,2589
12,1106,-0.317,2465
12,1107,0.031,1992
12,1108,0.161,2506
12,1109,-0.383,2420
12,1110,-0.119,2294
12,1111,0.526,2777
12,1112,-0.200,2457
12,1113,0.636,2845
12,1114,-0.188,2261
12,1115,0.107,2374
12,1116,-0.338,2227
12,1117,0.015,2221
12,1118,0.399,2288
12,1119,-0.061,2231
12,1120,-0.097,2543
12,1121,0.574,2302
12,1122,-0.024,2336
12,1123,0.362,2548
12,1124,0.225,2097
12,1125,-0.718,2791
12,1126,0.267,2424
12,1127,0.480,2337
12,1128,-0.126,2342
12,1129,0.246,2448
12,1130,0.046,1991
12,1131,0.719,2742
12,1132,-0.077,1991
12,1133,-0.074,2106
12,1134,0.103,2102
12,1135,-0.226,2048
12,1136,0.254,2380
12,1137,-0.112,2112
12,1138,-0.211,2131
12,1139,0.263,2234
12,1140,0.245,2194
12,1141,0.017,2273
12,1142,-0.186,2213
12,1143,-0.779,2513
12,1144,-0.659,2682
12,1145,0.378,2621
12,1146,-0.032,1955
12,1147,-0.485,2295
12,1148,-0.043,2196
12,1149,0.396,2485
12,1150,-0.165,2292
12,1151,0.788,2723
12,1152,-0.215,2513
12,1153,0.048,2331
12,1154,-0.492,2378
12,1155,0.427,2642
12,1156,-0.326,2641
12,1157,-0.216,2234
12,1158,0.124,1943
12,1159,-0.376,2092
12,1160,-0.456,2206
12,1161,0.124,2167
12,1162,0.293,2381
12,1163,-0.396,2414
12,1164,0.097,2433
12,1165,0.269,2312
12,1166,-0.076,2200
12,1167,-0.348,2582
12,1168,-0.653,2522
12,1169,0.276,2342
12,1170,0.094,2163
12,1171,-0.462,2622
12,1172,0.038,2253
12,1173,-0.473,2251
12,1174,0.630,2603
12,1175,-0.066,2354
12,1176,0.437,2437
12,1177,-0.109,2023
12,1178,0.134,2171
12,1179,-0.179,1988
12,1180,-0.270,2475
12,1181,-0.563,2619
12,1182,-0.063,2319
12,1183,-0.627,2301
12,1184,0.554,2286
12,1185,-0.229,2461
12,1186,-0.240,2461
12,1187,-0.010,2161
12,1188,-0.157,1997
12,1189,-0.648,2338
12,1190,-0.235,2624
12,1191,-0.459,2457
12,1192,-0.071,2283
12,1193,0.395,2599
12,1194,0.091,2386
12,1195,-0.655,2540
12,1196,-0.049,2226
12,1197,0.146,2396
12,1198,-1.117,3092
12,1199,0.279,2083
12,1200,0.506,2617
12,1201,-0.985,2545
12,1202,0.095,2363
12,1203,-0.099,2110
12,1204,-0.097,2541
12,1205,-0.142,2205
12,1206,0.082,2218
12,1207,-0.228,2066
12,1208,1.041,2997
12,1209,0.135,2419
12,1210,0.017,2329
12,1211,-0.240,2556
12,1212,0.825,2774
12,1213,0.398,2661
12,1214,-0.364,2310
12,1215,-0.693,2727
12,1216,0.194,2118
12,1217,-0.427,2326
12,1218,0.363,2187
12,1219,-0.024,2045
12,1220,-0.358,2422
12,1221,0.178,2519
12,1222,-0.957,2442
12,1223,-0.021,2474
12,1224,-0.957,2593
12,1225,0.026,2299
12,1226,0.311,2382
12,1227,-0.236,2084
12,1228,-0.390,2590
12,1229,0.077,2224
12,1230,-0.126,2187
12,1231,-0.039,2253
12,1232,-0.035,2340
12,1233,-0.053,2471
12,1234,0.675,2664
12,1235,0.003,2441
12,1236,0.278,2186
12,1237,0.095,2225
12,1238,0.559,2647
12,1239,-0.045,2346
12,1240,0.558,2299
12,1241,0.284,2618
12,1242,-0.252,2428
12,1243,0.026,2159
12,1244,0.462,2310
12,1245,0.258,2129
12,1246,-0.040,2437
12,1247,0.936,2901
12,1248,-0.011,2403
12,1249,-0.210,2397
12,1250,0.031,1987
12,1251,-0.124,2264
12,1252,-0.318,2334
12,1253,-0.146,2254
12,1254,0.201,2347
12,1255,0.008,2406
12,1256,-0.031,2073
12,1257,0.291,2480
12,1258,-0.665,2641
12,1259,-0.400,2575
12,1260,-0.084,2325
12,1261,0.025,1962
12,1262,-0.929,2468
12,1263,0.093,2445
12,1264,0.326,2055
12,1265,-0.412,2701
12,1266,-0.360,2576
12,1267,0.412,2207
12,1268,-0.348,2504
12,1269,0.188,1994
12,1270,-0.435,2313
12,1271,0.481,2567
12,1272,-0.317,2631
12,1273,-0.163,2126
12,1274,0.389,2321
12,1275,0.446,2458
12,1276,0.429,2181
12,1277,0.808,2670
12,1278,-0.104,2016
12,1279,0.468,2302
12,1280,0.918,2756
12,1281,0.855,2967
12,1282,-0.906,2651
12,1283,-0.140,2241
12,1284,-0.938,2681
12,1285,-0.043,1976
12,1286,1.063,3086
12,1287,-0.237,2158
12,1288,0.049,2481
12,1289,-0.008,2426
12,1290,-0.416,2612
12,1291,0.236,2385
12,1292,0.375,2112
12,1293,-0.093,2307
12,1294,0.658,2436
12,1295,-0.019,2026
12,1296,0.292,2041
12,1297,0.318,2212
12,1298,-0.676,2818
12,1299,-0.334,2269
12,1300,0.260,2527
12,1301,0.185,2074
12,1302,-0.057,2377
12,1303,0.345,2570
12,1304,0.103,2442
12,1305,-0.407,2460
12,1306,-0.018,1957
12,1307,0.959,3017
12,1308,-0.108,2093
12,1309,0.033,2153
12,1310,0.508,2334
12,1311,-0.033,2131
12,1312,0.179,2306
12,1313,-0.057,1934
12,1314,-0.210,2594
12,1315,0.286,2282
12,1316,-0.111,2346
12,1317,0.067,2165
12,1318,-0.654,2297
12,1319,-0.820,2828
12,1320,0.130,2248
12,1321,0.237,2393
12,1322,-0.189,2455
12,1323,0.047,2155
12,1324,-0.039,2507
12,1325,0.075,2384
12,1326,0.132,2009
12,1327,0.099,2403
12,1328,-0.074,2116
12,1329,-0.117,2109
12,1330,-0.033,2369
12,1331,-0.367,2220
12,1332,0.262,2330
12,1333,-0.081,2529
12,1334,0.437,2430
12,1335,-0.242,2106
12,1336,-0.202,2524
12,1337,0.427,2528
12,1338,-0.529,2513
12,1339,-0.177,2038
12,1340,0.019,2283
12,1341,0.344,2236
12,1342,0.466,2491
12,1343,0.427,2404
12,1344,0.398,2612
12,1345,0.556,2648
12,1346,0.106,2046
12,1347,-0.196,2267
12,1348,0.447,2599
12,1349,-0.071,2517
12,1350,-0.082,2367
12,1351,-0.059,2299
12,1352,0.017,2231
12,1353,-0.523,2165
12,1354,-0.655,2707
12,1355,-0.491,2250
12,1356,0.263,2269
12,1357,0.632,2775
12,1358,-0.250,2164
12,1359,0.332,2276
12,1360,-0.419,2112
12,1361,-0.020,2243
12,1362,-0.123,2413
12,1363,-0.103,1955
12,1364,-0.841,2843
12,1365,0.202,2513
12,1366,-0.331,2580
12,1367,0.398,2219
12,1368,-0.790,2403
12,1369,0.759,2768
12,1370,0.209,2074
12,1371,0.399,2616
12,1372,-0.132,2171
12,1373,0.867,2948
12,1374,-0.220,2504
12,1375,-0.026,2052
12,1376,-0.883,2815
12,1377,0.679,2736
12,1378,0.099,2466
12,1379,0.169,2323
12,1380,0.113,2264
12,1381,0.560,2676
12,1382,-0.782,2626
12,1383,0.360,2666
12,1384,-0.205,2068
12,1385,0.098,2307
12,1386,-0.322,2100
12,1387,0.637,2650
12,1388,-0.144,2374
12,1389,-0.141,2531
12,1390,0.024,2106
12,1391,-0.463,2468
12,1392,0.419,2281
12,1393,0.584,2729
12,1394,-0.567,2746
12,1395,0.290,2161
12,1396,-0.035,2359
12,1397,-0.274,2185
12,1398,-0.443,2399
12,1399,0.233,2432
12,1400,-0.079,2059
12,1401,-0.378,2148
12,1402,-0.407,2123
12,1403,-0.477,2512
12,1404,-0.363,2298
12,1405,-0.170,2292
12,1406,0.156,2408
12,1407,-0.707,2799
12,1408,-0.006,2136
12,1409,0.402,2384
12,1410,-0.166,2369
12,1411,0.789,2506
12,1412,-1.067,2564
12,1413,0.235,2107
12,1414,-0.475,2454
12,1415,0.317,2551
12,1416,-0.084,1988
12,1417,0.081,2340
12,1418,-0.148,1955
12,1419,0.265,2052
12,1420,-1.040,2733
12,1421,0.043,2495
12,1422,-0.099,2048
12,1423,0.074,1994
12,1424,0.054,2381
12,1425,-0.374,2534
12,1426,-0.367,2325
12,1427,0.647,2487
12,1428,0.221,2360
12,1429,0.419,2622
12,1430,-0.572,2643
12,1431,-0.463,2750
12,1432,0.399,2148
12,1433,-0.120,2199
12,1434,-0.083,2058
12,1435,0.033,2041
12,1436,0.034,2075
12,1437,0.755,2423
12,1438,0.331,2199
12,1439,-0.472,2336
12,1440,0.148,2372
13,1,0.812,4172
13,2,0.149,3721
13,3,1.084,4232
13,4,0.089,3587
13,5,0.471,4017
13,6,-0.177,3749
13,7,0.362,3445
13,8,-0.332,3721
13,9,-0.376,3365
13,10,-0.337,3698
13,11,0.183,3867
13,12,-0.068,3152
13,13,0.373,3437
13,14,-0.091,3149
13,15,0.243,4043
13,16,-0.836,4079
13,17,0.649,4007
13,18,0.025,3921
13,19,-0.558,3722
13,20,0.256,4061
13,21,-0.330,3582
13,22,0.383,4186
13,23,0.135,3747
13,24,0.303,4019
13,25,-0.273,3671
13,26,0.222,3312
13,27,-0.009,3800
13,28,-0.565,3750
13,29,-0.831,4058
13,30,0.838,3885
13,31,0.604,4043
13,32,0.247,3480
13,33,0.321,3350
13,34,0.089,3666
13,35,0.898,4501
13,36,0.073,3711
13,37,0.364,3499
13,38,-0.123,3676
13,39,-0.160,3286
13,40,-0.663,4459
13,41,-0.143,3704
13,42,-0.142,4017
13,43,-0.690,4512
13,44,-0.082,3172
13,45,-0.234,3713
13,46,-0.125,3695
13,47,-0.010,3604
13,48,0.150,3325
13,49,-0.918,3948
13,50,0.370,3399
13,51,0.080,3182
13,52,0.152,4030
13,53,-0.304,3404
13,54,-0.462,3946
13,55,-0.908,4050
13,56,-0.049,3358
13,57,-0.246,4132
13,58,0.077,3990
13,59,-0.192,3830
13,60,-0.321,3280
13,61,-0.749,4356
13,62,0.695,4017
13,63,0.721,3953
13,64,-0.059,3408
13,65,0.288,3575
13,66,-0.125,3351
13,67,0.104,3594
13,68,0.328,3661
13,69,-0.553,3491
13,70,-0.641,4034
13,71,0.109,3294
13,72,0.044,3455
13,73,-0.387,4174
13,74,0.222,3914
13,75,-0.093,4025
13,76,-0.011,3768
13,77,0.463,3438
13,78,0.386,3486
13,79,-0.462,3878
13,80,0.467,3738
13,81,0.119,3889
13,82,0.205,4128
13,83,-0.431,4155
13,84,-0.051,3324
13,85,0.711,4387
13,86,1.113,4220
13,87,0.732,3697
13,88,-0.307,3622
13,89,0.061,3677
13,90,0.564,3693
13,91,-0.410,3442
13,92,-0.008,3149
13,93,-0.262,3572
13,94,0.598,3639
13,95,0.036,3825
13,96,0.672,4347
13,97,-0.085,4013
13,98,0.126,3291
13,99,-0.323,3496
13,100,-0.083,3506
13,101,-0.646,4423
13,102,-0.690,4220
13,103,-0.574,3504
13,104,-0.329,3295
13,105,-0.570,4238
13,106,-0.273,3506
13,107,-0.405,3800
13,108,-0.181,3364
13,109,-0.582,4241
13,110,-0.231,3714
13,111,-0.372,3362
13,112,0.326,4170
13,113,-0.924,4249
13,114,0.410,3665
13,115,0.201,3342
13,116,-0.219,3624
13,117,-0.748,4106
13,118,-0.114,3888
13,119,0.332,4193
13,120,-0.267,3434
13,121,-0.952,4140
13,122,-0.802,4386
13,123,0.047,3340
13,124,-0.042,3099
13,125,0.621,3668
13,126,0.104,3075
13,127,-0.231,3951
13,128,0.561,3575
13,129,-0.178,3752
13,130,0.149,3417
13,131,-0.942,3932
13,132,-0.046,3095
13,133,-0.046,3750
13,134,0.315,3888
13,135,0.181,3676
13,136,-0.140,3535
13,137,0.117,3158
13,138,0.618,4361
13,139,-0.174,3501
13,140,-0.610,4437
13,141,0.095,3392
13,142,-0.068,3386
13,143,-0.459,3435
13,144,-0.363,3413
13,145,-0.055,3795
13,146,-0.035,3559
13,147,-0.044,3943
13,148,-0.361,4260
13,149,-0.120,3545
13,150,0.031,3328
13,151,-0.518,4209
13,152,-0.389,4163
13,153,0.056,3180
13,154,0.201,3146
13,155,0.351,3640
13,156,-0.630,4246
13,157,0.412,3533
13,158,0.149,3316
13,159,-0.054,3649
13,160,-0.462,4159
13,161,-0.134,3641
13,162,-0.379,3682
13,163,0.738,3994
13,164,0.349,3532
13,165,-0.202,3507
13,166,-0.081,3401
13,167,0.757,3838
13,168,-0.411,4142
13,169,0.205,3149
13,170,-0.007,3456
13,171,-0.675,4107
13,172,-0.017,3393
13,173,0.045,3238
13,174,-0.003,3026
13,175,-0.189,3723
13,176,-0.589,4364
13,177,0.054,3498
13,178,0.364,3601
13,179,0.161,3449
13,180,-0.578,3808
13,181,-0.317,3417
13,182,-0.307,3934
13,183,-0.176,3217
13,184,0.095,3704
13,185,-0.225,3740
13,186,-0.212,4118
13,187,-0.097,3103
13,188,-0.173,4061
13,189,-0.286,3530
13,190,0.233,3696
13,191,-0.323,4046
13,192,-1.232,4467
13,193,-0.025,3623
13,194,0.279,4183
13,195,-0.598,4315
13,196,0.003,3693
13,197,0.394,3979
13,198,0.171,3694
13,199,-0.865,4242
13,200,-0.401,4065
13,201,0.286,3385
13,202,-0.080,3092
13,203,0.409,3959
13,204,0.423,3478
13,205,-0.239,3764
13,206,-0.025,2991
13,207,0.508,3984
13,208,0.231,3961
13,209,0.456,3677
13,210,0.110,3652
13,211,0.060,3964
13,212,0.326,3303
13,213,-0.231,3727
13,214,-0.413,3797
13,215,0.473,4351
13,216,-0.257,4164
13,217,0.115,3980
13,218,0.018,3666
13,219,-1.250,4550
13,220,0.086,3861
13,221,0.399,3928
13,222,-0.262,3546
13,223,-1.183,4377
13,224,-0.093,3560
13,225,0.474,3503
13,226,-0.058,3133
13,227,0.426,3414
13,228,-1.082,4404
13,229,0.264,3945
13,230,-0.015,3104
13,231,-0.226,3301
13,232,-0.073,4008
13,233,0.629,4107
13,234,0.417,3591
13,235,0.513,4043
13,236,-0.385,3945
13,237,-0.512,4199
13,238,0.716,3598
13,239,0.705,3919
13,240,-1.006,3856
13,241,-0.624,4485
13,242,0.409,4129
13,243,0.424,4077
13,244,-0.611,3702
13,245,-0.086,3702
13,246,-0.177,3786
13,247,0.024,3338
13,248,0.328,3406
13,249,-0.622,3609
13,250,-0.400,4107
13,251,0.188,3391
13,252,-0.150,3888
13,253,0.379,3582
13,254,-0.645,3967
13,255,-0.250,3187
13,256,0.535,3445
13,257,-0.309,3683
13,258,-0.003,3835
13,259,-0.621,3956
13,260,-0.014,3117
13,261,-0.325,3398
13,262,0.499,3482
13,263,-0.778,4484
13,264,0.360,3883
13,265,0.041,3404
13,266,0.129,3081
13,267,-0.008,3924
13,268,0.886,4518
13,269,0.098,3207
13,270,0.497,4257
13,271,0.431,3532
13,272,0.188,3149
13,273,-0.419,4258
13,274,0.063,3353
13,275,0.741,3976
13,276,0.124,4009
13,277,1.050,4104
13,278,-0.255,3762
13,279,0.662,3975
13,280,-0.099,3217
13,281,0.854,3865
13,282,0.308,3909
13,283,0.332,3942
13,284,-0.069,3576
13,285,0.384,3716
13,286,0.446,3479
13,287,-0.308,3865
13,288,0.909,4219
13,289,-0.271,3587
13,290,-0.444,3509
13,291,0.503,4113
13,292,0.338,3883
13,293,0.203,3506
13,294,-0.693,3762
13,295,-0.058,3122
13,296,0.066,3282
13,297,-0.296,3792
13,298,0.007,3060
13,299,0.144,3236
13,300,0.135,3124
13,301,0.168,3187
13,302,-0.669,3996
13,303,-0.047,3222
13,304,-0.260,3643
13,305,0.080,3970
13,306,0.116,3952
13,307,0.149,3262
13,308,-0.483,4099
13,309,-0.161,3292
13,310,0.511,4352
13,311,0.789,4635
13,312,-0.215,3438
13,313,0.390,3721
13,314,1.345,4849
13,315,0.452,3466
13,316,-0.872,3880
13,317,0.011,3507
13,318,-0.134,3840
13,319,-0.044,3864
13,320,-0.507,3771
13,321,-0.082,3464
13,322,0.721,4321
13,323,0.011,3955
13,324,0.382,3333
13,325,0.560,4274
13,326,0.304,3825
13,327,0.076,3560
13,328,0.594,4345
13,329,0.250,3969
13,330,-1.223,4946
13,331,-1.134,4900
13,332,0.077,3351
13,333,0.220,3159
13,334,-0.140,3971
13,335,-0.577,4373
13,336,0.559,3997
13,337,-0.044,3641
13,338,0.158,3757
13,339,0.867,3927
13,340,0.267,3299
13,341,0.397,3522
13,342,-0.159,3105
13,343,0.581,3556
13,344,0.420,3799
13,345,0.030,3238
13,346,0.506,3658
13,347,-0.931,4285
13,348,0.194,3790
13,349,0.264,4137
13,350,-0.547,4350
13,351,-0.088,3845
13,352,0.001,3327
13,353,0.062,3222
13,354,0.472,4147
13,355,0.021,3336
13,356,-0.184,3299
13,357,0.355,3278
13,358,-0.348,3832
13,359,-0.256,3974
13,360,-0.524,4323
13,361,0.103,3467
13,362,0.071,3078
13,363,0.037,3647
13,364,0.209,3824
13,365,-0.276,3975
13,366,0.412,4127
13,367,-0.182,3512
13,368,0.471,3844
13,369,0.187,3159
13,370,0.052,3249
13,371,0.428,3369
13,372,0.100,3052
13,373,-0.618,3641
13,374,-0.454,4141
13,375,-0.252,3313
13,376,0.141,3984
13,377,-0.247,3235
13,378,-0.358,3383
13,379,0.236,3251
13,380,0.312,4098
13,381,-0.137,3594
13,382,0.050,3697
13,383,-0.225,3438
13,384,-0.319,3813
13,385,-0.368,3931
13,386,0.021,3112
13,387,0.459,3887
13,388,-0.125,3155
13,389,-0.038,3215
13,390,-0.509,4064
13,391,-0.099,3188
13,392,-0.264,3902
13,393,-0.058,3019
13,394,0.337,3970
13,395,0.131,4030
13,396,-0.210,3272
13,397,-0.073,3118
13,398,-0.244,3701
13,399,-0.695,4210
13,400,-0.107,3960
13,401,0.269,3512
13,402,0.117,3599
13,403,-0.536,4244
13,404,0.156,3431
13,405,-0.266,3925
13,406,-0.106,3882
13,407,-0.104,3545
13,408,0.129,3846
13,409,0.642,3845
13,410,0.224,3695
13,411,-0.075,3292
13,412,0.307,3371
13,413,0.035,3788
13,414,0.170,3326
13,415,-0.130,3363
13,416,0.257,3844
13,417,0.499,3653
13,418,0.134,3447
13,419,-0.161,3362
13,420,0.337,3509
13,421,0.007,3323
13,422,0.497,3718
13,423,0.380,4164
13,424,-0.384,3641
13,425,-0.572,4388
13,426,-0.139,3241
13,427,-0.423,3359
13,428,-0.377,4143
13,429,-0.267,3917
13,430,0.051,3055
13,431,-0.048,3240
13,432,-0.287,3342
13,433,-0.301,3759
13,434,0.194,4050
13,435,-0.787,4182
13,436,0.330,3286
13,437,-0.382,3413
13,438,-0.041,3307
13,439,0.271,3833
13,440,-0.364,3904
13,441,0.091,3681
13,442,-0.107,3120
13,443,0.258,3377
13,444,0.259,3353
13,445,0.508,3643
13,446,-0.169,4079
13,447,0.273,3689
13,448,0.056,3106
13,449,-0.557,3875
13,450,0.519,4034
13,451,-0.367,4076
13,452,0.204,3726
13,453,-0.170,3511
13,454,0.648,4315
13,455,-0.118,3286
13,456,0.386,3762
13,457,0.022,3938
13,458,0.079,3946
13,459,-0.059,3052
13,460,-0.170,3525
13,461,-0.246,3402
13,462,0.027,3968
13,463,0.531,3929
13,464,0.245,3720
13,465,0.246,3719
13,466,-0.265,3835
13,467,-0.411,3658
13,468,0.021,3806
13,469,0.282,3904
13,470,-0.240,3650
13,471,0.463,3563
13,472,-0.368,4146
13,473,-0.077,3576
13,474,0.488,3895
13,475,-0.785,4275
13,476,-0.160,4048
13,477,0.072,3432
13,478,-0.107,3427
13,479,0.115,3438
13,480,-0.471,3832
13,481,-0.137,3513
13,482,0.691,3785
13,483,0.351,3575
13,484,-0.108,3813
13,485,-0.011,3760
13,486,-0.122,3829
13,487,0.227,3359
13,488,-0.374,3559
13,489,0.387,4055
13,490,0.452,3795
13,491,0.139,3198
13,492,0.259,4122
13,493,0.388,3593
13,494,-0.058,3205
13,495,0.024,3020
13,496,-0.306,3302
13,497,0.693,3886
13,498,-0.335,3583
13,499,-0.191,3787
13,500,0.602,3531
13,501,0.581,4198
13,502,-0.060,3942
13,503,-0.363,3303
13,504,-0.087,3054
13,505,-0.511,3714
13,506,-0.109,4038
13,507,-0.718,4395
13,508,0.207,3568
13,509,-0.337,3387
13,510,-0.042,3728
13,511,0.151,3531
13,512,-0.360,3424
13,513,0.360,3393
13,514,0.368,3993
13,515,0.090,3307
13,516,0.093,3057
13,517,0.051,3402
13,518,-0.463,3998
13,519,-0.237,3815
13,520,0.027,3815
13,521,0.137,4019
13,522,-0.197,3724
13,523,-0.446,3391
13,524,-0.170,3567
13,525,-0.051,3876
13,526,0.345,3282
13,527,-0.505,4025
13,528,-0.028,3925
13,529,-0.567,4287
13,530,-1.158,4690
13,531,0.288,3510
13,532,0.425,3410
13,533,0.262,3675
13,534,0.065,3757
13,535,-0.450,4005
13,536,0.054,3333
13,537,0.198,3476
13,538,0.112,3651
13,539,-0.385,3694
13,540,-0.462,3729
13,541,0.517,3858
13,542,-0.100,3918
13,543,-0.568,3943
13,544,-0.245,4077
13,545,0.390,4049
13,546,0.861,3956
13,547,-0.051,3965
13,548,0.011,3686
13,549,-0.088,3575
13,550,0.380,4164
13,551,-0.061,3979
13,552,-0.194,3316
13,553,-0.321,3498
13,554,-0.071,3922
13,555,-0.702,3661
13,556,-0.695,4122
13,557,-0.606,3841
13,558,0.333,3315
13,559,0.084,3173
13,560,0.655,4284
13,561,-0.410,3456
13,562,-0.363,3699
13,563,-0.012,3170
13,564,-0.875,4690
13,565,-0.179,3316
13,566,0.091,3598
13,567,-0.593,3922
13,568,-0.013,3892
13,569,-0.444,3811
13,570,-0.241,3485
13,571,-0.454,4326
13,572,0.356,3929
13,573,-0.247,3752
13,574,0.448,4299
13,575,0.214,4081
13,576,-0.688,4218
13,577,-0.662,3851
13,578,0.715,4175
13,579,-0.692,3994
13,580,-0.835,4011
13,581,-0.097,3559
13,582,-0.347,3336
13,583,-0.336,3293
13,584,0.357,3980
13,585,0.123,3762
13,586,-0.285,3391
13,587,-0.093,3556
13,588,-0.155,3317
13,589,0.416,4204
13,590,-0.654,3736
13,591,-0.235,3279
13,592,-0.038,3671
13,593,0.221,4122
13,594,-0.612,3937
13,595,-0.329,3436
13,596,0.372,3520
13,597,0.057,3118
13,598,0.120,3611
13,599,0.055,3843
13,600,0.160,3312
13,601,-0.077,3139
13,602,-0.615,4056
13,603,0.219,3741
13,604,-0.239,3746
13,605,0.165,4053
13,606,0.689,3870
13,607,0.050,3351
13,608,-0.210,3837
13,609,0.576,4128
13,610,0.597,4350
13,611,-0.080,3241
13,612,-0.531,3747
13,613,-0.695,3677
13,614,0.623,4450
13,615,-0.619,3682
13,616,0.242,4010
13,617,-0.101,3774
13,618,-0.452,3824
13,619,-0.089,4011
13,620,-0.108,3719
13,621,-0.076,3214
13,622,0.117,3567
13,623,0.335,3923
13,624,-0.479,3619
13,625,-0.080,3277
13,626,0.685,3973
13,627,-0.906,4238
13,628,0.510,4390
13,629,0.034,3190
13,630,-0.451,4087
13,631,-0.084,3946
13,632,0.503,4081
13,633,-0.396,3506
13,634,0.136,3845
13,635,0.465,3563
13,636,-0.274,3278
13,637,0.432,4097
13,638,-0.289,3907
13,639,0.102,3945
13,640,-0.077,3588
13,641,0.810,3990
13,642,-0.118,3475
13,643,1.419,4706
13,644,0.538,3853
13,645,-0.270,3764
13,646,0.520,3986
13,647,-0.072,3326
13,648,0.226,4090
13,649,0.102,3667
13,650,0.270,3761
13,651,0.269,3245
13,652,-0.132,3597
13,653,0.342,4215
13,654,0.068,3234
13,655,0.397,4241
13,656,-0.052,3979
13,657,0.162,3435
13,658,-0.243,3448
13,659,0.125,3374
13,660,0.074,3090
13,661,0.679,3900
13,662,0.394,4256
13,663,-0.098,3208
13,664,0.486,3538
13,665,-0.173,3796
13,666,0.468,3747
13,667,-0.146,4048
13,668,-0.761,3878
13,669,-0.072,3785
13,670,-0.466,3571
13,671,0.135,3585
13,672,0.155,3445
13,673,0.086,3690
13,674,-0.205,3698
13,675,0.658,4385
13,676,-0.182,3260
13,677,0.759,4575
13,678,-0.319,3276
13,679,-0.148,3363
13,680,-0.435,4123
13,681,-0.222,4067
13,682,-0.346,3768
13,683,0.417,3983
13,684,0.299,3732
13,685,-0.214,3414
13,686,-0.306,3718
13,687,0.298,4150
13,688,0.022,3654
13,689,-0.364,4095
13,690,-0.092,3235
13,691,-0.474,3399
13,692,0.311,3405
13,693,0.259,4167
13,694,-0.087,3425
13,695,0.477,4245
13,696,-0.254,3238
13,697,0.092,3561
13,698,-0.250,3234
13,699,-0.072,3344
13,700,-0.281,3649
13,701,-0.274,3337
13,702,0.238,4029
13,703,-0.128,3168
13,704,0.416,3700
13,705,0.763,4056
13,706,-0.547,4256
13,707,-0.472,4122
13,708,-0.488,4374
13,709,-0.592,4307
13,710,0.019,3026
13,711,-0.019,3324
13,712,0.445,4150
13,713,-0.351,3544
13,714,0.259,3804
13,715,-0.542,4257
13,716,0.269,3443
13,717,-0.275,3905
13,718,0.294,3309
13,719,0.235,3322
13,720,1.055,4442
13,721,0.172,3674
13,722,-0.158,3586
13,723,-0.145,3697
13,724,0.771,4195
13,725,-0.093,3071
13,726,0.184,3329
13,727,-0.262,4104
13,728,-0.101,3301
13,729,-0.174,3876
13,730,-0.048,3382
13,731,-0.129,3127
13,732,0.192,3228
13,733,-0.147,3443
13,734,-0.484,4312
13,735,-0.497,4350
13,736,0.079,3643
13,737,-0.172,3279
13,738,0.301,3618
13,739,-0.104,3163
13,740,-0.588,4102
13,741,-0.036,3474
13,742,0.030,3735
13,743,-0.267,4124
13,744,0.239,3917
13,745,0.295,3757
13,746,-0.214,3262
13,747,-0.475,4049
13,748,0.010,3525
13,749,-0.293,3582
13,750,-0.002,3885
13,751,-0.468,3636
13,752,0.374,4146
13,753,-0.344,4015
13,754,0.032,3159
13,755,0.142,3776
13,756,0.128,4007
13,757,-0.134,3897
13,758,-0.187,3242
13,759,-0.252,3632
13,760,-0.009,3845
13,761,0.307,4068
13,762,0.728,3823
13,763,0.529,3867
13,764,0.359,3287
13,765,-0.151,3416
13,766,-0.316,3538
13,767,0.438,3479
13,768,-0.138,3430
13,769,-0.337,4035
13,770,-0.861,4599
13,771,0.099,3976
13,772,-0.309,3965
13,773,0.270,3911
13,774,0.768,4168
13,775,-0.243,3452
13,776,-0.273,3335
13,777,0.045,3669
13,778,0.340,4048
13,779,-0.555,3661
13,780,-0.104,3275
13,781,0.017,3085
13,782,0.237,4045
13,783,0.339,4184
13,784,-0.594,3816
13,785,-1.058,4854
13,786,-0.345,3700
13,787,0.696,4450
13,788,-0.173,3789
13,789,-0.089,3415
13,790,0.205,3158
13,791,-0.330,3301
13,792,-0.474,3546
13,793,0.029,3580
13,794,-0.542,3982
13,795,-0.496,4003
13,796,-0.136,3331
13,797,0.108,3454
13,798,0.381,3350
13,799,0.753,4184
13,800,0.555,3552
13,801,-1.006,4164
13,802,-0.222,3302
13,803,-0.155,3182
13,804,0.186,3139
13,805,-0.282,3398
13,806,-0.331,4218
13,807,0.128,3092
13,808,-0.423,3416
13,809,-0.229,3712
13,810,-1.183,4272
13,811,-0.137,3866
13,812,0.384,3954
13,813,0.107,3077
13,814,0.357,3496
13,815,-0.137,3238
13,816,-0.359,3610
13,817,-0.833,3906
13,818,-0.292,3470
13,819,0.330,4095
13,820,-0.571,4330
13,821,0.054,3251
13,822,-0.451,4000
13,823,-0.101,3939
13,824,0.466,3825
13,825,0.280,4013
13,826,-0.634,3971
13,827,-0.921,4389
13,828,-0.327,4117
13,829,0.050,3165
13,830,-0.593,3975
13,831,-0.786,4461
13,832,-0.051,3255
13,833,0.388,3455
13,834,-0.325,3685
13,835,-0.732,4443
13,836,-0.127,3142
13,837,-0.254,3941
13,838,0.618,3678
13,839,-0.410,3353
13,840,-0.147,3632
13,841,0.200,3685
13,842,0.017,3121
13,843,-0.026,3573
13,844,0.367,3356
13,845,-0.303,4060
13,846,-0.089,3561
13,847,0.393,4046
13,848,-0.242,3265
13,849,-0.064,3255
13,850,-0.459,3796
13,851,-0.196,3206
13,852,-0.703,4100
13,853,0.015,3429
13,854,0.375,3652
13,855,0.095,3161
13,856,0.065,3584
13,857,0.165,4074
13,858,-0.347,3519
13,859,0.403,3796
13,860,-0.126,3462
13,861,-0.063,3775
13,862,-0.471,3531
13,863,-0.881,4140
13,864,-0.300,3337
13,865,-0.228,3953
13,866,-0.543,3494
13,867,0.075,3190
13,868,0.020,3024
13,869,-0.376,3377
13,870,0.024,3676
13,871,0.094,3779
13,872,0.497,3703
13,873,-0.093,3190
13,874,-0.269,3417
13,875,0.305,3480
13,876,0.104,3997
13,877,0.419,4133
13,878,-0.969,4725
13,879,-0.089,3742
13,880,0.072,3392
13,881,-0.502,4037
13,882,0.136,3233
13,883,0.735,4380
13,884,0.158,3681
13,885,-0.083,3309
13,886,-0.262,3970
13,887,-0.426,3362
13,888,0.053,3533
13,889,0.621,3986
13,890,0.566,3719
13,891,-0.293,3685
13,892,-0.709,4265
13,893,0.401,3870
13,894,-0.058,3902
13,895,-0.109,3583
13,896,0.034,3743
13,897,0.283,3569
13,898,0.323,4048
13,899,0.051,3185
13,900,-0.039,3834
13,901,-0.439,3731
13,902,0.342,3397
13,903,-0.239,3700
13,904,-0.982,4450
13,905,-0.537,3674
13,906,0.657,4158
13,907,-0.279,3465
13,908,-0.034,3477
13,909,0.060,3815
13,910,-0.275,4019
13,911,-0.393,3924
13,912,-0.370,3987
13,913,-0.342,4204
13,914,-0.632,4467
13,915,-0.163,4075
13,916,-0.406,3919
13,917,0.095,3066
13,918,-0.023,3023
13,919,-0.095,3710
13,920,-0.005,3595
13,921,0.457,3858
13,922,0.346,3289
13,923,0.147,3587
13,924,0.650,3702
13,925,-0.378,3732
13,926,0.303,4186
13,927,0.300,3382
13,928,-0.107,3412
13,929,-0.137,3882
13,930,-0.240,4068
13,931,0.096,3935
13,932,-0.148,3592
13,933,-0.219,4097
13,934,0.394,3339
13,935,0.002,3561
13,936,0.233,3300
13,937,0.055,3210
13,938,0.400,3698
13,939,-0.231,3739
13,940,0.081,3198
13,941,0.774,4003
13,942,-0.312,3454
13,943,0.022,3404
13,944,-0.083,3753
13,945,0.436,4180
13,946,0.063,3777
13,947,0.430,3778
13,948,0.766,4434
13,949,0.024,3757
13,950,-0.349,3270
13,951,-0.304,3396
13,952,0.329,3726
13,953,0.465,4252
13,954,-0.252,3202
13,955,0.097,3386
13,956,0.359,3870
13,957,-0.067,3415
13,958,0.567,3651
13,959,0.614,3822
13,960,0.292,3902
13,961,-0.153,3693
13,962,0.815,4494
13,963,0.231,3938
13,964,0.279,3674
13,965,-0.511,4025
13,966,0.012,3602
13,967,0.053,3148
13,968,0.061,3696
13,969,-0.282,4073
13,970,0.144,3564
13,971,0.167,3219
13,972,-0.155,3390
13,973,0.068,3155
13,974,0.122,3382
13,975,0.021,3309
13,976,0.460,3466
13,977,-0.230,3495
13,978,0.245,3278
13,979,0.172,3992
13,980,0.159,3251
13,981,0.362,3563
13,982,0.163,3267
13,983,0.223,3373
13,984,0.252,4021
13,985,0.011,3018
13,986,-0.143,3107
13,987,-0.318,3896
13,988,0.076,3632
13,989,-0.533,4227
13,990,0.199,3961
13,991,1.010,4031
13,992,0.245,4083
13,993,-0.332,3656
13,994,-0.147,4037
13,995,-0.422,3725
13,996,-0.117,3923
13,997,0.400,4039
13,998,-0.298,3915
13,999,-0.232,4146
13,1000,0.407,4119
13,1001,-0.112,3577
13,1002,-0.093,3771
13,1003,1.083,4786
13,1004,-0.135,3858
13,1005,-0.554,3900
13,1006,0.177,4066
13,1007,-0.036,3028
13,1008,0.000,3003
13,1009,0.278,3674
13,1010,0.056,3889
13,1011,0.301,4003
13,1012,-0.267,3503
13,1013,0.772,4526
13,1014,-0.240,4060
13,1015,0.013,3101
13,1016,0.032,3759
13,1017,0.482,4055
13,1018,-0.171,3240
13,1019,-0.379,3661
13,1020,-0.149,3176
13,1021,-0.180,4097
13,1022,-0.349,3414
13,1023,0.113,3540
13,1024,-0.073,3752
13,1025,0.642,3898
13,1026,0.088,3815
13,1027,0.368,3317
13,1028,-1.325,4379
13,1029,0.367,3491
13,1030,-0.126,3810
13,1031,-0.232,4136
13,1032,-0.589,4442
13,1033,0.124,3891
13,1034,0.153,3344
13,1035,0.252,3307
13,1036,-0.340,3966
13,1037,0.521,3914
13,1038,-0.435,4178
13,1039,0.289,3726
13,1040,0.513,4270
13,1041,-0.206,3216
13,1042,0.676,3768
13,1043,-0.328,3587
13,1044,0.386,3988
13,1045,0.096,3548
13,1046,0.573,3851
13,1047,0.367,3465
13,1048,-0.135,3551
13,1049,-0.392,3503
13,1050,-0.209,3549
13,1051,0.077,3201
13,1052,-0.539,4016
13,1053,-0.773,4457
13,1054,0.226,3690
13,1055,-0.042,3110
13,1056,-0.539,3985
13,1057,0.367,3588
13,1058,-0.784,3977
13,1059,0.349,3976
13,1060,-0.291,3480
13,1061,-0.384,3716
13,1062,-0.177,3354
13,1063,-0.237,4106
13,1064,0.409,3855
13,1065,-0.288,3936
13,1066,-0.220,3165
13,1067,-0.751,4590
13,1068,-0.106,3222
13,1069,0.645,4091
13,1070,-0.087,3836
13,1071,0.326,3317
13,1072,-0.427,4286
13,1073,-0.609,4120
13,1074,0.076,3208
13,1075,-0.010,3119
13,1076,0.093,3830
13,1077,0.184,3381
13,1078,-0.018,3586
13,1079,0.728,4497
13,1080,0.590,3713
13,1081,-0.310,3728
13,1082,-0.242,4030
13,1083,-0.952,4154
13,1084,0.041,3914
13,1085,-0.147,3249
13,1086,-0.270,3296
13,1087,-1.256,4232
13,1088,-0.254,3306
13,1089,0.299,3307
13,1090,0.359,3457
13,1091,-0.858,3737
13,1092,-0.432,3496
13,1093,0.128,3801
13,1094,0.010,3236
13,1095,-0.489,4254
13,1096,-0.177,3292
13,1097,0.892,3841
13,1098,-0.613,3851
13,1099,-0.104,3702
13,1100,-0.068,4006
13,1101,-0.434,3958
13,1102,-0.631,3750
13,1103,0.438,3919
13,1104,0.387,3493
13,1105,0.183,3690
13,1106,-0.125,3839
13,1107,-0.197,3872
13,1108,-0.048,3338
13,1109,-0.477,3720
13,1110,-0.117,3339
13,1111,-0.076,3510
13,1112,0.224,4026
13,1113,-0.432,4247
13,1114,-0.775,4633
13,1115,-0.434,4042
13,1116,-0.170,3268
13,1117,-0.807,4559
13,1118,0.500,4294
13,1119,-0.099,3907
13,1120,-0.174,3409
13,1121,-0.455,3661
13,1122,-0.411,3576
13,1123,0.206,3200
13,1124,0.256,4010
13,1125,0.393,3968
13,1126,0.212,3776
13,1127,-0.639,3952
13,1128,-0.115,3249
13,1129,-0.442,3594
13,1130,-0.002,3703
13,1131,-0.503,3792
13,1132,-0.165,3558
13,1133,-0.391,3624
13,1134,-0.119,3800
13,1135,-0.487,3705
13,1136,0.763,4412
13,1137,-0.120,4025
13,1138,-0.400,3652
13,1139,0.387,3437
13,1140,0.052,3697
13,1141,-0.122,3733
13,1142,0.236,4042
13,1143,0.252,3481
13,1144,0.380,4115
13,1145,-0.136,3726
13,1146,-0.356,3757
13,1147,-0.034,3895
13,1148,-0.171,3133
13,1149,-0.565,3713
13,1150,-0.242,3484
13,1151,-0.258,3848
13,1152,0.580,3597
13,1153,-0.340,3423
13,1154,-0.786,4340
13,1155,-0.389,3547
13,1156,0.257,3681
13,1157,0.225,3374
13,1158,-0.586,3631
13,1159,0.151,3896
13,1160,-0.171,3919
13,1161,-0.388,4023
13,1162,-0.943,4381
13,1163,0.315,3320
13,1164,-0.041,3355
13,1165,-0.411,3490
13,1166,-0.101,3825
13,1167,0.502,3873
13,1168,-1.200,4741
13,1169,0.487,3967
13,1170,-0.105,3815
13,1171,0.451,3464
13,1172,0.022,3024
13,1173,0.123,3886
13,1174,0.123,3381
13,1175,0.173,3638
13,1176,-0.429,3552
13,1177,-0.104,3220
13,1178,-0.164,3889
13,1179,-0.243,3294
13,1180,0.538,3887
13,1181,-0.669,3886
13,1182,0.129,3658
13,1183,-0.628,4301
13,1184,0.428,3451
13,1185,-0.036,3406
13,1186,0.438,3684
13,1187,0.743,4119
13,1188,0.110,3417
13,1189,0.091,3536
13,1190,-0.026,3387
13,1191,0.226,3223
13,1192,0.305,4068
13,1193,0.336,3359
13,1194,0.197,3761
13,1195,0.534,4220
13,1196,0.383,4240
13,1197,0.187,4038
13,1198,-0.292,3692
13,1199,0.377,3649
13,1200,-0.161,3415
13,1201,-0.027,3147
13,1202,0.548,3506
13,1203,0.204,4062
13,1204,0.663,3557
13,1205,0.977,3933
13,1206,0.110,3817
13,1207,-0.211,3696
13,1208,0.011,3020
13,1209,-0.170,4004
13,1210,-1.287,5028
13,1211,0.722,3956
13,1212,0.075,3902
13,1213,-0.286,3328
13,1214,-0.072,3826
13,1215,0.149,3590
13,1216,-0.732,4557
13,1217,-0.083,3363
13,1218,-1.056,4805
13,1219,0.653,4087
13,1220,-0.511,4371
13,1221,0.607,3536
13,1222,-0.407,4055
13,1223,-0.220,3277
13,1224,0.756,4093
13,1225,0.324,3446
13,1226,-0.458,3375
13,1227,-0.618,4419
13,1228,-0.042,3451
13,1229,0.140,3417
13,1230,-0.288,3331
13,1231,-0.148,3994
13,1232,0.181,3553
13,1233,0.245,4017
13,1234,-0.157,3399
13,1235,-0.067,3409
13,1236,0.257,3293
13,1237,-0.107,3400
13,1238,-0.013,3104
13,1239,-0.175,3264
13,1240,-0.144,3107
13,1241,-0.435,3862
13,1242,-0.141,3716
13,1243,0.787,4467
13,1244,-0.173,3526
13,1245,-0.164,3287
13,1246,0.029,3241
13,1247,1.156,4422
13,1248,-1.386,4997
13,1249,-0.488,4156
13,1250,0.439,4131
13,1251,0.418,3645
13,1252,0.205,4022
13,1253,-0.412,4143
13,1254,-0.121,3579
13,1255,0.035,3760
13,1256,0.031,3156
13,1257,-0.145,3467
13,1258,-0.754,4541
13,1259,-0.037,3813
13,1260,-0.006,3031
13,1261,-0.041,3141
13,1262,0.403,3835
13,1263,0.542,3494
13,1264,0.345,3749
13,1265,-0.150,3432
13,1266,-0.117,4034
13,1267,0.465,4178
13,1268,0.175,3815
13,1269,-0.597,3666
13,1270,1.014,3942
13,1271,1.042,4038
13,1272,0.038,3846
13,1273,0.013,3819
13,1274,0.439,4127
13,1275,0.275,3301
13,1276,0.390,4169
13,1277,0.092,3887
13,1278,-0.856,3814
13,1279,0.266,3561
13,1280,-0.332,3611
13,1281,0.277,3515
13,1282,-0.061,3950
13,1283,-0.635,4449
13,1284,-0.377,3464
13,1285,-0.141,3525
13,1286,-0.027,3291
13,1287,0.132,3443
13,1288,0.065,3325
13,1289,0.366,3453
13,1290,0.515,3571
13,1291,0.300,3789
13,1292,-0.183,3733
13,1293,-1.265,4746
13,1294,-0.186,4081
13,1295,0.353,3850
13,1296,-0.226,3934
13,1297,0.429,3707
13,1298,-0.456,3479
13,1299,0.250,3572
13,1300,-0.143,4001
13,1301,0.790,4269
13,1302,-0.418,3806
13,1303,-0.221,3776
13,1304,0.245,4085
13,1305,-0.263,3787
13,1306,-0.177,3540
13,1307,0.063,3934
13,1308,0.070,3063
13,1309,0.213,3230
13,1310,0.290,3593
13,1311,0.228,3452
13,1312,0.099,3139
13,1313,0.211,3841
13,1314,-0.679,4501
13,1315,0.489,4218
13,1316,0.054,3732
13,1317,-0.694,4310
13,1318,-0.027,3110
13,1319,0.261,3595
13,1320,-0.248,4157
13,1321,0.299,3839
13,1322,-0.081,3324
13,1323,-0.068,3891
13,1324,0.309,3444
13,1325,0.090,3756
13,1326,-0.448,4279
13,1327,0.596,3915
13,1328,-0.553,3822
13,1329,-0.489,3639
13,1330,0.203,3898
13,1331,-0.090,3828
13,1332,0.385,3791
13,1333,0.016,3660
13,1334,-0.187,3815
13,1335,-0.332,3922
13,1336,-0.392,3709
13,1337,-0.447,3748
13,1338,-0.199,3730
13,1339,0.568,3747
13,1340,0.027,3339
13,1341,0.015,3799
13,1342,0.519,3502
13,1343,-0.163,3397
13,1344,-0.300,3337
13,1345,0.624,3855
13,1346,-0.355,4043
13,1347,0.192,3176
13,1348,0.970,4591
13,1349,-0.914,4222
13,1350,-0.265,3400
13,1351,-0.534,4194
13,1352,-0.319,3977
13,1353,-0.316,4137
13,1354,0.495,3982
13,1355,0.060,3329
13,1356,-0.301,3381
13,1357,0.294,3649
13,1358,0.208,4100
13,1359,-0.242,4095
13,1360,0.315,3881
13,1361,0.167,3780
13,1362,-0.744,3715
13,1363,-0.270,3796
13,1364,0.636,3907
13,1365,-0.849,4071
13,1366,0.290,3376
13,1367,0.275,3453
13,1368,-0.396,3611
13,1369,-0.284,3764
13,1370,-0.083,3932
13,1371,0.009,3291
13,1372,0.548,3846
13,1373,-0.505,4114
13,1374,0.155,3406
13,1375,0.582,3869
13,1376,0.051,3853
13,1377,0.224,3506
13,1378,-0.475,3815
13,1379,0.263,3195
13,1380,0.330,3301
13,1381,-0.831,3927
13,1382,0.213,3327
13,1383,-0.262,3486
13,1384,-0.552,4031
13,1385,-0.522,3477
13,1386,0.083,3837
13,1387,0.506,4276
13,1388,0.557,3716
13,1389,-0.156,3532
13,1390,0.294,3824
13,1391,-0.721,4118
13,1392,-0.391,4042
13,1393,-0.830,4427
13,1394,0.269,3712
13,1395,-0.022,3298
13,1396,0.134,3121
13,1397,-0.286,3273
13,1398,-0.274,3369
13,1399,0.127,3214
13,1400,0.056,3585
13,1401,0.049,3167
13,1402,0.291,3425
13,1403,-0.564,3502
13,1404,-0.374,3950
13,1405,-0.008,3275
13,1406,-0.774,4335
13,1407,0.023,3284
13,1408,0.362,3653
13,1409,-0.364,3862
13,1410,0.375,3399
13,1411,-0.338,3535
13,1412,0.498,4200
13,1413,0.194,3564
13,1414,-0.829,4485
13,1415,0.318,3322
13,1416,0.438,3856
13,1417,0.863,4049
13,1418,-0.205,3905
13,1419,-0.138,3821
13,1420,0.286,3735
13,1421,-0.360,3902
13,1422,-0.652,3746
13,1423,0.328,3795
13,1424,-0.225,3566
13,1425,0.552,3842
13,1426,0.369,4039
13,1427,0.765,4507
13,1428,-0.263,3886
13,1429,0.017,3294
13,1430,-0.848,4105
13,1431,-0.664,3774
13,1432,0.501,4262
13,1433,0.480,3642
13,1434,0.539,3529
13,1435,0.228,3877
13,1436,0.439,3435
13,1437,-0.225,3504
13,1438,0.285,3963
13,1439,-0.094,3163
13,1440,-0.649,3581
14,1,-0.182,4096
14,2,-0.493,4266
14,3,-0.849,4917
14,4,-0.331,4252
14,5,-0.897,4762
14,6,-0.618,3910
14,7,0.264,3585
14,8,0.277,4511
14,9,-0.202,4403
14,10,0.296,3788
14,11,-0.619,4361
14,12,0.054,4329
14,13,0.017,3428
14,14,0.144,3540
14,15,0.340,3922
14,16,-0.237,3482
14,17,-0.437,4127
14,18,0.012,4060
14,19,-0.009,4076
14,20,0.301,4334
14,21,0.009,3309
14,22,0.096,3386
14,23,-0.353,4197
14,24,-0.622,4059
14,25,0.454,4173
14,26,-0.334,4127
14,27,-0.225,3684
14,28,-0.324,3922
14,29,0.400,3764
14,30,-0.358,3738
14,31,-0.300,4368
14,32,0.464,3776
14,33,-0.219,3764
14,34,0.206,3667
14,35,0.464,4712
14,36,-0.391,4168
14,37,-0.370,4117
14,38,0.334,4601
14,39,-0.446,4667
14,40,0.170,3693
14,41,-0.244,4234
14,42,-0.015,3314
14,43,-0.078,3322
14,44,0.406,4073
14,45,-0.167,3838
14,46,-0.604,4616
14,47,-0.240,3491
14,48,-0.564,4071
14,49,0.297,4255
14,50,0.003,3500
14,51,-0.345,3935
14,52,0.470,4017
14,53,0.620,4792
14,54,-0.719,4614
14,55,0.060,3750
14,56,-0.037,3353
14,57,-0.115,4232
14,58,-0.437,4520
14,59,0.375,4280
14,60,-0.976,4335
14,61,-0.271,3658
14,62,0.291,3947
14,63,-0.023,3821
14,64,0.246,3884
14,65,-0.216,3550
14,66,0.580,4061
14,67,0.292,3968
14,68,0.210,3824
14,69,-0.448,4207
14,70,-0.422,4613
14,71,0.452,4148
14,72,-0.074,3476
14,73,-0.181,3734
14,74,0.030,4129
14,75,-0.284,4002
14,76,-0.095,4066
14,77,-0.124,3738
14,78,-0.253,4167
14,79,-0.278,3893
14,80,-0.427,3820
14,81,-0.145,3984
14,82,-1.038,5032
14,83,-0.226,3867
14,84,-0.371,3795
14,85,-0.605,3919
14,86,-0.245,3901
14,87,0.498,4131
14,88,-1.061,5111
14,89,0.354,4576
14,90,-0.059,4243
14,91,-0.330,4160
14,92,0.257,4401
14,93,0.047,4014
14,94,0.257,3834
14,95,-0.028,4256
14,96,-0.327,4403
14,97,0.363,4042
14,98,0.054,3461
14,99,-0.339,4096
14,100,-0.016,4080
14,101,0.918,4545
14,102,-0.829,4729
14,103,-0.471,4563
14,104,-0.295,3946
14,105,-0.375,3660
14,106,0.282,4480
14,107,0.365,4106
14,108,0.053,3866
14,109,-0.015,4312
14,110,0.115,4209
14,111,-0.462,4012
14,112,-0.065,3462
14,113,0.037,4260
14,114,0.780,4407
14,115,-0.216,3750
14,116,0.801,4350
14,117,0.291,3758
14,118,-0.720,4850
14,119,-0.177,4313
14,120,0.551,4673
14,121,0.250,4039
14,122,-1.108,4549
14,123,-0.551,4030
14,124,-0.238,4129
14,125,0.165,3556
14,126,-0.627,4732
14,127,-0.550,4302
14,128,0.472,4305
14,129,-0.079,3361
14,130,-0.496,4283
14,131,-0.304,4535
14,132,-0.322,4025
14,133,-0.111,3409
14,134,-0.061,3612
14,135,-0.407,4608
14,136,0.037,3876
14,137,0.079,3725
14,138,0.721,4730
14,139,-0.272,3954
14,140,0.041,3461
14,141,0.001,3645
14,142,-0.385,4007
14,143,-0.020,3902
14,144,-0.029,4106
14,145,0.472,4239
14,146,0.941,4218
14,147,-0.228,3772
14,148,0.009,3562
14,149,-0.089,3931
14,150,-0.028,4229
14,151,-0.273,3864
14,152,0.231,4239
14,153,0.089,3698
14,154,-0.561,4111
14,155,0.798,4907
14,156,0.000,4079
14,157,0.059,3607
14,158,-0.267,3917
14,159,-0.148,4356
14,160,0.602,4173
14,161,0.096,3752
14,162,0.346,4507
14,163,-0.152,3624
14,164,0.069,4116
14,165,0.819,4514
14,166,0.490,3838
14,167,-0.434,3696
14,168,-0.021,4263
14,169,0.146,3870
14,170,0.491,4478
14,171,0.192,3901
14,172,-0.338,4322
14,173,0.566,3789
14,174,0.070,4175
14,175,0.452,4250
14,176,-0.404,4214
14,177,-0.164,3814
14,178,-0.223,4248
14,179,-0.558,4830
14,180,-0.190,4341
14,181,-0.161,4109
14,182,0.770,4943
14,183,-0.241,3606
14,184,-0.040,3867
14,185,0.027,3802
14,186,0.095,3386
14,187,-0.348,3716
14,188,-0.135,4370
14,189,-0.221,4407
14,190,0.003,3324
14,191,0.224,3593
14,192,-0.273,3657
14,193,-0.557,3766
14,194,0.515,3791
14,195,-0.525,3832
14,196,-0.515,4153
14,197,-0.581,4047
14,198,0.070,4204
14,199,0.008,3896
14,200,0.493,4351
14,201,-0.055,4037
14,202,0.173,3862
14,203,-0.014,3955
14,204,-0.156,3704
14,205,0.459,3766
14,206,-0.029,3708
14,207,-0.471,4197
14,208,0.415,3789
14,209,0.099,4218
14,210,-0.418,4407
14,211,0.534,4034
14,212,-0.449,4100
14,213,0.666,4483
14,214,0.166,4175
14,215,-0.314,4212
14,216,-0.157,3830
14,217,0.666,3872
14,218,0.040,3900
14,219,0.316,4073
14,220,-0.156,4442
14,221,-0.197,3510
14,222,-1.086,5319
14,223,0.722,4639
14,224,-0.154,3452
14,225,0.593,4386
14,226,-0.224,4022
14,227,-0.175,3495
14,228,-0.571,4674
14,229,-0.038,3502
14,230,-0.481,4421
14,231,0.286,3850
14,232,0.096,3818
14,233,0.258,4270
14,234,0.383,3952
14,235,-0.039,3822
14,236,0.413,4280
14,237,-0.576,4437
14,238,0.105,3960
14,239,-0.465,4339
14,240,-0.392,4205
14,241,-0.470,4602
14,242,-0.557,4572
14,243,-0.728,4887
14,244,-0.413,4179
14,245,-0.316,3711
14,246,0.360,4154
14,247,-0.282,4468
14,248,-0.365,4232
14,249,0.246,4071
14,250,0.046,3773
14,251,0.204,4098
14,252,-0.368,4552
14,253,-0.174,4360
14,254,-0.274,3626
14,255,-0.098,3443
14,256,-0.008,3705
14,257,0.256,3971
14,258,-0.111,3348
14,259,0.317,3607
14,260,-0.565,4350
14,261,-0.013,3719
14,262,-0.306,4321
14,263,0.112,4408
14,264,-0.177,4251
14,265,-0.174,4327
14,266,0.133,3564
14,267,-0.445,4314
14,268,-0.328,4407
14,269,0.293,4168
14,270,-0.155,3546
14,271,1.105,5246
14,272,0.017,3950
14,273,-0.510,4526
14,274,-0.013,3912
14,275,-0.481,3883
14,276,-0.318,4049
14,277,-0.412,4665
14,278,-0.108,4287
14,279,0.104,3404
14,280,-0.187,4464
14,281,0.816,4540
14,282,0.081,3455
14,283,0.122,3832
14,284,0.458,3715
14,285,-0.563,3823
14,286,-0.304,3961
14,287,0.182,3487
14,288,0.637,4515
14,289,-0.304,3895
14,290,-0.524,4554
14,291,0.042,3540
14,292,0.292,3904
14,293,0.220,3955
14,294,0.108,3348
14,295,0.022,3800
14,296,0.524,4738
14,297,-0.792,4522
14,298,-0.309,4169
14,299,0.444,3989
14,300,0.102,3817
14,301,-0.227,3772
14,302,-0.119,4416
14,303,-0.370,4534
14,304,0.386,4164
14,305,0.235,3571
14,306,0.060,3438
14,307,-0.003,3562
14,308,0.550,4653
14,309,-0.348,4586
14,310,0.224,3828
14,311,-0.304,4486
14,312,-0.023,4311
14,313,0.212,4232
14,314,-0.295,4395
14,315,0.768,4361
14,316,0.030,3773
14,317,-0.106,3826
14,318,-0.034,3788
14,319,-0.023,3560
14,320,0.144,4159
14,321,0.527,4252
14,322,-0.111,4152
14,323,0.136,3884
14,324,0.639,4296
14,325,0.635,4369
14,326,0.036,3937
14,327,0.641,4702
14,328,-0.276,4552
14,329,-0.351,4591
14,330,0.245,4335
14,331,-0.290,4107
14,332,0.033,3701
14,333,0.682,4065
14,334,-0.301,4577
14,335,-0.194,4028
14,336,0.418,4279
14,337,0.568,4559
14,338,0.484,4117
14,339,0.004,4094
14,340,0.419,3687
14,341,0.029,3309
14,342,0.882,4781
14,343,0.238,3573
14,344,-0.649,4208
14,345,-0.125,4374
14,346,0.752,4348
14,347,0.028,3852
14,348,-0.174,4403
14,349,-0.308,3672
14,350,-0.923,4655
14,351,0.332,4602
14,352,-0.451,3672
14,353,0.470,4669
14,354,-0.577,4512
14,355,0.189,3665
14,356,-0.095,3403
14,357,-0.309,4097
14,358,0.017,3662
14,359,0.182,3648
14,360,0.420,4509
14,361,0.370,4435
14,362,-0.011,3615
14,363,0.176,3588
14,364,-0.362,4602
14,365,-0.172,4134
14,366,-0.326,3949
14,367,-0.101,3724
14,368,-0.392,4500
14,369,0.419,3702
14,370,-0.613,4322
14,371,-1.005,4385
14,372,-0.194,4014
14,373,-0.517,4599
14,374,0.331,4080
14,375,-0.370,4298
14,376,-0.037,3375
14,377,-0.027,3815
14,378,0.416,4015
14,379,0.178,4117
14,380,0.351,3682
14,381,-0.475,4472
14,382,0.476,4382
14,383,-0.368,3587
14,384,0.078,3481
14,385,0.868,4895
14,386,-0.323,3603
14,387,0.077,3744
14,388,0.138,3680
14,389,0.213,3675
14,390,-0.483,4333
14,391,0.253,4178
14,392,-0.454,3867
14,393,0.325,4530
14,394,-0.472,4718
14,395,0.661,4454
14,396,-0.302,4466
14,397,0.264,3862
14,398,0.124,4243
14,399,-0.718,3931
14,400,0.347,4309
14,401,0.030,3994
14,402,-0.419,4208
14,403,-0.528,4274
14,404,0.557,3948
14,405,0.163,3931
14,406,-0.142,4047
14,407,-0.222,3657
14,408,0.410,4082
14,409,-0.214,4246
14,410,0.172,4301
14,411,0.269,4208
14,412,0.538,3977
14,413,-0.261,3949
14,414,-0.019,4243
14,415,0.648,4136
14,416,0.263,4184
14,417,-0.039,3726
14,418,0.380,4055
14,419,-0.051,3709
14,420,0.083,3911
14,421,-0.004,3807
14,422,0.074,3555
14,423,-0.635,4001
14,424,0.806,4074
14,425,0.155,4137
14,426,0.371,4208
14,427,-0.449,3951
14,428,-0.053,4070
14,429,-0.022,3960
14,430,-0.077,4237
14,431,0.032,3813
14,432,-0.078,3405
14,433,0.606,4541
14,434,0.197,4154
14,435,-0.525,3894
14,436,-0.081,4079
14,437,0.336,4102
14,438,-0.318,4170
14,439,0.498,4740
14,440,0.042,3322
14,441,0.268,3793
14,442,0.149,4292
14,443,0.156,3865
14,444,0.704,4748
14,445,-0.204,3589
14,446,-0.888,4713
14,447,-0.485,3792
14,448,0.582,4684
14,449,-0.486,4368
14,450,-0.104,3663
14,451,-0.138,4330
14,452,-0.019,3544
14,453,0.057,3421
14,454,-0.060,3696
14,455,-0.317,3570
14,456,0.254,4397
14,457,0.421,4267
14,458,-0.441,3878
14,459,0.069,4221
14,460,-0.102,3624
14,461,-0.782,4805
14,462,0.189,3602
14,463,0.139,4342
14,464,0.942,5054
14,465,-0.565,4630
14,466,-0.014,3990
14,467,0.284,3845
14,468,0.220,4206
14,469,-0.067,3675
14,470,-0.088,3810
14,471,-0.433,4201
14,472,0.504,4235
14,473,-0.593,3809
14,474,0.588,4330
14,475,0.001,4250
14,476,-0.169,3766
14,477,0.277,4060
14,478,0.351,3675
14,479,0.307,3595
14,480,0.356,3673
14,481,0.386,3990
14,482,-0.191,4302
14,483,0.475,4567
14,484,-0.482,3807
14,485,0.185,4099
14,486,0.018,3792
14,487,0.129,4382
14,488,-0.668,4716
14,489,-0.174,4416
14,490,0.136,3685
14,491,0.240,4219
14,492,-0.309,3718
14,493,-0.101,4178
14,494,0.718,4371
14,495,-0.242,4221
14,496,-0.118,3817
14,497,-0.342,4025
14,498,-0.346,4519
14,499,0.504,4643
14,500,0.457,3911
14,501,-0.173,4258
14,502,0.714,4946
14,503,-0.136,4042
14,504,-0.384,4515
14,505,-0.113,3770
14,506,0.009,4183
14,507,-0.181,4287
14,508,0.333,3944
14,509,-0.103,3943
14,510,-0.420,4477
14,511,-0.568,4085
14,512,0.727,4244
14,513,0.425,3823
14,514,-0.079,4143
14,515,-0.004,4227
14,516,0.458,4503
14,517,0.625,4447
14,518,0.481,3804
14,519,0.218,4232
14,520,-0.155,4219
14,521,-0.533,4369
14,522,-0.021,3305
14,523,-0.496,4744
14,524,0.288,3551
14,525,-0.128,3406
14,526,-0.049,4340
14,527,-0.315,3774
14,528,-0.439,3884
14,529,0.886,4277
14,530,-0.258,3663
14,531,0.044,3574
14,532,-0.517,4279
14,533,0.068,3464
14,534,0.894,4979
14,535,0.506,3869
14,536,-0.010,3257
14,537,0.786,4107
14,538,0.190,3482
14,539,0.088,3829
14,540,-0.307,3567
14,541,-0.266,4296
14,542,0.166,3505
14,543,0.192,4483
14,544,-0.469,3720
14,545,-0.076,4162
14,546,0.451,4184
14,547,0.045,3750
14,548,-0.067,3420
14,549,-0.290,3779
14,550,-0.006,4201
14,551,0.551,4697
14,552,-0.551,4223
14,553,0.076,3617
14,554,0.307,3965
14,555,0.158,3752
14,556,0.245,3566
14,557,-0.252,4292
14,558,-0.608,3904
14,559,0.398,4074
14,560,0.070,4070
14,561,-0.025,3749
14,562,0.317,4308
14,563,-0.015,3597
14,564,0.144,3994
14,565,-0.476,4350
14,566,0.378,4022
14,567,-0.021,4301
14,568,0.213,3733
14,569,0.288,4046
14,570,-0.507,4658
14,571,0.028,3438
14,572,0.128,4405
14,573,0.110,3748
14,574,-0.051,3577
14,575,0.482,4101
14,576,0.609,4338
14,577,0.280,3506
14,578,0.506,4242
14,579,0.011,3501
14,580,0.169,3762
14,581,0.459,3734
14,582,0.717,4216
14,583,-0.034,3345
14,584,0.485,3774
14,585,0.011,3694
14,586,-0.285,3534
14,587,-0.426,4069
14,588,-0.593,4579
14,589,-0.108,3592
14,590,-0.997,5215
14,591,-0.142,4375
14,592,-0.857,4637
14,593,-0.280,4003
14,594,0.517,3901
14,595,-0.646,4681
14,596,0.027,3683
14,597,-0.443,4313
14,598,0.233,3889
14,599,-0.108,3353
14,600,0.565,4711
14,601,0.049,4348
14,602,0.023,3557
14,603,-0.681,4030
14,604,0.277,3842
14,605,-0.330,4438
14,606,0.209,3548
14,607,-0.184,4400
14,608,-0.510,4278
14,609,-0.031,4273
14,610,-0.627,4445
14,611,-0.099,4206
14,612,0.433,4688
14,613,-0.372,4429
14,614,-0.136,4153
14,615,0.027,3619
14,616,-0.375,4077
14,617,-0.409,4192
14,618,-0.458,4150
14,619,-0.308,4335
14,620,0.357,4263
14,621,0.261,4004
14,622,0.094,3667
14,623,-0.225,3919
14,624,0.427,4108
14,625,-0.206,3800
14,626,0.109,4353
14,627,-0.296,3664
14,628,-0.416,4688
14,629,-0.320,4077
14,630,-0.381,4134
14,631,0.346,3666
14,632,-0.315,4530
14,633,-0.140,3371
14,634,-0.259,4079
14,635,0.024,3394
14,636,-0.497,3978
14,637,-0.091,3816
14,638,-0.167,3874
14,639,-0.195,3448
14,640,-0.566,3900
14,641,0.195,3684
14,642,0.171,3836
14,643,-0.115,3362
14,644,-0.324,3668
14,645,0.763,4618
14,646,-0.766,4843
14,647,0.610,4182
14,648,-0.221,4483
14,649,-0.269,3513
14,650,0.384,4538
14,651,-0.337,3604
14,652,0.317,4185
14,653,-0.263,4186
14,654,0.413,4001
14,655,-0.134,3974
14,656,-0.439,3672
14,657,-0.246,4477
14,658,-0.802,4341
14,659,-0.591,3816
14,660,-0.242,4534
14,661,-0.516,4037
14,662,-0.291,4408
14,663,0.171,3416
14,664,-0.070,3419
14,665,-0.248,4401
14,666,0.835,4528
14,667,0.125,3877
14,668,-0.205,3431
14,669,0.088,3516
14,670,0.010,3677
14,671,-0.183,3630
14,672,-0.509,4529
14,673,0.440,4723
14,674,0.321,4036
14,675,-0.137,4264
14,676,-0.173,3725
14,677,0.277,4486
14,678,-0.383,4180
14,679,0.435,4689
14,680,-0.603,4513
14,681,-1.240,5069
14,682,0.070,3465
14,683,0.809,4772
14,684,-0.622,4263
14,685,0.237,3799
14,686,0.346,3977
14,687,-0.339,3807
14,688,0.173,4191
14,689,-0.156,3662
14,690,0.449,4310
14,691,0.335,3766
14,692,0.086,3694
14,693,0.253,4034
14,694,-0.453,4612
14,695,-0.468,4004
14,696,-0.343,3970
14,697,0.631,4807
14,698,0.361,3668
14,699,0.520,3808
14,700,-0.526,4085
14,701,-0.535,4762
14,702,0.034,3878
14,703,0.335,4446
14,704,-0.272,4448
14,705,0.246,4281
14,706,0.069,3851
14,707,0.073,3332
14,708,0.318,3649
14,709,-0.071,3670
14,710,-0.569,4458
14,711,-0.125,3854
14,712,0.470,4162
14,713,0.133,3833
14,714,-0.562,3908
14,715,0.356,4550
14,716,0.029,3638
14,717,-0.130,4384
14,718,0.312,3880
14,719,-0.351,3846
14,720,-0.390,3624
14,721,0.136,3371
14,722,-0.183,4186
14,723,0.250,4357
14,724,0.278,4229
14,725,-0.229,4357
14,726,-0.472,4269
14,727,-0.075,3327
14,728,-0.604,4005
14,729,0.153,3590
14,730,0.314,3640
14,731,-0.464,4064
14,732,-0.071,3906
14,733,0.668,4276
14,734,-0.646,4502
14,735,0.214,3802
14,736,0.537,4039
14,737,-0.310,4006
14,738,0.453,4115
14,739,0.047,3574
14,740,-0.444,4497
14,741,-0.160,3594
14,742,0.073,4361
14,743,-0.240,4147
14,744,-0.244,4128
14,745,0.461,4016
14,746,-0.285,3849
14,747,0.258,3611
14,748,-0.650,4147
14,749,-0.384,3716
14,750,-0.229,4262
14,751,-0.061,3414
14,752,-0.140,3934
14,753,0.115,4068
14,754,-0.052,3332
14,755,0.125,4152
14,756,-0.304,4361
14,757,-0.279,4238
14,758,0.213,4188
14,759,0.853,4878
14,760,-0.191,3997
14,761,0.162,3892
14,762,0.259,3786
14,763,0.412,4492
14,764,-0.197,4000
14,765,0.515,4460
14,766,-1.259,5232
14,767,-0.736,4341
14,768,0.461,4453
14,769,-0.023,3653
14,770,-0.149,3720
14,771,-0.714,4254
14,772,0.345,3754
14,773,0.147,3875
14,774,-0.781,4551
14,775,0.175,4156
14,776,0.498,4049
14,777,0.143,3510
14,778,0.189,3649
14,779,-0.297,4377
14,780,0.353,4038
14,781,0.642,3993
14,782,-0.580,3985
14,783,-0.202,3664
14,784,0.278,4288
14,785,0.481,4553
14,786,-0.230,3811
14,787,0.470,4517
14,788,0.109,3727
14,789,-0.718,4088
14,790,-0.343,4012
14,791,0.137,3487
14,792,-0.650,4194
14,793,-0.131,3550
14,794,-0.635,4134
14,795,-0.322,4415
14,796,0.149,4118
14,797,-0.015,4104
14,798,0.287,4284
14,799,0.160,4035
14,800,0.403,4273
14,801,-0.525,4274
14,802,-0.541,4037
14,803,-0.524,4558
14,804,-0.148,3677
14,805,0.027,3878
14,806,-0.511,4176
14,807,-0.243,4288
14,808,-0.690,4927
14,809,-0.353,3898
14,810,0.127,3804
14,811,-0.774,4564
14,812,-0.186,3549
14,813,-0.277,3993
14,814,0.547,4503
14,815,0.488,4759
14,816,0.434,4611
14,817,-0.916,4564
14,818,0.249,3522
14,819,-0.034,4298
14,820,-0.214,3719
14,821,-0.343,4166
14,822,-0.192,4142
14,823,0.355,4393
14,824,0.412,3741
14,825,0.060,3773
14,826,0.561,4614
14,827,-0.788,4934
14,828,-0.222,3608
14,829,0.298,3998
14,830,0.411,3761
14,831,0.507,4358
14,832,0.046,4220
14,833,0.084,3702
14,834,0.143,4005
14,835,0.871,4830
14,836,-0.468,4741
14,837,0.754,4192
14,838,0.714,3996
14,839,-0.022,3896
14,840,-0.338,4164
14,841,-0.270,3942
14,842,-0.126,3482
14,843,-0.526,4266
14,844,-0.300,3531
14,845,-0.859,4612
14,846,-0.015,3403
14,847,0.420,4293
14,848,-0.367,4477
14,849,0.682,4319
14,850,0.433,3959
14,851,1.005,4273
14,852,0.316,3553
14,853,-0.273,3605
14,854,0.530,3780
14,855,-1.098,5033
14,856,-0.596,4410
14,857,-0.076,3748
14,858,0.118,4327
14,859,0.381,3906
14,860,0.265,4288
14,861,0.011,3826
14,862,0.178,3872
14,863,0.320,4561
14,864,0.351,4576
14,865,-0.371,4074
14,866,-0.169,4256
14,867,-0.213,4187
14,868,0.403,4621
14,869,-1.205,4626
14,870,0.094,4181
14,871,-0.060,4359
14,872,-0.103,3369
14,873,-0.583,4658
14,874,0.010,4004
14,875,-0.419,4658
14,876,-0.382,4472
14,877,0.318,3540
14,878,-0.296,3678
14,879,0.515,4328
14,880,0.647,3896
14,881,0.127,4362
14,882,0.357,4518
14,883,0.003,4219
14,884,0.143,3364
14,885,-0.359,4584
14,886,0.481,4471
14,887,0.045,4138
14,888,0.059,3743
14,889,0.079,3351
14,890,-0.443,4348
14,891,-0.133,3728
14,892,-0.374,3914
14,893,0.933,4827
14,894,0.504,4657
14,895,0.029,3811
14,896,-0.106,3762
14,897,0.222,4253
14,898,-0.418,4622
14,899,0.069,4123
14,900,-0.169,3926
14,901,-0.312,3671
14,902,0.535,4507
14,903,0.314,3977
14,904,-0.705,4470
14,905,0.244,3987
14,906,0.549,4693
14,907,-0.111,3876
14,908,-0.210,3586
14,909,-0.594,4451
14,910,0.399,4143
14,911,-0.296,4370
14,912,0.403,4308
14,913,0.073,3981
14,914,0.359,4084
14,915,-0.508,4095
14,916,-0.307,4231
14,917,-0.275,3768
14,918,-0.323,3837
14,919,0.087,3794
14,920,-0.358,3735
14,921,0.086,3570
14,922,0.166,3526
14,923,-0.298,4525
14,924,-0.072,4151
14,925,0.138,4169
14,926,0.559,4227
14,927,0.400,4475
14,928,0.279,4126
14,929,-0.582,4620
14,930,0.374,4423
14,931,-0.332,3696
14,932,-0.483,4717
14,933,0.564,4054
14,934,0.118,4006
14,935,-0.090,3719
14,936,-0.432,4025
14,937,-0.807,4648
14,938,0.015,3381
14,939,-0.295,3584
14,940,0.473,3972
14,941,-0.672,4181
14,942,-0.483,4487
14,943,0.594,4859
14,944,0.335,4036
14,945,-0.403,3834
14,946,0.638,4696
14,947,0.123,3541
14,948,0.501,3950
14,949,0.100,3999
14,950,0.385,4143
14,951,-0.344,3838
14,952,0.283,3872
14,953,0.587,4162
14,954,-0.365,3912
14,955,0.668,4804
14,956,-0.241,4389
14,957,0.183,4130
14,958,-0.038,3529
14,959,-0.155,3988
14,960,0.007,4290
14,961,0.043,3658
14,962,0.401,3769
14,963,0.038,3661
14,964,-0.174,3672
14,965,0.465,4266
14,966,-0.218,4154
14,967,0.591,4059
14,968,-0.290,3854
14,969,-0.330,3937
14,970,-0.175,3633
14,971,0.015,3559
14,972,-0.245,3590
14,973,-0.573,4303
14,974,-1.182,4607
14,975,-0.507,3930
14,976,0.243,3900
14,977,-0.570,3882
14,978,-0.072,3503
14,979,-0.296,3726
14,980,-0.475,4449
14,981,-0.657,3913
14,982,-0.041,3921
14,983,0.268,3754
14,984,0.777,4214
14,985,0.247,3826
14,986,-0.221,4477
14,987,-0.025,3455
14,988,-0.350,4304
14,989,-1.125,4323
14,990,-0.658,4321
14,991,-0.729,4124
14,992,0.249,3829
14,993,-0.318,4558
14,994,-0.094,3355
14,995,0.291,3707
14,996,-0.286,4108
14,997,-0.432,4048
14,998,-0.578,4479
14,999,-1.362,5489
14,1000,-0.650,4791
14,1001,0.409,3682
14,1002,0.409,4487
14,1003,0.159,3663
14,1004,-0.091,3466
14,1005,0.527,4415
14,1006,0.020,3301
14,1007,0.156,3840
14,1008,-0.171,3877
14,1009,0.401,3710
14,1010,0.256,3535
14,1011,0.068,4314
14,1012,-0.111,3332
14,1013,-0.722,4019
14,1014,0.045,3371
14,1015,0.083,3380
14,1016,-0.161,4065
14,1017,0.065,4122
14,1018,0.517,4180
14,1019,-0.060,3959
14,1020,-0.530,4573
14,1021,-0.174,3509
14,1022,-0.311,4568
14,1023,-0.529,4809
14,1024,-0.374,3653
14,1025,0.162,3648
14,1026,0.536,4172
14,1027,0.040,3675
14,1028,0.581,4042
14,1029,0.560,4783
14,1030,0.360,3667
14,1031,-0.278,4206
14,1032,0.021,4071
14,1033,0.091,3761
14,1034,-0.396,3853
14,1035,1.038,4978
14,1036,-0.240,3863
14,1037,0.752,5027
14,1038,-0.056,3548
14,1039,-0.392,4538
14,1040,0.581,4245
14,1041,0.187,4231
14,1042,0.648,4723
14,1043,0.152,4282
14,1044,0.637,4880
14,1045,0.182,3971
14,1046,-0.492,3779
14,1047,0.180,4231
14,1048,-0.026,4220
14,1049,-0.106,4250
14,1050,0.433,4531
14,1051,0.434,4590
14,1052,0.176,3611
14,1053,-0.927,4259
14,1054,-0.534,4225
14,1055,0.077,3477
14,1056,-0.592,4072
14,1057,0.232,4362
14,1058,0.110,3716
14,1059,-0.020,4044
14,1060,0.520,4047
14,1061,-0.604,3933
14,1062,-0.419,4578
14,1063,-0.728,4458
14,1064,0.380,4377
14,1065,0.062,3558
14,1066,-0.258,4377
14,1067,0.259,4092
14,1068,-0.177,3709
14,1069,-0.357,3712
14,1070,0.446,4631
14,1071,-0.457,4333
14,1072,-0.303,3802
14,1073,0.023,3709
14,1074,0.393,4611
14,1075,-0.390,4254
14,1076,-0.476,3883
14,1077,0.044,3634
14,1078,0.540,4814
14,1079,0.221,3600
14,1080,-0.170,4292
14,1081,0.010,4013
14,1082,-0.581,3844
14,1083,0.096,3519
14,1084,0.581,4040
14,1085,-0.109,3781
14,1086,-0.162,3806
14,1087,-0.380,4286
14,1088,-0.232,4163
14,1089,-0.145,3567
14,1090,0.039,3632
14,1091,0.237,3712
14,1092,0.075,3953
14,1093,0.455,4161
14,1094,0.567,4308
14,1095,0.010,3241
14,1096,-0.019,4319
14,1097,0.901,4632
14,1098,-0.205,4251
14,1099,0.070,3777
14,1100,-0.097,3785
14,1101,0.020,3799
14,1102,-0.255,4258
14,1103,0.757,4079
14,1104,-0.731,4296
14,1105,0.055,3591
14,1106,-0.660,4280
14,1107,-0.761,4676
14,1108,-0.693,3920
14,1109,0.165,4015
14,1110,-0.304,3728
14,1111,-0.204,4471
14,1112,0.683,4642
14,1113,0.346,3607
14,1114,-0.015,4060
14,1115,-0.584,4539
14,1116,-0.044,3496
14,1117,0.249,4339
14,1118,0.056,3848
14,1119,0.351,3741
14,1120,0.099,3400
14,1121,-0.506,3898
14,1122,-0.121,3813
14,1123,-0.273,3858
14,1124,0.690,4098
14,1125,-0.201,3454
14,1126,-0.221,3653
14,1127,-1.039,4381
14,1128,0.417,3966
14,1129,-0.824,4928
14,1130,-0.356,3854
14,1131,-0.601,3929
14,1132,0.172,3793
14,1133,-0.141,3404
14,1134,-0.641,4206
14,1135,-0.045,4190
14,1136,-0.044,3473
14,1137,0.630,4276
14,1138,-0.133,3475
14,1139,-0.337,3889
14,1140,0.040,3570
14,1141,-0.045,4345
14,1142,-0.096,3414
14,1143,0.904,4798
14,1144,0.627,4267
14,1145,0.178,4104
14,1146,-0.277,4047
14,1147,0.170,4031
14,1148,-0.644,4342
14,1149,0.195,4474
14,1150,-0.474,4206
14,1151,0.185,3856
14,1152,-0.854,5055
14,1153,-0.044,4083
14,1154,0.358,4274
14,1155,-0.136,3438
14,1156,0.347,4403
14,1157,0.945,4217
14,1158,0.263,3968
14,1159,-0.417,4190
14,1160,-0.117,3632
14,1161,-0.506,3773
14,1162,-0.225,4042
14,1163,-0.907,4732
14,1164,0.532,3953
14,1165,0.474,3702
14,1166,0.674,4419
14,1167,-0.056,4200
14,1168,0.392,4581
14,1169,0.098,3518
14,1170,-0.551,4613
14,1171,0.043,3849
14,1172,0.041,3807
14,1173,0.232,4376
14,1174,-0.276,3528
14,1175,0.396,4669
14,1176,-0.322,3584
14,1177,-0.097,3771
14,1178,-0.032,3731
14,1179,-0.062,3575
14,1180,0.054,4146
14,1181,-0.022,4071
14,1182,0.045,3526
14,1183,-0.450,4345
14,1184,0.055,4198
14,1185,0.188,4205
14,1186,0.676,3922
14,1187,-0.126,3713
14,1188,-0.629,4036
14,1189,0.511,3785
14,1190,-0.215,4049
14,1191,0.912,5056
14,1192,-0.222,4468
14,1193,-0.140,3941
14,1194,0.507,4024
14,1195,-0.509,4657
14,1196,-0.684,4463
14,1197,-0.058,3863
14,1198,-0.450,3861
14,1199,-0.401,4144
14,1200,-0.020,3687
14,1201,-0.038,3658
14,1202,0.333,4490
14,1203,0.219,4153
14,1204,0.158,4047
14,1205,-0.072,4328
14,1206,0.485,4670
14,1207,0.112,3953
14,1208,-0.679,4661
14,1209,-0.004,3490
14,1210,-0.527,4669
14,1211,0.265,4062
14,1212,-0.630,3977
14,1213,-0.240,3725
14,1214,-0.136,3687
14,1215,0.116,3824
14,1216,0.059,3886
14,1217,-0.241,3785
14,1218,0.254,3530
14,1219,0.669,4316
14,1220,0.677,3906
14,1221,-0.344,3680
14,1222,-0.210,4183
14,1223,-0.072,3433
14,1224,-0.212,3742
14,1225,0.310,3902
14,1226,-0.082,3685
14,1227,0.332,4269
14,1228,0.352,4155
14,1229,0.533,3860
14,1230,0.488,4074
14,1231,-0.090,3954
14,1232,0.251,3652
14,1233,0.087,3969
14,1234,0.110,3824
14,1235,0.301,4162
14,1236,-0.534,3756
14,1237,0.354,4264
14,1238,-0.194,4057
14,1239,-0.321,4146
14,1240,-0.415,4385
14,1241,-0.060,4159
14,1242,-0.497,4458
14,1243,-0.755,4431
14,1244,-0.240,4436
14,1245,0.439,3971
14,1246,0.194,3744
14,1247,0.325,3718
14,1248,-0.110,3968
14,1249,0.094,3738
14,1250,-0.520,4732
14,1251,0.191,4215
14,1252,-0.145,3992
14,1253,0.120,3726
14,1254,0.406,3860
14,1255,-0.148,3603
14,1256,0.025,4111
14,1257,0.876,4651
14,1258,-0.351,3616
14,1259,-0.283,4096
14,1260,-0.325,3891
14,1261,0.232,4010
14,1262,0.232,3928
14,1263,0.054,3305
14,1264,-0.195,3462
14,1265,-0.469,4515
14,1266,-0.414,3982
14,1267,0.355,4362
14,1268,-0.590,4109
14,1269,0.383,4376
14,1270,-0.286,4136
14,1271,0.277,4362
14,1272,-0.588,4781
14,1273,-0.501,4395
14,1274,0.570,4588
14,1275,0.044,3862
14,1276,-0.069,3656
14,1277,-0.010,4103
14,1278,-0.058,4296
14,1279,-0.466,4672
14,1280,-0.071,3594
14,1281,-0.514,4118
14,1282,0.794,4825
14,1283,0.435,4653
14,1284,-0.118,4146
14,1285,0.439,4591
14,1286,-0.214,4357
14,1287,-0.326,3586
14,1288,-0.240,3734
14,1289,0.267,4311
14,1290,-0.199,4476
14,1291,-0.281,4288
14,1292,-0.011,3468
14,1293,0.108,4039
14,1294,-0.360,3676
14,1295,0.481,3811
14,1296,0.890,4863
14,1297,0.220,3890
14,1298,0.368,3712
14,1299,0.410,3817
14,1300,-0.002,3804
14,1301,0.235,4454
14,1302,0.067,3580
14,1303,-0.173,3612
14,1304,-0.425,4322
14,1305,-0.363,4531
14,1306,0.255,4310
14,1307,-0.522,4439
14,1308,1.031,4853
14,1309,0.638,4690
14,1310,0.404,4405
14,1311,-0.125,3380
14,1312,-0.294,3694
14,1313,0.302,4104
14,1314,0.007,3436
14,1315,-0.457,4571
14,1316,0.435,4202
14,1317,0.507,4252
14,1318,-0.138,4388
14,1319,-0.384,4025
14,1320,0.102,3903
14,1321,-0.440,4588
14,1322,-0.371,3956
14,1323,0.122,3742
14,1324,-0.607,4386
14,1325,0.080,4003
14,1326,-0.404,4551
14,1327,0.362,4641
14,1328,0.290,3658
14,1329,-0.268,4367
14,1330,-0.109,3508
14,1331,0.219,4022
14,1332,0.677,4127
14,1333,-0.069,3593
14,1334,-0.051,3832
14,1335,-0.592,4230
14,1336,-0.150,4016
14,1337,-0.024,3351
14,1338,0.511,4140
14,1339,0.023,4255
14,1340,-0.569,4601
14,1341,-0.543,4394
14,1342,0.388,4350
14,1343,-0.443,3885
14,1344,0.279,3971
14,1345,0.463,4135
14,1346,-0.351,3790
14,1347,-0.243,4388
14,1348,-0.394,4215
14,1349,-0.004,3948
14,1350,0.005,3735
14,1351,0.341,3900
14,1352,-0.282,4555
14,1353,-0.057,3394
14,1354,0.107,3808
14,1355,-0.363,3873
14,1356,-0.070,3313
14,1357,-0.364,4486
14,1358,0.182,4226
14,1359,-0.175,4210
14,1360,-0.143,3730
14,1361,0.257,4353
14,1362,-0.441,4325
14,1363,0.561,4827
14,1364,-0.030,4243
14,1365,-0.293,3577
14,1366,-0.083,4009
14,1367,-0.406,3838
14,1368,0.225,3907
14,1369,-0.077,3895
14,1370,-0.511,3871
14,1371,-0.198,4038
14,1372,-0.177,3478
14,1373,-0.392,3836
14,1374,-0.090,3516
14,1375,-0.110,3722
14,1376,0.291,4456
14,1377,0.044,3588
14,1378,-0.029,3813
14,1379,0.624,4621
14,1380,0.031,3815
14,1381,-0.226,4211
14,1382,-0.448,4427
14,1383,0.458,4602
14,1384,0.441,3667
14,1385,0.218,4332
14,1386,0.184,3979
14,1387,-0.287,4178
14,1388,0.138,3923
14,1389,-0.091,3988
14,1390,0.569,3968
14,1391,-0.050,3588
14,1392,0.427,3725
14,1393,0.464,4690
14,1394,0.551,3850
14,1395,0.253,3598
14,1396,-0.055,3751
14,1397,-0.207,4422
14,1398,-0.855,4579
14,1399,0.244,3655
14,1400,-0.280,3985
14,1401,-0.967,4628
14,1402,0.423,3939
14,1403,0.339,3617
14,1404,-0.452,4461
14,1405,0.169,4424
14,1406,0.097,4096
14,1407,0.072,4111
14,1408,-0.210,4187
14,1409,-0.519,4264
14,1410,-0.369,3841
14,1411,0.181,3648
14,1412,-0.204,3817
14,1413,0.750,4709
14,1414,0.418,4244
14,1415,-0.032,4006
14,1416,-0.958,4693
14,1417,-0.559,4732
14,1418,-0.393,4417
14,1419,-0.232,4184
14,1420,0.317,3540
14,1421,0.029,4108
14,1422,-0.113,3497
14,1423,-0.314,4160
14,1424,-0.665,4388
14,1425,0.631,4121
14,1426,-0.371,4328
14,1427,0.103,4280
14,1428,0.250,4341
14,1429,0.512,4568
14,1430,-0.121,3924
14,1431,0.716,4595
14,1432,-0.551,4457
14,1433,-0.127,3574
14,1434,0.154,3813
14,1435,-0.036,4106
14,1436,-0.231,4302
14,1437,-0.601,3869
14,1438,0.247,3747
14,1439,-0.671,4506
14,1440,-0.314,4515
15,1,0.054,2807
15,2,0.337,2752
15,3,-0.520,3519
15,4,0.216,2935
15,5,-1.178,3520
15,6,0.401,3514
15,7,-0.354,3486
15,8,0.164,3316
15,9,-0.519,3630
15,10,0.363,3405
15,11,-0.111,3012
15,12,-0.261,3267
15,13,-0.005,3224
15,14,0.613,2983
15,15,0.672,3124
15,16,0.317,3156
15,17,0.257,3209
15,18,-0.336,3262
15,19,0.558,3023
15,20,0.214,3390
15,21,-0.168,2684
15,22,0.122,2861
15,23,0.192,3200
15,24,-0.510,3160
15,25,0.143,2929
15,26,-0.017,3163
15,27,0.217,2882
15,28,0.476,3591
15,29,-0.036,3217
15,30,-0.062,3234
15,31,-0.705,3800
15,32,0.447,2862
15,33,0.336,3508
15,34,0.200,3135
15,35,-0.264,3341
15,36,0.066,3041
15,37,-0.319,3216
15,38,0.176,2969
15,39,-0.236,3121
15,40,0.002,3031
15,41,0.063,3141
15,42,-0.221,3353
15,43,1.284,4060
15,44,-1.013,3475
15,45,0.099,2601
15,46,-0.426,2846
15,47,0.572,3152
15,48,0.014,2928
15,49,0.770,3634
15,50,-0.373,3575
15,51,0.046,2595
15,52,-0.642,3587
15,53,-0.378,3344
15,54,0.680,3583
15,55,-0.055,3188
15,56,0.326,2791
15,57,0.207,2849
15,58,0.279,3319
15,59,0.529,3329
15,60,-0.003,3173
15,61,-0.065,3262
15,62,-0.025,2658
15,63,-0.190,3423
15,64,0.251,3441
15,65,0.498,3400
15,66,0.341,3024
15,67,0.822,3395
15,68,0.131,2937
15,69,-0.603,3423
15,70,-0.072,2636
15,71,0.010,3051
15,72,-0.317,2874
15,73,0.119,3013
15,74,0.164,2611
15,75,0.448,3467
15,76,0.182,3410
15,77,-0.131,3337
15,78,0.344,3132
15,79,-0.509,3337
15,80,-0.608,3147
15,81,-0.297,2840
15,82,0.661,3238
15,83,-0.127,3075
15,84,0.327,3419
15,85,0.176,3114
15,86,-0.302,3440
15,87,-0.093,2567
15,88,-0.140,3266
15,89,-0.414,3347
15,90,0.405,3402
15,91,-0.027,3149
15,92,-0.090,2954
15,93,-0.413,3005
15,94,-0.314,3268
15,95,0.315,3362
15,96,-0.869,3322
15,97,0.261,3003
15,98,0.256,3148
15,99,0.862,3502
15,100,0.090,2554
15,101,-0.243,2692
15,102,0.358,3079
15,103,-0.345,2999
15,104,-0.236,3369
15,105,-0.365,3123
15,106,0.187,3069
15,107,0.052,2574
15,108,0.087,3071
15,109,-0.056,3336
15,110,-0.100,3204
15,111,-0.264,2734
15,112,-0.208,3186
15,113,-0.069,2944
15,114,0.136,3228
15,115,-0.200,2947
15,116,-0.327,2748
15,117,0.710,3174
15,118,-0.273,3234
15,119,-0.766,3426
15,120,0.129,2694
15,121,0.373,2994
15,122,0.036,3289
15,123,0.097,3326
15,124,0.032,2548
15,125,0.352,3449
15,126,0.522,3467
15,127,0.676,3348
15,128,0.052,3225
15,129,-0.855,3379
15,130,0.033,2854
15,131,-0.087,3055
15,132,0.022,2936
15,133,-0.210,3386
15,134,-0.622,3117
15,135,-0.248,3089
15,136,-0.134,3342
15,137,-0.274,3057
15,138,-0.064,3215
15,139,-0.232,3391
15,140,-0.468,3053
15,141,0.033,2797
15,142,-0.030,3084
15,143,0.055,3216
15,144,-0.148,3116
15,145,0.427,3358
15,146,-0.151,3246
15,147,0.365,3264
15,148,0.645,3709
15,149,-0.361,3443
15,150,0.446,2965
15,151,0.225,3456
15,152,-0.031,3262
15,153,-0.590,3452
15,154,0.297,2779
15,155,-0.445,3429
15,156,0.276,2862
15,157,0.598,3717
15,158,0.007,2961
15,159,-0.345,2860
15,160,-0.038,3041
15,161,0.104,2631
15,162,0.355,3076
15,163,-0.051,3041
15,164,-0.018,2813
15,165,-0.441,3078
15,166,-0.589,3078
15,167,-0.353,2810
15,168,0.009,2774
15,169,0.085,3095
15,170,-0.354,3367
15,171,-0.129,2933
15,172,0.386,3500
15,173,-0.193,3364
15,174,0.471,3267
15,175,-0.097,2884
15,176,-0.563,3105
15,177,-0.313,3130
15,178,0.144,2961
15,179,-0.043,2885
15,180,0.323,2884
15,181,-0.473,3065
15,182,0.272,3116
15,183,0.518,3645
15,184,0.651,3719
15,185,-0.365,2885
15,186,-0.242,3036
15,187,-0.011,3009
15,188,0.185,2711
15,189,-0.235,2837
15,190,-0.079,2672
15,191,-0.052,2803
15,192,-0.408,2935
15,193,-0.115,2751
15,194,0.153,2641
15,195,-0.205,2708
15,196,0.189,3258
15,197,-0.742,3240
15,198,1.342,3516
15,199,-0.309,3205
15,200,-0.284,3215
15,201,-0.129,3307
15,202,0.275,2811
15,203,-0.615,3241
15,204,0.674,3562
15,205,0.412,2827
15,206,-0.330,3470
15,207,-0.426,2852
15,208,0.177,3134
15,209,-0.003,3053
15,210,0.805,3586
15,211,0.222,3355
15,212,-0.336,3234
15,213,-0.036,3155
15,214,0.049,2789
15,215,0.156,2948
15,216,0.278,3046
15,217,0.074,2932
15,218,-0.427,3106
15,219,-0.121,3031
15,220,-0.465,3119
15,221,-0.460,3546
15,222,-0.261,3400
15,223,0.166,3155
15,224,-0.403,2977
15,225,-0.357,2753
15,226,1.005,3508
15,227,-0.140,2911
15,228,-0.057,2959
15,229,-0.290,2696
15,230,-0.211,3387
15,231,-0.473,3088
15,232,-0.524,3330
15,233,0.325,2969
15,234,0.090,2611
15,235,-0.186,3374
15,236,0.149,3139
15,237,-0.200,3120
15,238,-0.244,3314
15,239,0.600,3694
15,240,-0.189,2767
15,241,0.461,2948
15,242,-0.706,3785
15,243,0.059,2648
15,244,-0.677,3175
15,245,0.490,3357
15,246,-0.281,3037
15,247,0.297,2915
15,248,-0.174,3157
15,249,0.033,2652
15,250,-0.393,2964
15,251,-1.059,3680
15,252,0.104,2566
15,253,0.805,3210
15,254,0.021,2640
15,255,-0.147,3066
15,256,0.064,2615
15,257,0.441,3372
15,258,-0.653,3407
15,259,-0.182,3388
15,260,0.033,2581
15,261,-0.005,3218
15,262,0.289,3308
15,263,-0.190,3282
15,264,0.435,2902
15,265,0.157,2843
15,266,0.349,3516
15,267,0.020,2651
15,268,-0.231,2784
15,269,-0.575,3334
15,270,0.701,3105
15,271,-0.433,3229
15,272,0.586,3292
15,273,-0.025,2660
15,274,-0.316,2858
15,275,0.259,2727
15,276,0.090,2730
15,277,-0.455,3075
15,278,-0.007,3176
15,279,-0.290,3051
15,280,-0.191,3234
15,281,0.503,3505
15,282,0.202,3042
15,283,-0.561,2960
15,284,0.088,3018
15,285,0.534,3252
15,286,0.078,3335
15,287,0.033,2949
15,288,0.045,3024
15,289,0.102,3227
15,290,-0.925,3213
15,291,0.409,2977
15,292,0.478,3257
15,293,-0.578,3045
15,294,-0.100,3119
15,295,-0.074,2885
15,296,0.174,3030
15,297,0.861,3446
15,298,-0.075,3034
15,299,0.098,2821
15,300,-0.942,3852
15,301,-0.336,3391
15,302,0.730,3540
15,303,-0.471,3084
15,304,-0.225,2650
15,305,0.143,3214
15,306,-0.084,3312
15,307,-0.463,2980
15,308,0.354,3500
15,309,0.719,3741
15,310,-0.051,2834
15,311,-0.389,3222
15,312,0.332,2901
15,313,-0.529,2937
15,314,0.270,3413
15,315,0.209,2968
15,316,-0.268,3052
15,317,0.184,2624
15,318,0.410,3273
15,319,-0.742,3846
15,320,0.015,2724
15,321,-0.578,3431
15,322,-0.628,3400
15,323,0.013,2920
15,324,-0.318,3480
15,325,0.487,3087
15,326,0.323,2814
15,327,-0.490,3213
15,328,-0.252,3423
15,329,0.230,3043
15,330,-0.939,3372
15,331,0.293,3357
15,332,-0.151,3369
15,333,0.729,3703
15,334,0.226,2711
15,335,-0.321,3170
15,336,-0.288,3486
15,337,0.293,3202
15,338,0.213,3288
15,339,-0.234,3128
15,340,-0.310,2858
15,341,0.233,3399
15,342,0.672,3516
15,343,-0.324,3238
15,344,0.633,3650
15,345,0.812,3207
15,346,-0.123,2984
15,347,0.335,2891
15,348,0.372,2970
15,349,0.654,3645
15,350,-0.703,3701
15,351,-0.190,3212
15,352,0.178,3305
15,353,-0.339,3422
15,354,-0.173,2841
15,355,-0.092,2610
15,356,0.521,3215
15,357,-0.493,2958
15,358,0.203,2823
15,359,0.384,2998
15,360,0.166,3219
15,361,0.069,2787
15,362,-0.518,3647
15,363,-0.603,2953
15,364,0.056,2743
15,365,0.094,3015
15,366,-0.121,3385
15,367,1.037,3954
15,368,-0.166,3023
15,369,0.208,3380
15,370,0.173,3364
15,371,-0.195,2989
15,372,0.193,2976
15,373,-0.133,3123
15,374,0.015,3255
15,375,-0.298,3254
15,376,-0.139,3197
15,377,0.005,2802
15,378,-0.368,3412
15,379,0.103,2985
15,380,0.042,3054
15,381,0.239,3283
15,382,0.098,2868
15,383,0.743,3394
15,384,0.461,2941
15,385,-0.152,3184
15,386,0.050,3292
15,387,0.479,3267
15,388,0.246,3144
15,389,-0.044,2515
15,390,0.050,3172
15,391,-0.504,3146
15,392,0.491,2883
15,393,0.176,3109
15,394,-0.186,2732
15,395,-0.012,3238
15,396,0.131,2850
15,397,0.449,3052
15,398,-0.148,3224
15,399,-0.063,3054
15,400,0.625,3653
15,401,-0.158,2772
15,402,0.007,3305
15,403,0.113,3295
15,404,0.532,3117
15,405,0.033,3046
15,406,-0.264,3159
15,407,0.633,3393
15,408,0.556,3117
15,409,0.392,3103
15,410,0.117,3061
15,411,0.327,3290
15,412,-0.443,3412
15,413,-0.321,3057
15,414,0.230,3185
15,415,-0.632,2979
15,416,-0.269,3434
15,417,0.571,3582
15,418,-0.081,3334
15,419,-0.017,3176
15,420,0.424,3093
15,421,-0.882,3838
15,422,-0.604,3248
15,423,-0.468,2914
15,424,0.239,2964
15,425,0.629,3270
15,426,-0.357,3111
15,427,-0.658,3193
15,428,0.490,3646
15,429,0.117,2751
15,430,0.720,3478
15,431,-0.373,2763
15,432,-0.181,3128
15,433,0.069,2945
15,434,-0.052,3303
15,435,-0.075,2918
15,436,-0.458,3343
15,437,-0.529,3462
15,438,0.126,2734
15,439,-0.629,2957
15,440,-0.432,3094
15,441,0.576,3147
15,442,0.523,3406
15,443,-0.185,3167
15,444,0.409,3263
15,445,0.265,3205
15,446,-0.513,3046
15,447,0.088,3117
15,448,0.419,2835
15,449,-0.459,3146
15,450,0.091,3240
15,451,-0.634,3652
15,452,-0.029,2877
15,453,0.155,3307
15,454,-0.274,2772
15,455,0.410,3524
15,456,0.877,3792
15,457,-0.159,3114
15,458,-0.255,3467
15,459,-0.158,3356
15,460,-0.394,3268
15,461,0.072,2868
15,462,-0.036,3117
15,463,-0.726,3785
15,464,0.572,3075
15,465,0.689,3608
15,466,0.225,3218
15,467,-0.670,3240
15,468,0.300,3060
15,469,1.062,3585
15,470,-0.746,3338
15,471,0.241,3229
15,472,0.017,3105
15,473,-0.147,3013
15,474,-0.294,2725
15,475,-0.299,3134
15,476,-0.405,2961
15,477,-0.211,3400
15,478,0.051,3202
15,479,0.289,2871
15,480,0.749,3421
15,481,0.038,2610
15,482,-0.577,2975
15,483,0.359,3260
15,484,0.309,3170
15,485,0.568,3424
15,486,0.429,3326
15,487,-0.223,3394
15,488,0.303,2927
15,489,0.442,3388
15,490,-0.156,2691
15,491,-0.204,2646
15,492,0.267,3118
15,493,-0.134,2868
15,494,0.043,2872
15,495,0.519,3253
15,496,-0.036,2713
15,497,-0.413,3542
15,498,-0.098,2714
15,499,0.160,3372
15,500,-0.370,3293
15,501,0.338,3519
15,502,0.654,3491
15,503,-0.593,2927
15,504,-0.829,3851
15,505,0.647,3258
15,506,0.068,3222
15,507,0.069,3082
15,508,0.173,3428
15,509,0.802,3445
15,510,0.477,3368
15,511,0.439,3265
15,512,0.505,3605
15,513,-0.200,3298
15,514,-0.542,3175
15,515,-0.191,2710
15,516,0.696,3538
15,517,-0.244,3382
15,518,0.241,2825
15,519,-0.641,2958
15,520,-0.890,3670
15,521,-0.533,3008
15,522,-0.807,3612
15,523,-0.190,2645
15,524,-0.342,2769
15,525,-0.680,3075
15,526,0.323,3063
15,527,0.289,3370
15,528,0.331,3517
15,529,0.243,2963
15,530,0.051,3128
15,531,-0.179,2961
15,532,-0.312,3117
15,533,0.246,3401
15,534,-0.335,3425
15,535,0.011,3065
15,536,-0.038,3280
15,537,0.036,2960
15,538,-0.509,3279
15,539,-0.260,2718
15,540,0.339,3382
15,541,0.106,2762
15,542,-0.192,3423
15,543,-0.210,3145
15,544,-0.081,2769
15,545,0.219,2899
15,546,-0.331,3428
15,547,-0.839,3851
15,548,-0.547,3464
15,549,-0.438,3072
15,550,-0.446,3464
15,551,-0.477,3616
15,552,-0.375,2818
15,553,-0.640,3265
15,554,-0.319,2726
15,555,0.521,3065
15,556,0.672,3698
15,557,-0.030,2842
15,558,-0.086,3125
15,559,0.383,3036
15,560,-0.486,2893
15,561,0.360,3051
15,562,0.056,2989
15,563,0.043,2933
15,564,0.504,3243
15,565,0.336,3252
15,566,0.107,3098
15,567,-0.215,3286
15,568,-0.269,2772
15,569,0.207,2659
15,570,-0.203,3417
15,571,-1.031,3500
15,572,0.187,3005
15,573,-0.454,3114
15,574,-0.607,3471
15,575,0.400,3478
15,576,-0.290,3008
15,577,-0.049,2948
15,578,0.039,2972
15,579,-0.653,3130
15,580,-0.500,3366
15,581,-0.122,3369
15,582,-0.108,3187
15,583,-0.003,2726
15,584,0.507,3475
15,585,0.094,3154
15,586,0.181,3432
15,587,-0.195,2960
15,588,-0.139,2650
15,589,-0.258,3182
15,590,-0.678,3316
15,591,-0.047,2823
15,592,0.104,3329
15,593,0.400,2791
15,594,0.011,2605
15,595,-0.209,3011
15,596,-0.812,3834
15,597,-0.041,3236
15,598,0.055,2537
15,599,-0.236,2745
15,600,0.436,3380
15,601,-0.698,3627
15,602,0.701,3044
15,603,0.351,3273
15,604,1.331,4154
15,605,0.008,2823
15,606,0.549,3196
15,607,0.573,3191
15,608,-0.475,3122
15,609,-0.586,3535
15,610,-0.098,3033
15,611,-0.151,2801
15,612,0.135,2607
15,613,-0.004,3144
15,614,-0.099,3285
15,615,-0.571,2924
15,616,0.133,2739
15,617,0.130,2616
15,618,0.295,3440
15,619,-0.013,2860
15,620,-0.047,2743
15,621,0.253,3058
15,622,-0.589,3326
15,623,-0.150,3354
15,624,-0.265,3118
15,625,0.239,2905
15,626,0.203,2855
15,627,0.143,2922
15,628,-0.602,3195
15,629,0.148,3169
15,630,-0.274,3205
15,631,-0.515,3534
15,632,-0.096,2917
15,633,0.415,3607
15,634,0.055,2910
15,635,-0.698,3810
15,636,-0.309,3260
15,637,0.234,2952
15,638,0.092,2549
15,639,0.644,3493
15,640,-0.044,3261
15,641,-0.414,3496
15,642,0.250,3229
15,643,-0.519,3237
15,644,0.075,2981
15,645,0.194,2737
15,646,-0.790,3188
15,647,0.082,2744
15,648,0.003,2855
15,649,0.314,3269
15,650,0.398,3248
15,651,-0.223,3221
15,652,0.300,3306
15,653,0.062,2768
15,654,0.316,2958
15,655,-0.712,3296
15,656,0.222,3183
15,657,0.211,3348
15,658,0.082,3038
15,659,0.406,3488
15,660,-0.102,2922
15,661,1.115,4060
15,662,0.434,3582
15,663,-0.071,2711
15,664,0.202,2942
15,665,0.076,3110
15,666,-0.143,2760
15,667,0.154,3257
15,668,1.026,3949
15,669,-0.095,2749
15,670,-0.408,3047
15,671,-0.336,3196
15,672,-0.580,3496
15,673,0.049,2945
15,674,-0.299,2701
15,675,-0.173,3036
15,676,-0.235,2676
15,677,-0.129,2576
15,678,-0.134,2773
15,679,0.046,2526
15,680,-0.089,2803
15,681,-0.108,3249
15,682,0.519,3168
15,683,1.316,3732
15,684,0.376,3239
15,685,0.540,3516
15,686,-0.547,2920
15,687,0.783,3547
15,688,-0.949,3757
15,689,0.498,3018
15,690,0.808,3442
15,691,-0.064,2820
15,692,0.433,3205
15,693,0.574,3340
15,694,-0.606,3420
15,695,-0.068,2871
15,696,-0.326,3339
15,697,0.393,3571
15,698,0.047,3303
15,699,-0.223,3428
15,700,0.152,2686
15,701,-0.697,3581
15,702,-0.382,3328
15,703,0.215,2817
15,704,0.123,3255
15,705,-0.106,3018
15,706,-0.109,2624
15,707,-0.605,3168
15,708,0.222,2862
15,709,0.295,3143
15,710,-0.477,3387
15,711,-0.153,2985
15,712,-0.184,3038
15,713,0.132,2616
15,714,-0.633,3235
15,715,0.038,3277
15,716,-0.095,2573
15,717,-0.291,3039
15,718,-0.409,3254
15,719,0.454,3536
15,720,-0.530,3256
15,721,-0.228,3364
15,722,-1.047,3372
15,723,0.489,2966
15,724,0.284,3516
15,725,-0.018,3140
15,726,0.628,3044
15,727,0.128,2828
15,728,0.484,3203
15,729,0.022,3221
15,730,0.649,3356
15,731,0.326,2906
15,732,0.326,2899
15,733,0.164,3397
15,734,0.673,3604
15,735,0.143,2735
15,736,0.285,3351
15,737,0.175,3007
15,738,-0.376,3563
15,739,0.191,3284
15,740,-0.142,2633
15,741,0.342,2785
15,742,-0.014,3263
15,743,0.146,3080
15,744,0.055,2634
15,745,-0.460,2898
15,746,0.193,2760
15,747,-0.265,2847
15,748,0.041,3012
15,749,0.217,3342
15,750,-0.051,2718
15,751,-0.509,3353
15,752,-0.095,2793
15,753,0.433,3254
15,754,-0.244,3434
15,755,-0.192,2973
15,756,0.320,2825
15,757,0.366,2782
15,758,0.019,3264
15,759,-0.251,3466
15,760,-0.118,2963
15,761,-0.391,3563
15,762,0.163,3389
15,763,-0.637,3513
15,764,0.628,3290
15,765,-0.426,3288
15,766,0.463,3156
15,767,0.501,3057
15,768,-0.521,3429
15,769,0.341,3081
15,770,0.955,3880
15,771,0.803,3450
15,772,0.076,2829
15,773,-0.201,2925
15,774,0.224,2918
15,775,0.190,3343
15,776,-0.428,3191
15,777,-0.550,3543
15,778,-0.172,3237
15,779,0.334,3005
15,780,0.367,2996
15,781,-0.469,3528
15,782,-0.004,3194
15,783,0.196,2933
15,784,-0.414,3164
15,785,-0.241,3443
15,786,-0.302,3522
15,787,0.224,3359
15,788,-0.588,3720
15,789,0.507,3320
15,790,0.204,2752
15,791,-0.089,2588
15,792,-0.029,2774
15,793,0.305,3257
15,794,0.233,2706
15,795,0.094,3356
15,796,0.064,3042
15,797,-0.630,3665
15,798,0.147,2899
15,799,-0.098,2904
15,800,-0.621,3466
15,801,0.520,3028
15,802,-0.197,2846
15,803,0.551,3571
15,804,0.329,2732
15,805,-0.662,3026
15,806,-0.084,2916
15,807,0.515,3653
15,808,-0.584,3377
15,809,0.471,3049
15,810,-0.327,3103
15,811,0.026,3276
15,812,0.118,2759
15,813,-0.233,3011
15,814,-0.713,3061
15,815,0.442,3186
15,816,0.202,2832
15,817,-0.451,3374
15,818,-0.128,2747
15,819,0.026,2746
15,820,0.042,3113
15,821,0.176,2653
15,822,-0.264,2814
15,823,0.479,3115
15,824,-0.101,3223
15,825,0.445,2927
15,826,-0.127,2986
15,827,-0.257,2984
15,828,0.012,3065
15,829,0.133,3350
15,830,-0.183,3038
15,831,-0.383,2872
15,832,0.805,3135
15,833,-0.292,3177
15,834,-0.266,2932
15,835,1.406,4133
15,836,0.135,2721
15,837,-0.399,3120
15,838,-0.061,2800
15,839,0.402,3455
15,840,-0.433,3473
15,841,0.362,3427
15,842,-0.140,2633
15,843,-0.237,2804
15,844,-0.544,3053
15,845,-0.551,3531
15,846,0.405,3508
15,847,-0.350,3413
15,848,0.359,3457
15,849,-0.067,3146
15,850,0.224,3390
15,851,-0.096,2931
15,852,0.361,3490
15,853,0.645,3428
15,854,0.841,3449
15,855,-0.338,3448
15,856,0.018,2621
15,857,0.664,3106
15,858,0.198,3104
15,859,-0.026,2506
15,860,-0.036,2950
15,861,-0.116,2754
15,862,-0.147,2706
15,863,-0.078,2560
15,864,0.114,2734
15,865,0.019,3018
15,866,-0.082,2833
15,867,0.335,3191
15,868,0.147,3344
15,869,-0.382,3314
15,870,0.566,2967
15,871,-1.111,3836
15,872,0.270,2704
15,873,-0.151,3012
15,874,0.655,3646
15,875,-0.164,2731
15,876,0.049,3191
15,877,0.034,3149
15,878,-0.170,2728
15,879,-0.372,2995
15,880,-0.204,2859
15,881,0.429,3026
15,882,-0.639,3367
15,883,0.424,3432
15,884,-0.247,2675
15,885,-0.458,3169
15,886,0.426,2942
15,887,0.452,3499
15,888,0.130,2904
15,889,0.168,2867
15,890,-0.435,2922
15,891,0.202,3397
15,892,0.565,3712
15,893,0.309,3350
15,894,0.613,3646
15,895,-0.150,2645
15,896,-0.219,2732
15,897,0.238,3455
15,898,-0.391,3149
15,899,0.098,3131
15,900,-0.042,2932
15,901,0.190,3098
15,902,0.432,3008
15,903,-0.158,3138
15,904,-0.249,3198
15,905,0.033,2995
15,906,-0.259,2832
15,907,-0.243,3481
15,908,0.378,3118
15,909,0.661,3764
15,910,0.046,2643
15,911,0.504,3447
15,912,0.751,3751
15,913,-0.931,3205
15,914,-0.447,3368
15,915,-0.139,2964
15,916,0.013,2970
15,917,-0.020,3025
15,918,0.024,2741
15,919,-0.114,3102
15,920,0.169,3083
15,921,0.061,2730
15,922,-0.314,3009
15,923,-0.288,3351
15,924,0.153,2838
15,925,0.274,3278
15,926,-0.130,2984
15,927,-0.323,3366
15,928,0.015,3069
15,929,-0.667,3144
15,930,-0.409,3030
15,931,-0.538,3511
15,932,0.091,2832
15,933,-0.173,2890
15,934,0.297,2827
15,935,-0.675,3717
15,936,0.140,2765
15,937,0.610,2955
15,938,-0.204,2641
15,939,0.572,2923
15,940,0.188,2919
15,941,-0.159,2815
15,942,-0.170,3018
15,943,0.330,3103
15,944,0.262,3216
15,945,-0.610,3409
15,946,-0.512,3321
15,947,-0.381,3014
15,948,-0.413,3509
15,949,0.237,2953
15,950,0.976,3554
15,951,0.220,3454
15,952,-0.284,3127
15,953,-0.617,3411
15,954,-0.496,2863
15,955,0.546,3543
15,956,-0.971,3814
15,957,0.630,3131
15,958,-0.587,3348
15,959,0.750,3700
15,960,-0.161,3241
15,961,-0.264,2683
15,962,-1.119,4004
15,963,0.251,3255
15,964,0.045,3072
15,965,-0.162,3410
15,966,0.420,3430
15,967,0.100,2560
15,968,0.157,3394
15,969,0.034,2596
15,970,-0.324,2765
15,971,0.236,3362
15,972,-0.052,3326
15,973,0.614,3181
15,974,0.212,3099
15,975,-0.349,3019
15,976,0.425,3617
15,977,0.072,2693
15,978,0.456,3336
15,979,-0.037,2546
15,980,-0.161,2763
15,981,0.455,3312
15,982,0.808,3163
15,983,-0.385,3274
15,984,0.186,3296
15,985,0.317,3092
15,986,1.090,3479
15,987,-0.022,2836
15,988,-0.222,2688
15,989,-0.050,3332
15,990,0.218,3421
15,991,-0.069,3043
15,992,0.067,3159
15,993,0.001,3118
15,994,0.278,3494
15,995,-0.044,2750
15,996,0.126,2860
15,997,0.168,3226
15,998,0.102,2775
15,999,0.305,3266
15,1000,0.091,2643
15,1001,0.190,3337
15,1002,-0.127,2881
15,1003,0.240,2968
15,1004,0.055,3081
15,1005,-0.374,3500
15,1006,0.812,3243
15,1007,-0.243,2966
15,1008,-0.136,2755
15,1009,0.256,2692
15,1010,-0.266,2801
15,1011,0.434,2974
15,1012,-0.234,2934
15,1013,-0.030,2817
15,1014,0.502,3412
15,1015,0.340,2928
15,1016,-0.021,3053
15,1017,0.120,2886
15,1018,0.207,3457
15,1019,-0.273,3255
15,1020,0.305,3239
15,1021,-0.219,2784
15,1022,0.108,2901
15,1023,-0.168,2695
15,1024,-0.323,2862
15,1025,0.343,3196
15,1026,-0.137,2646
15,1027,1.264,3865
15,1028,0.008,2588
15,1029,0.241,2666
15,1030,0.083,3136
15,1031,-0.744,3443
15,1032,-0.183,2967
15,1033,0.055,2527
15,1034,-0.546,3076
15,1035,-0.090,3043
15,1036,-0.370,3389
15,1037,0.472,3440
15,1038,-0.036,2983
15,1039,-0.180,3153
15,1040,0.270,2737
15,1041,0.374,3308
15,1042,0.228,3168
15,1043,0.004,3295
15,1044,0.705,3347
15,1045,0.008,3110
15,1046,-0.236,2706
15,1047,-0.202,2632
15,1048,-0.367,3103
15,1049,-0.439,2984
15,1050,1.103,3842
15,1051,0.004,2893
15,1052,-0.077,2650
15,1053,0.752,3842
15,1054,-0.002,3269
15,1055,1.206,4006
15,1056,-0.493,2980
15,1057,-0.560,3266
15,1058,0.278,2948
15,1059,-0.367,2916
15,1060,-0.531,3328
15,1061,-0.182,2899
15,1062,-0.189,2998
15,1063,0.035,3273
15,1064,0.071,2708
15,1065,0.030,3228
15,1066,-0.593,3403
15,1067,-0.400,2861
15,1068,0.339,3102
15,1069,-0.078,3260
15,1070,-0.472,3018
15,1071,-0.290,2720
15,1072,0.411,3119
15,1073,-0.510,3339
15,1074,-0.152,3114
15,1075,0.163,2923
15,1076,-0.580,3520
15,1077,-0.261,2977
15,1078,0.018,2739
15,1079,-0.297,3369
15,1080,-0.374,2997
15,1081,-0.440,3507
15,1082,-0.018,3126
15,1083,0.086,3270
15,1084,0.175,3147
15,1085,0.157,2803
15,1086,-0.621,3744
15,1087,0.601,3218
15,1088,0.244,3046
15,1089,0.095,3015
15,1090,0.913,3920
15,1091,-0.672,3016
15,1092,0.028,2655
15,1093,0.040,3110
15,1094,0.369,3070
15,1095,-0.673,3536
15,1096,-0.066,2961
15,1097,-0.198,3320
15,1098,0.200,2780
15,1099,0.282,3320
15,1100,-0.146,2731
15,1101,-0.274,2839
15,1102,-0.025,2996
15,1103,0.200,2660
15,1104,0.214,3453
15,1105,-0.053,2874
15,1106,-0.329,3136
15,1107,0.146,2603
15,1108,-0.116,3275
15,1109,0.448,3506
15,1110,0.101,2886
15,1111,-0.203,2734
15,1112,0.316,2794
15,1113,-0.007,2515
15,1114,-0.151,2858
15,1115,-0.091,2719
15,1116,0.348,3086
15,1117,0.693,3723
15,1118,0.241,3064
15,1119,-0.522,3522
15,1120,-0.591,3020
15,1121,-0.549,3708
15,1122,0.404,3288
15,1123,0.199,3306
15,1124,-0.055,3101
15,1125,-0.412,2865
15,1126,0.955,3810
15,1127,0.423,3410
15,1128,-0.585,3628
15,1129,0.028,2829
15,1130,0.709,3146
15,1131,0.183,2802
15,1132,-0.567,3419
15,1133,-0.079,2992
15,1134,0.158,3155
15,1135,-0.670,3370
15,1136,-0.216,3259
15,1137,0.772,3534
15,1138,0.277,2771
15,1139,-0.097,2941
15,1140,0.249,3413
15,1141,-0.554,3582
15,1142,0.351,2801
15,1143,0.729,3284
15,1144,-0.062,2667
15,1145,0.089,2580
15,1146,-0.438,3266
15,1147,-0.172,2781
15,1148,0.037,2980
15,1149,-0.454,3618
15,1150,-0.839,3138
15,1151,-0.479,3369
15,1152,0.826,3635
15,1153,-0.466,2853
15,1154,0.714,3379
15,1155,-0.883,3700
15,1156,0.414,2958
15,1157,-0.548,3709
15,1158,0.429,2861
15,1159,0.394,3317
15,1160,0.600,3409
15,1161,-1.042,3632
15,1162,0.024,2707
15,1163,0.401,3202
15,1164,0.895,3208
15,1165,0.547,3352
15,1166,0.626,3656
15,1167,-0.193,3183
15,1168,-0.638,3351
15,1169,0.027,2745
15,1170,-0.111,2639
15,1171,-0.670,3088
15,1172,-0.406,3065
15,1173,0.193,2851
15,1174,-0.199,3191
15,1175,-0.294,3336
15,1176,0.762,3617
15,1177,0.729,3128
15,1178,0.693,3274
15,1179,-0.163,3337
15,1180,0.118,2836
15,1181,0.656,3723
15,1182,-0.443,2836
15,1183,0.017,3252
15,1184,-0.043,3020
15,1185,0.417,3208
15,1186,-0.515,3097
15,1187,0.316,3010
15,1188,0.197,3082
15,1189,0.243,2829
15,1190,0.077,3125
15,1191,0.594,3294
15,1192,-0.197,3213
15,1193,-0.374,3381
15,1194,0.297,3326
15,1195,-0.927,3438
15,1196,0.492,3581
15,1197,0.004,3081
15,1198,-0.050,2588
15,1199,0.363,2778
15,1200,-0.516,3249
15,1201,-0.485,3059
15,1202,-0.569,3293
15,1203,-0.758,3494
15,1204,-0.123,3183
15,1205,-0.002,2953
15,1206,0.176,3431
15,1207,-0.043,2849
15,1208,0.004,2721
15,1209,-0.162,2821
15,1210,1.004,4043
15,1211,0.211,3179
15,1212,0.534,2954
15,1213,-0.425,3324
15,1214,0.432,2982
15,1215,-0.506,3157
15,1216,0.069,2574
15,1217,0.003,2532
15,1218,0.059,3167
15,1219,-0.227,2756
15,1220,0.226,3460
15,1221,0.375,3211
15,1222,-0.763,3057
15,1223,0.291,3409
15,1224,0.002,3248
15,1225,-0.111,2606
15,1226,0.966,3405
15,1227,-0.282,3118
15,1228,0.410,3129
15,1229,0.384,3468
15,1230,-0.133,3349
15,1231,-0.124,3326
15,1232,-0.015,3081
15,1233,-0.921,3841
15,1234,0.067,3144
15,1235,-0.248,2812
15,1236,-0.544,3633
15,1237,-0.024,2977
15,1238,0.053,3087
15,1239,0.560,3103
15,1240,0.345,3026
15,1241,0.230,3397
15,1242,0.494,3023
15,1243,0.480,3008
15,1244,0.203,3283
15,1245,-0.005,3136
15,1246,-0.154,2779
15,1247,0.372,2832
15,1248,-0.161,2719
15,1249,0.029,2529
15,1250,-0.008,2889
15,1251,-0.482,3510
15,1252,0.240,2725
15,1253,0.223,2848
15,1254,0.443,3434
15,1255,-0.450,3161
15,1256,-0.003,2640
15,1257,0.085,3086
15,1258,0.776,3280
15,1259,-0.560,3288
15,1260,0.072,3003
15,1261,-0.378,3027
15,1262,0.167,3285
15,1263,0.207,2816
15,1264,0.298,2857
15,1265,-0.379,2972
15,1266,0.512,2865
15,1267,0.252,3162
15,1268,0.453,3147
15,1269,-0.435,3027
15,1270,0.709,3768
15,1271,-0.038,2924
15,1272,-0.694,3152
15,1273,0.460,2963
15,1274,0.121,3071
15,1275,-0.042,2675
15,1276,-0.422,3363
15,1277,-0.170,3258
15,1278,-0.320,2889
15,1279,0.369,3486
15,1280,-0.089,2942
15,1281,0.390,3437
15,1282,-0.112,3205
15,1283,-0.447,3607
15,1284,-0.133,2953
15,1285,0.001,2843
15,1286,-0.136,2795
15,1287,0.319,3537
15,1288,0.050,2882
15,1289,-0.402,3373
15,1290,-0.106,2863
15,1291,0.208,2675
15,1292,0.033,3052
15,1293,-0.104,2653
15,1294,-0.161,2692
15,1295,0.337,3014
15,1296,-0.089,3042
15,1297,0.300,2974
15,1298,0.648,2992
15,1299,0.090,2698
15,1300,-0.510,3677
15,1301,0.454,2821
15,1302,0.191,2636
15,1303,-0.446,3095
15,1304,0.031,2674
15,1305,0.694,3690
15,1306,-0.184,2683
15,1307,-0.480,3183
15,1308,0.156,2739
15,1309,0.136,2841
15,1310,-0.083,3150
15,1311,-0.425,2973
15,1312,-0.762,3187
15,1313,0.406,2831
15,1314,0.239,3070
15,1315,0.119,3151
15,1316,0.582,2939
15,1317,0.239,2779
15,1318,0.466,3101
15,1319,-0.479,3482
15,1320,0.041,2959
15,1321,0.170,2961
15,1322,0.064,3338
15,1323,-0.223,3099
15,1324,-0.269,2936
15,1325,0.859,3661
15,1326,0.901,3769
15,1327,0.053,2553
15,1328,0.518,3250
15,1329,-0.057,2918
15,1330,0.373,3387
15,1331,-0.510,3653
15,1332,0.026,2762
15,1333,0.301,3225
15,1334,-0.373,2901
15,1335,-0.064,3283
15,1336,-0.324,2884
15,1337,-0.216,3387
15,1338,-0.516,3024
15,1339,0.195,3402
15,1340,-0.958,3661
15,1341,-0.409,3105
15,1342,-0.444,3423
15,1343,0.787,3070
15,1344,0.124,3225
15,1345,0.272,3208
15,1346,-0.117,3081
15,1347,0.331,2900
15,1348,0.625,3669
15,1349,-0.072,3151
15,1350,0.003,2549
15,1351,-0.135,2977
15,1352,0.048,3146
15,1353,-0.094,3214
15,1354,0.309,3045
15,1355,0.310,3397
15,1356,0.592,2923
15,1357,0.282,3211
15,1358,0.205,3339
15,1359,-0.598,3190
15,1360,0.341,3410
15,1361,0.329,2777
15,1362,-0.010,2501
15,1363,-0.808,3284
15,1364,1.379,4103
15,1365,0.137,3058
15,1366,0.018,2986
15,1367,0.993,3923
15,1368,0.786,3100
15,1369,-0.472,3645
15,1370,0.308,3048
15,1371,0.509,3171
15,1372,-0.082,2920
15,1373,-0.350,3142
15,1374,0.034,2598
15,1375,-0.101,2600
15,1376,-0.241,3375
15,1377,-0.114,2936
15,1378,-0.307,3466
15,1379,0.139,3081
15,1380,0.263,2878
15,1381,0.580,3257
15,1382,0.256,2821
15,1383,-0.297,3308
15,1384,0.203,2738
15,1385,-0.255,3428
15,1386,-0.015,2497
15,1387,0.258,3228
15,1388,1.147,3801
15,1389,0.491,3075
15,1390,0.967,3230
15,1391,0.382,3479
15,1392,-0.016,2623
15,1393,-0.576,3713
15,1394,0.107,3088
15,1395,0.114,2927
15,1396,0.502,3234
15,1397,0.269,3368
15,1398,0.143,2814
15,1399,-0.578,3105
15,1400,0.022,3096
15,1401,0.321,3315
15,1402,1.187,3850
15,1403,-0.365,3155
15,1404,0.088,2991
15,1405,0.130,2652
15,1406,-0.024,3105
15,1407,-0.263,3270
15,1408,-0.532,3149
15,1409,-0.125,3007
15,1410,0.168,3119
15,1411,-0.636,3738
15,1412,0.295,3202
15,1413,0.409,3133
15,1414,0.559,3305
15,1415,0.433,3021
15,1416,-0.172,2757
15,1417,-0.288,3129
15,1418,0.476,3639
15,1419,0.031,2730
15,1420,-0.292,3408
15,1421,-0.600,3642
15,1422,0.014,3034
15,1423,0.116,2982
15,1424,0.345,3401
15,1425,0.479,2970
15,1426,0.566,3524
15,1427,0.385,3566
15,1428,0.011,2748
15,1429,0.064,2804
15,1430,-0.164,3059
15,1431,-0.322,3222
15,1432,0.097,2581
15,1433,-0.001,3095
15,1434,0.341,2737
15,1435,0.060,3006
15,1436,-0.111,3345
15,1437,-0.415,3335
15,1438,0.536,3584
15,1439,0.576,3469
15,1440,-0.481,3444
16,1,0.097,3711
16,2,0.099,3615
16,3,-0.410,3587
16,4,0.481,3484
16,5,0.330,3878
16,6,-0.012,3069
16,7,-0.141,3615
16,8,0.148,3520
16,9,0.164,3755
16,10,-0.593,3472
16,11,0.053,3743
16,12,-0.342,3347
16,13,-0.323,3617
16,14,-0.211,3163
16,15,0.518,3593
16,16,0.559,4202
16,17,0.158,3862
16,18,-0.261,3493
16,19,0.246,3103
16,20,-0.270,3185
16,21,-0.900,3675
16,22,0.261,3675
16,23,1.036,4016
16,24,-0.605,3510
16,25,0.519,3529
16,26,-0.645,4295
16,27,-0.319,3626
16,28,-0.557,3788
16,29,0.096,3807
16,30,-0.613,4184
16,31,-0.006,3766
16,32,0.377,3439
16,33,0.207,3271
16,34,0.163,3189
16,35,0.449,3366
16,36,0.482,3566
16,37,0.416,3951
16,38,0.273,3823
16,39,-0.670,4024
16,40,-0.408,3515
16,41,-0.191,3843
16,42,-0.421,3848
16,43,-0.022,3440
16,44,0.557,3814
16,45,0.447,4080
16,46,-0.615,3862
16,47,0.088,3718
16,48,-0.457,3366
16,49,-0.560,3700
16,50,0.816,3813
16,51,0.051,3361
16,52,0.736,3762
16,53,0.313,3907
16,54,0.054,3134
16,55,0.395,3663
16,56,-0.529,3685
16,57,0.189,3291
16,58,0.012,3661
16,59,0.176,3551
16,60,0.406,3562
16,61,-0.163,3586
16,62,-0.323,3157
16,63,0.597,4237
16,64,0.238,3745
16,65,0.150,3008
16,66,-0.231,3930
16,67,0.068,3412
16,68,-0.426,3644
16,69,-0.197,3127
16,70,-0.436,4074
16,71,-0.001,3214
16,72,0.260,3904
16,73,0.496,3706
16,74,0.659,4116
16,75,0.385,4042
16,76,0.123,3699
16,77,0.633,3988
16,78,0.078,3289
16,79,0.114,3346
16,80,-0.176,3800
16,81,0.079,3293
16,82,0.480,3728
16,83,0.221,3239
16,84,0.507,3296
16,85,0.393,3766
16,86,0.142,3299
16,87,0.960,4099
16,88,-0.430,3345
16,89,0.063,3319
16,90,0.736,4028
16,91,0.143,3203
16,92,0.257,3435
16,93,0.437,3515
16,94,-0.451,3957
16,95,-0.088,3678
16,96,0.232,3568
16,97,-1.019,4013
16,98,-0.043,3621
16,99,-0.099,3863
16,100,0.156,3219
16,101,0.352,3769
16,102,0.237,3840
16,103,-0.121,3314
16,104,-0.309,3623
16,105,-0.424,3588
16,106,0.130,3379
16,107,0.165,3701
16,108,-0.522,4186
16,109,0.154,3234
16,110,-0.050,2940
16,111,-0.296,3382
16,112,0.373,3606
16,113,0.513,4140
16,114,-0.218,3048
16,115,-0.212,3234
16,116,-0.202,3604
16,117,-0.412,3232
16,118,0.538,3367
16,119,-0.271,3921
16,120,-0.124,3875
16,121,-0.158,3305
16,122,0.359,3915
16,123,-0.186,3151
16,124,0.185,3740
16,125,-0.261,3824
16,126,-0.065,3385
16,127,-0.299,3360
16,128,0.281,3381
16,129,0.303,3855
16,130,-0.165,3082
16,131,0.067,3770
16,132,-0.243,3490
16,133,0.005,3045
16,134,-0.412,3954
16,135,-0.609,3668
16,136,-0.559,3380
16,137,0.104,3121
16,138,0.493,3457
16,139,0.069,2972
16,140,0.385,3434
16,141,-0.868,4104
16,142,0.155,3824
16,143,0.448,3676
16,144,-0.307,3442
16,145,-0.296,3960
16,146,0.221,3121
16,147,0.138,3646
16,148,0.024,3248
16,149,-0.458,4103
16,150,-1.058,4616
16,151,0.198,3360
16,152,-0.742,4012
16,153,-0.315,3511
16,154,0.101,2998
16,155,-0.999,4379
16,156,-0.664,3736
16,157,-0.404,3781
16,158,0.305,3356
16,159,0.223,3524
16,160,-0.425,3557
16,161,0.410,3346
16,162,0.554,3800
16,163,-0.194,3863
16,164,0.547,3711
16,165,-0.592,3677
16,166,-0.331,3176
16,167,-0.549,3736
16,168,-0.780,3884
16,169,-0.387,3959
16,170,-0.982,4069
16,171,-0.177,3400
16,172,-0.442,3697
16,173,-0.007,3302
16,174,0.446,4135
16,175,0.071,3675
16,176,0.551,3979
16,177,0.193,3624
16,178,-0.276,3230
16,179,0.352,3256
16,180,0.307,3699
16,181,-0.222,3235
16,182,0.245,3604
16,183,-0.740,4062
16,184,-0.130,3427
16,185,-0.002,3691
16,186,-0.713,3968
16,187,0.023,2884
16,188,-0.314,3943
16,189,0.202,3914
16,190,0.344,3507
16,191,-0.368,3387
16,192,0.061,3147
16,193,-0.307,3644
16,194,0.408,3732
16,195,-0.040,2985
16,196,-0.219,3298
16,197,0.301,3926
16,198,-0.244,3064
16,199,-0.969,4341
16,200,0.877,3681
16,201,0.752,3932
16,202,-0.164,3067
16,203,-1.487,4369
16,204,-0.292,3546
16,205,0.372,3984
16,206,-0.883,4369
16,207,-0.319,4003
16,208,0.700,3599
16,209,0.291,3482
16,210,-0.394,3313
16,211,-0.130,3086
16,212,0.269,3341
16,213,0.852,4152
16,214,-0.521,4067
16,215,0.129,2960
16,216,0.716,4292
16,217,-0.495,3720
16,218,-0.391,3333
16,219,0.664,3514
16,220,0.324,3622
16,221,-0.363,3527
16,222,-0.083,3508
16,223,-0.587,3568
16,224,0.516,3766
16,225,0.170,3921
16,226,0.437,4045
16,227,0.239,3050
16,228,0.325,3972
16,229,0.063,3690
16,230,0.640,4067
16,231,-0.309,3529
16,232,-0.710,3834
16,233,0.463,3986
16,234,-0.024,3762
16,235,0.492,3883
16,236,-0.212,3018
16,237,-0.055,3230
16,238,-0.401,3508
16,239,-0.471,4009
16,240,0.201,3028
16,241,0.668,3943
16,242,-0.041,3498
16,243,0.050,3066
16,244,1.039,3919
16,245,-0.105,3131
16,246,-0.046,3568
16,247,-0.952,3770
16,248,-0.128,3408
16,249,0.322,3578
16,250,-0.259,3661
16,251,-0.642,4160
16,252,0.342,3162
16,253,0.718,3739
16,254,-0.316,3412
16,255,0.080,2949
16,256,-0.157,3614
16,257,-0.037,3262
16,258,0.119,3743
16,259,0.193,3449
16,260,0.322,3624
16,261,0.057,3677
16,262,0.224,3083
16,263,-0.151,3411
16,264,0.757,4264
16,265,0.340,3222
16,266,-0.052,3751
16,267,-0.343,3880
16,268,-0.553,3779
16,269,-0.106,3633
16,270,-0.179,3431
16,271,-0.347,3631
16,272,-0.544,3682
16,273,-0.236,3125
16,274,-0.474,3391
16,275,0.193,3349
16,276,-0.149,3727
16,277,-0.292,3984
16,278,0.281,3532
16,279,0.016,3140
16,280,-0.020,3046
16,281,0.407,3517
16,282,0.186,3434
16,283,-0.423,3862
16,284,-0.403,3788
16,285,0.035,3599
16,286,-0.192,3348
16,287,0.254,3402
16,288,0.031,3106
16,289,-0.344,3437
16,290,0.241,3260
16,291,0.363,4071
16,292,-0.305,3882
16,293,0.527,4163
16,294,0.235,3310
16,295,0.558,3387
16,296,0.881,4107
16,297,-0.212,3662
16,298,-0.275,3778
16,299,-0.093,3065
16,300,-0.055,3594
16,301,-0.081,3607
16,302,0.433,3628
16,303,0.128,3650
16,304,0.094,3607
16,305,0.564,3925
16,306,0.074,2918
16,307,-0.005,2881
16,308,-0.222,3697
16,309,-0.119,3220
16,310,-0.900,3790
16,311,-0.250,3608
16,312,-0.469,3944
16,313,0.688,3490
16,314,0.340,3255
16,315,-0.013,3263
16,316,0.636,3660
16,317,0.157,3197
16,318,-0.155,3319
16,319,-0.186,3186
16,320,-0.092,3663
16,321,0.202,3148
16,322,0.214,3150
16,323,0.467,3732
16,324,-0.134,3254
16,325,0.496,3889
16,326,0.019,3290
16,327,-0.259,3078
16,328,-0.023,3706
16,329,0.554,3533
16,330,0.385,4100
16,331,-0.560,3990
16,332,0.514,3485
16,333,0.439,3661
16,334,0.322,3917
16,335,0.064,3282
16,336,0.637,3693
16,337,-0.423,3332
16,338,0.111,3066
16,339,0.345,3835
16,340,-0.189,3504
16,341,0.442,3527
16,342,-0.426,4106
16,343,-0.443,3245
16,344,0.097,3260
16,345,-0.046,3718
16,346,-0.188,3888
16,347,-0.160,3819
16,348,0.334,3514
16,349,0.332,4040
16,350,0.317,3505
16,351,0.282,3779
16,352,0.047,3322
16,353,0.339,3949
16,354,-0.266,3707
16,355,-0.738,3751
16,356,0.309,3627
16,357,-0.378,3765
16,358,0.055,3528
16,359,0.109,3597
16,360,0.530,3516
16,361,-0.368,3729
16,362,0.595,4082
16,363,0.397,3745
16,364,0.248,3557
16,365,0.069,3651
16,366,-0.123,3010
16,367,-0.158,3663
16,368,-0.199,3625
16,369,-0.185,3555
16,370,-0.316,3887
16,371,0.177,3440
16,372,0.246,3283
16,373,0.685,3669
16,374,-0.258,3396
16,375,0.613,3752
16,376,-0.661,4088
16,377,0.655,4029
16,378,-0.445,4093
16,379,-0.115,3290
16,380,-0.198,3743
16,381,0.584,3951
16,382,-0.226,3087
16,383,0.320,3939
16,384,0.312,3862
16,385,-0.052,3073
16,386,-0.203,3941
16,387,-0.266,3729
16,388,-0.024,3637
16,389,-0.210,3711
16,390,0.233,3322
16,391,-0.454,3683
16,392,-0.478,3864
16,393,-0.212,3155
16,394,-0.348,3148
16,395,-0.705,3904
16,396,-0.114,3087
16,397,-0.132,3125
16,398,-0.046,3167
16,399,1.139,3941
16,400,0.570,3797
16,401,0.336,3977
16,402,0.132,3854
16,403,0.023,3697
16,404,-0.551,4028
16,405,-0.189,3084
16,406,-0.324,3601
16,407,0.189,3056
16,408,0.054,3404
16,409,-0.054,3713
16,410,-0.740,3822
16,411,0.142,3855
16,412,-0.015,3772
16,413,0.541,3679
16,414,0.069,3836
16,415,-0.435,3502
16,416,0.870,3910
16,417,0.660,4028
16,418,-0.086,2988
16,419,-0.607,3929
16,420,-0.157,3879
16,421,-0.283,3930
16,422,0.344,3676
16,423,0.002,3367
16,424,0.006,3417
16,425,-0.241,3814
16,426,0.177,3039
16,427,-0.353,3605
16,428,0.125,3048
16,429,-0.132,3345
16,430,0.103,2984
16,431,-0.072,3497
16,432,-0.148,3304
16,433,0.199,3536
16,434,0.093,3253
16,435,0.307,3733
16,436,-0.477,3289
16,437,0.755,3824
16,438,-0.434,4091
16,439,-0.061,3050
16,440,-0.270,3576
16,441,0.171,3215
16,442,-0.301,3293
16,443,0.547,3714
16,444,0.738,4073
16,445,-0.268,3441
16,446,-0.269,3401
16,447,0.279,3092
16,448,0.280,3702
16,449,-0.275,3746
16,450,-0.103,3859
16,451,-0.592,4148
16,452,0.625,3583
16,453,-0.154,3756
16,454,0.895,4316
16,455,0.230,3711
16,456,0.448,4052
16,457,0.105,3600
16,458,0.253,3058
16,459,-0.507,4073
16,460,0.236,3803
16,461,0.083,3671
16,462,0.382,3717
16,463,0.202,3445
16,464,0.070,3467
16,465,0.090,3084
16,466,0.013,3325
16,467,-1.014,4005
16,468,0.081,3558
16,469,0.203,3492
16,470,0.427,3876
16,471,-0.630,3589
16,472,0.309,3602
16,473,0.164,3357
16,474,-0.280,3842
16,475,0.676,3644
16,476,0.543,4102
16,477,0.619,3528
16,478,-0.510,3881
16,479,-0.538,3886
16,480,-0.199,3265
16,481,-0.271,3934
16,482,-0.528,4048
16,483,-0.415,3352
16,484,0.030,3659
16,485,-0.280,3247
16,486,-0.344,3143
16,487,-0.584,4093
16,488,-0.198,3217
16,489,-0.396,3219
16,490,-0.070,3442
16,491,-0.255,3199
16,492,0.187,3206
16,493,-0.424,3238
16,494,-0.646,3574
16,495,-0.057,2979
16,496,-0.188,3548
16,497,-0.179,3084
16,498,-0.392,3516
16,499,-0.310,3427
16,500,-0.655,4221
16,501,-0.275,3938
16,502,-0.113,3068
16,503,0.061,3582
16,504,-0.144,3203
16,505,0.801,3978
16,506,0.624,4141
16,507,0.143,3059
16,508,0.144,3619
16,509,-0.529,3982
16,510,0.704,3544
16,511,0.821,4373
16,512,-0.377,4028
16,513,0.112,3204
16,514,0.532,4193
16,515,0.167,3044
16,516,0.114,3166
16,517,0.145,3392
16,518,-0.109,3858
16,519,0.277,3300
16,520,-0.183,3636
16,521,0.077,3236
16,522,-0.936,4382
16,523,-0.497,4157
16,524,0.427,3543
16,525,0.567,4209
16,526,0.115,3515
16,527,0.524,3904
16,528,0.549,3733
16,529,-0.495,3897
16,530,0.331,3766
16,531,0.113,3847
16,532,0.357,3407
16,533,-0.531,3754
16,534,0.701,3454
16,535,0.063,3411
16,536,0.152,3850
16,537,-0.050,3623
16,538,0.187,3865
16,539,-0.399,3219
16,540,-0.105,3554
16,541,-0.296,3729
16,542,-0.119,3324
16,543,0.096,3141
16,544,0.266,3554
16,545,0.188,3838
16,546,-0.168,3703
16,547,-0.543,3640
16,548,-0.233,3325
16,549,0.140,3721
16,550,-0.256,3614
16,551,0.211,3225
16,552,0.454,3248
16,553,0.308,3760
16,554,-0.069,3390
16,555,0.302,3120
16,556,-0.273,3667
16,557,-0.070,3557
16,558,-0.126,3810
16,559,0.735,3535
16,560,-0.173,3124
16,561,-0.030,3120
16,562,-0.471,3424
16,563,-0.215,3844
16,564,0.055,3056
16,565,-0.721,3833
16,566,0.489,4193
16,567,-0.159,3768
16,568,0.523,4131
16,569,0.347,3391
16,570,0.678,4048
16,571,-0.732,3823
16,572,-0.185,3722
16,573,-0.374,3772
16,574,0.168,3127
16,575,-0.391,3394
16,576,-0.063,2924
16,577,0.458,3766
16,578,-0.537,4236
16,579,-0.068,3190
16,580,0.236,3927
16,581,-0.372,4058
16,582,-0.502,3712
16,583,0.179,3056
16,584,-0.082,3650
16,585,0.348,3191
16,586,0.380,3758
16,587,-0.179,3159
16,588,-0.071,2922
16,589,-0.079,3216
16,590,1.029,4334
16,591,-0.097,3102
16,592,-0.722,4308
16,593,-0.575,3424
16,594,0.133,3376
16,595,0.296,3516
16,596,-0.246,3396
16,597,0.062,3010
16,598,-0.698,3958
16,599,-0.066,3632
16,600,-0.159,3115
16,601,0.139,3198
16,602,-0.056,3602
16,603,-0.885,4326
16,604,0.311,3418
16,605,0.504,4129
16,606,-0.623,3879
16,607,-0.069,3617
16,608,-0.189,3319
16,609,0.029,3259
16,610,0.136,3185
16,611,0.189,3064
16,612,0.015,3023
16,613,-0.127,3727
16,614,0.417,4102
16,615,-0.109,3833
16,616,0.617,3719
16,617,0.314,3313
16,618,0.056,3215
16,619,0.818,4127
16,620,-0.932,3674
16,621,-0.839,4041
16,622,-0.107,3820
16,623,-0.419,4064
16,624,-0.368,3692
16,625,0.077,2988
16,626,-0.607,4246
16,627,-0.039,3298
16,628,-0.267,3667
16,629,-0.074,3105
16,630,-0.426,3632
16,631,0.067,3294
16,632,-0.502,4018
16,633,0.100,3283
16,634,0.238,3080
16,635,-0.100,3131
16,636,-0.267,3639
16,637,-0.025,3080
16,638,0.385,3898
16,639,0.576,3984
16,640,0.656,3991
16,641,-0.585,3810
16,642,-0.224,3794
16,643,-0.035,3582
16,644,-0.099,3284
16,645,0.605,3862
16,646,-0.704,3605
16,647,-1.253,4482
16,648,-0.268,3142
16,649,-0.272,3798
16,650,0.367,3964
16,651,-0.016,2949
16,652,0.349,3852
16,653,-0.070,3534
16,654,-0.463,3891
16,655,-0.327,3170
16,656,0.345,4022
16,657,0.976,3735
16,658,0.074,3835
16,659,0.001,3056
16,660,0.321,3581
16,661,0.452,3965
16,662,0.497,3403
16,663,-0.200,3043
16,664,0.164,3301
16,665,-1.134,3928
16,666,-0.228,3687
16,667,0.577,3445
16,668,0.069,3618
16,669,-0.228,3093
16,670,0.537,3312
16,671,-0.142,3713
16,672,-0.130,3197
16,673,-0.204,3041
16,674,-0.247,3064
16,675,-0.135,3687
16,676,0.493,3650
16,677,-0.076,3829
16,678,-0.498,3270
16,679,-0.024,3490
16,680,0.217,3686
16,681,0.056,3665
16,682,0.104,3342
16,683,-0.462,3260
16,684,-0.009,3694
16,685,0.372,3561
16,686,0.286,3950
16,687,0.559,4221
16,688,-0.327,3701
16,689,-0.279,3428
16,690,-0.209,3824
16,691,0.062,3359
16,692,0.323,3164
16,693,0.588,3765
16,694,0.258,3548
16,695,-0.491,3494
16,696,0.495,3794
16,697,-0.125,3629
16,698,0.503,3339
16,699,-0.164,3670
16,700,0.962,4090
16,701,-1.090,3815
16,702,0.357,3918
16,703,-0.292,3252
16,704,-0.742,3809
16,705,0.506,3359
16,706,-0.715,4376
16,707,0.055,3258
16,708,-0.563,4033
16,709,-0.335,3612
16,710,-0.009,3054
16,711,-0.255,3295
16,712,0.585,4216
16,713,-0.566,3482
16,714,0.473,3837
16,715,-0.216,3190
16,716,-0.125,3855
16,717,-0.411,3918
16,718,-0.369,3523
16,719,-0.252,3608
16,720,0.317,3227
16,721,-0.506,3533
16,722,-0.374,3789
16,723,0.050,3177
16,724,0.329,3788
16,725,0.350,3892
16,726,0.273,3094
16,727,-0.114,2993
16,728,0.624,4237
16,729,-0.465,4014
16,730,-0.685,3668
16,731,-0.585,3432
16,732,-0.690,3634
16,733,-0.708,4279
16,734,-0.429,3575
16,735,0.392,3880
16,736,0.076,2988
16,737,-0.626,4229
16,738,-0.200,3132
16,739,0.388,3365
16,740,-0.209,3889
16,741,0.289,3279
16,742,0.561,3331
16,743,-0.074,2979
16,744,0.698,3582
16,745,-0.118,2967
16,746,0.217,3323
16,747,0.603,4264
16,748,0.301,3453
16,749,-0.203,3280
16,750,0.039,2939
16,751,-0.310,3131
16,752,0.328,3226
16,753,-0.158,3591
16,754,-0.468,3274
16,755,-0.756,4257
16,756,-0.172,2996
16,757,-0.381,3262
16,758,0.056,2985
16,759,-0.038,3292
16,760,0.183,3538
16,761,-0.395,3431
16,762,0.669,3885
16,763,-0.459,3932
16,764,0.004,3055
16,765,-0.505,4076
16,766,0.339,4020
16,767,-0.435,3896
16,768,-0.155,3148
16,769,-0.414,3995
16,770,0.828,4489
16,771,0.204,3778
16,772,0.204,3859
16,773,0.303,3231
16,774,-0.186,3683
16,775,0.683,3436
16,776,-0.368,3408
16,777,0.062,3820
16,778,0.016,2934
16,779,0.388,3833
16,780,-0.217,3753
16,781,0.169,3802
16,782,-0.138,3368
16,783,-0.088,3124
16,784,-0.462,3687
16,785,-0.025,2940
16,786,0.042,3295
16,787,-0.031,3622
16,788,0.626,3434
16,789,-0.315,3919
16,790,-0.418,3938
16,791,-0.086,3222
16,792,0.198,3921
16,793,0.558,3712
16,794,-0.388,3212
16,795,0.301,3777
16,796,-0.771,4177
16,797,0.300,3626
16,798,-0.776,3608
16,799,-0.306,3810
16,800,-0.190,3014
16,801,-0.439,3573
16,802,0.674,4197
16,803,0.038,3562
16,804,0.303,3857
16,805,1.142,4306
16,806,-0.162,3241
16,807,0.541,4121
16,808,-0.397,3771
16,809,-0.280,3182
16,810,0.316,3917
16,811,0.526,3622
16,812,-0.035,3578
16,813,-0.373,3268
16,814,0.808,3641
16,815,-0.246,3450
16,816,-0.277,3654
16,817,-0.981,3886
16,818,0.065,3016
16,819,-0.093,3093
16,820,0.277,3846
16,821,-0.449,4004
16,822,0.100,3486
16,823,-0.078,3589
16,824,-0.319,3468
16,825,0.149,3157
16,826,0.311,3575
16,827,-0.330,3540
16,828,0.052,3305
16,829,-0.407,3312
16,830,-0.462,3473
16,831,-0.395,3405
16,832,-0.767,3539
16,833,0.035,2887
16,834,0.283,3654
16,835,-0.770,4116
16,836,0.102,3219
16,837,-0.543,4113
16,838,-0.306,3205
16,839,-0.015,2889
16,840,0.359,3879
16,841,0.529,3557
16,842,0.763,3664
16,843,0.355,3928
16,844,0.951,3752
16,845,0.100,3075
16,846,0.729,3509
16,847,-0.473,3528
16,848,0.021,3489
16,849,0.471,3396
16,850,0.529,3668
16,851,0.377,3952
16,852,0.388,3266
16,853,0.619,3453
16,854,0.455,3755
16,855,-0.114,3403
16,856,-0.307,3934
16,857,0.102,2970
16,858,0.631,4124
16,859,0.021,3538
16,860,0.580,3944
16,861,-0.154,3418
16,862,-0.060,3050
16,863,0.182,3730
16,864,0.300,3618
16,865,-0.372,3387
16,866,-0.415,4048
16,867,0.119,3257
16,868,0.886,4345
16,869,0.334,3217
16,870,0.742,4239
16,871,0.394,4098
16,872,-0.279,3374
16,873,-0.134,3668
16,874,0.099,3835
16,875,0.102,2984
16,876,-0.315,3158
16,877,0.087,2997
16,878,-0.149,3557
16,879,1.047,4056
16,880,0.655,4230
16,881,-0.312,3379
16,882,-0.174,3213
16,883,-0.452,3555
16,884,0.510,3869
16,885,-0.833,4110
16,886,0.367,3361
16,887,0.097,3475
16,888,-0.167,3796
16,889,0.046,3097
16,890,0.089,3088
16,891,0.613,3916
16,892,-0.761,4136
16,893,-0.325,3519
16,894,-0.473,3312
16,895,0.346,3692
16,896,-0.273,3538
16,897,-0.259,3764
16,898,0.559,3826
16,899,-0.138,3125
16,900,0.659,3429
16,901,0.427,3440
16,902,0.386,3966
16,903,0.197,3080
16,904,-0.415,3594
16,905,-0.068,3162
16,906,-0.016,3190
16,907,0.276,3411
16,908,0.456,3625
16,909,-0.716,3691
16,910,0.808,3611
16,911,0.394,3674
16,912,0.163,3670
16,913,-0.242,3364
16,914,-0.171,3153
16,915,0.129,3828
16,916,-0.098,3391
16,917,0.161,3239
16,918,-0.028,3419
16,919,0.191,3677
16,920,0.193,3849
16,921,-0.248,3429
16,922,-0.124,3420
16,923,-0.243,3682
16,924,0.082,2948
16,925,0.090,3280
16,926,0.535,3827
16,927,0.501,3472
16,928,-0.296,4011
16,929,0.238,3594
16,930,-0.456,3446
16,931,0.022,3381
16,932,0.412,3328
16,933,-0.042,3323
16,934,0.402,3750
16,935,0.413,3665
16,936,0.174,3543
16,937,-0.056,3315
16,938,0.527,3576
16,939,0.409,3738
16,940,0.332,4020
16,941,0.252,3830
16,942,-0.513,4197
16,943,-0.434,4080
16,944,-0.098,3751
16,945,0.670,4291
16,946,-0.342,3247
16,947,-0.388,3531
16,948,-0.270,3301
16,949,0.392,3745
16,950,0.387,3349
16,951,-0.088,3428
16,952,0.438,3249
16,953,0.030,3462
16,954,0.476,3507
16,955,-0.111,3574
16,956,0.305,3301
16,957,0.319,3711
16,958,0.393,4003
16,959,-0.210,3875
16,960,0.572,3851
16,961,-0.449,3247
16,962,-0.666,4273
16,963,-0.744,4362
16,964,0.715,4384
16,965,0.619,3473
16,966,-0.306,3881
16,967,0.691,3955
16,968,0.056,3264
16,969,-0.492,3747
16,970,0.128,3874
16,971,-0.034,2953
16,972,0.283,3419
16,973,0.997,3858
16,974,0.089,3113
16,975,0.020,3308
16,976,0.175,3550
16,977,0.398,3885
16,978,0.186,3326
16,979,0.678,3624
16,980,-0.002,3430
16,981,-0.285,3561
16,982,0.136,3196
16,983,0.265,3169
16,984,0.059,3312
16,985,0.122,3369
16,986,-0.335,3167
16,987,0.448,3676
16,988,0.356,3577
16,989,-0.238,3333
16,990,-0.561,3335
16,991,0.467,4094
16,992,0.300,3661
16,993,0.264,3999
16,994,-0.168,3204
16,995,-0.293,3466
16,996,-0.462,3320
16,997,-0.147,3455
16,998,0.479,4156
16,999,-0.680,3505
16,1000,0.245,3322
16,1001,0.605,3519
16,1002,0.286,3464
16,1003,0.152,3698
16,1004,-0.107,3421
16,1005,-0.020,3220
16,1006,-1.157,4492
16,1007,-0.604,3489
16,1008,0.481,3411
16,1009,0.398,3648
16,1010,0.630,3926
16,1011,0.061,3038
16,1012,-0.124,3704
16,1013,0.148,3199
16,1014,0.453,3835
16,1015,-0.349,3251
16,1016,-0.015,3329
16,1017,-0.502,3461
16,1018,-0.431,3686
16,1019,0.102,3261
16,1020,0.319,3549
16,1021,-0.504,3802
16,1022,0.597,4057
16,1023,0.000,3144
16,1024,-0.621,3687
16,1025,0.141,3335
16,1026,-0.691,3674
16,1027,-0.106,3470
16,1028,0.376,3571
16,1029,0.082,3242
16,1030,0.576,3443
16,1031,-0.348,3186
16,1032,-0.781,4290
16,1033,-0.407,3603
16,1034,-0.468,3424
16,1035,-0.642,4038
16,1036,0.316,3195
16,1037,0.125,3580
16,1038,-0.026,3021
16,1039,0.780,3748
16,1040,-0.150,3095
16,1041,-0.131,3139
16,1042,-0.039,2879
16,1043,-0.549,3990
16,1044,-0.270,3848
16,1045,-0.370,3730
16,1046,0.317,3530
16,1047,-0.012,3180
16,1048,-0.028,3577
16,1049,-0.338,3535
16,1050,0.571,3523
16,1051,0.219,3311
16,1052,-0.595,3823
16,1053,-0.183,3519
16,1054,0.219,3379
16,1055,0.552,4028
16,1056,0.538,3463
16,1057,0.265,3196
16,1058,-0.524,3815
16,1059,-0.422,3771
16,1060,0.005,3325
16,1061,-0.003,2961
16,1062,-0.085,3299
16,1063,-0.104,3840
16,1064,0.165,3060
16,1065,-0.281,4000
16,1066,-0.044,3215
16,1067,-0.248,3514
16,1068,-0.365,3355
16,1069,0.792,4394
16,1070,0.284,3968
16,1071,0.357,3501
16,1072,0.290,3466
16,1073,0.072,2978
16,1074,-0.137,3444
16,1075,0.157,3555
16,1076,0.504,3775
16,1077,0.407,3221
16,1078,0.263,3808
16,1079,0.031,3807
16,1080,0.039,3136
16,1081,0.821,4304
16,1082,0.013,3325
16,1083,0.428,3622
16,1084,0.344,3962
16,1085,0.232,3964
16,1086,-0.587,3849
16,1087,-0.084,3016
16,1088,0.456,4089
16,1089,-0.119,2994
16,1090,0.268,3439
16,1091,-0.288,3533
16,1092,-0.031,3164
16,1093,-0.348,4026
16,1094,0.352,3732
16,1095,-0.196,3435
16,1096,-0.027,3045
16,1097,-0.619,3751
16,1098,-1.115,4169
16,1099,-0.300,3216
16,1100,-1.016,4507
16,1101,0.113,3580
16,1102,0.686,3595
16,1103,-0.484,4149
16,1104,-0.610,3364
16,1105,0.455,3801
16,1106,0.751,3748
16,1107,-0.066,3692
16,1108,0.414,3733
16,1109,-0.279,3578
16,1110,0.034,3171
16,1111,-0.290,3825
16,1112,0.139,3407
16,1113,0.549,3894
16,1114,-0.136,3757
16,1115,0.103,3001
16,1116,-0.070,3164
16,1117,-0.127,3773
16,1118,0.131,3674
16,1119,0.350,3264
16,1120,0.282,3450
16,1121,0.088,3569
16,1122,-0.068,3235
16,1123,0.002,3062
16,1124,0.704,4355
16,1125,-0.422,3903
16,1126,0.243,3942
16,1127,0.273,3413
16,1128,0.332,3499
16,1129,0.218,3690
16,1130,0.470,3423
16,1131,-0.703,4097
16,1132,0.081,3704
16,1133,-0.144,3668
16,1134,-0.116,3116
16,1135,-0.335,3535
16,1136,0.333,3440
16,1137,-0.353,3875
16,1138,-0.392,4065
16,1139,-0.401,3479
16,1140,0.184,3031
16,1141,-0.305,3282
16,1142,0.618,4257
16,1143,0.820,3575
16,1144,1.159,4537
16,1145,0.617,4240
16,1146,-0.103,3867
16,1147,0.731,4371
16,1148,-0.322,3823
16,1149,0.170,3526
16,1150,-0.175,3714
16,1151,-0.085,3582
16,1152,0.145,3898
16,1153,0.005,3622
16,1154,0.157,3703
16,1155,0.519,3759
16,1156,0.874,3908
16,1157,-0.109,3174
16,1158,-0.723,4234
16,1159,-0.852,3564
16,1160,0.052,2921
16,1161,-0.050,3687
16,1162,-0.054,3192
16,1163,-0.065,3304
16,1164,-0.227,3429
16,1165,-0.904,4378
16,1166,0.176,3312
16,1167,-0.732,3605
16,1168,-0.005,3437
16,1169,-0.393,3549
16,1170,0.292,3504
16,1171,-0.239,3860
16,1172,0.247,3608
16,1173,0.149,3848
16,1174,0.274,3081
16,1175,-0.233,3694
16,1176,-0.135,3314
16,1177,0.297,3744
16,1178,0.462,3436
16,1179,0.679,3495
16,1180,0.100,3417
16,1181,-0.895,3794
16,1182,0.357,3860
16,1183,0.268,3150
16,1184,0.202,3605
16,1185,0.390,3970
16,1186,0.219,3035
16,1187,-0.094,3179
16,1188,-0.230,3184
16,1189,0.262,3852
16,1190,0.140,3681
16,1191,-0.340,3238
16,1192,0.311,3697
16,1193,-0.530,3499
16,1194,0.235,3521
16,1195,0.420,3964
16,1196,-0.030,3096
16,1197,0.467,3831
16,1198,0.128,2969
16,1199,-0.823,4268
16,1200,-0.521,3397
16,1201,-0.122,3056
16,1202,0.277,3463
16,1203,-0.451,3282
16,1204,-0.215,3372
16,1205,-0.108,3802
16,1206,-0.408,3386
16,1207,0.157,3761
16,1208,0.497,3873
16,1209,-0.165,3791
16,1210,-0.266,3311
16,1211,-0.818,4263
16,1212,-0.256,3438
16,1213,-0.155,3669
16,1214,-0.381,3569
16,1215,-0.062,3811
16,1216,-0.120,3395
16,1217,0.209,3501
16,1218,-0.167,3682
16,1219,0.289,3811
16,1220,-0.056,3150
16,1221,-0.295,3341
16,1222,0.013,3560
16,1223,0.970,4001
16,1224,-0.460,3516
16,1225,-0.138,3475
16,1226,-0.313,3652
16,1227,-0.171,3487
16,1228,-0.140,3304
16,1229,-0.263,3681
16,1230,0.711,3711
16,1231,0.633,3784
16,1232,0.114,3125
16,1233,0.086,2918
16,1234,0.218,3023
16,1235,0.804,4182
16,1236,-0.418,3374
16,1237,-0.171,3306
16,1238,-0.608,3526
16,1239,-0.499,3317
16,1240,-0.594,4174
16,1241,0.199,3077
16,1242,-0.064,2967
16,1243,-0.686,3635
16,1244,-0.240,3975
16,1245,-0.618,4118
16,1246,-0.126,3688
16,1247,-0.508,4117
16,1248,-0.274,3804
16,1249,-0.486,4106
16,1250,0.275,3677
16,1251,0.155,3297
16,1252,0.126,3161
16,1253,-0.124,3117
16,1254,0.014,3515
16,1255,0.123,3612
16,1256,-0.359,3678
16,1257,0.063,2899
16,1258,-0.872,4372
16,1259,0.105,3607
16,1260,0.302,3138
16,1261,-0.338,3776
16,1262,-0.540,3998
16,1263,0.154,3031
16,1264,0.503,4092
16,1265,-0.095,3429
16,1266,0.095,3858
16,1267,0.340,3281
16,1268,0.040,3196
16,1269,-0.859,4318
16,1270,-0.072,3448
16,1271,-0.075,3169
16,1272,0.421,3815
16,1273,0.028,3612
16,1274,-0.322,4021
16,1275,-0.268,3910
16,1276,-0.155,3544
16,1277,-0.129,3418
16,1278,0.065,3348
16,1279,-0.008,2997
16,1280,0.365,3314
16,1281,-0.286,4003
16,1282,-0.880,4140
16,1283,0.104,3230
16,1284,0.224,3159
16,1285,-0.603,3496
16,1286,-0.189,3149
16,1287,0.380,3386
16,1288,0.003,3364
16,1289,-0.203,3704
16,1290,-0.120,3490
16,1291,0.252,3304
16,1292,0.373,3358
16,1293,-0.014,3099
16,1294,0.320,3340
16,1295,0.246,3839
16,1296,-0.669,3693
16,1297,0.201,3469
16,1298,-0.564,3929
16,1299,-0.317,3543
16,1300,-0.381,3298
16,1301,-0.385,3467
16,1302,-0.832,3824
16,1303,-0.323,3774
16,1304,-0.475,4130
16,1305,-0.240,3177
16,1306,-0.536,4025
16,1307,-0.306,3745
16,1308,-0.269,3256
16,1309,-0.248,3505
16,1310,0.205,3186
16,1311,-0.353,3992
16,1312,-0.519,3671
16,1313,0.189,3092
16,1314,-0.134,3241
16,1315,-0.155,3810
16,1316,-0.200,3460
16,1317,-0.240,3983
16,1318,-0.263,3485
16,1319,-0.166,3423
16,1320,-0.115,3694
16,1321,0.288,3605
16,1322,0.344,3284
16,1323,0.128,3324
16,1324,-0.542,3744
16,1325,0.100,3632
16,1326,0.005,3648
16,1327,0.538,3959
16,1328,-0.485,3980
16,1329,-0.136,3599
16,1330,-0.009,3003
16,1331,0.226,3759
16,1332,0.012,3006
16,1333,1.001,3926
16,1334,0.151,3762
16,1335,-0.325,4013
16,1336,0.473,4100
16,1337,-0.097,3512
16,1338,0.446,4052
16,1339,-0.103,3437
16,1340,0.061,3829
16,1341,0.029,3131
16,1342,0.333,3575
16,1343,0.257,3760
16,1344,-0.651,3897
16,1345,-0.638,3861
16,1346,0.522,3980
16,1347,0.585,3401
16,1348,-0.542,4229
16,1349,0.054,3067
16,1350,0.616,3593
16,1351,0.004,3084
16,1352,0.033,3747
16,1353,0.014,3251
16,1354,0.245,3591
16,1355,-0.090,3439
16,1356,-0.122,3745
16,1357,-0.141,3879
16,1358,-0.534,3656
16,1359,-0.079,2936
16,1360,0.089,3047
16,1361,-0.151,3359
16,1362,0.971,3698
16,1363,0.504,3953
16,1364,-0.063,3426
16,1365,0.295,3800
16,1366,-0.197,3527
16,1367,-0.077,3818
16,1368,-0.267,3602
16,1369,-0.699,4297
16,1370,-0.547,3783
16,1371,0.308,3912
16,1372,0.990,3961
16,1373,0.484,3366
16,1374,0.025,3759
16,1375,0.324,3715
16,1376,-0.027,3499
16,1377,-0.766,4111
16,1378,-0.359,3149
16,1379,0.149,3229
16,1380,-0.128,3698
16,1381,-0.195,3932
16,1382,0.322,4026
16,1383,-0.324,3553
16,1384,-0.446,3440
16,1385,0.357,3990
16,1386,-0.316,3382
16,1387,0.277,3894
16,1388,-0.393,3650
16,1389,0.082,3739
16,1390,-0.086,3505
16,1391,0.243,3248
16,1392,-0.229,3821
16,1393,0.130,3098
16,1394,0.058,3605
16,1395,0.495,4044
16,1396,-0.335,3802
16,1397,-0.330,3119
16,1398,0.826,4071
16,1399,0.935,4264
16,1400,-0.783,3864
16,1401,-0.339,3691
16,1402,-0.880,4233
16,1403,-0.353,3725
16,1404,-0.310,3819
16,1405,0.756,4068
16,1406,-0.201,3211
16,1407,0.050,3116
16,1408,-0.279,3385
16,1409,-0.512,3487
16,1410,-0.245,3441
16,1411,0.706,3763
16,1412,-0.112,3189
16,1413,0.124,3442
16,1414,0.489,3885
16,1415,-0.132,3649
16,1416,-0.091,3552
16,1417,0.153,3398
16,1418,-0.163,3083
16,1419,0.084,3610
16,1420,-0.219,3045
16,1421,-0.509,3272
16,1422,0.315,3964
16,1423,-0.889,3880
16,1424,-0.147,3787
16,1425,0.501,3671
16,1426,-0.016,3384
16,1427,-0.038,3806
16,1428,0.193,3709
16,1429,0.526,3318
16,1430,0.300,3178
16,1431,-0.398,3882
16,1432,0.364,3834
16,1433,-0.150,3857
16,1434,-0.542,4047
16,1435,-0.104,3388
16,1436,0.450,3501
16,1437,0.455,4089
16,1438,-0.307,3223
16,1439,-0.666,3625
16,1440,-0.025,3616
17,1,-0.491,5567
17,2,0.548,5362
17,3,-0.397,4720
17,4,0.158,4690
17,5,-0.183,5266
17,6,-1.150,5763
17,7,-0.621,5486
17,8,-1.028,6139
17,9,-0.080,3945
17,10,-0.018,3955
17,11,0.661,4713
17,12,-0.155,5264
17,13,0.485,5474
17,14,0.327,4615
17,15,0.297,4692
17,16,-0.192,4472
17,17,-0.006,4503
17,18,-0.079,4154
17,19,0.717,5645
17,20,0.055,4398
17,21,0.087,4208
17,22,0.156,4787
17,23,0.187,4772
17,24,0.213,5137
17,25,-0.296,4694
17,26,0.452,4988
17,27,1.041,5833
17,28,-0.148,4074
17,29,0.210,4519
17,30,-0.340,5140
17,31,0.151,4660
17,32,0.466,5427
17,33,0.221,4360
17,34,0.229,4112
17,35,0.848,5611
17,36,0.134,4496
17,37,-0.204,4986
17,38,-0.014,4891
17,39,0.305,4506
17,40,0.663,5512
17,41,0.338,4255
17,42,0.152,4713
17,43,0.229,4319
17,44,0.168,4453
17,45,-0.439,5107
17,46,0.496,5361
17,47,-0.041,3980
17,48,0.442,4674
17,49,0.210,5014
17,50,-0.256,5188
17,51,-0.481,4875
17,52,0.085,4016
17,53,-0.104,4812
17,54,-0.044,5014
17,55,-0.418,5139
17,56,0.193,5110
17,57,0.427,4799
17,58,0.420,4405
17,59,-0.025,4627
17,60,0.085,5093
17,61,-0.483,4852
17,62,-0.027,4782
17,63,-0.494,5260
17,64,-0.317,5039
17,65,-0.412,4425
17,66,0.008,4705
17,67,-0.353,5041
17,68,0.518,4797
17,69,0.116,5178
17,70,0.335,5496
17,71,-0.182,4633
17,72,-0.069,4081
17,73,-0.008,4794
17,74,0.346,4756
17,75,-0.789,5437
17,76,-0.656,5811
17,77,0.531,5191
17,78,0.203,4147
17,79,0.794,5476
17,80,0.438,4905
17,81,0.337,5327
17,82,-0.019,4149
17,83,-0.719,4887
17,84,-0.402,4771
17,85,-0.404,4363
17,86,-0.072,4913
17,87,0.522,5059
17,88,1.034,5912
17,89,-0.038,4951
17,90,0.030,4271
17,91,0.145,5203
17,92,0.336,4989
17,93,0.558,4827
17,94,-0.309,5273
17,95,0.057,4816
17,96,-0.095,5005
17,97,0.144,5182
17,98,0.081,4407
17,99,1.076,5191
17,100,0.534,4713
17,101,0.336,5417
17,102,-0.311,5378
17,103,0.763,5907
17,104,0.566,4634
17,105,0.750,5363
17,106,-0.243,5085
17,107,-0.073,4172
17,108,0.283,4411
17,109,0.165,4167
17,110,-0.047,4882
17,111,-0.436,4829
17,112,0.383,4296
17,113,-0.264,4548
17,114,0.186,4059
17,115,-0.024,4386
17,116,-0.152,4883
17,117,-0.736,5690
17,118,-0.580,5736
17,119,0.090,3999
17,120,0.215,4500
17,121,-0.140,5071
17,122,-0.524,4586
17,123,0.051,4686
17,124,0.178,5292
17,125,0.409,4908
17,126,-0.601,5385
17,127,-0.309,4243
17,128,0.096,5222
17,129,0.237,5322
17,130,0.157,5150
17,131,0.388,5316
17,132,0.310,4831
17,133,1.174,6327
17,134,-0.180,5098
17,135,-0.596,5016
17,136,-0.710,5440
17,137,0.498,5540
17,138,0.126,4103
17,139,0.179,4129
17,140,0.580,4663
17,141,-0.159,5268
17,142,-0.737,4901
17,143,0.479,5194
17,144,0.732,5641
17,145,0.120,5141
17,146,-0.320,5262
17,147,0.542,5076
17,148,-0.047,5056
17,149,-0.114,4886
17,150,-0.304,4373
17,151,0.365,4504
17,152,0.408,5183
17,153,0.197,4393
17,154,0.163,4387
17,155,0.100,5206
17,156,0.124,5153
17,157,-1.031,5749
17,158,-0.122,4595
17,159,0.343,4997
17,160,-0.267,4323
17,161,0.460,4381
17,162,0.427,4936
17,163,-0.196,4666
17,164,-0.106,4404
17,165,0.034,5025
17,166,0.434,4696
17,167,-0.026,4977
17,168,0.283,4863
17,169,0.444,4447
17,170,0.174,4094
17,171,-0.232,4282
17,172,-0.263,4599
17,173,-0.082,4658
17,174,0.559,5570
17,175,-0.579,4648
17,176,0.280,4749
17,177,0.315,5004
17,178,0.648,5769
17,179,-0.405,4902
17,180,0.071,4428
17,181,0.051,4629
17,182,0.272,5231
17,183,-0.091,4804
17,184,-0.391,5315
17,185,0.446,4782
17,186,-0.365,5403
17,187,0.168,4085
17,188,0.132,4806
17,189,0.751,4990
17,190,0.330,4843
17,191,-0.090,4848
17,192,-0.191,4896
17,193,0.413,4582
17,194,0.286,4561
17,195,0.572,4927
17,196,0.017,4696
17,197,0.469,5651
17,198,0.124,4075
17,199,0.027,4272
17,200,-0.299,4441
17,201,-0.054,4406
17,202,0.386,5290
17,203,-0.578,5588
17,204,0.017,4815
17,205,0.608,5731
17,206,0.121,4351
17,207,0.039,5117
17,208,0.010,4744
17,209,0.827,5792
17,210,0.315,5286
17,211,-0.689,4717
17,212,0.584,4678
17,213,0.171,4578
17,214,-0.545,4555
17,215,-0.017,4769
17,216,-0.002,4321
17,217,0.355,5436
17,218,0.010,3890
17,219,0.044,4824
17,220,0.933,6038
17,221,0.350,5481
17,222,0.520,5554
17,223,-0.218,4687
17,224,0.357,5481
17,225,0.516,4797
17,226,-0.811,4883
17,227,-0.257,4842
17,228,-0.127,4716
17,229,-0.684,4755
17,230,-0.107,4198
17,231,-0.082,4132
17,232,0.126,5135
17,233,0.085,4829
17,234,-0.288,4732
17,235,0.321,4904
17,236,0.223,5056
17,237,-0.128,4463
17,238,-0.523,5114
17,239,-0.161,5005
17,240,-0.633,4701
17,241,-0.307,4857
17,242,-0.600,5108
17,243,0.374,5367
17,244,-0.712,5860
17,245,-0.626,4800
17,246,-0.335,5413
17,247,-0.712,5390
17,248,-0.674,4739
17,249,0.127,4251
17,250,-0.584,5482
17,251,0.194,5051
17,252,0.163,4320
17,253,-0.567,5383
17,254,-0.230,4810
17,255,-0.151,4673
17,256,-0.591,5027
17,257,-0.189,5140
17,258,0.078,4933
17,259,-0.285,4439
17,260,0.332,5081
17,261,-0.421,4780
17,262,-0.649,4900
17,263,0.248,4207
17,264,-0.276,5113
17,265,0.196,5196
17,266,0.177,5179
17,267,-0.542,5247
17,268,-0.008,3913
17,269,0.141,5003
17,270,-0.005,4074
17,271,0.296,5274
17,272,-0.308,4665
17,273,0.175,4944
17,274,-0.240,5065
17,275,-0.406,5047
17,276,-0.305,5348
17,277,-0.087,5208
17,278,-0.261,4814
17,279,0.386,5507
17,280,0.416,5104
17,281,-0.215,5088
17,282,-0.197,5207
17,283,-0.735,5028
17,284,-0.151,4063
17,285,0.439,4737
17,286,-0.244,4182
17,287,-0.382,5530
17,288,-0.381,4301
17,289,0.021,4819
17,290,-0.056,4070
17,291,0.131,5235
17,292,0.382,5444
17,293,-0.623,5578
17,294,0.021,4127
17,295,0.037,3960
17,296,-0.051,4785
17,297,-0.592,4901
17,298,-0.544,5059
17,299,-0.287,4473
17,300,0.293,4566
17,301,-0.726,5921
17,302,0.164,4301
17,303,0.144,5195
17,304,-0.519,4511
17,305,-0.030,4266
17,306,0.027,4797
17,307,0.038,4818
17,308,-0.205,4527
17,309,-0.175,5187
17,310,0.551,4527
17,311,-0.674,4669
17,312,0.321,5312
17,313,0.208,4899
17,314,-0.945,5525
17,315,-0.276,4189
17,316,-0.077,4565
17,317,-0.706,5926
17,318,0.256,4172
17,319,0.273,4987
17,320,0.544,5680
17,321,0.039,4376
17,322,0.215,5135
17,323,-0.044,4554
17,324,0.319,5051
17,325,-0.642,5815
17,326,-0.204,4552
17,327,-0.061,4743
17,328,0.377,4937
17,329,0.265,4823
17,330,0.017,4136
17,331,0.195,4089
17,332,-0.258,5390
17,333,0.193,4420
17,334,0.291,4547
17,335,0.030,3944
17,336,0.194,4710
17,337,0.560,5705
17,338,-0.304,5315
17,339,-0.523,4503
17,340,-0.036,5150
17,341,0.603,4975
17,342,-0.008,3919
17,343,-0.371,4338
17,344,-0.739,4823
17,345,-0.240,5133
17,346,-0.080,5128
17,347,-0.050,4021
17,348,0.006,4976
17,349,0.235,5259
17,350,0.235,4833
17,351,-0.490,4916
17,352,-0.346,4496
17,353,-0.164,4619
17,354,-0.006,4607
17,355,-0.209,4435
17,356,-0.014,4234
17,357,0.981,5552
17,358,-0.119,4538
17,359,-0.030,4185
17,360,-0.008,4274
17,361,0.644,5314
17,362,-0.810,5080
17,363,-0.260,4150
17,364,0.000,4959
17,365,0.339,4307
17,366,-0.573,4790
17,367,-0.298,4684
17,368,-0.703,5355
17,369,-0.630,5427
17,370,0.037,4877
17,371,-0.413,4614
17,372,0.517,4944
17,373,0.167,4522
17,374,0.699,4906
17,375,-1.353,5433
17,376,0.011,4374
17,377,0.170,4731
17,378,-0.292,4765
17,379,0.543,5274
17,380,0.172,4866
17,381,-0.590,4715
17,382,0.091,3980
17,383,0.213,4446
17,384,0.175,4456
17,385,0.732,5296
17,386,-0.757,5702
17,387,-0.257,4461
17,388,0.037,4652
17,389,-0.023,4393
17,390,-0.422,4903
17,391,0.714,5372
17,392,-0.435,4879
17,393,-0.800,5102
17,394,0.289,5136
17,395,0.026,4169
17,396,0.086,4600
17,397,0.125,5207
17,398,-0.680,5265
17,399,-0.100,4831
17,400,-0.591,4721
17,401,0.032,4890
17,402,-0.487,4528
17,403,-0.690,5186
17,404,-0.050,4347
17,405,-0.356,5442
17,406,-0.313,4716
17,407,0.288,4864
17,408,-0.252,4329
17,409,-0.743,5658
17,410,0.195,5116
17,411,0.038,4683
17,412,-0.402,5466
17,413,0.033,5043
17,414,-1.473,6692
17,415,0.171,4181
17,416,-0.156,4224
17,417,-0.454,5540
17,418,0.278,4308
17,419,-0.277,4975
17,420,0.366,5256
17,421,0.033,4140
17,422,-0.054,4235
17,423,-0.807,5175
17,424,-0.237,5129
17,425,0.106,4026
17,426,-0.368,5309
17,427,0.302,4421
17,428,-0.204,4213
17,429,-0.585,4641
17,430,-0.193,5212
17,431,-0.725,4832
17,432,-0.334,4744
17,433,-0.633,4896
17,434,0.347,4252
17,435,0.168,4171
17,436,-0.460,4487
17,437,0.393,5308
17,438,0.644,5857
17,439,0.003,3864
17,440,0.201,4549
17,441,-0.003,4633
17,442,-0.157,4822
17,443,-0.497,4938
17,444,0.155,4994
17,445,0.170,4348
17,446,0.405,4659
17,447,-0.530,5247
17,448,-0.065,4372
17,449,0.087,4436
17,450,0.034,4996
17,451,-0.028,4938
17,452,-0.133,4274
17,453,-0.155,4951
17,454,0.003,4066
17,455,-0.693,5124
17,456,0.450,5418
17,457,-0.258,4438
17,458,0.215,4362
17,459,0.162,4797
17,460,-0.016,4650
17,461,0.650,4681
17,462,0.439,5144
17,463,-0.129,4219
17,464,0.028,4633
17,465,-0.354,4270
17,466,0.337,5026
17,467,0.102,4784
17,468,-0.105,4389
17,469,-0.351,4979
17,470,-0.547,4530
17,471,0.286,4307
17,472,-0.595,4915
17,473,0.103,4043
17,474,-0.093,4233
17,475,0.371,4951
17,476,0.295,4519
17,477,-0.006,3997
17,478,0.105,4406
17,479,0.040,4508
17,480,-0.674,5430
17,481,0.255,4439
17,482,-0.062,4180
17,483,-0.578,4801
17,484,-0.328,4484
17,485,-0.630,5490
17,486,0.341,4725
17,487,-0.252,5370
17,488,0.325,5290
17,489,-0.295,5449
17,490,-0.690,5224
17,491,-1.067,5451
17,492,-0.539,4924
17,493,0.152,4436
17,494,0.612,4601
17,495,-0.349,5011
17,496,-0.421,5092
17,497,-0.842,5012
17,498,0.244,4148
17,499,-0.224,4551
17,500,0.176,4135
17,501,0.656,5425
17,502,0.416,4762
17,503,0.848,5579
17,504,-0.096,5010
17,505,0.112,4865
17,506,-0.487,4800
17,507,0.579,5554
17,508,0.169,4666
17,509,-0.216,5164
17,510,0.054,3975
17,511,-0.267,5237
17,512,0.048,4413
17,513,-0.041,5074
17,514,0.485,5454
17,515,0.159,4484
17,516,0.472,4841
17,517,-0.379,5095
17,518,0.206,4998
17,519,0.569,5212
17,520,-0.233,4499
17,521,0.293,5213
17,522,0.839,5944
17,523,-1.065,5453
17,524,0.479,4762
17,525,0.558,4537
17,526,0.131,4529
17,527,0.289,4566
17,528,-0.043,4426
17,529,0.236,4706
17,530,-0.019,4327
17,531,-0.192,4302
17,532,0.133,4021
17,533,-0.208,5294
17,534,0.441,4864
17,535,0.622,5114
17,536,0.154,4613
17,537,0.402,4596
17,538,0.779,4984
17,539,-0.367,4441
17,540,0.371,4976
17,541,0.255,5237
17,542,0.218,4498
17,543,0.247,4912
17,544,-0.665,4673
17,545,0.791,5935
17,546,-0.794,5057
17,547,0.603,5243
17,548,-0.220,4815
17,549,-0.145,4825
17,550,-0.354,5406
17,551,0.049,3946
17,552,0.188,4187
17,553,-0.194,4119
17,554,0.003,3923
17,555,0.707,4919
17,556,-0.509,5625
17,557,0.157,4980
17,558,0.157,5022
17,559,-0.492,5098
17,560,-0.237,5236
17,561,-0.319,4268
17,562,-0.095,5230
17,563,0.052,4845
17,564,-0.174,4274
17,565,0.544,4713
17,566,0.401,4570
17,567,-0.163,4925
17,568,-0.467,4637
17,569,-0.116,4449
17,570,0.207,5327
17,571,0.932,4982
17,572,0.380,4392
17,573,-0.559,4988
17,574,-0.184,4967
17,575,0.106,4078
17,576,-0.033,3960
17,577,-0.496,5630
17,578,-0.231,5316
17,579,0.195,4530
17,580,-0.234,4437
17,581,0.125,4017
17,582,0.180,4338
17,583,0.310,4728
17,584,-0.279,4591
17,585,-0.137,4017
17,586,-0.073,4274
17,587,0.170,4183
17,588,0.237,4273
17,589,-0.076,4675
17,590,0.355,5232
17,591,-0.106,3990
17,592,0.281,4434
17,593,-0.480,5631
17,594,-0.049,3923
17,595,0.194,4181
17,596,-0.294,4589
17,597,-0.176,4542
17,598,0.003,4608
17,599,0.237,5364
17,600,0.276,4750
17,601,0.802,5913
17,602,0.003,4168
17,603,0.177,4183
17,604,-0.405,4553
17,605,-0.003,4662
17,606,0.659,5855
17,607,-0.649,4737
17,608,-0.190,4105
17,609,0.045,4657
17,610,-0.036,4139
17,611,0.696,4941
17,612,-0.219,4885
17,613,-0.033,4644
17,614,0.780,5465
17,615,0.024,3945
17,616,-0.307,4244
17,617,-0.021,4452
17,618,0.359,4600
17,619,0.455,4597
17,620,0.433,5406
17,621,0.437,4408
17,622,-0.276,4560
17,623,0.300,4902
17,624,0.188,4251
17,625,0.657,4675
17,626,0.189,4677
17,627,0.230,4558
17,628,0.160,5189
17,629,-0.104,4052
17,630,0.142,5041
17,631,-0.255,4441
17,632,0.374,5184
17,633,0.165,4884
17,634,-0.064,4349
17,635,0.500,4973
17,636,0.112,4354
17,637,-0.080,4641
17,638,-0.520,4637
17,639,-0.058,5146
17,640,0.509,4690
17,641,0.391,5494
17,642,-0.238,5082
17,643,-0.075,4999
17,644,-0.149,4738
17,645,0.138,5128
17,646,0.601,5538
17,647,0.303,4541
17,648,0.040,4481
17,649,0.877,4934
17,650,1.182,5519
17,651,0.112,4136
17,652,-0.231,4897
17,653,-0.022,4401
17,654,0.304,4887
17,655,0.548,4808
17,656,-0.393,5489
17,657,0.053,4371
17,658,0.400,5538
17,659,-0.321,4608
17,660,-0.283,4257
17,661,-0.473,4546
17,662,0.067,4895
17,663,-0.914,5039
17,664,-0.079,4184
17,665,-0.565,4868
17,666,0.148,4329
17,667,0.366,4460
17,668,0.260,4182
17,669,0.132,4552
17,670,0.532,5429
17,671,0.140,4611
17,672,0.565,4977
17,673,0.233,5188
17,674,-0.480,4753
17,675,-0.245,4487
17,676,-0.017,4815
17,677,0.249,4912
17,678,0.039,4551
17,679,-0.772,4991
17,680,0.143,5206
17,681,0.241,5327
17,682,-0.540,5152
17,683,0.155,4388
17,684,0.124,4247
17,685,-0.732,5516
17,686,0.288,4576
17,687,-0.915,4988
17,688,0.114,5187
17,689,0.261,5344
17,690,-0.102,5034
17,691,-0.797,4815
17,692,0.289,5070
17,693,-0.262,4800
17,694,0.523,5063
17,695,0.367,4619
17,696,0.292,5107
17,697,0.085,4700
17,698,-0.623,5416
17,699,-0.264,4817
17,700,-0.433,4432
17,701,-0.157,4150
17,702,-1.065,5485
17,703,0.229,4183
17,704,0.323,4264
17,705,-0.305,5458
17,706,0.162,5146
17,707,-0.066,4364
17,708,-0.138,4442
17,709,-0.523,5669
17,710,0.415,4663
17,711,-0.173,5219
17,712,0.330,4535
17,713,-0.237,4205
17,714,0.405,5523
17,715,-0.159,4265
17,716,0.087,4811
17,717,-0.213,4341
17,718,0.110,4012
17,719,1.227,5974
17,720,-0.094,4142
17,721,0.069,4749
17,722,-0.699,5685
17,723,-0.083,5163
17,724,-0.408,4513
17,725,0.442,5563
17,726,1.069,6056
17,727,0.387,5282
17,728,0.025,4333
17,729,-0.011,5028
17,730,0.541,5385
17,731,0.761,5902
17,732,-0.721,5234
17,733,0.259,4820
17,734,0.163,4292
17,735,0.045,4651
17,736,-0.126,5214
17,737,-0.219,5060
17,738,-0.174,4154
17,739,0.079,4157
17,740,-0.141,5120
17,741,0.519,5331
17,742,0.595,5407
17,743,0.067,3994
17,744,0.463,4617
17,745,-0.205,4966
17,746,0.397,4675
17,747,0.310,4300
17,748,0.279,5040
17,749,0.894,5450
17,750,0.379,5477
17,751,-0.285,4849
17,752,0.482,4585
17,753,-0.448,5479
17,754,-0.439,4881
17,755,0.419,4645
17,756,-0.313,4973
17,757,0.850,5131
17,758,-0.081,4257
17,759,-0.087,4809
17,760,-0.413,5463
17,761,-0.109,4849
17,762,-0.117,4877
17,763,0.142,4261
17,764,0.314,5368
17,765,0.452,4946
17,766,-0.371,5380
17,767,0.046,4814
17,768,0.380,4397
17,769,0.233,5350
17,770,0.486,5494
17,771,-0.040,5114
17,772,-0.368,4295
17,773,0.105,4875
17,774,0.148,4856
17,775,-0.237,4808
17,776,-0.620,4902
17,777,0.103,4780
17,778,0.502,5274
17,779,0.629,5346
17,780,0.239,4228
17,781,-0.332,4308
17,782,-0.174,4131
17,783,-0.038,5163
17,784,0.212,4199
17,785,0.491,5448
17,786,0.016,4640
17,787,0.270,4427
17,788,0.389,5401
17,789,0.167,4696
17,790,0.260,4481
17,791,0.122,4268
17,792,-0.150,4083
17,793,-0.087,4030
17,794,0.444,4915
17,795,-0.092,5209
17,796,-0.108,4583
17,797,-0.171,4869
17,798,-0.616,5605
17,799,0.130,4516
17,800,0.462,5576
17,801,0.558,5592
17,802,0.184,5216
17,803,0.472,4770
17,804,0.086,5092
17,805,0.094,5067
17,806,-0.493,4910
17,807,-0.314,5244
17,808,-0.360,4481
17,809,-0.098,4739
17,810,0.140,4558
17,811,0.148,4201
17,812,-0.398,4915
17,813,-0.119,4866
17,814,-0.056,4000
17,815,-0.085,3952
17,816,0.167,4832
17,817,0.450,4642
17,818,0.068,4176
17,819,0.834,5136
17,820,0.457,5294
17,821,-1.169,6242
17,822,-0.684,5601
17,823,0.042,4815
17,824,0.056,4815
17,825,-0.230,4494
17,826,0.358,4511
17,827,-0.011,3870
17,828,0.301,4700
17,829,0.121,4272
17,830,0.226,4155
17,831,0.097,5059
17,832,-0.142,4163
17,833,-0.751,5272
17,834,-0.823,5134
17,835,0.533,4980
17,836,0.435,4467
17,837,0.272,5123
17,838,0.643,5073
17,839,0.285,4348
17,840,0.065,4629
17,841,-0.172,4809
17,842,0.264,4838
17,843,-0.498,4968
17,844,-0.335,4324
17,845,0.589,4730
17,846,0.018,4313
17,847,0.115,4007
17,848,0.684,5475
17,849,0.619,5121
17,850,0.773,5125
17,851,0.340,5409
17,852,0.458,4935
17,853,0.355,4501
17,854,0.202,4362
17,855,0.113,4780
17,856,-0.060,4885
17,857,0.096,4867
17,858,-0.310,5152
17,859,-0.237,5217
17,860,0.043,4943
17,861,-0.552,5325
17,862,-0.015,4582
17,863,-0.542,5596
17,864,0.092,4402
17,865,-0.189,4660
17,866,-0.287,5292
17,867,0.329,4886
17,868,0.934,5414
17,869,0.436,4638
17,870,-0.295,4961
17,871,0.015,4755
17,872,0.311,4672
17,873,-0.159,5260
17,874,-0.028,4749
17,875,0.101,4275
17,876,-0.278,4532
17,877,-0.532,5388
17,878,-0.178,5204
17,879,-0.715,5531
17,880,0.640,5662
17,881,-0.023,4607
17,882,-0.388,4702
17,883,0.159,4271
17,884,0.141,5101
17,885,0.468,5211
17,886,0.817,5089
17,887,-0.369,5285
17,888,0.301,5194
17,889,0.215,4608
17,890,-0.106,4979
17,891,-0.283,5339
17,892,0.367,5129
17,893,-0.111,4139
17,894,0.222,4701
17,895,0.277,4206
17,896,0.168,4705
17,897,0.451,4529
17,898,0.017,4997
17,899,0.090,4910
17,900,-0.057,4149
17,901,0.419,4879
17,902,-0.174,5014
17,903,-0.045,4991
17,904,0.886,5139
17,905,-0.553,5300
17,906,0.419,4664
17,907,-0.408,5470
17,908,0.566,5287
17,909,-0.118,4498
17,910,0.180,4550
17,911,0.493,4581
17,912,0.736,5352
17,913,0.041,3895
17,914,-0.295,4693
17,915,0.464,4729
17,916,-0.771,4925
17,917,0.083,5162
17,918,-0.279,4763
17,919,0.589,5264
17,920,-0.237,4973
17,921,0.044,4075
17,922,0.100,4139
17,923,0.205,4494
17,924,-0.285,4615
17,925,0.438,4679
17,926,-0.151,4630
17,927,1.270,6083
17,928,0.041,3995
17,929,0.419,4619
17,930,-0.014,4138
17,931,0.477,5607
17,932,0.241,4767
17,933,0.164,5278
17,934,0.420,5551
17,935,-0.464,5240
17,936,0.052,4988
17,937,-0.142,4450
17,938,0.193,4199
17,939,0.242,4827
17,940,0.116,4850
17,941,0.043,5010
17,942,0.329,5486
17,943,-0.363,5334
17,944,0.672,4724
17,945,0.221,4465
17,946,-0.415,5174
17,947,0.285,5213
17,948,0.681,5550
17,949,0.056,4925
17,950,-0.301,4344
17,951,0.848,5874
17,952,0.350,5153
17,953,-0.695,5252
17,954,0.379,5468
17,955,-0.176,4920
17,956,0.316,5181
17,957,0.160,4579
17,958,-0.286,4872
17,959,0.324,4630
17,960,-0.055,4190
17,961,-0.102,4517
17,962,0.201,4602
17,963,0.309,4706
17,964,-0.120,4229
17,965,-0.258,5000
17,966,0.430,5061
17,967,0.469,4936
17,968,0.433,5583
17,969,0.859,5481
17,970,-0.859,5626
17,971,-0.579,5101
17,972,-0.032,4624
17,973,0.156,4189
17,974,0.343,4788
17,975,0.511,5022
17,976,0.390,4820
17,977,0.118,4149
17,978,0.054,4780
17,979,0.524,5620
17,980,0.456,4846
17,981,-0.226,5268
17,982,0.094,4508
17,983,0.385,4522
17,984,-0.178,4648
17,985,-0.063,5032
17,986,-0.449,5570
17,987,-0.067,3986
17,988,0.962,5159
17,989,-0.352,4581
17,990,-0.275,5030
17,991,0.573,4715
17,992,0.111,5042
17,993,0.367,4657
17,994,-0.253,4736
17,995,0.549,4772
17,996,-0.305,4764
17,997,0.725,4954
17,998,0.189,4090
17,999,-0.004,3944
17,1000,0.382,4977
17,1001,0.221,4196
17,1002,0.295,4211
17,1003,-0.033,4201
17,1004,0.113,4479
17,1005,0.322,4954
17,1006,0.169,5037
17,1007,-0.076,3977
17,1008,0.130,4128
17,1009,0.422,4673
17,1010,-0.088,4601
17,1011,0.011,4990
17,1012,0.461,4460
17,1013,0.532,5584
17,1014,-0.113,4777
17,1015,0.333,5101
17,1016,0.168,4256
17,1017,0.302,5191
17,1018,-0.017,4585
17,1019,0.231,4988
17,1020,0.808,5093
17,1021,-0.420,4792
17,1022,0.131,4954
17,1023,-0.078,4940
17,1024,0.042,4815
17,1025,-0.257,5281
17,1026,-0.249,5073
17,1027,0.576,5202
17,1028,0.288,5332
17,1029,-0.298,5313
17,1030,-1.041,5891
17,1031,0.583,5619
17,1032,0.539,4593
17,1033,0.179,4768
17,1034,0.607,4747
17,1035,-0.482,5394
17,1036,-0.168,4718
17,1037,-0.239,4575
17,1038,-0.305,4541
17,1039,-0.116,5031
17,1040,-0.552,4817
17,1041,0.604,5027
17,1042,0.207,4995
17,1043,-0.173,4906
17,1044,-0.606,4626
17,1045,0.227,4590
17,1046,0.276,4503
17,1047,0.023,4580
17,1048,-0.683,5148
17,1049,0.117,4600
17,1050,-0.026,4615
17,1051,-0.546,5260
17,1052,-0.284,4215
17,1053,-0.470,5598
17,1054,-0.323,5269
17,1055,0.210,5360
17,1056,0.621,5008
17,1057,0.467,4847
17,1058,0.271,4730
17,1059,0.145,4841
17,1060,1.022,5405
17,1061,-0.368,4969
17,1062,0.300,4355
17,1063,-0.097,4996
17,1064,-0.697,5154
17,1065,-0.108,5091
17,1066,0.677,5186
17,1067,0.196,4425
17,1068,-0.535,5498
17,1069,0.087,5013
17,1070,1.298,6353
17,1071,0.219,4233
17,1072,0.006,4306
17,1073,-0.389,4839
17,1074,-0.261,4247
17,1075,0.350,4665
17,1076,0.643,5221
17,1077,-0.293,4404
17,1078,-0.356,5317
17,1079,-0.015,4515
17,1080,0.395,5227
17,1081,-0.275,4441
17,1082,0.202,5215
17,1083,0.302,4474
17,1084,1.032,5703
17,1085,0.193,4279
17,1086,0.808,5591
17,1087,-0.002,4132
17,1088,-0.899,5743
17,1089,0.419,4354
17,1090,0.808,5893
17,1091,-0.217,4745
17,1092,-0.791,5999
17,1093,0.016,4683
17,1094,0.522,4651
17,1095,0.226,4983
17,1096,-0.148,4805
17,1097,0.047,4482
17,1098,0.197,4117
17,1099,0.605,4733
17,1100,0.238,4969
17,1101,-0.046,4080
17,1102,0.085,4504
17,1103,-0.365,5388
17,1104,0.040,3907
17,1105,-0.614,5187
17,1106,0.130,4140
17,1107,-0.516,5268
17,1108,-0.245,4882
17,1109,0.280,4534
17,1110,-1.122,5984
17,1111,1.320,6243
17,1112,-0.462,4661
17,1113,0.076,4229
17,1114,0.194,4523
17,1115,0.398,4382
17,1116,0.372,5155
17,1117,0.547,5567
17,1118,-0.348,5461
17,1119,0.101,4234
17,1120,-0.664,5241
17,1121,0.650,4657
17,1122,-0.281,4811
17,1123,0.237,4633
17,1124,0.465,4383
17,1125,-0.352,4924
17,1126,0.607,5530
17,1127,-0.451,5267
17,1128,-0.042,4059
17,1129,0.357,4554
17,1130,-0.625,4842
17,1131,0.283,4254
17,1132,0.175,4736
17,1133,-0.760,4786
17,1134,0.191,4802
17,1135,0.320,4634
17,1136,-0.436,4647
17,1137,-0.286,5407
17,1138,-0.945,5327
17,1139,0.164,4332
17,1140,-0.229,4717
17,1141,-0.129,4473
17,1142,-0.571,5360
17,1143,0.320,5325
17,1144,0.422,4488
17,1145,-0.472,5652
17,1146,0.115,5111
17,1147,0.305,4803
17,1148,0.527,5709
17,1149,-0.586,5390
17,1150,-0.306,4630
17,1151,-0.220,4192
17,1152,0.268,4683
17,1153,-0.029,3978
17,1154,-0.424,5518
17,1155,-0.225,4357
17,1156,-0.247,5303
17,1157,-0.235,5337
17,1158,-0.144,4914
17,1159,-1.118,5648
17,1160,-0.074,4053
17,1161,1.113,5155
17,1162,-0.528,5727
17,1163,0.298,5336
17,1164,-0.036,4479
17,1165,0.010,5061
17,1166,0.649,5340
17,1167,-0.152,5291
17,1168,0.329,4261
17,1169,-0.644,5179
17,1170,0.261,4909
17,1171,-0.319,5067
17,1172,-0.054,4507
17,1173,-0.015,4259
17,1174,-0.259,4238
17,1175,-0.050,4754
17,1176,-0.380,5206
17,1177,-0.072,4144
17,1178,0.548,4648
17,1179,0.317,5259
17,1180,0.688,5331
17,1181,0.457,4921
17,1182,0.370,4600
17,1183,-0.356,4824
17,1184,-0.182,4734
17,1185,-0.031,5112
17,1186,0.468,5491
17,1187,-0.404,5478
17,1188,-0.317,4344
17,1189,0.017,4375
17,1190,-0.417,5014
17,1191,0.125,5133
17,1192,0.087,4219
17,1193,-0.150,5232
17,1194,-0.071,4508
17,1195,-0.083,4153
17,1196,0.305,5238
17,1197,0.071,4510
17,1198,-0.091,4673
17,1199,-0.089,4499
17,1200,0.433,4352
17,1201,0.191,5209
17,1202,0.033,4430
17,1203,0.242,4922
17,1204,0.217,5156
17,1205,-0.272,4758
17,1206,-0.231,4443
17,1207,0.221,4560
17,1208,0.671,4969
17,1209,0.125,4041
17,1210,-0.213,4842
17,1211,0.704,5629
17,1212,-0.196,5096
17,1213,0.104,4092
17,1214,0.139,4315
17,1215,0.269,5361
17,1216,0.616,5767
17,1217,-0.309,4955
17,1218,0.130,4993
17,1219,0.107,4186
17,1220,0.176,4097
17,1221,-0.333,4695
17,1222,1.010,5724
17,1223,0.433,4831
17,1224,-0.742,5123
17,1225,-0.215,4420
17,1226,-0.075,4286
17,1227,-0.379,5413
17,1228,0.132,4045
17,1229,0.610,5613
17,1230,-1.284,6600
17,1231,0.134,5212
17,1232,0.205,5347
17,1233,0.110,5194
17,1234,-0.008,3896
17,1235,0.367,4353
17,1236,-0.856,5782
17,1237,-0.122,5172
17,1238,-0.869,5480
17,1239,0.039,4942
17,1240,-0.072,4667
17,1241,0.025,4503
17,1242,0.506,4904
17,1243,-0.061,4442
17,1244,-0.346,4776
17,1245,0.271,4178
17,1246,-0.316,4390
17,1247,0.561,4823
17,1248,-0.020,4724
17,1249,-0.722,5310
17,1250,0.058,5069
17,1251,0.455,4498
17,1252,-0.031,3974
17,1253,0.102,4314
17,1254,-0.825,5661
17,1255,-0.376,4303
17,1256,-0.663,5763
17,1257,-0.017,4357
17,1258,-0.501,5637
17,1259,-0.203,4095
17,1260,0.065,4308
17,1261,0.252,4137
17,1262,0.197,4758
17,1263,0.161,4170
17,1264,0.127,4025
17,1265,0.659,4849
17,1266,0.280,5443
17,1267,0.337,5000
17,1268,0.414,5089
17,1269,-0.566,5167
17,1270,-0.148,4587
17,1271,-0.607,4592
17,1272,-0.528,5719
17,1273,0.280,4801
17,1274,-0.271,4926
17,1275,0.046,4322
17,1276,0.190,4604
17,1277,-0.712,5513
17,1278,-0.491,4898
17,1279,0.512,5498
17,1280,-0.182,5313
17,1281,-0.700,5731
17,1282,0.080,4147
17,1283,0.273,4466
17,1284,-0.709,5225
17,1285,0.597,5544
17,1286,0.357,4286
17,1287,0.029,3915
17,1288,-0.522,5416
17,1289,0.789,5062
17,1290,-0.052,4704
17,1291,-0.143,5010
17,1292,0.000,4874
17,1293,0.843,5292
17,1294,-0.315,4811
17,1295,0.117,4164
17,1296,-0.232,5039
17,1297,0.153,4196
17,1298,0.180,4415
17,1299,0.319,4334
17,1300,0.339,5232
17,1301,0.261,4491
17,1302,-0.035,4319
17,1303,0.170,4989
17,1304,-0.413,4600
17,1305,-0.095,5135
17,1306,-0.593,5652
17,1307,0.334,4909
17,1308,0.381,4368
17,1309,0.108,4476
17,1310,0.184,4896
17,1311,0.180,4991
17,1312,-0.128,4468
17,1313,0.461,5146
17,1314,0.370,4965
17,1315,0.068,4627
17,1316,0.143,4334
17,1317,-0.491,5187
17,1318,0.688,5834
17,1319,-0.549,4951
17,1320,0.168,4768
17,1321,0.537,5360
17,1322,-0.224,4231
17,1323,0.045,4842
17,1324,0.251,5388
17,1325,-0.839,5061
17,1326,-0.708,4772
17,1327,-0.275,5269
17,1328,0.118,4189
17,1329,0.199,4147
17,1330,0.793,5600
17,1331,-0.428,4367
17,1332,0.187,4938
17,1333,0.273,4674
17,1334,0.512,5403
17,1335,-0.118,4883
17,1336,-0.051,4209
17,1337,-0.074,4403
17,1338,-0.691,5716
17,1339,-0.189,4703
17,1340,-0.567,5731
17,1341,-0.025,4978
17,1342,-0.527,5383
17,1343,0.215,5012
17,1344,-0.587,4910
17,1345,-0.046,4006
17,1346,0.069,4191
17,1347,0.268,4212
17,1348,0.127,4285
17,1349,0.161,4050
17,1350,0.323,4434
17,1351,0.369,5079
17,1352,0.496,5651
17,1353,0.080,5064
17,1354,0.777,5554
17,1355,0.096,4768
17,1356,-0.118,4270
17,1357,0.290,5033
17,1358,-0.870,5947
17,1359,0.849,5813
17,1360,-0.055,5060
17,1361,0.857,5479
17,1362,0.291,4543
17,1363,-0.296,4241
17,1364,-0.190,4247
17,1365,-0.311,4357
17,1366,0.201,5160
17,1367,-0.229,5078
17,1368,0.698,4740
17,1369,0.262,4668
17,1370,0.189,4907
17,1371,-0.132,4799
17,1372,0.094,4105
17,1373,-0.050,5166
17,1374,-0.293,4997
17,1375,-0.570,5001
17,1376,0.591,4995
17,1377,0.139,4178
17,1378,0.223,4817
17,1379,-0.329,4395
17,1380,0.091,4787
17,1381,-0.018,4855
17,1382,0.855,5819
17,1383,-0.167,4109
17,1384,0.024,3955
17,1385,-0.164,4473
17,1386,0.318,4313
17,1387,0.197,4897
17,1388,-0.159,4998
17,1389,0.018,4616
17,1390,-0.030,3937
17,1391,0.317,4255
17,1392,0.429,4392
17,1393,0.336,4941
17,1394,-0.315,5148
17,1395,-0.411,4791
17,1396,0.133,5015
17,1397,-0.571,4894
17,1398,0.345,5299
17,1399,-0.507,4790
17,1400,0.232,4775
17,1401,-0.311,5029
17,1402,-0.100,4764
17,1403,0.156,4800
17,1404,0.488,4935
17,1405,-0.402,5223
17,1406,-0.417,4782
17,1407,0.261,5409
17,1408,0.430,5518
17,1409,0.287,4599
17,1410,1.090,5876
17,1411,0.310,4854
17,1412,-0.239,4680
17,1413,0.719,4816
17,1414,0.138,4460
17,1415,0.302,5207
17,1416,0.382,5391
17,1417,-0.137,4865
17,1418,0.017,4646
17,1419,0.339,4318
17,1420,0.048,4841
17,1421,-0.226,5291
17,1422,-0.060,4770
17,1423,0.108,4715
17,1424,0.626,4982
17,1425,0.422,4850
17,1426,0.650,5108
17,1427,0.313,5315
17,1428,0.403,5469
17,1429,-0.264,4652
17,1430,0.146,4925
17,1431,-0.013,4136
17,1432,0.036,4426
17,1433,0.232,4163
17,1434,0.307,4876
17,1435,-0.073,4747
17,1436,-0.588,5332
17,1437,0.756,5717
17,1438,0.251,5412
17,1439,0.522,4985
17,1440,0.437,5314
18,1,0.624,3878
18,2,-0.208,3516
18,3,0.578,3260
18,4,-0.477,3089
18,5,0.484,3051
18,6,0.284,3599
18,7,-0.147,2898
18,8,0.435,2994
18,9,-0.269,3413
18,10,0.270,3013
18,11,-0.103,3121
18,12,0.175,3425
18,13,0.719,3794
18,14,-0.098,3369
18,15,-0.161,3543
18,16,-0.307,3156
18,17,0.035,2986
18,18,0.020,2893
18,19,0.423,3607
18,20,-0.391,3291
18,21,-0.161,2867
18,22,0.271,2876
18,23,0.632,3525
18,24,-0.407,3047
18,25,-0.352,2925
18,26,-0.199,2972
18,27,0.144,3052
18,28,0.378,3563
18,29,0.061,3455
18,30,-0.541,3003
18,31,0.511,3239
18,32,-0.257,3028
18,33,-0.281,3594
18,34,0.693,3927
18,35,-0.237,3077
18,36,0.159,3093
18,37,0.600,3772
18,38,0.330,3611
18,39,-0.379,3085
18,40,0.112,3106
18,41,0.399,3174
18,42,-0.288,3286
18,43,0.009,2727
18,44,-0.317,3612
18,45,0.432,3310
18,46,-0.103,3399
18,47,0.793,3299
18,48,0.066,3313
18,49,0.703,3669
18,50,-0.295,3294
18,51,0.638,3706
18,52,-0.095,2907
18,53,-0.254,2939
18,54,0.121,2893
18,55,0.042,2717
18,56,-0.445,3481
18,57,-0.313,3381
18,58,0.756,3728
18,59,-0.040,2964
18,60,-0.394,2889
18,61,0.698,3849
18,62,1.131,3658
18,63,-0.169,3468
18,64,-0.492,3013
18,65,-0.391,3373
18,66,0.017,3375
18,67,0.298,2882
18,68,-0.720,3412
18,69,0.159,2726
18,70,0.301,3328
18,71,0.753,3231
18,72,-0.482,3287
18,73,0.297,2900
18,74,0.283,3603
18,75,-0.146,3480
18,76,0.027,3042
18,77,0.010,2703
18,78,0.281,3491
18,79,0.295,2862
18,80,-0.554,3192
18,81,1.029,4179
18,82,0.241,3416
18,83,-0.172,3416
18,84,0.114,3319
18,85,0.579,3855
18,86,-0.006,2758
18,87,-0.148,3119
18,88,-0.874,3833
18,89,-0.374,2927
18,90,-0.492,3256
18,91,0.189,3361
18,92,0.136,3456
18,93,0.082,2835
18,94,0.157,3502
18,95,0.298,2896
18,96,-0.753,3223
18,97,0.069,3097
18,98,-0.477,3001
18,99,-0.290,3541
18,100,-0.169,2880
18,101,0.418,3595
18,102,-0.160,3489
18,103,-0.883,3638
18,104,0.598,3591
18,105,0.372,3206
18,106,0.548,3723
18,107,-0.080,2905
18,108,-0.220,3301
18,109,0.099,3234
18,110,0.598,3572
18,111,-0.472,3125
18,112,-0.130,3367
18,113,0.466,3180
18,114,-0.428,3472
18,115,0.159,3413
18,116,0.371,3250
18,117,-0.119,3014
18,118,0.242,2912
18,119,-0.469,3353
18,120,-0.212,3398
18,121,-0.491,3368
18,122,0.432,3030
18,123,-0.166,3470
18,124,-0.191,2775
18,125,0.493,3548
18,126,-0.340,3182
18,127,-0.589,3155
18,128,0.178,2905
18,129,-0.110,2653
18,130,0.330,3080
18,131,-0.226,3391
18,132,-0.173,3395
18,133,0.254,3043
18,134,0.076,3281
18,135,0.338,3050
18,136,0.175,3416
18,137,-0.013,3023
18,138,-0.735,3638
18,139,0.184,3555
18,140,0.129,3095
18,141,-0.030,2866
18,142,0.818,3414
18,143,0.387,3551
18,144,-0.767,3554
18,145,0.019,2845
18,146,-0.338,3603
18,147,0.405,3214
18,148,-0.201,2841
18,149,-0.341,3411
18,150,0.266,3046
18,151,0.558,3508
18,152,0.444,3701
18,153,0.323,3262
18,154,-0.025,3077
18,155,0.359,2921
18,156,-0.350,3346
18,157,0.856,3346
18,158,-0.097,2765
18,159,0.260,2823
18,160,-0.347,3684
18,161,-0.382,3284
18,162,0.195,2980
18,163,-0.289,3228
18,164,-0.058,3144
18,165,0.164,2910
18,166,-0.582,3396
18,167,1.058,3845
18,168,0.884,3848
18,169,0.615,3228
18,170,0.412,3674
18,171,-0.034,2727
18,172,0.439,2956
18,173,0.119,3040
18,174,-0.316,2934
18,175,-0.141,3144
18,176,-0.402,3169
18,177,-0.172,3099
18,178,-0.463,3737
18,179,0.106,2964
18,180,0.143,2973
18,181,0.281,3083
18,182,0.217,3375
18,183,0.610,3176
18,184,-0.693,3495
18,185,-0.509,3715
18,186,-0.008,2955
18,187,-0.175,3168
18,188,0.396,3365
18,189,-0.350,3575
18,190,0.159,3364
18,191,-0.216,3381
18,192,0.266,3550
18,193,0.473,3735
18,194,0.335,3513
18,195,-0.111,3079
18,196,-0.344,3296
18,197,0.546,3107
18,198,-0.176,2965
18,199,-0.040,3284
18,200,0.267,2951
18,201,-0.073,2632
18,202,0.226,2843
18,203,0.407,3147
18,204,-0.644,3641
18,205,0.271,2893
18,206,0.471,3687
18,207,0.391,3691
18,208,0.118,2961
18,209,-0.227,3236
18,210,-0.144,3261
18,211,0.148,3306
18,212,-0.088,3130
18,213,0.690,3654
18,214,-0.352,2955
18,215,0.327,3210
18,216,-0.853,3685
18,217,-0.934,4025
18,218,-0.324,2890
18,219,0.613,3663
18,220,0.303,3651
18,221,-1.093,3540
18,222,0.421,3640
18,223,-0.063,2631
18,224,0.734,3930
18,225,1.197,3823
18,226,-0.155,2936
18,227,-0.181,2735
18,228,-0.178,3528
18,229,0.010,2632
18,230,0.953,4059
18,231,0.139,3044
18,232,0.393,3573
18,233,0.912,3342
18,234,0.490,2968
18,235,0.140,3156
18,236,0.710,3158
18,237,0.404,3602
18,238,0.038,3152
18,239,0.084,2672
18,240,0.092,2756
18,241,-0.084,2870
18,242,-0.238,3367
18,243,0.136,2808
18,244,-0.201,2737
18,245,0.131,2737
18,246,-0.365,3559
18,247,0.250,3179
18,248,-0.705,3331
18,249,-0.149,3181
18,250,0.122,2942
18,251,-0.048,2729
18,252,-0.099,2892
18,253,-0.951,3978
18,254,0.360,3684
18,255,-0.277,3008
18,256,-0.258,3015
18,257,0.294,2986
18,258,0.037,2837
18,259,0.529,3116
18,260,-0.070,3037
18,261,0.478,3571
18,262,-0.151,3011
18,263,0.068,2829
18,264,-0.659,3201
18,265,-0.441,3514
18,266,-0.505,3238
18,267,0.102,3222
18,268,0.155,3332
18,269,0.157,3110
18,270,0.343,3018
18,271,-0.402,3534
18,272,0.473,3264
18,273,-0.398,3169
18,274,0.353,3085
18,275,0.717,3495
18,276,-0.112,3346
18,277,-0.421,3536
18,278,0.357,3140
18,279,0.078,2730
18,280,-0.138,3359
18,281,0.593,3042
18,282,0.046,2733
18,283,0.664,3743
18,284,0.040,3030
18,285,0.113,3379
18,286,-0.272,3046
18,287,-0.169,3398
18,288,0.089,2830
18,289,0.492,3173
18,290,0.253,3149
18,291,-0.483,3363
18,292,0.004,3277
18,293,0.002,2933
18,294,-0.180,2907
18,295,0.534,3623
18,296,0.439,3288
18,297,-0.240,3304
18,298,-0.505,3063
18,299,-0.328,3415
18,300,0.092,3059
18,301,0.083,3106
18,302,0.432,3077
18,303,-0.071,3188
18,304,0.757,3990
18,305,0.550,3249
18,306,-0.138,3056
18,307,-0.709,3637
18,308,0.550,3140
18,309,-0.123,2732
18,310,0.709,3551
18,311,-0.305,3604
18,312,0.818,3843
18,313,0.300,3647
18,314,-0.926,3761
18,315,0.369,3336
18,316,0.077,3018
18,317,0.298,3055
18,318,0.011,2836
18,319,-0.312,3473
18,320,-0.420,3404
18,321,0.294,3548
18,322,0.413,3114
18,323,0.144,3269
18,324,-0.951,3601
18,325,0.187,2983
18,326,0.516,3368
18,327,-0.283,2867
18,328,0.455,3136
18,329,0.469,3330
18,330,0.132,2786
18,331,0.368,3286
18,332,0.250,3115
18,333,-0.079,3336
18,334,0.266,3423
18,335,0.055,2969
18,336,-0.041,3072
18,337,0.455,3166
18,338,0.826,4003
18,339,0.005,3417
18,340,0.639,3817
18,341,0.629,3707
18,342,0.324,3246
18,343,0.147,3176
18,344,0.075,3397
18,345,-0.955,3534
18,346,0.502,3639
18,347,-0.576,3186
18,348,0.240,3100
18,349,-0.059,3097
18,350,0.474,3103
18,351,0.691,3323
18,352,-0.342,3331
18,353,0.390,3214
18,354,-0.012,2696
18,355,-0.583,3310
18,356,-0.412,3383
18,357,-0.552,3019
18,358,-0.322,3382
18,359,-0.563,3187
18,360,-0.162,3171
18,361,0.157,2864
18,362,0.047,2938
18,363,0.239,3165
18,364,-0.280,3039
18,365,0.336,3279
18,366,-0.115,3057
18,367,0.213,3560
18,368,0.075,3066
18,369,0.438,3043
18,370,-0.456,3155
18,371,-0.005,3039
18,372,0.529,3678
18,373,-0.168,3332
18,374,-0.148,3081
18,375,-0.361,3015
18,376,0.626,3393
18,377,-0.101,3442
18,378,0.072,2878
18,379,-0.067,2979
18,380,0.481,3214
18,381,0.067,2889
18,382,0.225,3117
18,383,-0.108,3073
18,384,-0.183,3316
18,385,0.625,3720
18,386,1.226,3569
18,387,0.035,2763
18,388,0.601,3463
18,389,-0.406,3296
18,390,0.335,3432
18,391,-0.230,3095
18,392,0.652,3262
18,393,-0.012,3297
18,394,-0.074,2897
18,395,0.682,3232
18,396,0.000,3330
18,397,-0.061,3178
18,398,-0.031,2593
18,399,0.157,3023
18,400,-0.146,3446
18,401,-0.284,3234
18,402,0.175,3438
18,403,-0.215,3068
18,404,0.993,3806
18,405,-0.123,2836
18,406,0.012,3072
18,407,0.099,3377
18,408,0.306,3075
18,409,-0.164,3296
18,410,-0.365,3251
18,411,-0.482,3153
18,412,-0.554,3280
18,413,0.401,3444
18,414,-0.173,3160
18,415,-0.047,3356
18,416,0.565,3064
18,417,0.329,2845
18,418,-0.028,2945
18,419,-0.564,3505
18,420,0.160,3253
18,421,0.017,2641
18,422,-0.723,3615
18,423,-0.242,3509
18,424,-0.394,3704
18,425,-0.471,3622
18,426,-0.170,3469
18,427,0.089,3277
18,428,0.330,3472
18,429,-0.380,3585
18,430,0.110,2989
18,431,-0.761,3424
18,432,-0.123,3191
18,433,-0.174,3007
18,434,-0.421,3306
18,435,1.143,3522
18,436,-0.278,3374
18,437,-0.173,3105
18,438,0.009,2642
18,439,0.041,2859
18,440,-0.693,3550
18,441,0.185,3536
18,442,0.056,3438
18,443,-0.582,3028
18,444,-0.760,3400
18,445,-0.315,2990
18,446,-0.613,3211
18,447,-0.040,3088
18,448,-0.059,3170
18,449,0.796,3603
18,450,0.524,2996
18,451,-0.664,3365
18,452,-0.537,3012
18,453,0.681,3139
18,454,-0.394,3373
18,455,-0.540,3798
18,456,-0.932,3520
18,457,-0.361,3299
18,458,-0.397,3229
18,459,0.030,2756
18,460,0.165,3104
18,461,-0.533,3689
18,462,-0.291,3513
18,463,-0.049,2954
18,464,-0.243,3564
18,465,-0.471,3511
18,466,-0.302,3396
18,467,-0.549,3152
18,468,0.360,3548
18,469,-0.519,3323
18,470,0.063,3046
18,471,-0.732,3424
18,472,-0.002,2767
18,473,-0.245,3324
18,474,0.579,3708
18,475,-0.060,3117
18,476,-0.451,3322
18,477,0.617,3472
18,478,-0.394,3085
18,479,-0.193,3225
18,480,0.453,3147
18,481,0.543,3324
18,482,-0.490,3369
18,483,-0.302,3229
18,484,0.210,3054
18,485,-0.401,3715
18,486,-0.456,3635
18,487,0.538,3771
18,488,0.108,3435
18,489,0.228,3394
18,490,-0.094,2931
18,491,0.023,3150
18,492,0.326,3194
18,493,0.106,3238
18,494,0.052,3375
18,495,0.654,3480
18,496,-0.389,3155
18,497,0.147,3160
18,498,-0.533,3372
18,499,-0.403,3656
18,500,-0.175,2862
18,501,0.684,3507
18,502,-0.167,3045
18,503,0.334,3558
18,504,-0.084,3246
18,505,0.610,3634
18,506,0.278,2792
18,507,-0.806,3292
18,508,0.584,3032
18,509,0.143,3188
18,510,-0.266,2886
18,511,-0.317,3617
18,512,0.627,3841
18,513,0.310,3564
18,514,0.089,2865
18,515,0.119,3226
18,516,-0.259,3165
18,517,0.032,3040
18,518,-0.019,3143
18,519,1.073,3671
18,520,-0.525,3274
18,521,0.055,3240
18,522,-0.439,3681
18,523,0.146,2900
18,524,0.076,2723
18,525,0.006,3397
18,526,0.306,2871
18,527,0.043,2752
18,528,0.597,3332
18,529,0.816,3564
18,530,0.924,4100
18,531,0.108,3399
18,532,0.165,3042
18,533,0.559,3544
18,534,-0.135,2954
18,535,-0.100,2747
18,536,-0.046,3179
18,537,-1.417,3667
18,538,0.480,3654
18,539,-0.096,3012
18,540,0.277,3055
18,541,0.376,3570
18,542,0.002,2765
18,543,-0.296,2923
18,544,0.661,3363
18,545,0.049,2771
18,546,0.501,3602
18,547,0.875,3373
18,548,0.034,2704
18,549,0.582,3119
18,550,0.168,3088
18,551,-0.097,3269
18,552,-0.038,3355
18,553,-0.518,3039
18,554,0.207,3465
18,555,0.124,2961
18,556,0.291,3397
18,557,0.111,2829
18,558,-1.143,3539
18,559,0.248,3548
18,560,0.507,3779
18,561,-0.011,3218
18,562,-0.553,3066
18,563,0.148,2680
18,564,-0.052,3278
18,565,0.458,2971
18,566,0.192,3431
18,567,0.047,3008
18,568,-0.903,3489
18,569,0.105,2937
18,570,-0.157,2881
18,571,0.566,3796
18,572,-0.487,3776
18,573,0.215,2759
18,574,-0.243,2795
18,575,-0.569,3828
18,576,0.164,2761
18,577,-0.149,2804
18,578,-0.403,3685
18,579,-0.036,3203
18,580,-0.427,2976
18,581,0.024,3138
18,582,0.482,3436
18,583,0.551,3366
18,584,0.557,3714
18,585,0.231,3116
18,586,0.648,3586
18,587,-0.168,2878
18,588,-0.399,3017
18,589,0.455,3520
18,590,-0.211,2832
18,591,-0.447,3015
18,592,-0.153,3352
18,593,-0.195,2906
18,594,-0.696,3190
18,595,-0.086,3377
18,596,0.286,3415
18,597,-0.463,3184
18,598,-0.458,3234
18,599,-0.231,3566
18,600,-0.447,3728
18,601,0.065,3137
18,602,-0.279,3471
18,603,0.755,3547
18,604,-0.101,3264
18,605,-0.333,3354
18,606,0.030,2899
18,607,0.358,3501
18,608,-0.195,3418
18,609,0.204,2789
18,610,0.228,3500
18,611,0.334,3002
18,612,-0.762,3401
18,613,0.287,3120
18,614,0.354,3210
18,615,-0.285,3621
18,616,0.068,2981
18,617,0.416,3071
18,618,0.972,3821
18,619,-0.197,2836
18,620,-0.159,2838
18,621,-0.339,3296
18,622,-0.009,2777
18,623,0.266,2833
18,624,-0.249,2922
18,625,-0.195,3508
18,626,0.173,3045
18,627,0.362,3180
18,628,0.094,3398
18,629,0.346,3247
18,630,-0.065,2688
18,631,-0.269,3504
18,632,-0.785,3426
18,633,0.298,3275
18,634,0.953,3806
18,635,0.603,3805
18,636,-0.341,3323
18,637,0.392,2932
18,638,-0.509,3565
18,639,-0.362,2967
18,640,0.232,2874
18,641,0.011,2967
18,642,-0.162,2895
18,643,0.166,3004
18,644,-0.327,3262
18,645,-0.270,2873
18,646,0.163,3153
18,647,-0.301,2982
18,648,0.545,3164
18,649,0.145,2735
18,650,0.249,3275
18,651,-0.695,3412
18,652,0.187,2998
18,653,0.369,3367
18,654,0.224,3089
18,655,-0.047,3026
18,656,-0.054,3460
18,657,0.578,3378
18,658,-0.313,3296
18,659,0.745,3638
18,660,-0.046,2778
18,661,-0.376,2878
18,662,0.152,3354
18,663,0.299,3370
18,664,-0.059,3147
18,665,0.095,3015
18,666,0.456,3142
18,667,0.765,3335
18,668,0.000,2743
18,669,-0.063,3275
18,670,0.366,3426
18,671,-0.051,3204
18,672,-0.058,2781
18,673,0.599,3106
18,674,-0.049,3004
18,675,0.108,2651
18,676,-0.365,3131
18,677,-0.144,2971
18,678,-0.047,3179
18,679,1.020,3796
18,680,-0.109,3253
18,681,0.155,2785
18,682,-0.321,3123
18,683,-0.249,2767
18,684,-0.166,2728
18,685,0.388,3098
18,686,0.197,3527
18,687,0.447,3318
18,688,0.398,2985
18,689,0.393,3239
18,690,-0.357,3000
18,691,-0.512,3561
18,692,-0.031,3439
18,693,-0.378,3033
18,694,0.303,3467
18,695,-0.043,2688
18,696,-0.193,3164
18,697,-0.172,3113
18,698,0.185,3277
18,699,0.073,3419
18,700,0.149,2697
18,701,0.234,2907
18,702,-0.746,3494
18,703,0.553,3560
18,704,0.763,3786
18,705,-0.100,3194
18,706,0.867,3673
18,707,0.487,3394
18,708,-0.714,3122
18,709,0.171,3012
18,710,-0.287,3393
18,711,-0.087,3127
18,712,0.571,3384
18,713,-0.372,2933
18,714,0.490,3707
18,715,0.138,2854
18,716,0.228,3208
18,717,-0.022,2938
18,718,0.071,2734
18,719,-0.380,3691
18,720,-0.433,3072
18,721,-0.068,3172
18,722,-0.616,3111
18,723,0.150,3446
18,724,0.053,3220
18,725,0.488,3213
18,726,0.968,3568
18,727,0.288,3061
18,728,-1.199,4239
18,729,-0.162,3418
18,730,0.111,2831
18,731,0.250,2932
18,732,0.166,2850
18,733,0.831,3415
18,734,0.362,3331
18,735,0.057,2697
18,736,0.225,3071
18,737,0.091,3162
18,738,0.030,2992
18,739,0.091,2912
18,740,-0.452,3564
18,741,0.165,3140
18,742,0.722,3870
18,743,-0.008,3214
18,744,-0.173,2937
18,745,0.334,3537
18,746,0.781,3240
18,747,0.223,2748
18,748,0.768,3919
18,749,0.191,2999
18,750,0.367,3331
18,751,0.057,2630
18,752,-0.190,2932
18,753,0.005,2931
18,754,0.310,3086
18,755,-0.052,3049
18,756,0.921,3753
18,757,-0.024,2835
18,758,-0.490,3504
18,759,-0.176,3472
18,760,-0.195,3251
18,761,0.547,3424
18,762,0.792,3696
18,763,-0.508,3146
18,764,0.127,2812
18,765,0.634,3275
18,766,0.792,3962
18,767,-0.368,3356
18,768,-0.419,2921
18,769,-0.564,3846
18,770,0.326,2901
18,771,-0.090,3361
18,772,-0.098,3339
18,773,0.143,3307
18,774,0.141,3300
18,775,-0.392,3392
18,776,0.087,3103
18,777,-0.562,3834
18,778,-0.284,3235
18,779,-0.290,3065
18,780,0.400,2879
18,781,0.317,3336
18,782,-0.203,2921
18,783,0.102,3156
18,784,0.158,2962
18,785,-0.658,3557
18,786,-0.099,3465
18,787,0.417,3370
18,788,0.003,3389
18,789,-0.081,2984
18,790,0.269,2872
18,791,0.123,3355
18,792,0.413,3139
18,793,-0.299,3596
18,794,0.164,3464
18,795,-0.116,2752
18,796,-0.209,2767
18,797,0.618,3571
18,798,0.156,3157
18,799,-0.760,3966
18,800,-0.637,3138
18,801,0.581,3482
18,802,0.918,3449
18,803,-0.165,2985
18,804,-0.085,3479
18,805,0.029,2885
18,806,-0.088,2872
18,807,0.305,3191
18,808,-0.581,3749
18,809,-0.531,3160
18,810,-0.021,3236
18,811,-0.050,3303
18,812,-0.356,3033
18,813,0.136,3228
18,814,0.313,3276
18,815,-0.102,3190
18,816,0.442,3748
18,817,0.210,2752
18,818,-0.222,3084
18,819,0.704,3124
18,820,-0.640,3343
18,821,0.090,3080
18,822,-0.145,3316
18,823,-0.387,3600
18,824,-0.660,3798
18,825,0.233,3319
18,826,-0.475,3306
18,827,-0.271,2781
18,828,-0.485,3058
18,829,0.049,2655
18,830,-0.176,3380
18,831,-0.280,3514
18,832,0.709,3143
18,833,-0.326,3617
18,834,0.387,3717
18,835,0.197,3192
18,836,0.079,2915
18,837,0.355,3566
18,838,-0.495,3797
18,839,-0.527,3536
18,840,-0.016,2899
18,841,0.069,2782
18,842,-0.059,3265
18,843,0.033,2834
18,844,-0.454,3546
18,845,-0.519,3168
18,846,-0.118,2889
18,847,0.496,3741
18,848,-0.235,3541
18,849,-0.163,3356
18,850,-0.165,3003
18,851,0.385,3075
18,852,0.085,3434
18,853,-0.626,3228
18,854,-0.045,3455
18,855,0.135,2696
18,856,0.085,3394
18,857,0.404,3103
18,858,-0.027,2657
18,859,-0.201,3015
18,860,-0.852,4069
18,861,0.452,3763
18,862,0.132,3203
18,863,0.432,3738
18,864,0.015,3404
18,865,0.249,3170
18,866,-0.579,3194
18,867,0.125,2917
18,868,0.173,2846
18,869,0.197,2768
18,870,-0.522,3630
18,871,-0.253,3135
18,872,-0.060,2685
18,873,-0.187,3435
18,874,-0.380,3090
18,875,1.171,4224
18,876,-0.279,3116
18,877,0.564,3407
18,878,-0.601,3824
18,879,-0.017,3408
18,880,-0.073,2812
18,881,0.220,2849
18,882,0.173,3102
18,883,0.564,3606
18,884,-0.276,3363
18,885,-0.508,3389
18,886,0.757,3859
18,887,-0.824,3223
18,888,-0.333,3256
18,889,-0.316,2861
18,890,0.106,3079
18,891,0.388,3008
18,892,0.592,3635
18,893,0.361,3412
18,894,-0.276,3323
18,895,-0.456,3559
18,896,-1.048,3889
18,897,0.158,3233
18,898,0.027,3079
18,899,-0.215,3560
18,900,0.035,3439
18,901,0.235,2773
18,902,-0.059,3327
18,903,-0.977,4068
18,904,-0.819,3211
18,905,-0.443,2948
18,906,-0.052,2806
18,907,0.567,3359
18,908,-0.816,3841
18,909,-0.022,2916
18,910,0.189,2831
18,911,0.308,3509
18,912,0.081,2981
18,913,0.022,3264
18,914,-1.024,4202
18,915,-0.503,3444
18,916,0.598,3137
18,917,-0.209,3080
18,918,0.087,2702
18,919,0.180,3134
18,920,0.389,3416
18,921,-0.602,3606
18,922,-0.066,2708
18,923,0.239,2891
18,924,-0.332,3177
18,925,0.010,3276
18,926,0.146,3357
18,927,-0.267,3283
18,928,0.625,3100
18,929,0.664,3446
18,930,-0.183,3525
18,931,0.826,3308
18,932,-0.254,3452
18,933,-0.126,2950
18,934,0.520,3234
18,935,-0.143,3300
18,936,0.254,2980
18,937,-1.094,3782
18,938,0.122,2805
18,939,0.149,3107
18,940,0.134,3331
18,941,0.711,3927
18,942,0.083,2928
18,943,-0.270,3419
18,944,-0.048,3284
18,945,-0.267,3322
18,946,1.272,3945
18,947,-0.347,3501
18,948,-0.511,3426
18,949,0.620,3541
18,950,-1.010,3721
18,951,0.027,2699
18,952,0.261,2866
18,953,-0.311,3012
18,954,-0.353,3493
18,955,-0.860,3337
18,956,-0.048,2842
18,957,0.142,3206
18,958,0.188,2875
18,959,-0.550,3241
18,960,-0.092,3036
18,961,0.345,3110
18,962,-0.423,3385
18,963,0.351,3249
18,964,-0.344,3147
18,965,0.547,3653
18,966,-0.266,3270
18,967,-0.159,2731
18,968,-0.269,3617
18,969,0.516,3164
18,970,-0.719,3369
18,971,0.366,2920
18,972,0.321,3557
18,973,-0.234,3231
18,974,-0.296,3121
18,975,-0.393,3709
18,976,0.375,3441
18,977,0.230,3151
18,978,0.913,3421
18,979,-0.205,3120
18,980,-0.002,2997
18,981,-0.532,3206
18,982,-0.279,3249
18,983,-0.087,3408
18,984,-0.009,3079
18,985,-0.527,3698
18,986,0.404,2969
18,987,-0.057,2668
18,988,-0.763,3208
18,989,0.300,2832
18,990,0.935,3707
18,991,0.205,3249
18,992,0.369,3339
18,993,-0.340,3680
18,994,-0.701,3694
18,995,-0.204,3360
18,996,-0.325,3236
18,997,-0.667,3289
18,998,-0.208,3523
18,999,0.599,3771
18,1000,-0.023,2680
18,1001,-0.193,3132
18,1002,-0.252,3225
18,1003,0.139,3022
18,1004,0.287,3630
18,1005,0.188,3307
18,1006,0.440,3424
18,1007,0.000,2954
18,1008,0.798,3268
18,1009,-0.116,2852
18,1010,-0.194,3407
18,1011,-0.176,3454
18,1012,0.179,3051
18,1013,0.374,3222
18,1014,0.322,2853
18,1015,0.611,3568
18,1016,0.767,3287
18,1017,-0.431,3566
18,1018,0.745,3945
18,1019,0.227,3577
18,1020,-0.826,3251
18,1021,-0.073,3314
18,1022,0.058,3131
18,1023,0.261,2808
18,1024,-0.192,3402
18,1025,0.107,3196
18,1026,0.274,2998
18,1027,0.328,3131
18,1028,-0.329,3315
18,1029,-0.257,3328
18,1030,0.670,3453
18,1031,0.367,2888
18,1032,0.219,2907
18,1033,0.130,2993
18,1034,-0.148,2847
18,1035,0.076,3052
18,1036,0.123,3493
18,1037,-0.099,2744
18,1038,0.367,3639
18,1039,-0.042,3355
18,1040,1.049,3839
18,1041,-0.445,3459
18,1042,-0.310,2912
18,1043,0.622,3419
18,1044,0.065,2806
18,1045,-0.360,3078
18,1046,-0.077,3294
18,1047,0.025,2734
18,1048,0.507,3234
18,1049,-0.514,3505
18,1050,0.227,3440
18,1051,0.088,3465
18,1052,0.168,3321
18,1053,0.471,3081
18,1054,0.528,3651
18,1055,0.123,2881
18,1056,0.120,3109
18,1057,-0.572,3331
18,1058,0.186,2820
18,1059,0.113,3244
18,1060,0.085,3403
18,1061,-0.057,3329
18,1062,0.279,3430
18,1063,0.054,2880
18,1064,-0.494,3720
18,1065,-0.401,3135
18,1066,-0.557,3818
18,1067,0.439,3182
18,1068,0.327,3484
18,1069,0.023,3366
18,1070,-1.000,4031
18,1071,-0.556,3219
18,1072,0.030,2607
18,1073,-0.639,3449
18,1074,-1.137,3764
18,1075,-0.533,3084
18,1076,-0.182,3090
18,1077,0.058,2639
18,1078,0.170,3221
18,1079,0.276,3537
18,1080,0.352,3609
18,1081,-0.167,2743
18,1082,0.475,3229
18,1083,-0.561,3842
18,1084,-0.488,3589
18,1085,-0.399,2966
18,1086,0.322,3571
18,1087,0.283,3448
18,1088,0.322,3213
18,1089,-0.084,3200
18,1090,-0.160,2843
18,1091,-0.267,2912
18,1092,0.031,2928
18,1093,0.038,3223
18,1094,-0.402,3680
18,1095,0.521,3545
18,1096,0.838,3415
18,1097,0.022,2967
18,1098,0.148,2691
18,1099,0.859,3973
18,1100,0.373,2894
18,1101,1.357,3845
18,1102,-0.540,3296
18,1103,-0.320,3468
18,1104,-0.459,3193
18,1105,0.032,2724
18,1106,-0.169,3505
18,1107,0.121,2993
18,1108,0.472,3259
18,1109,0.092,3349
18,1110,-0.334,3009
18,1111,0.207,2917
18,1112,-0.083,3173
18,1113,-0.187,3130
18,1114,-0.018,3105
18,1115,0.409,3505
18,1116,-0.512,3661
18,1117,-0.132,3124
18,1118,0.419,3319
18,1119,0.378,2992
18,1120,0.543,3560
18,1121,-0.263,3004
18,1122,0.735,3774
18,1123,-0.549,3170
18,1124,-0.509,3240
18,1125,-0.301,3375
18,1126,0.717,3485
18,1127,0.227,3511
18,1128,0.017,3307
18,1129,-0.573,3718
18,1130,-0.078,2868
18,1131,0.128,3452
18,1132,0.128,3369
18,1133,-0.230,3160
18,1134,-0.459,2927
18,1135,0.250,2937
18,1136,0.108,2949
18,1137,0.371,3023
18,1138,1.170,4314
18,1139,0.390,3151
18,1140,-0.648,3533
18,1141,0.259,3232
18,1142,0.434,3279
18,1143,0.034,3147
18,1144,0.161,2892
18,1145,0.540,3298
18,1146,-0.469,3421
18,1147,0.080,2954
18,1148,-0.237,2817
18,1149,0.292,3545
18,1150,0.203,3175
18,1151,0.332,2834
18,1152,-0.095,3308
18,1153,0.432,3737
18,1154,-0.034,3417
18,1155,-0.108,3121
18,1156,0.630,3619
18,1157,-0.024,2727
18,1158,0.973,3486
18,1159,0.300,3317
18,1160,0.051,2781
18,1161,-0.074,3433
18,1162,0.066,2729
18,1163,0.272,3098
18,1164,0.096,3432
18,1165,-0.180,2800
18,1166,-0.006,2599
18,1167,-0.096,3475
18,1168,-0.258,3429
18,1169,0.211,3366
18,1170,-0.033,3043
18,1171,0.444,3583
18,1172,-0.460,3175
18,1173,0.687,3702
18,1174,0.036,3168
18,1175,-0.616,3254
18,1176,-0.676,3776
18,1177,0.156,2923
18,1178,0.189,2949
18,1179,0.558,3473
18,1180,0.145,3362
18,1181,0.246,3439
18,1182,0.003,3322
18,1183,-0.617,3359
18,1184,-0.193,3358
18,1185,0.226,3352
18,1186,0.575,3276
18,1187,0.198,3483
18,1188,0.312,2867
18,1189,0.123,3073
18,1190,0.851,4036
18,1191,0.409,3234
18,1192,0.940,3544
18,1193,0.504,3171
18,1194,-0.103,3003
18,1195,-0.211,3249
18,1196,0.172,3441
18,1197,0.781,3926
18,1198,0.133,3098
18,1199,-0.378,3548
18,1200,0.640,3444
18,1201,0.006,3141
18,1202,0.141,2861
18,1203,-0.213,3343
18,1204,0.358,3341
18,1205,0.223,2830
18,1206,-0.150,3469
18,1207,0.382,3200
18,1208,0.146,3417
18,1209,-0.285,3569
18,1210,1.236,3716
18,1211,0.282,3287
18,1212,-0.389,3411
18,1213,0.149,3340
18,1214,-0.255,3361
18,1215,-0.178,3064
18,1216,-0.253,2836
18,1217,-0.395,2890
18,1218,-0.504,3088
18,1219,-0.066,2801
18,1220,-0.750,3578
18,1221,0.119,2673
18,1222,-0.572,3294
18,1223,0.172,3243
18,1224,-0.434,3350
18,1225,-0.105,2793
18,1226,0.602,3305
18,1227,0.008,3373
18,1228,0.083,3239
18,1229,0.338,3365
18,1230,-0.222,3461
18,1231,0.650,3467
18,1232,0.122,2746
18,1233,-0.260,3245
18,1234,-0.146,2686
18,1235,-0.235,2949
18,1236,0.394,3102
18,1237,-0.542,3536
18,1238,-0.419,3048
18,1239,0.234,2923
18,1240,0.374,3536
18,1241,-0.491,3154
18,1242,0.032,2775
18,1243,0.009,2646
18,1244,-0.226,3472
18,1245,-0.643,3175
18,1246,0.008,2738
18,1247,-0.141,3061
18,1248,-0.241,2755
18,1249,-0.416,2997
18,1250,-0.814,3714
18,1251,0.309,3191
18,1252,0.095,2898
18,1253,-0.728,3154
18,1254,-0.137,2876
18,1255,-0.061,3345
18,1256,-0.139,3112
18,1257,0.011,2670
18,1258,0.036,2668
18,1259,-0.196,2848
18,1260,-0.701,3343
18,1261,0.055,3264
18,1262,-0.227,3429
18,1263,-0.410,3499
18,1264,0.579,3638
18,1265,-0.016,3251
18,1266,-0.013,3362
18,1267,0.167,3114
18,1268,0.170,3138
18,1269,0.234,3080
18,1270,-0.408,3445
18,1271,-0.544,3103
18,1272,0.114,3079
18,1273,0.272,3093
18,1274,-0.420,3367
18,1275,-0.582,3854
18,1276,0.603,3102
18,1277,0.154,2703
18,1278,0.332,2948
18,1279,0.128,3319
18,1280,-0.009,3118
18,1281,-0.210,3433
18,1282,0.605,3259
18,1283,-0.093,2736
18,1284,-0.649,3766
18,1285,-0.239,3398
18,1286,0.449,3682
18,1287,0.057,3194
18,1288,0.836,3701
18,1289,-0.214,2892
18,1290,0.618,3198
18,1291,-0.079,3144
18,1292,-0.195,3540
18,1293,0.112,3018
18,1294,-0.771,3527
18,1295,0.316,3663
18,1296,-0.282,3252
18,1297,-0.185,2956
18,1298,-0.065,3431
18,1299,-0.715,3406
18,1300,-0.125,2673
18,1301,0.146,3433
18,1302,0.392,3032
18,1303,0.695,3665
18,1304,0.132,2765
18,1305,-0.089,3110
18,1306,-0.515,3080
18,1307,0.363,2967
18,1308,-0.498,3573
18,1309,0.283,2945
18,1310,0.151,3511
18,1311,-0.173,3222
18,1312,0.099,2935
18,1313,0.560,3149
18,1314,0.473,3025
18,1315,-0.944,3590
18,1316,-0.030,3439
18,1317,-0.741,3180
18,1318,-0.214,3501
18,1319,-0.251,2929
18,1320,0.151,3185
18,1321,0.205,3115
18,1322,-0.036,3286
18,1323,-0.154,3424
18,1324,0.671,3403
18,1325,-0.153,3228
18,1326,0.188,3319
18,1327,-0.393,3605
18,1328,0.613,3383
18,1329,-0.693,3567
18,1330,-0.955,4117
18,1331,0.070,2699
18,1332,0.330,3598
18,1333,-0.536,3059
18,1334,0.240,3520
18,1335,-0.720,3894
18,1336,-0.021,3152
18,1337,0.068,2733
18,1338,0.222,3400
18,1339,-0.451,3387
18,1340,-0.964,3743
18,1341,0.194,2920
18,1342,0.930,3913
18,1343,-0.430,3532
18,1344,0.579,3675
18,1345,-0.412,3462
18,1346,0.520,3473
18,1347,0.373,3586
18,1348,-0.050,3316
18,1349,0.083,3006
18,1350,-0.280,3532
18,1351,0.430,2967
18,1352,0.344,3288
18,1353,0.155,3423
18,1354,-0.043,2874
18,1355,-0.154,2992
18,1356,-0.083,2730
18,1357,-0.094,3146
18,1358,-0.091,2743
18,1359,0.058,2923
18,1360,-0.430,3338
18,1361,0.034,2853
18,1362,-0.204,3015
18,1363,-0.495,3737
18,1364,0.173,2984
18,1365,0.619,3101
18,1366,-0.099,3046
18,1367,0.172,2916
18,1368,-0.094,2729
18,1369,-0.038,3344
18,1370,0.285,3339
18,1371,0.002,3173
18,1372,0.203,3326
18,1373,-0.201,3160
18,1374,0.563,3573
18,1375,-0.057,2740
18,1376,-0.059,2935
18,1377,-0.309,3095
18,1378,-0.208,2727
18,1379,-0.181,3376
18,1380,0.247,3159
18,1381,0.058,2625
18,1382,0.513,3234
18,1383,0.443,3119
18,1384,0.187,3187
18,1385,-0.614,3872
18,1386,0.067,3228
18,1387,0.494,3626
18,1388,-0.303,3031
18,1389,-0.319,3274
18,1390,0.340,3217
18,1391,-0.220,2738
18,1392,-0.092,2653
18,1393,-0.237,2864
18,1394,-0.696,3557
18,1395,-0.465,2994
18,1396,0.227,3047
18,1397,0.513,3092
18,1398,0.082,3179
18,1399,0.072,3031
18,1400,-0.556,3066
18,1401,0.786,3446
18,1402,-0.292,3128
18,1403,0.601,3870
18,1404,-0.552,3227
18,1405,0.575,3711
18,1406,-0.021,3258
18,1407,-0.005,3007
18,1408,0.356,3301
18,1409,-1.145,3941
18,1410,-0.038,2974
18,1411,0.465,3502
18,1412,-0.325,3025
18,1413,-0.429,3710
18,1414,0.519,3672
18,1415,-0.128,2966
18,1416,-0.120,3157
18,1417,-0.378,2909
18,1418,-0.726,3537
18,1419,0.238,3550
18,1420,0.034,2675
18,1421,0.302,3576
18,1422,-0.168,3075
18,1423,0.182,3047
18,1424,-0.377,3031
18,1425,-0.584,3687
18,1426,0.400,3726
18,1427,0.276,2971
18,1428,-0.150,3081
18,1429,0.108,3276
18,1430,0.372,2857
18,1431,0.424,2948
18,1432,0.146,2879
18,1433,-0.290,2937
18,1434,0.845,4068
18,1435,0.135,2696
18,1436,-0.021,3093
18,1437,-0.102,3443
18,1438,-0.554,3843
18,1439,-0.088,3159
18,1440,0.250,3607
19,1,-1.951,1711
19,2,0.249,1288
19,3,-0.744,1325
19,4,0.500,1222
19,5,0.000,1182
19,6,0.249,1306
19,7,-0.496,1124
19,8,-0.499,1541
19,9,-0.501,1188
19,10,0.504,1330
19,11,0.501,1220
19,12,-0.249,1236
19,13,-1.750,1733
19,14,-0.763,1434
19,15,-1.538,1481
19,16,0.260,1299
19,17,-0.779,1326
19,18,-0.785,1267
19,19,-0.528,1406
19,20,0.265,1207
19,21,-0.265,1118
19,22,0.000,1370
19,23,0.796,1468
19,24,-1.053,1636
19,25,-0.266,1354
19,26,-0.267,1250
19,27,0.000,1095
19,28,0.802,1376
19,29,-0.265,1416
19,30,1.330,1480
19,31,-0.262,1221
19,32,0.526,1318
19,33,-0.262,1275
19,34,0.525,1303
19,35,-0.522,1501
19,36,1.050,1508
19,37,-0.779,1508
19,38,-0.262,1390
19,39,0.787,1482
19,40,0.781,1381
19,41,0.517,1342
19,42,-0.771,1284
19,43,0.000,1339
19,44,0.259,1408
19,45,-2.584,2008
19,46,0.265,1290
19,47,0.000,1022
19,48,0.265,1269
19,49,1.583,1601
19,50,-1.039,1418
19,51,0.525,1371
19,52,-0.522,1324
19,53,-0.525,1295
19,54,-0.528,1370
19,55,-1.061,1643
19,56,-0.268,1250
19,57,1.075,1644
19,58,1.330,1530
19,59,1.837,1881
19,60,-0.258,1228
19,61,0.000,1349
19,62,0.258,1288
19,63,0.515,1324
19,64,0.769,1398
19,65,0.000,1263
19,66,0.763,1284
19,67,0.758,1380
19,68,0.752,1502
19,69,0.000,1098
19,70,0.000,1346
19,71,0.498,1399
19,72,0.000,1158
19,73,-0.495,1165
19,74,0.000,1268
19,75,0.746,1420
19,76,-0.494,1487
19,77,-0.496,1443
19,78,-1.496,1487
19,79,0.506,1283
19,80,-1.511,1608
19,81,0.512,1372
19,82,-0.509,1283
19,83,-1.023,1584
19,84,-1.034,1409
19,85,-1.305,1779
19,86,-0.265,1206
19,87,-1.061,1628
19,88,0.268,1401
19,89,0.000,1059
19,90,-1.070,1445
19,91,-0.811,1582
19,92,-0.272,1312
19,93,1.913,1604
19,94,0.804,1307
19,95,0.532,1413
19,96,0.794,1560
19,97,-0.262,1334
19,98,-0.263,1339
19,99,0.000,1287
19,100,-1.055,1503
19,101,0.000,1319
19,102,-0.533,1421
19,103,1.340,1623
19,104,2.910,2241
19,105,-0.257,1358
19,106,-0.258,1110
19,107,0.000,1384
19,108,-0.258,1340
19,109,0.518,1268
19,110,1.289,1575
19,111,0.763,1225
19,112,0.505,1501
19,113,0.000,1258
19,114,0.503,1294
19,115,-0.500,1396
19,116,0.503,1470
19,117,-1.500,1620
19,118,0.000,1088
19,119,0.508,1319
19,120,0.000,1183
19,121,-0.253,1173
19,122,0.759,1478
19,123,0.503,1362
19,124,-1.750,1692
19,125,-1.527,1679
19,126,-0.258,1283
19,127,1.295,1468
19,128,-1.023,1577
19,129,-0.517,1332
19,130,0.519,1465
19,131,-0.258,1297
19,132,0.777,1345
19,133,-0.514,1381
19,134,0.775,1304
19,135,0.256,1355
19,136,-0.767,1508
19,137,1.289,1460
19,138,-1.781,1727
19,139,-0.777,1469
19,140,0.522,1133
19,141,-1.818,1605
19,142,1.587,1772
19,143,0.781,1353
19,144,0.517,1226
19,145,-0.514,1361
19,146,1.034,1511
19,147,-1.535,1578
19,148,-1.039,1453
19,149,-0.787,1424
19,150,-2.116,1647
19,151,0.000,1278
19,152,-0.811,1395
19,153,0.272,1181
19,154,-1.359,1488
19,155,1.653,1681
19,156,-2.439,2027
19,157,-0.278,1219
19,158,-0.279,1351
19,159,-1.117,1528
19,160,-0.282,1194
19,161,1.416,1834
19,162,-1.676,1652
19,163,-2.841,1890
19,164,0.000,1269
19,165,0.585,1443
19,166,1.163,1578
19,167,0.000,1277
19,168,-0.287,1344
19,169,0.576,1419
19,170,0.573,1363
19,171,-0.855,1476
19,172,-0.575,1242
19,173,-0.867,1498
19,174,-1.166,1522
19,175,-0.590,1447
19,176,1.187,1769
19,177,0.293,1186
19,178,1.462,1484
19,179,-2.017,1602
19,180,0.882,1424
19,181,0.292,1213
19,182,0.872,1529
19,183,0.000,1230
19,184,0.000,1274
19,185,-0.865,1325
19,186,1.453,1512
19,187,-1.433,1587
19,188,1.453,1542
19,189,-0.860,1291
19,190,-0.578,1496
19,191,-1.744,1844
19,192,-0.888,1431
19,193,0.299,1396
19,194,0.595,1281
19,195,0.296,1424
19,196,0.885,1507
19,197,-0.585,1375
19,198,0.588,1209
19,199,0.877,1482
19,200,0.000,1114
19,201,-0.580,1431
19,202,1.166,1578
19,203,0.000,1067
19,204,0.288,1437
19,205,-0.287,1415
19,206,-1.153,1705
19,207,-1.749,1716
19,208,-1.187,1451
19,209,-1.201,1661
19,210,2.128,1620
19,211,1.786,1604
19,212,0.292,1178
19,213,0.292,1449
19,214,0.291,1165
19,215,0.000,1089
19,216,0.000,1284
19,217,0.870,1392
19,218,0.575,1480
19,219,-1.143,1689
19,220,0.000,1273
19,221,0.289,1351
19,222,0.000,1202
19,223,-0.865,1450
19,224,-0.291,1155
19,225,0.000,1188
19,226,-0.875,1422
19,227,-1.176,1572
19,228,1.190,1677
19,229,-0.294,1194
19,230,0.885,1561
19,231,0.585,1479
19,232,-0.872,1548
19,233,-1.173,1630
19,234,1.187,1658
19,235,-1.173,1401
19,236,1.187,1499
19,237,0.293,1175
19,238,1.170,1556
19,239,0.867,1404
19,240,0.860,1407
19,241,-1.136,1469
19,242,0.287,1174
19,243,-1.433,1748
19,244,-0.581,1299
19,245,-1.170,1471
19,246,-1.183,1455
19,247,-0.898,1635
19,248,-1.813,1719
19,249,-0.308,1176
19,250,1.235,1468
19,251,0.305,1245
19,252,-0.608,1202
19,253,1.223,1430
19,254,0.302,1243
19,255,-0.904,1518
19,256,-0.304,1163
19,257,-0.610,1505
19,258,-0.307,1272
19,259,0.308,1384
19,260,0.920,1480
19,261,0.912,1526
19,262,0.602,1169
19,263,0.599,1485
19,264,2.381,1772
19,265,0.000,1235
19,266,0.000,1103
19,267,2.326,1814
19,268,-0.284,1097
19,269,0.000,1259
19,270,0.285,1269
19,271,-2.273,1912
19,272,1.163,1512
19,273,-0.287,1247
19,274,0.288,1363
19,275,-1.724,1805
19,276,0.000,1111
19,277,0.292,1157
19,278,0.292,1426
19,279,0.000,1038
19,280,-1.163,1616
19,281,-0.882,1406
19,282,0.000,1112
19,283,0.890,1566
19,284,0.294,1076
19,285,-0.587,1285
19,286,0.885,1496
19,287,-0.585,1413
19,288,0.000,1057
19,289,1.176,1471
19,290,0.581,1201
19,291,0.578,1564
19,292,-0.575,1508
19,293,1.156,1499
19,294,1.429,1752
19,295,-0.282,1275
19,296,-0.565,1132
19,297,-1.136,1586
19,298,1.149,1381
19,299,1.136,1402
19,300,0.281,1148
19,301,-0.840,1542
19,302,-1.695,1695
19,303,0.287,1093
19,304,1.146,1372
19,305,0.283,1194
19,306,1.130,1595
19,307,1.676,1706
19,308,1.648,1611
19,309,-0.541,1374
19,310,0.543,1539
19,311,0.000,1140
19,312,-0.541,1544
19,313,-0.272,1107
19,314,-1.090,1481
19,315,0.275,1205
19,316,1.099,1504
19,317,0.272,1333
19,318,0.542,1347
19,319,0.000,1187
19,320,-0.270,1246
19,321,0.811,1279
19,322,-0.536,1307
19,323,0.539,1429
19,324,1.072,1692
19,325,-1.326,1527
19,326,1.075,1550
19,327,0.532,1165
19,328,0.794,1382
19,329,0.000,1232
19,330,2.362,1749
19,331,-0.513,1308
19,332,0.258,1202
19,333,-1.542,1780
19,334,-0.261,1434
19,335,0.262,1236
19,336,1.044,1440
19,337,-0.258,1335
19,338,-1.813,1566
19,339,1.319,1449
19,340,0.521,1287
19,341,-0.518,1199
19,342,0.260,1137
19,343,-0.260,1374
19,344,1.302,1536
19,345,-1.542,1662
19,346,-0.261,1290
19,347,-0.785,1534
19,348,-1.847,1799
19,349,-0.269,1188
19,350,-1.348,1525
19,351,1.093,1697
19,352,1.081,1571
19,353,-0.802,1248
19,354,-0.809,1464
19,355,-1.630,1792
19,356,-0.552,1496
19,357,0.278,1208
19,358,1.662,1592
19,359,-0.817,1341
19,360,-1.648,1440
19,361,0.559,1307
19,362,-2.500,1839
19,363,0.855,1353
19,364,-0.565,1299
19,365,0.000,1297
19,366,0.568,1238
19,367,0.847,1409
19,368,-0.560,1222
19,369,0.563,1447
19,370,0.000,1320
19,371,-0.280,1354
19,372,-0.562,1185
19,373,-0.847,1593
19,374,-0.855,1479
19,375,0.000,1284
19,376,-0.287,1191
19,377,-0.865,1508
19,378,-1.744,1674
19,379,-0.888,1547
19,380,0.299,1239
19,381,0.893,1452
19,382,0.295,1126
19,383,-1.176,1553
19,384,-0.298,1176
19,385,0.597,1505
19,386,-0.297,1237
19,387,0.298,1223
19,388,1.780,1700
19,389,0.583,1271
19,390,0.580,1348
19,391,2.017,1629
19,392,-0.847,1308
19,393,-0.285,1266
19,394,0.286,1222
19,395,-0.855,1415
19,396,-2.011,1988
19,397,0.000,1176
19,398,-1.173,1615
19,399,0.593,1249
19,400,-0.885,1516
19,401,1.190,1749
19,402,1.176,1598
19,403,-0.581,1469
19,404,0.585,1324
19,405,0.291,1203
19,406,0.290,1279
19,407,0.000,1143
19,408,0.867,1350
19,409,1.146,1630
19,410,-0.567,1265
19,411,0.285,1174
19,412,-1.420,1701
19,413,0.000,1210
19,414,-1.729,1813
19,415,0.293,1347
19,416,-0.292,1424
19,417,0.000,1320
19,418,0.880,1440
19,419,0.581,1430
19,420,0.000,1078
19,421,-0.578,1527
19,422,-0.872,1334
19,423,0.000,1225
19,424,0.293,1102
19,425,2.047,1769
19,426,0.000,1288
19,427,0.287,1245
19,428,-0.571,1291
19,429,-1.724,1612
19,430,-1.170,1634
19,431,-0.296,1351
19,432,-0.593,1302
19,433,-0.896,1260
19,434,-0.301,1266
19,435,-1.813,1722
19,436,-0.615,1287
19,437,0.310,1135
19,438,1.543,1733
19,439,-1.216,1514
19,440,0.308,1273
19,441,-1.534,1555
19,442,1.246,1616
19,443,0.615,1486
19,444,0.000,1139
19,445,1.223,1358
19,446,2.719,1837
19,447,-0.588,1402
19,448,0.296,1300
19,449,0.295,1398
19,450,-0.294,1176
19,451,0.295,1282
19,452,1.471,1615
19,453,-1.739,1691
19,454,1.180,1405
19,455,-1.166,1565
19,456,1.180,1378
19,457,0.875,1449
19,458,-0.289,1268
19,459,1.449,1466
19,460,-1.143,1423
19,461,0.578,1339
19,462,0.000,1095
19,463,0.000,1301
19,464,0.000,1198
19,465,0.287,1307
19,466,2.292,1741
19,467,-0.280,1319
19,468,0.562,1256
19,469,0.838,1399
19,470,-0.831,1346
19,471,1.117,1494
19,472,0.552,1338
19,473,-0.275,1388
19,474,1.377,1398
19,475,-1.630,1560
19,476,0.276,1117
19,477,0.275,1309
19,478,0.000,1336
19,479,-1.923,1668
19,480,-0.560,1539
19,481,0.000,1139
19,482,-0.563,1322
19,483,-1.700,1752
19,484,0.576,1361
19,485,0.000,1166
19,486,-0.860,1308
19,487,0.289,1347
19,488,-1.153,1431
19,489,0.583,1414
19,490,-0.290,1228
19,491,-0.581,1247
19,492,-0.585,1419
19,493,1.176,1589
19,494,0.291,1240
19,495,-1.449,1718
19,496,0.000,1252
19,497,0.294,1363
19,498,0.293,1184
19,499,-0.877,1460
19,500,0.000,1158
19,501,0.000,1054
19,502,0.590,1407
19,503,-0.587,1230
19,504,0.590,1454
19,505,0.587,1222
19,506,0.583,1285
19,507,-0.290,1297
19,508,-0.291,1327
19,509,-0.583,1370
19,510,-0.293,1329
19,511,1.176,1552
19,512,0.000,1149
19,513,0.000,1289
19,514,-0.291,1315
19,515,-0.583,1473
19,516,1.173,1395
19,517,-0.870,1310
19,518,0.292,1290
19,519,0.000,1038
19,520,1.166,1487
19,521,-1.441,1428
19,522,0.877,1524
19,523,0.580,1261
19,524,0.865,1232
19,525,0.571,1343
19,526,0.000,1078
19,527,-0.284,1261
19,528,0.855,1401
19,529,-0.282,1377
19,530,-0.283,1378
19,531,0.284,1313
19,532,-0.567,1199
19,533,1.425,1599
19,534,-0.843,1351
19,535,0.283,1219
19,536,0.000,1197
19,537,0.565,1354
19,538,-0.562,1550
19,539,-0.565,1332
19,540,-0.568,1399
19,541,-1.143,1507
19,542,-1.156,1384
19,543,0.292,1470
19,544,1.166,1495
19,545,-1.729,1575
19,546,0.293,1367
19,547,0.585,1559
19,548,0.291,1071
19,549,-0.580,1275
19,550,-0.583,1471
19,551,-0.880,1416
19,552,-0.592,1318
19,553,0.298,1322
19,554,-0.593,1488
19,555,-0.597,1453
19,556,1.201,1634
19,557,0.297,1212
19,558,1.183,1615
19,559,1.462,1740
19,560,-0.865,1596
19,561,-1.744,1841
19,562,1.183,1384
19,563,0.585,1253
19,564,0.581,1465
19,565,-0.578,1323
19,566,0.000,1297
19,567,-0.872,1476
19,568,0.587,1438
19,569,-0.292,1395
19,570,-0.585,1233
19,571,-0.882,1350
19,572,-0.890,1448
19,573,0.599,1361
19,574,-1.190,1513
19,575,1.506,1661
19,576,-1.187,1589
19,577,-1.502,1748
19,578,0.610,1363
19,579,-0.606,1264
19,580,-0.305,1419
19,581,-0.306,1432
19,582,-0.920,1396
19,583,-1.548,1748
19,584,0.000,1339
19,585,-0.629,1247
19,586,0.000,1041
19,587,-0.633,1492
19,588,0.000,1142
19,589,-0.637,1273
19,590,0.000,1323
19,591,0.321,1196
19,592,-1.278,1396
19,593,1.294,1608
19,594,1.278,1518
19,595,0.315,1301
19,596,0.629,1500
19,597,-0.312,1192
19,598,0.313,1342
19,599,-0.312,1088
19,600,-0.313,1352
19,601,-0.943,1513
19,602,-0.635,1384
19,603,0.639,1539
19,604,1.270,1642
19,605,-0.940,1596
19,606,-0.316,1200
19,607,0.635,1307
19,608,-1.893,1604
19,609,-0.643,1512
19,610,-2.589,2001
19,611,1.329,1657
19,612,0.328,1368
19,613,-0.654,1364
19,614,1.645,1512
19,615,-1.942,1904
19,616,1.320,1637
19,617,0.000,1114
19,618,0.326,1161
19,619,1.299,1497
19,620,-0.321,1204
19,621,-1.286,1474
19,622,0.000,1160
19,623,0.326,1177
19,624,-1.948,1754
19,625,1.987,1801
19,626,0.000,1139
19,627,-1.623,1705
19,628,-0.330,1410
19,629,-0.993,1645
19,630,-0.334,1326
19,631,-0.671,1492
19,632,0.676,1241
19,633,0.336,1367
19,634,-1.003,1551
19,635,0.676,1312
19,636,0.671,1487
19,637,-0.333,1117
19,638,0.000,1227
19,639,0.334,1194
19,640,1.000,1436
19,641,0.330,1474
19,642,-0.329,1296
19,643,-0.330,1100
19,644,0.331,1400
19,645,0.000,1038
19,646,-0.660,1571
19,647,0.332,1329
19,648,-0.331,1403
19,649,-0.664,1370
19,650,-0.669,1444
19,651,0.000,1428
19,652,1.010,1685
19,653,0.333,1258
19,654,0.332,1255
19,655,-0.662,1272
19,656,0.000,1395
19,657,1.333,1608
19,658,0.658,1413
19,659,-0.980,1477
19,660,-0.330,1252
19,661,0.662,1298
19,662,0.987,1450
19,663,-0.977,1361
19,664,-0.329,1293
19,665,-0.660,1473
19,666,1.329,1443
19,667,0.656,1499
19,668,0.651,1550
19,669,0.324,1080
19,670,0.323,1276
19,671,0.643,1490
19,672,0.319,1469
19,673,0.000,1235
19,674,0.637,1279
19,675,-0.633,1471
19,676,0.955,1584
19,677,-0.631,1417
19,678,0.317,1198
19,679,1.266,1636
19,680,-0.625,1470
19,681,1.572,1624
19,682,-0.310,1084
19,683,0.000,1177
19,684,0.621,1319
19,685,0.617,1304
19,686,0.613,1244
19,687,-0.610,1359
19,688,-0.920,1491
19,689,-1.858,1921
19,690,0.315,1253
19,691,0.000,1197
19,692,0.314,1216
19,693,0.940,1537
19,694,-0.932,1550
19,695,-1.254,1614
19,696,0.952,1483
19,697,1.258,1419
19,698,0.932,1533
19,699,-0.615,1302
19,700,0.619,1342
19,701,1.231,1442
19,702,0.912,1364
19,703,0.301,1156
19,704,0.300,1127
19,705,-1.198,1426
19,706,0.606,1277
19,707,1.205,1508
19,708,0.298,1081
19,709,-0.890,1365
19,710,-1.198,1423
19,711,0.606,1462
19,712,0.301,1235
19,713,-0.601,1464
19,714,-1.511,1618
19,715,0.000,1201
19,716,0.307,1303
19,717,-0.306,1114
19,718,-1.227,1677
19,719,0.311,1348
19,720,-0.310,1135
19,721,-0.311,1391
19,722,-0.935,1322
19,723,0.629,1369
19,724,1.250,1758
19,725,-0.309,1175
19,726,-0.619,1389
19,727,1.558,1567
19,728,0.307,1227
19,729,0.917,1275
19,730,1.818,1708
19,731,-0.595,1238
19,732,-0.898,1574
19,733,0.604,1368
19,734,0.601,1344
19,735,-0.896,1305
19,736,-0.301,1251
19,737,0.906,1538
19,738,-0.299,1349
19,739,0.601,1202
19,740,-0.597,1462
19,741,-0.300,1388
19,742,-0.904,1422
19,743,0.608,1462
19,744,0.000,1398
19,745,-1.208,1690
19,746,-1.835,1885
19,747,-1.246,1591
19,748,0.315,1259
19,749,0.000,1354
19,750,0.629,1470
19,751,0.625,1506
19,752,-0.621,1314
19,753,0.312,1310
19,754,0.312,1165
19,755,-0.311,1235
19,756,0.000,1086
19,757,0.000,1226
19,758,0.935,1357
19,759,0.000,1172
19,760,0.000,1071
19,761,-0.309,1157
19,762,-0.310,1300
19,763,1.242,1544
19,764,-0.613,1407
19,765,-1.235,1478
19,766,-1.250,1614
19,767,2.215,1670
19,768,-0.929,1384
19,769,-0.625,1515
19,770,-0.314,1204
19,771,0.631,1534
19,772,0.000,1293
19,773,-0.627,1320
19,774,-0.631,1273
19,775,0.317,1199
19,776,0.949,1491
19,777,0.000,1121
19,778,0.627,1511
19,779,-0.623,1341
19,780,-1.567,1600
19,781,0.637,1322
19,782,0.316,1361
19,783,0.946,1436
19,784,0.312,1166
19,785,-1.246,1751
19,786,0.315,1368
19,787,-0.943,1542
19,788,0.000,1188
19,789,-1.270,1626
19,790,0.643,1495
19,791,-0.958,1515
19,792,1.613,1713
19,793,-0.635,1370
19,794,-1.278,1504
19,795,-0.324,1238
19,796,0.974,1514
19,797,0.322,1181
19,798,0.000,1280
19,799,1.603,1572
19,800,0.631,1230
19,801,0.627,1396
19,802,-0.312,1141
19,803,-1.562,1758
19,804,0.317,1272
19,805,-1.266,1364
19,806,1.282,1668
19,807,0.633,1552
19,808,0.629,1358
19,809,0.938,1524
19,810,-0.310,1131
19,811,-0.621,1248
19,812,0.312,1117
19,813,0.000,1162
19,814,-0.623,1411
19,815,-0.940,1418
19,816,0.316,1455
19,817,-0.946,1465
19,818,0.637,1452
19,819,0.633,1479
19,820,-2.201,2029
19,821,-1.608,1821
19,822,0.654,1489
19,823,-0.974,1574
19,824,-0.328,1367
19,825,0.658,1480
19,826,1.307,1426
19,827,1.290,1415
19,828,-0.318,1301
19,829,-1.278,1556
19,830,-0.647,1442
19,831,-0.651,1409
19,832,-0.328,1444
19,833,-0.658,1286
19,834,0.662,1422
19,835,0.000,1123
19,836,0.987,1388
19,837,-1.303,1523
19,838,0.000,1227
19,839,-0.660,1270
19,840,-0.332,1234
19,841,0.333,1130
19,842,-0.332,1250
19,843,0.333,1083
19,844,1.993,1681
19,845,0.000,1084
19,846,-0.977,1422
19,847,0.329,1251
19,848,-0.328,1228
19,849,-0.658,1285
19,850,-1.325,1606
19,851,0.671,1409
19,852,2.000,1725
19,853,0.327,1437
19,854,0.977,1468
19,855,-1.935,1783
19,856,1.645,1658
19,857,-0.647,1426
19,858,0.977,1363
19,859,0.323,1222
19,860,-0.322,1448
19,861,-0.645,1371
19,862,-0.649,1247
19,863,-0.327,1352
19,864,-2.295,1991
19,865,-1.007,1425
19,866,2.034,1742
19,867,0.000,1201
19,868,0.000,1345
19,869,-0.332,1311
19,870,-1.333,1605
19,871,-1.689,1534
19,872,0.000,1391
19,873,-1.031,1373
19,874,0.000,1263
19,875,-0.347,1318
19,876,-0.348,1275
19,877,-1.049,1371
19,878,0.707,1246
19,879,-0.351,1233
19,880,0.704,1420
19,881,0.699,1403
19,882,0.000,1210
19,883,-1.389,1515
19,884,-1.056,1511
19,885,-0.356,1493
19,886,-0.714,1433
19,887,0.360,1330
19,888,-0.358,1100
19,889,-0.360,1352
19,890,-0.361,1182
19,891,0.362,1181
19,892,-1.444,1753
19,893,0.000,1310
19,894,-0.733,1620
19,895,-0.738,1230
19,896,0.743,1266
19,897,0.000,1326
19,898,-1.476,1667
19,899,0.749,1514
19,900,0.000,1124
19,901,0.743,1536
19,902,1.476,1726
19,903,0.000,1241
19,904,1.455,1594
19,905,0.717,1456
19,906,0.356,1335
19,907,0.709,1447
19,908,-0.704,1426
19,909,0.000,1360
19,910,-0.355,1344
19,911,0.712,1493
19,912,-2.120,1945
19,913,0.361,1213
19,914,0.719,1318
19,915,0.000,1222
19,916,-0.714,1285
19,917,0.000,1381
19,918,0.000,1319
19,919,0.360,1200
19,920,-0.717,1425
19,921,1.083,1582
19,922,-0.357,1340
19,923,-2.151,1735
19,924,1.099,1492
19,925,0.000,1346
19,926,0.000,1261
19,927,1.087,1640
19,928,0.358,1109
19,929,0.000,1204
19,930,0.357,1155
19,931,1.068,1523
19,932,0.352,1359
19,933,-1.053,1415
19,934,0.355,1383
19,935,-0.707,1322
19,936,0.000,1383
19,937,-0.356,1213
19,938,-0.714,1336
19,939,-0.719,1356
19,940,-1.449,1587
19,941,0.000,1351
19,942,0.735,1412
19,943,-1.095,1563
19,944,-1.107,1674
19,945,0.373,1318
19,946,0.743,1251
19,947,-1.107,1631
19,948,0.746,1468
19,949,1.111,1577
19,950,0.733,1513
19,951,0.000,1054
19,952,0.000,1353
19,953,0.000,1177
19,954,-0.727,1249
19,955,-0.733,1398
19,956,-0.738,1318
19,957,0.372,1360
19,958,0.741,1354
19,959,0.368,1353
19,960,-0.733,1500
19,961,-0.369,1391
19,962,1.481,1532
19,963,-1.825,1653
19,964,0.372,1351
19,965,-0.370,1327
19,966,-1.487,1591
19,967,0.000,1231
19,968,-1.132,1381
19,969,1.145,1501
19,970,-1.132,1495
19,971,1.145,1477
19,972,-0.755,1526
19,973,-0.760,1395
19,974,0.766,1247
19,975,0.000,1176
19,976,0.380,1419
19,977,1.136,1360
19,978,-0.749,1498
19,979,0.000,1264
19,980,0.755,1274
19,981,0.375,1267
19,982,1.119,1476
19,983,0.738,1410
19,984,-1.832,1909
19,985,1.119,1651
19,986,0.738,1318
19,987,0.000,1351
19,988,1.099,1693
19,989,-0.725,1430
19,990,-0.730,1355
19,991,1.103,1647
19,992,1.455,1621
19,993,0.358,1302
19,994,0.357,1116
19,995,0.356,1209
19,996,0.355,1110
19,997,0.707,1471
19,998,-0.702,1350
19,999,-0.707,1477
19,1000,-0.356,1314
19,1001,0.000,1140
19,1002,0.357,1193
19,1003,-0.712,1255
19,1004,-0.358,1265
19,1005,-0.719,1273
19,1006,-0.362,1302
19,1007,1.091,1400
19,1008,0.360,1377
19,1009,-0.358,1181
19,1010,0.719,1359
19,1011,-0.714,1178
19,1012,0.719,1322
19,1013,1.071,1449
19,1014,1.767,1714
19,1015,-2.431,1697
19,1016,-0.712,1288
19,1017,1.434,1529
19,1018,0.707,1193
19,1019,-1.053,1625
19,1020,0.709,1419
19,1021,1.056,1358
19,1022,-0.348,1460
19,1023,-1.399,1499
19,1024,0.355,1155
19,1025,-0.353,1288
19,1026,-1.064,1551
19,1027,0.358,1165
19,1028,-1.429,1815
19,1029,-0.362,1112
19,1030,-0.727,1439
19,1031,-0.366,1436
19,1032,0.735,1290
19,1033,-0.365,1415
19,1034,1.099,1424
19,1035,1.449,1490
19,1036,-0.357,1104
19,1037,-1.075,1644
19,1038,0.000,1268
19,1039,0.000,1203
19,1040,0.725,1380
19,1041,-0.719,1334
19,1042,-1.087,1649
19,1043,-1.465,1409
19,1044,-0.372,1347
19,1045,0.373,1246
19,1046,-0.743,1457
19,1047,0.375,1271
19,1048,-0.746,1457
19,1049,0.000,1120
19,1050,0.752,1373
19,1051,-1.119,1358
19,1052,0.755,1291
19,1053,-0.375,1142
19,1054,1.880,1778
19,1055,-2.214,1682
19,1056,0.000,1143
19,1057,-1.509,1778
19,1058,0.383,1364
19,1059,-1.908,1821
19,1060,-1.167,1504
19,1061,-2.362,2087
19,1062,0.000,1267
19,1063,-0.403,1135
19,1064,1.619,1586
19,1065,0.000,1297
19,1066,-0.797,1459
19,1067,-1.205,1551
19,1068,0.000,1145
19,1069,1.220,1758
19,1070,0.000,1054
19,1071,0.000,1323
19,1072,0.803,1358
19,1073,-1.195,1526
19,1074,0.403,1085
19,1075,0.402,1231
19,1076,-0.400,1142
19,1077,1.205,1530
19,1078,0.000,1390
19,1079,-0.397,1310
19,1080,-1.594,1505
19,1081,-1.215,1585
19,1082,-1.230,1529
19,1083,-0.415,1315
19,1084,1.250,1430
19,1085,-0.823,1349
19,1086,0.000,1280
19,1087,-0.415,1434
19,1088,-0.417,1479
19,1089,0.418,1473
19,1090,-0.833,1458
19,1091,-1.261,1487
19,1092,0.000,1195
19,1093,-0.426,1343
19,1094,1.282,1585
19,1095,0.844,1484
19,1096,0.000,1338
19,1097,0.837,1483
19,1098,0.830,1550
19,1099,0.823,1346
19,1100,0.816,1302
19,1101,0.405,1431
19,1102,-2.016,1840
19,1103,1.235,1478
19,1104,-1.220,1612
19,1105,1.235,1369
19,1106,0.000,1298
19,1107,0.813,1357
19,1108,0.806,1340
19,1109,0.000,1262
19,1110,1.600,1746
19,1111,0.394,1451
19,1112,1.176,1607
19,1113,-0.388,1453
19,1114,0.000,1278
19,1115,0.000,1346
19,1116,1.167,1592
19,1117,-0.385,1160
19,1118,1.931,1774
19,1119,-0.379,1362
19,1120,0.000,1223
19,1121,-1.901,1798
19,1122,0.775,1455
19,1123,1.538,1587
19,1124,0.000,1245
19,1125,-0.758,1548
19,1126,-0.382,1452
19,1127,-0.383,1404
19,1128,-1.154,1468
19,1129,-1.167,1387
19,1130,0.394,1071
19,1131,-1.569,1648
19,1132,-1.195,1564
19,1133,-0.806,1547
19,1134,1.220,1445
19,1135,0.402,1221
19,1136,0.000,1126
19,1137,0.000,1168
19,1138,0.800,1598
19,1139,0.000,1143
19,1140,-1.190,1576
19,1141,-0.402,1420
19,1142,0.000,1300
19,1143,-0.806,1264
19,1144,1.626,1723
19,1145,0.800,1296
19,1146,0.397,1323
19,1147,-1.186,1481
19,1148,0.400,1242
19,1149,0.000,1179
19,1150,1.195,1495
19,1151,0.000,1188
19,1152,-0.394,1164
19,1153,-0.395,1299
19,1154,0.000,1110
19,1155,-1.190,1478
19,1156,0.402,1298
19,1157,-0.400,1398
19,1158,-1.205,1705
19,1159,0.813,1418
19,1160,0.403,1301
19,1161,0.000,1352
19,1162,-2.008,1811
19,1163,-0.820,1296
19,1164,0.826,1417
19,1165,-0.820,1335
19,1166,-0.413,1198
19,1167,0.830,1346
19,1168,-1.235,1521
19,1169,1.250,1623
19,1170,-2.058,1743
19,1171,-0.840,1383
19,1172,-0.847,1378
19,1173,-0.427,1073
19,1174,-0.429,1279
19,1175,-0.862,1427
19,1176,-0.435,1261
19,1177,1.310,1628
19,1178,0.000,1111
19,1179,-0.862,1354
19,1180,0.870,1184
19,1181,0.431,1378
19,1182,0.858,1573
19,1183,0.000,1334
19,1184,0.000,1309
19,1185,0.851,1498
19,1186,0.000,1128
19,1187,0.422,1483
19,1188,-1.261,1576
19,1189,-0.426,1132
19,1190,0.427,1352
19,1191,0.000,1319
19,1192,-0.426,1273
19,1193,1.282,1425
19,1194,0.422,1303
19,1195,0.840,1609
19,1196,-0.417,1412
19,1197,-0.837,1438
19,1198,0.422,1180
19,1199,0.000,1127
19,1200,0.000,1222
19,1201,-0.840,1370
19,1202,-0.424,1319
19,1203,0.000,1137
19,1204,0.426,1341
19,1205,0.424,1279
19,1206,0.000,1101
19,1207,-1.688,1617
19,1208,0.429,1326
19,1209,-0.427,1140
19,1210,1.288,1428
19,1211,0.424,1211
19,1212,-1.688,1497
19,1213,0.858,1203
19,1214,0.000,1426
19,1215,2.128,1761
19,1216,-0.417,1208
19,1217,0.837,1327
19,1218,0.830,1356
19,1219,-0.823,1380
19,1220,-0.415,1158
19,1221,0.000,1340
19,1222,0.000,1138
19,1223,-1.667,1701
19,1224,0.000,1261
19,1225,0.424,1258
19,1226,0.844,1226
19,1227,0.000,1081
19,1228,0.418,1289
19,1229,0.000,1216
19,1230,0.417,1360
19,1231,0.000,1299
19,1232,-0.415,1390
19,1233,0.417,1372
19,1234,-1.245,1659
19,1235,-0.420,1187
19,1236,-1.688,1634
19,1237,1.288,1689
19,1238,0.847,1614
19,1239,0.840,1350
19,1240,0.417,1383
19,1241,-0.415,1090
19,1242,-0.833,1336
19,1243,0.420,1080
19,1244,0.000,1286
19,1245,-0.837,1304
19,1246,0.000,1302
19,1247,0.422,1311
19,1248,-0.420,1323
19,1249,1.266,1523
19,1250,0.000,1138
19,1251,2.083,1767
19,1252,0.816,1497
19,1253,0.405,1491
19,1254,0.000,1045
19,1255,-0.403,1258
19,1256,-2.024,1734
19,1257,0.000,1217
19,1258,-0.826,1598
19,1259,-1.250,1468
19,1260,-0.422,1409
19,1261,0.847,1525
19,1262,0.420,1380
19,1263,-1.674,1709
19,1264,-0.851,1497
19,1265,-0.429,1113
19,1266,0.862,1512
19,1267,-0.427,1316
19,1268,-0.429,1234
19,1269,-2.586,2075
19,1270,0.442,1108
19,1271,-0.441,1409
19,1272,-0.885,1371
19,1273,-1.339,1545
19,1274,-1.357,1603
19,1275,0.000,1030
19,1276,1.835,1858
19,1277,-1.351,1758
19,1278,-0.457,1179
19,1279,0.917,1607
19,1280,0.000,1108
19,1281,-0.909,1456
19,1282,0.917,1572
19,1283,-0.455,1298
19,1284,0.000,1176
19,1285,-0.913,1564
19,1286,1.382,1514
19,1287,0.455,1197
19,1288,0.905,1476
19,1289,0.000,1361
19,1290,0.000,1129
19,1291,-0.448,1525
19,1292,-1.802,1645
19,1293,-0.459,1302
19,1294,-0.922,1388
19,1295,-0.930,1381
19,1296,-2.347,1624
19,1297,-0.962,1699
19,1298,0.485,1367
19,1299,-0.966,1272
19,1300,-0.488,1265
19,1301,-0.490,1370
19,1302,-0.493,1377
19,1303,-1.485,1878
19,1304,-0.503,1398
19,1305,1.010,1412
19,1306,1.000,1610
19,1307,0.990,1453
19,1308,-0.980,1553
19,1309,0.495,1424
19,1310,0.493,1342
19,1311,0.000,1337
19,1312,0.000,1367
19,1313,-0.980,1336
19,1314,0.990,1389
19,1315,-0.980,1558
19,1316,0.000,1261
19,1317,-0.990,1298
19,1318,0.500,1264
19,1319,0.000,1296
19,1320,-0.498,1334
19,1321,-1.000,1479
19,1322,-1.010,1393
19,1323,0.000,1160
19,1324,1.020,1578
19,1325,-1.010,1449
19,1326,1.531,1707
19,1327,2.010,1567
19,1328,0.493,1464
19,1329,-0.980,1505
19,1330,0.000,1227
19,1331,-0.990,1467
19,1332,-0.500,1102
19,1333,0.000,1260
19,1334,-1.005,1448
19,1335,0.000,1405
19,1336,0.000,1374
19,1337,-0.508,1266
19,1338,-0.510,1362
19,1339,-1.026,1583
19,1340,0.000,1035
19,1341,0.518,1421
19,1342,-0.515,1253
19,1343,1.036,1484
19,1344,-1.026,1330
19,1345,1.036,1331
19,1346,0.000,1050
19,1347,-1.026,1560
19,1348,-1.036,1418
19,1349,-0.524,1347
19,1350,-0.526,1350
19,1351,-1.058,1530
19,1352,-0.535,1376
19,1353,1.075,1456
19,1354,0.532,1227
19,1355,0.000,1205
19,1356,0.529,1242
19,1357,-0.526,1365
19,1358,-0.529,1383
19,1359,-0.532,1319
19,1360,0.000,1440
19,1361,0.535,1175
19,1362,0.000,1368
19,1363,1.064,1402
19,1364,0.000,1345
19,1365,0.526,1207
19,1366,-1.047,1342
19,1367,-1.587,1710
19,1368,0.000,1243
19,1369,-1.613,1736
19,1370,0.546,1499
19,1371,0.000,1268
19,1372,0.543,1508
19,1373,2.162,1664
19,1374,-1.058,1597
19,1375,-1.070,1371
19,1376,0.541,1363
19,1377,-1.613,1807
19,1378,-1.093,1792
19,1379,-0.552,1314
19,1380,0.556,1327
19,1381,0.552,1304
19,1382,-1.099,1429
19,1383,0.000,1200
19,1384,0.000,1142
19,1385,1.111,1311
19,1386,0.000,1225
19,1387,-0.549,1499
19,1388,-1.105,1279
19,1389,0.000,1351
19,1390,0.000,1366
19,1391,0.559,1372
19,1392,1.111,1588
19,1393,-0.549,1383
19,1394,-1.105,1461
19,1395,-0.559,1098
19,1396,1.124,1316
19,1397,-0.556,1386
19,1398,-1.117,1683
19,1399,1.130,1767
19,1400,0.000,1337
19,1401,0.000,1160
19,1402,0.559,1353
19,1403,0.000,1388
19,1404,1.111,1546
19,1405,-0.549,1447
19,1406,0.552,1371
19,1407,-0.549,1341
19,1408,0.552,1426
19,1409,0.000,1245
19,1410,0.000,1270
19,1411,2.198,1648
19,1412,1.075,1613
19,1413,-0.532,1228
19,1414,1.070,1470
19,1415,1.058,1451
19,1416,1.571,1673
19,1417,0.000,1225
19,1418,1.031,1365
19,1419,-1.531,1493
19,1420,0.000,1322
19,1421,-1.554,1672
19,1422,-1.053,1355
19,1423,-0.532,1253
19,1424,1.070,1373
19,1425,-0.529,1401
19,1426,2.128,1783
19,1427,-2.083,1823
19,1428,-0.532,1437
19,1429,-0.535,1256
19,1430,1.613,1472
19,1431,-1.058,1522
19,1432,0.000,1078
19,1433,0.535,1353
19,1434,0.000,1205
19,1435,2.128,1691
19,1436,0.521,1443
19,1437,-1.554,1684
19,1438,-0.526,1363
19,1439,-0.529,1277
19,1440,0.000,1327
20,1,0.000,6455
20,2,-1.935,7721
20,3,0.000,5296
20,4,1.974,7775
20,5,0.000,5470
20,6,0.645,6706
20,7,0.000,6623
20,8,-0.641,7370
20,9,0.000,6071
20,10,-1.290,7444
20,11,0.000,6828
20,12,0.000,6216
20,13,1.307,7429
20,14,0.645,7209
20,15,-0.641,7039
20,16,-0.645,7304
20,17,0.649,8229
20,18,1.290,7905
20,19,1.274,8910
20,20,-0.629,8055
20,21,1.266,8639
20,22,-1.250,7124
20,23,-0.633,7275
20,24,0.637,6114
20,25,0.633,6515
20,26,1.258,7094
20,27,0.621,6469
20,28,-0.617,6294
20,29,1.242,8620
20,30,1.840,9135
20,31,0.000,5367
20,32,1.205,7631
20,33,1.190,7793
20,34,0.000,5349
20,35,0.588,7679
20,36,0.585,6770
20,37,-0.581,6882
20,38,0.585,7314
20,39,1.744,7957
20,40,-1.714,8575
20,41,-1.744,9254
20,42,0.000,6891
20,43,-0.592,6361
20,44,-1.190,7474
20,45,0.602,7152
20,46,-0.599,6662
20,47,0.602,6866
20,48,-1.796,9622
20,49,0.000,7014
20,50,-0.610,6934
20,51,-0.613,7513
20,52,-0.617,6310
20,53,-0.621,7247
20,54,0.000,7001
20,55,1.250,7938
20,56,1.235,8164
20,57,-0.610,6296
20,58,-0.613,8348
20,59,1.235,9526
20,60,0.610,6753
20,61,-0.606,6954
20,62,0.000,6286
20,63,-0.610,6234
20,64,0.613,6120
20,65,-1.220,8825
20,66,0.617,7153
20,67,-1.227,7465
20,68,-0.621,7084
20,69,1.250,6845
20,70,-1.235,7990
20,71,-1.875,9571
20,72,-1.274,7719
20,73,0.645,5716
20,74,0.641,7049
20,75,-1.274,8025
20,76,0.000,6779
20,77,0.645,7154
20,78,1.282,8757
20,79,-0.633,6130
20,80,0.637,5481
20,81,0.000,6104
20,82,-1.266,8164
20,83,1.282,9307
20,84,0.000,6988
20,85,-0.633,6553
20,86,0.637,5575
20,87,-0.633,6550
20,88,0.637,7517
20,89,-1.266,7428
20,90,-0.641,6999
20,91,0.645,7597
20,92,1.282,7903
20,93,0.633,6574
20,94,1.258,6653
20,95,0.000,5448
20,96,1.242,7877
20,97,0.000,5585
20,98,-1.227,8309
20,99,0.000,7198
20,100,-1.242,8616
20,101,1.258,7333
20,102,-0.621,7752
20,103,-1.250,8263
20,104,0.000,6750
20,105,0.000,5522
20,106,0.000,6076
20,107,-1.266,8471
20,108,-0.641,7928
20,109,0.645,6535
20,110,0.641,7111
20,111,1.274,8775
20,112,0.629,7029
20,113,1.250,7266
20,114,1.235,8451
20,115,0.610,8141
20,116,1.818,8770
20,117,-1.786,7378
20,118,-0.606,8370
20,119,0.000,5936
20,120,0.000,6773
20,121,0.610,7020
20,122,0.606,6759
20,123,0.602,7467
20,124,-0.599,6862
20,125,0.602,7822
20,126,0.000,5974
20,127,0.000,7035
20,128,1.198,7930
20,129,-0.592,7512
20,130,0.595,7008
20,131,0.592,7118
20,132,-1.176,8046
20,133,1.190,8034
20,134,-0.588,7872
20,135,-1.183,7834
20,136,0.000,5813
20,137,1.198,6983
20,138,1.183,8635
20,139,0.000,6485
20,140,-1.170,7150
20,141,0.000,6789
20,142,0.592,7132
20,143,-1.176,7832
20,144,0.595,6176
20,145,-1.183,7837
20,146,0.000,5279
20,147,1.198,8216
20,148,0.000,6035
20,149,1.183,7595
20,150,0.585,7162
20,151,1.163,7422
20,152,-0.575,7253
20,153,0.000,5841
20,154,0.000,5772
20,155,0.578,6485
20,156,1.149,7730
20,157,-1.705,7983
20,158,0.578,7298
20,159,-0.575,6721
20,160,0.000,6395
20,161,1.156,6673
20,162,0.571,6911
20,163,-0.568,5988
20,164,-1.143,8522
20,165,0.578,6800
20,166,0.575,5947
20,167,-0.571,7516
20,168,0.000,6887
20,169,-1.149,8156
20,170,0.000,6756
20,171,-0.581,6434
20,172,0.585,6707
20,173,0.000,6230
20,174,-0.581,6927
20,175,0.585,6875
20,176,3.488,10660
20,177,0.000,6468
20,178,-1.685,8741
20,179,1.714,8180
20,180,0.000,5992
20,181,-2.247,8395
20,182,-0.575,6371
20,183,0.578,7244
20,184,0.000,6101
20,185,-0.575,7736
20,186,0.000,5891
20,187,-1.156,7780
20,188,-1.170,8308
20,189,-2.367,10062
20,190,-0.606,6804
20,191,0.000,5970
20,192,0.000,6915
20,193,0.000,7017
20,194,-0.610,5773
20,195,2.454,9674
20,196,-0.599,6690
20,197,-0.602,5928
20,198,1.212,7752
20,199,-1.198,8555
20,200,2.424,10156
20,201,-1.183,7794
20,202,0.000,5739
20,203,0.599,7543
20,204,-1.190,9080
20,205,-0.602,6337
20,206,0.000,6681
20,207,0.000,6452
20,208,-1.212,8095
20,209,0.000,7002
20,210,1.227,8035
20,211,0.606,6640
20,212,1.205,8463
20,213,0.000,6474
20,214,-1.190,7808
20,215,0.602,6438
20,216,0.000,5772
20,217,-1.198,7266
20,218,-0.606,5641
20,219,-1.829,9367
20,220,0.621,6219
20,221,-0.617,6787
20,222,0.621,6104
20,223,0.617,6913
20,224,0.000,6772
20,225,0.613,6578
20,226,-1.829,7543
20,227,0.621,6927
20,228,0.617,6925
20,229,0.613,7510
20,230,-0.610,5561
20,231,1.227,8072
20,232,0.000,6603
20,233,0.606,6097
20,234,-1.205,7923
20,235,-1.220,8628
20,236,-1.852,7911
20,237,0.629,7582
20,238,0.625,6861
20,239,0.000,5432
20,240,-1.242,8115
20,241,0.000,7043
20,242,0.000,6200
20,243,0.629,7476
20,244,1.250,8135
20,245,-0.617,5942
20,246,-0.621,6318
20,247,0.625,5846
20,248,0.000,6911
20,249,-1.242,8165
20,250,0.629,6628
20,251,-0.625,7824
20,252,0.000,6170
20,253,-0.629,6596
20,254,0.633,6580
20,255,1.887,8554
20,256,0.617,7953
20,257,0.613,6040
20,258,0.610,6728
20,259,1.212,7585
20,260,0.000,6161
20,261,0.000,7145
20,262,-1.198,7696
20,263,0.606,6760
20,264,0.000,5424
20,265,1.205,7287
20,266,0.595,6728
20,267,0.000,6918
20,268,0.000,6169
20,269,0.592,6483
20,270,0.000,6921
20,271,0.000,6699
20,272,0.000,6877
20,273,0.588,7603
20,274,0.000,6405
20,275,0.000,6572
20,276,0.585,8129
20,277,-1.163,8873
20,278,1.176,7879
20,279,-1.163,6792
20,280,0.000,6548
20,281,-1.176,7979
20,282,0.000,7018
20,283,-1.190,8409
20,284,-1.205,8147
20,285,-1.829,7799
20,286,1.863,9088
20,287,2.439,10034
20,288,0.595,7760
20,289,-0.592,7094
20,290,1.190,7857
20,291,-0.588,6557
20,292,0.592,6879
20,293,0.000,6153
20,294,1.765,9634
20,295,0.000,6759
20,296,0.578,7063
20,297,0.000,5843
20,298,-1.149,8499
20,299,0.000,6500
20,300,-0.581,6240
20,301,1.170,7567
20,302,0.578,6874
20,303,1.149,8137
20,304,-1.705,9273
20,305,-0.578,5720
20,306,0.000,5867
20,307,-2.326,9361
20,308,-1.190,7566
20,309,2.410,9429
20,310,0.000,6528
20,311,-0.588,6601
20,312,-0.592,7472
20,313,-1.190,6838
20,314,-0.602,6766
20,315,0.000,6573
20,316,-0.606,7702
20,317,1.220,7598
20,318,-0.602,6281
20,319,-1.212,8524
20,320,0.000,7138
20,321,0.613,6495
20,322,0.610,6763
20,323,1.212,8179
20,324,-1.796,9852
20,325,-1.220,7005
20,326,0.617,6896
20,327,0.613,7434
20,328,-0.610,6501
20,329,0.000,6449
20,330,-1.840,8155
20,331,0.625,7305
20,332,1.242,8098
20,333,-1.840,9295
20,334,-0.625,7256
20,335,-1.258,8225
20,336,1.274,7168
20,337,0.000,5459
20,338,-0.629,7282
20,339,0.633,7405
20,340,0.000,5403
20,341,0.629,6279
20,342,0.000,6032
20,343,0.000,6868
20,344,-0.625,6239
20,345,-1.887,8819
20,346,0.641,5894
20,347,-1.274,8764
20,348,0.645,8431
20,349,-0.641,6624
20,350,1.290,7770
20,351,-0.637,7095
20,352,1.282,8173
20,353,0.000,6606
20,354,0.633,6790
20,355,0.000,5974
20,356,-0.629,7611
20,357,0.000,5746
20,358,-0.633,5764
20,359,0.637,7156
20,360,0.000,5412
20,361,0.633,7341
20,362,0.629,7173
20,363,0.000,7449
20,364,0.625,7129
20,365,-1.242,8984
20,366,0.000,6433
20,367,-0.629,6753
20,368,0.633,6851
20,369,0.000,6019
20,370,-0.629,7797
20,371,-0.633,6434
20,372,0.637,6197
20,373,0.633,6339
20,374,-1.258,6653
20,375,-1.911,8745
20,376,-1.299,7542
20,377,-0.658,8456
20,378,0.662,7897
20,379,0.658,6942
20,380,-1.961,9711
20,381,1.333,8590
20,382,-1.316,7695
20,383,0.000,6071
20,384,0.000,6374
20,385,-0.667,7596
20,386,0.671,7542
20,387,-0.667,6136
20,388,-2.013,9073
20,389,2.055,8566
20,390,-1.342,7820
20,391,-2.041,9449
20,392,-1.389,8116
20,393,0.000,6873
20,394,0.000,6918
20,395,0.704,5670
20,396,0.000,5820
20,397,1.399,7983
20,398,0.690,7899
20,399,0.685,6433
20,400,0.000,5860
20,401,1.361,7959
20,402,1.342,8274
20,403,0.000,6571
20,404,-1.325,7538
20,405,0.671,6198
20,406,0.667,6578
20,407,-0.662,7226
20,408,0.667,6674
20,409,0.662,7240
20,410,-0.658,7233
20,411,-0.662,7313
20,412,-0.667,7366
20,413,0.671,7483
20,414,0.667,6974
20,415,0.662,6371
20,416,0.658,7574
20,417,-1.961,9486
20,418,-0.667,7154
20,419,-0.671,7208
20,420,0.000,6793
20,421,0.676,5829
20,422,0.000,6549
20,423,-1.342,8576
20,424,0.680,7585
20,425,0.676,6585
20,426,0.000,7411
20,427,0.671,6790
20,428,1.333,8020
20,429,-0.658,7067
20,430,0.000,5650
20,431,0.000,5448
20,432,0.000,7046
20,433,0.000,6510
20,434,-1.325,7793
20,435,1.342,6636
20,436,0.000,6300
20,437,0.000,5369
20,438,-1.987,8301
20,439,-1.351,8989
20,440,0.685,7697
20,441,0.680,7430
20,442,0.676,5967
20,443,0.671,7656
20,444,2.000,9201
20,445,0.654,7039
20,446,-0.649,6614
20,447,0.000,6976
20,448,0.654,6249
20,449,0.000,6047
20,450,1.299,7826
20,451,-0.641,6766
20,452,-1.290,8501
20,453,0.000,6179
20,454,1.307,7490
20,455,-1.290,8302
20,456,0.654,6758
20,457,-0.649,6703
20,458,0.000,6378
20,459,0.000,6889
20,460,-0.654,6363
20,461,0.000,5367
20,462,0.000,6438
20,463,1.974,9016
20,464,0.000,6882
20,465,-1.935,9760
20,466,0.658,6852
20,467,0.654,7696
20,468,-0.649,7431
20,469,-1.307,7136
20,470,-1.987,9665
20,471,0.676,5686
20,472,-1.342,8028
20,473,-0.680,6780
20,474,1.370,8099
20,475,0.676,7374
20,476,0.000,6624
20,477,-1.342,7029
20,478,-0.680,7625
20,479,0.685,7446
20,480,1.361,8518
20,481,0.000,5261
20,482,1.342,7394
20,483,-0.662,7813
20,484,1.333,7696
20,485,-1.316,7962
20,486,-0.667,6693
20,487,0.671,6476
20,488,0.000,6857
20,489,0.000,5715
20,490,-0.667,7929
20,491,-0.671,7827
20,492,-0.676,7082
20,493,-0.680,7805
20,494,0.000,7157
20,495,0.685,7625
20,496,0.680,5803
20,497,0.676,7581
20,498,-1.342,7631
20,499,1.361,8177
20,500,1.342,8657
20,501,0.000,6934
20,502,-1.325,7130
20,503,-1.342,7224
20,504,2.041,9792
20,505,1.333,8088
20,506,-0.658,6743
20,507,0.662,7239
20,508,-0.658,5935
20,509,0.662,5504
20,510,0.658,7677
20,511,0.000,7092
20,512,-0.654,7062
20,513,-0.658,8178
20,514,0.662,6237
20,515,-2.632,9451
20,516,0.676,6746
20,517,0.000,6039
20,518,-1.342,7712
20,519,0.680,6237
20,520,-1.351,8390
20,521,-0.685,6303
20,522,0.690,6796
20,523,0.685,7454
20,524,0.000,6219
20,525,-0.680,7309
20,526,0.000,5874
20,527,-0.685,6628
20,528,-0.690,7827
20,529,0.000,5913
20,530,0.694,7240
20,531,0.690,6900
20,532,-0.685,7042
20,533,1.379,8400
20,534,0.000,5705
20,535,0.000,6614
20,536,1.361,7827
20,537,-0.671,6568
20,538,0.000,7451
20,539,0.676,5833
20,540,-0.671,7100
20,541,0.676,6204
20,542,0.000,5258
20,543,0.000,6738
20,544,-0.671,8037
20,545,0.676,7064
20,546,0.000,6698
20,547,0.000,5368
20,548,-1.342,8054
20,549,-0.680,7849
20,550,-0.685,6582
20,551,-2.069,8445
20,552,-1.408,7838
20,553,0.000,5727
20,554,0.714,7345
20,555,0.000,6438
20,556,0.000,6695
20,557,-0.709,7025
20,558,0.000,7469
20,559,0.714,6672
20,560,0.709,6498
20,561,0.000,5449
20,562,-0.704,6527
20,563,0.000,6760
20,564,0.000,6668
20,565,0.000,7083
20,566,1.418,7995
20,567,0.000,5848
20,568,0.699,7286
20,569,-0.694,6819
20,570,-0.699,6757
20,571,-0.704,7877
20,572,0.000,6733
20,573,-0.709,6790
20,574,-1.429,8484
20,575,1.449,8196
20,576,0.000,6381
20,577,0.714,6818
20,578,1.418,7739
20,579,0.000,6737
20,580,1.399,7932
20,581,0.000,6254
20,582,0.000,5580
20,583,-2.759,10951
20,584,0.000,6334
20,585,-1.418,8893
20,586,-1.439,6574
20,587,0.000,6266
20,588,-2.190,9616
20,589,0.000,7107
20,590,1.493,6932
20,591,0.000,6949
20,592,-1.471,8526
20,593,0.746,7530
20,594,-0.741,8025
20,595,1.493,8359
20,596,0.000,6201
20,597,0.000,5741
20,598,0.000,7089
20,599,0.735,6313
20,600,-0.730,7459
20,601,-0.735,7261
20,602,0.000,6307
20,603,0.000,6391
20,604,0.741,7126
20,605,1.471,8955
20,606,0.000,5627
20,607,0.000,5498
20,608,0.725,8173
20,609,0.719,7215
20,610,0.000,6160
20,611,0.000,6764
20,612,-0.714,7620
20,613,-0.719,6821
20,614,0.000,6039
20,615,1.449,7768
20,616,1.429,8004
20,617,2.113,9048
20,618,0.000,5735
20,619,0.000,7339
20,620,1.379,7423
20,621,0.000,5928
20,622,-1.361,7490
20,623,0.000,6369
20,624,-0.690,7228
20,625,0.000,7082
20,626,0.000,6243
20,627,-1.389,7934
20,628,0.000,7176
20,629,0.704,8421
20,630,1.399,8502
20,631,0.690,6168
20,632,1.370,8776
20,633,0.676,7204
20,634,-0.671,7287
20,635,0.676,6865
20,636,-2.013,8262
20,637,-0.685,7310
20,638,0.000,5479
20,639,0.000,5717
20,640,0.000,6795
20,641,-1.379,8591
20,642,0.699,6010
20,643,0.694,6508
20,644,-4.138,11652
20,645,-1.439,8551
20,646,-0.730,6845
20,647,-0.735,6641
20,648,0.000,5891
20,649,0.000,5962
20,650,0.741,7104
20,651,-1.471,7465
20,652,1.493,6961
20,653,0.000,5814
20,654,0.000,6587
20,655,2.206,9344
20,656,-0.719,7310
20,657,1.449,7604
20,658,0.000,5694
20,659,0.000,6094
20,660,0.000,7702
20,661,0.714,5402
20,662,-2.128,7946
20,663,0.000,5654
20,664,0.725,7046
20,665,0.719,6010
20,666,1.429,7320
20,667,-0.704,7575
20,668,1.418,8241
20,669,-1.399,7990
20,670,0.000,6734
20,671,0.000,6138
20,672,0.000,7024
20,673,2.128,8890
20,674,0.000,5865
20,675,-0.694,5921
20,676,0.000,6045
20,677,0.699,5725
20,678,-0.694,6809
20,679,0.000,6056
20,680,0.699,7115
20,681,0.694,6030
20,682,0.690,7738
20,683,1.370,8397
20,684,1.351,8229
20,685,0.000,6234
20,686,0.667,7770
20,687,1.325,8721
20,688,-0.654,5924
20,689,0.000,5425
20,690,1.974,8152
20,691,0.000,6146
20,692,-1.290,7864
20,693,0.000,6960
20,694,0.654,7304
20,695,0.000,6130
20,696,0.649,7176
20,697,0.645,6565
20,698,0.000,5839
20,699,0.641,7306
20,700,0.000,5930
20,701,-0.637,6646
20,702,-1.923,8757
20,703,0.654,7853
20,704,-0.649,7893
20,705,-0.654,6336
20,706,0.000,7236
20,707,-0.658,6756
20,708,0.662,7111
20,709,1.316,8438
20,710,-0.649,7295
20,711,-0.654,7267
20,712,0.000,6824
20,713,0.000,6778
20,714,1.316,6963
20,715,0.000,7256
20,716,0.649,6259
20,717,0.000,5997
20,718,0.000,7396
20,719,0.000,6269
20,720,-1.290,7932
20,721,-0.654,5526
20,722,1.316,7042
20,723,0.000,5963
20,724,-0.649,5705
20,725,1.307,7191
20,726,0.000,5374
20,727,0.645,7278
20,728,-0.641,6321
20,729,0.645,5835
20,730,-1.282,7926
20,731,-2.597,10038
20,732,0.000,7220
20,733,-0.667,5798
20,734,1.342,8309
20,735,0.000,7025
20,736,0.000,5348
20,737,0.662,6298
20,738,-0.658,6571
20,739,0.000,7247
20,740,1.987,9593
20,741,-0.649,6550
20,742,-0.654,7693
20,743,0.000,7264
20,744,0.658,6816
20,745,1.307,8608
20,746,0.645,6470
20,747,1.282,8475
20,748,-1.266,8226
20,749,0.641,6608
20,750,-0.637,7963
20,751,0.641,8336
20,752,0.000,5944
20,753,0.000,6635
20,754,-0.637,6878
20,755,-0.641,7043
20,756,-0.645,7438
20,757,0.000,6149
20,758,0.649,5877
20,759,-1.290,8186
20,760,-1.307,7382
20,761,0.000,6201
20,762,0.662,7255
20,763,0.658,8001
20,764,-1.307,8688
20,765,0.662,7370
20,766,1.316,7294
20,767,0.000,7192
20,768,-1.299,8147
20,769,1.974,7756
20,770,0.000,5616
20,771,0.645,7541
20,772,0.641,7349
20,773,0.000,6385
20,774,0.000,5867
20,775,-0.637,6591
20,776,1.282,7239
20,777,-1.266,7586
20,778,-1.923,8576
20,779,0.654,6806
20,780,0.649,8133
20,781,1.935,8302
20,782,1.266,7402
20,783,0.625,7898
20,784,-0.621,6836
20,785,0.000,7129
20,786,-1.875,8247
20,787,0.000,6385
20,788,0.000,6245
20,789,-0.637,6586
20,790,-1.282,6866
20,791,0.000,6258
20,792,-0.649,6905
20,793,-1.307,8811
20,794,1.325,8451
20,795,0.000,6503
20,796,0.000,6222
20,797,0.654,7031
20,798,-0.649,6833
20,799,0.000,7074
20,800,1.307,8298
20,801,0.645,5746
20,802,-0.641,6219
20,803,0.645,6909
20,804,0.641,6752
20,805,1.274,8285
20,806,-1.258,8298
20,807,0.637,7336
20,808,1.266,8882
20,809,-0.625,6284
20,810,1.258,7859
20,811,0.000,6619
20,812,0.000,6309
20,813,0.000,6851
20,814,-1.242,8103
20,815,1.258,7093
20,816,-1.242,7002
20,817,0.000,6767
20,818,-0.629,6037
20,819,-1.899,8676
20,820,0.645,6441
20,821,1.282,7654
20,822,0.000,5933
20,823,0.000,6387
20,824,0.000,6359
20,825,-0.633,5996
20,826,-0.637,6439
20,827,2.564,9494
20,828,0.000,6422
20,829,-0.625,7438
20,830,2.516,10625
20,831,0.613,7915
20,832,-0.610,7366
20,833,-0.613,7230
20,834,0.000,6196
20,835,1.852,8628
20,836,1.212,7839
20,837,0.000,6965
20,838,1.198,7445
20,839,-0.592,7462
20,840,0.000,7404
20,841,-0.595,6611
20,842,-1.796,8796
20,843,1.829,8364
20,844,-1.198,7470
20,845,1.212,7916
20,846,0.000,6229
20,847,0.599,5976
20,848,-0.595,6237
20,849,1.198,7772
20,850,0.000,6777
20,851,0.592,7845
20,852,0.000,6346
20,853,-1.176,7485
20,854,-1.190,7193
20,855,1.807,8637
20,856,0.592,6523
20,857,1.176,8342
20,858,-0.581,7330
20,859,-0.585,6208
20,860,-1.176,7308
20,861,-0.595,7161
20,862,0.599,6501
20,863,0.000,7107
20,864,-0.595,6950
20,865,-2.395,8727
20,866,0.613,7400
20,867,0.610,6691
20,868,-1.212,7538
20,869,0.613,8431
20,870,0.610,6202
20,871,0.000,6737
20,872,-1.818,9121
20,873,0.617,7430
20,874,0.000,6800
20,875,-0.613,6120
20,876,0.000,6837
20,877,0.617,5633
20,878,1.227,9359
20,879,1.212,7632
20,880,0.000,6245
20,881,0.599,7534
20,882,0.595,7037
20,883,-1.183,7126
20,884,-1.198,7398
20,885,1.212,7315
20,886,1.796,8677
20,887,-0.588,6819
20,888,-0.592,6351
20,889,0.000,5984
20,890,0.000,5541
20,891,1.190,8585
20,892,0.588,6868
20,893,0.585,8121
20,894,0.000,6974
20,895,0.000,5751
20,896,-2.326,9450
20,897,-0.595,7003
20,898,0.599,6117
20,899,-1.190,7183
20,900,-0.602,6997
20,901,1.212,6711
20,902,0.000,7270
20,903,0.000,7280
20,904,-1.198,7946
20,905,0.606,5730
20,906,0.000,5760
20,907,-2.410,9055
20,908,0.617,6524
20,909,0.000,6440
20,910,1.227,7714
20,911,-0.606,6193
20,912,0.610,5812
20,913,-1.818,8153
20,914,0.617,7381
20,915,-1.227,7341
20,916,0.000,5919
20,917,0.000,5870
20,918,0.000,6949
20,919,0.000,6160
20,920,0.621,6739
20,921,-0.617,7938
20,922,-1.242,6988
20,923,1.258,7077
20,924,0.000,5611
20,925,0.621,7912
20,926,0.000,6366
20,927,1.235,6767
20,928,1.220,8043
20,929,-0.602,6895
20,930,-0.606,6492
20,931,-1.220,7640
20,932,0.617,5819
20,933,1.227,8323
20,934,1.212,7452
20,935,-1.198,6615
20,936,0.000,5986
20,937,1.212,7066
20,938,-2.395,9037
20,939,-0.613,7166
20,940,0.000,5486
20,941,-0.617,6482
20,942,0.000,6892
20,943,-0.621,7670
20,944,0.625,6683
20,945,-0.621,7848
20,946,0.625,7091
20,947,0.000,7046
20,948,-0.621,7696
20,949,1.875,9387
20,950,-1.227,7880
20,951,0.000,7039
20,952,0.000,7005
20,953,-0.621,7463
20,954,-0.625,7256
20,955,0.000,6697
20,956,0.000,7114
20,957,1.258,8123
20,958,0.621,7802
20,959,0.617,6369
20,960,0.613,7400
20,961,-1.829,8477
20,962,0.621,7217
20,963,0.617,6712
20,964,1.840,9733
20,965,-2.410,9142
20,966,1.235,7017
20,967,0.000,6855
20,968,0.000,6011
20,969,0.000,6152
20,970,0.610,7330
20,971,0.000,6447
20,972,-1.212,8142
20,973,0.000,5866
20,974,0.613,7198
20,975,0.000,6103
20,976,0.000,7192
20,977,1.220,8528
20,978,0.000,5938
20,979,0.602,7758
20,980,0.599,7303
20,981,1.190,7121
20,982,0.000,5729
20,983,-0.588,6762
20,984,-1.183,8033
20,985,0.599,7483
20,986,0.000,5871
20,987,0.000,6078
20,988,0.595,5628
20,989,0.000,5840
20,990,0.592,7341
20,991,0.588,7601
20,992,0.000,7074
20,993,0.000,7184
20,994,0.000,5936
20,995,0.000,6113
20,996,0.000,7107
20,997,-1.170,7503
20,998,-1.183,8488
20,999,0.000,6287
20,1000,0.599,7320
20,1001,-1.190,7620
20,1002,-1.807,9841
20,1003,-0.613,6188
20,1004,0.000,6371
20,1005,1.852,8067
20,1006,-1.212,8630
20,1007,-0.613,7198
20,1008,1.235,8118
20,1009,-0.610,7847
20,1010,0.613,7599
20,1011,-0.610,7394
20,1012,-0.613,7372
20,1013,-0.617,7520
20,1014,0.621,6302
20,1015,-1.235,6903
20,1016,0.625,6914
20,1017,0.000,6889
20,1018,0.621,5837
20,1019,0.000,7020
20,1020,-1.852,9477
20,1021,0.000,6804
20,1022,-0.629,8212
20,1023,-0.633,7044
20,1024,-0.637,6904
20,1025,0.641,7225
20,1026,1.274,8105
20,1027,0.000,5830
20,1028,0.000,5775
20,1029,1.258,6916
20,1030,-0.621,7197
20,1031,0.000,5574
20,1032,-0.625,7550
20,1033,0.629,7587
20,1034,1.250,7220
20,1035,0.617,8212
20,1036,0.000,6291
20,1037,0.613,6976
20,1038,-0.610,6637
20,1039,-1.227,7645
20,1040,1.242,8230
20,1041,0.000,6436
20,1042,0.613,7348
20,1043,-1.829,8880
20,1044,-0.621,5411
20,1045,1.250,6686
20,1046,-1.852,7705
20,1047,0.000,6805
20,1048,1.887,9640
20,1049,0.000,5668
20,1050,-1.235,8301
20,1051,-0.625,7547
20,1052,0.000,7242
20,1053,-0.629,7748
20,1054,-1.266,6911
20,1055,1.282,7103
20,1056,-0.633,5598
20,1057,-1.274,7773
20,1058,-0.645,7135
20,1059,-0.649,7829
20,1060,-1.307,7163
20,1061,-0.662,6113
20,1062,0.000,7346
20,1063,0.000,7208
20,1064,-0.667,7234
20,1065,-0.671,6565
20,1066,0.000,6741
20,1067,0.000,7184
20,1068,-1.351,7957
20,1069,1.370,8152
20,1070,-0.676,6628
20,1071,0.680,7937
20,1072,0.676,6677
20,1073,0.000,6151
20,1074,0.671,7793
20,1075,-1.333,8083
20,1076,0.000,6889
20,1077,0.000,6269
20,1078,0.676,6444
20,1079,0.000,7528
20,1080,0.000,5796
20,1081,0.000,7129
20,1082,-1.342,7417
20,1083,-0.680,7823
20,1084,-1.370,8212
20,1085,0.000,5894
20,1086,-1.389,8265
20,1087,-0.704,8125
20,1088,0.000,6993
20,1089,1.418,7626
20,1090,-0.699,6501
20,1091,-0.704,6356
20,1092,1.418,7438
20,1093,-0.699,7644
20,1094,0.000,5786
20,1095,0.000,5361
20,1096,-0.704,5925
20,1097,1.418,8310
20,1098,0.699,7757
20,1099,-1.389,8030
20,1100,-0.704,8457
20,1101,0.000,6148
20,1102,0.000,6275
20,1103,-1.418,7610
20,1104,0.000,6064
20,1105,0.000,6063
20,1106,0.000,6112
20,1107,0.000,5898
20,1108,0.000,5670
20,1109,0.000,6547
20,1110,-0.719,8058
20,1111,0.000,6059
20,1112,0.000,5832
20,1113,1.449,8521
20,1114,-0.714,8027
20,1115,0.719,6974
20,1116,-0.714,5497
20,1117,1.439,7077
20,1118,0.709,6977
20,1119,-0.704,6847
20,1120,0.000,7321
20,1121,-1.418,7219
20,1122,0.000,7445
20,1123,0.000,6803
20,1124,0.000,6517
20,1125,0.000,6310
20,1126,0.000,6167
20,1127,0.000,5615
20,1128,0.000,5587
20,1129,-0.719,7360
20,1130,0.000,6417
20,1131,1.449,7821
20,1132,0.714,7877
20,1133,1.418,7247
20,1134,1.399,7981
20,1135,0.690,7124
20,1136,0.000,5987
20,1137,0.000,5293
20,1138,0.685,7474
20,1139,0.000,7211
20,1140,-0.680,7541
20,1141,0.685,6560
20,1142,-0.680,6260
20,1143,0.000,7287
20,1144,-0.685,6375
20,1145,1.379,7978
20,1146,0.000,6413
20,1147,0.680,7122
20,1148,1.351,7237
20,1149,0.000,5715
20,1150,-0.667,8149
20,1151,0.000,6031
20,1152,-0.671,6311
20,1153,-1.351,7529
20,1154,0.000,5970
20,1155,0.685,5589
20,1156,2.041,10076
20,1157,0.000,6221
20,1158,0.000,7036
20,1159,-1.333,8140
20,1160,-1.351,8114
20,1161,0.000,5931
20,1162,0.000,6547
20,1163,0.685,6751
20,1164,1.361,8434
20,1165,0.000,6634
20,1166,0.671,6617
20,1167,0.667,6944
20,1168,0.000,7050
20,1169,0.000,5259
20,1170,1.987,8660
20,1171,0.000,7195
20,1172,0.649,6416
20,1173,0.000,6218
20,1174,-0.645,6710
20,1175,0.000,5906
20,1176,0.000,6526
20,1177,1.299,7119
20,1178,0.000,6318
20,1179,0.000,5998
20,1180,-0.641,7435
20,1181,-0.645,5837
20,1182,1.948,8812
20,1183,-0.637,6009
20,1184,-1.282,8352
20,1185,0.000,5827
20,1186,-1.948,9038
20,1187,0.662,6143
20,1188,-1.316,7741
20,1189,0.667,7226
20,1190,0.000,5462
20,1191,-0.662,6244
20,1192,0.667,6955
20,1193,0.662,6321
20,1194,0.658,7577
20,1195,0.000,5931
20,1196,0.654,6621
20,1197,0.000,6755
20,1198,-0.649,7103
20,1199,-0.654,6660
20,1200,0.658,7593
20,1201,0.000,6095
20,1202,-0.654,6634
20,1203,1.316,7194
20,1204,-1.299,7986
20,1205,0.658,7783
20,1206,0.654,6669
20,1207,-1.299,9264
20,1208,-0.658,6540
20,1209,0.662,6976
20,1210,0.658,7869
20,1211,1.961,7817
20,1212,0.000,6148
20,1213,-0.641,5800
20,1214,2.581,9349
20,1215,0.000,5522
20,1216,-1.258,8020
20,1217,-0.637,7891
20,1218,0.641,6585
20,1219,0.000,6588
20,1220,0.000,5642
20,1221,-1.274,7333
20,1222,0.645,6906
20,1223,-0.641,6796
20,1224,0.000,6780
20,1225,1.290,8081
20,1226,0.000,6531
20,1227,0.637,7440
20,1228,0.000,6175
20,1229,1.266,7662
20,1230,0.625,7646
20,1231,0.000,6216
20,1232,0.000,6947
20,1233,0.000,6346
20,1234,-0.621,6392
20,1235,-1.250,6448
20,1236,-1.899,9529
20,1237,-1.290,8446
20,1238,0.654,6846
20,1239,0.649,7473
20,1240,-1.290,8107
20,1241,0.000,5574
20,1242,-0.654,6651
20,1243,-0.658,7143
20,1244,1.987,9626
20,1245,0.000,6146
20,1246,-0.649,7813
20,1247,-1.307,7197
20,1248,0.000,6390
20,1249,-1.987,8507
20,1250,-0.676,6651
20,1251,-0.680,8272
20,1252,0.000,6642
20,1253,0.685,6601
20,1254,0.680,7705
20,1255,0.676,7931
20,1256,0.000,5564
20,1257,-2.013,9493
20,1258,0.685,7552
20,1259,2.041,9823
20,1260,-0.667,7249
20,1261,0.000,6166
20,1262,-2.013,8659
20,1263,0.000,5413
20,1264,0.000,6289
20,1265,0.000,5815
20,1266,0.685,6095
20,1267,-0.680,7282
20,1268,-1.370,7790
20,1269,0.000,7313
20,1270,0.000,7128
20,1271,0.000,6376
20,1272,2.083,8868
20,1273,0.000,6624
20,1274,-0.680,6122
20,1275,-1.370,7068
20,1276,2.083,8575
20,1277,2.041,8659
20,1278,0.667,6741
20,1279,0.000,6431
20,1280,-1.987,9094
20,1281,0.676,6915
20,1282,0.671,5940
20,1283,0.667,7103
20,1284,-1.325,8957
20,1285,0.671,6422
20,1286,0.667,6062
20,1287,-1.987,9191
20,1288,-0.676,6736
20,1289,1.361,8118
20,1290,1.342,7810
20,1291,0.662,7620
20,1292,0.658,7516
20,1293,0.654,7531
20,1294,-0.649,7416
20,1295,0.000,6434
20,1296,1.961,8576
20,1297,1.282,8751
20,1298,1.266,8590
20,1299,0.625,7300
20,1300,1.242,6725
20,1301,0.613,6299
20,1302,-1.829,8963
20,1303,-0.621,6963
20,1304,1.250,7328
20,1305,-0.617,6009
20,1306,0.621,7427
20,1307,0.000,6707
20,1308,-0.617,5409
20,1309,0.621,6543
20,1310,-0.617,7036
20,1311,0.000,7186
20,1312,1.242,7957
20,1313,0.000,5957
20,1314,0.613,6178
20,1315,0.000,6347
20,1316,-1.220,8581
20,1317,1.235,7947
20,1318,-0.610,6665
20,1319,-2.454,9925
20,1320,0.000,7524
20,1321,-0.629,6798
20,1322,-0.633,7467
20,1323,0.000,6983
20,1324,0.000,6999
20,1325,0.000,6895
20,1326,-0.637,7502
20,1327,-1.923,9253
20,1328,0.000,7295
20,1329,0.000,6575
20,1330,-1.307,8483
20,1331,0.000,6103
20,1332,0.662,7539
20,1333,1.316,8154
20,1334,-1.299,6728
20,1335,1.316,7862
20,1336,0.000,6118
20,1337,-1.299,8134
20,1338,0.000,5839
20,1339,-0.658,6512
20,1340,-0.662,6424
20,1341,0.667,6920
20,1342,-1.987,9009
20,1343,0.000,6554
20,1344,2.027,7711
20,1345,0.000,6316
20,1346,-1.987,9194
20,1347,0.676,6515
20,1348,-1.342,7169
20,1349,0.680,6465
20,1350,0.676,5693
20,1351,0.000,7487
20,1352,0.671,7171
20,1353,0.000,5395
20,1354,0.000,6269
20,1355,1.333,8321
20,1356,1.316,7723
20,1357,-0.649,5933
20,1358,-0.654,7027
20,1359,0.000,5718
20,1360,1.316,8038
20,1361,1.299,7185
20,1362,1.923,9193
20,1363,0.629,7998
20,1364,1.250,6952
20,1365,0.000,6417
20,1366,0.617,7887
20,1367,1.840,8046
20,1368,0.000,5710
20,1369,-0.602,7216
20,1370,0.606,6058
20,1371,-0.602,6524
20,1372,-1.212,8664
20,1373,-1.840,7308
20,1374,0.625,6724
20,1375,0.621,7445
20,1376,0.617,7820
20,1377,0.000,6568
20,1378,-2.454,9762
20,1379,0.629,7091
20,1380,1.875,8993
20,1381,-0.613,7436
20,1382,0.000,5362
20,1383,0.617,6937
20,1384,0.000,5595
20,1385,-1.227,7611
20,1386,0.000,6571
20,1387,0.000,5757
20,1388,-0.621,7074
20,1389,0.000,6236
20,1390,1.250,7538
20,1391,-0.617,7938
20,1392,0.000,7188
20,1393,1.242,8411
20,1394,0.613,7152
20,1395,0.610,6794
20,1396,0.000,6787
20,1397,-1.212,8257
20,1398,1.840,8894
20,1399,0.000,6521
20,1400,0.602,6274
20,1401,0.000,5712
20,1402,0.599,6969
20,1403,0.595,7824
20,1404,0.592,7686
20,1405,-0.588,8203
20,1406,0.592,7637
20,1407,0.000,6277
20,1408,0.000,7093
20,1409,0.000,6575
20,1410,0.588,6944
20,1411,0.000,6814
20,1412,1.754,8636
20,1413,0.000,6601
20,1414,0.000,5960
20,1415,-1.149,6986
20,1416,-0.581,6909
20,1417,0.000,6873
20,1418,-0.585,6325
20,1419,1.765,9726
20,1420,-1.156,7855
20,1421,0.585,6821
20,1422,0.000,6786
20,1423,1.163,6766
20,1424,0.000,6011
20,1425,-0.575,6722
20,1426,1.156,7984
20,1427,-0.571,6746
20,1428,0.000,6253
20,1429,0.575,7181
20,1430,0.571,6121
20,1431,-1.136,7522
20,1432,1.149,8482
20,1433,0.000,5614
20,1434,0.568,7804
20,1435,0.000,5616
20,1436,1.130,7068
20,1437,-0.559,5924
20,1438,0.562,7273
20,1439,0.559,6867
20,1440,-0.556,6444
21,1,-0.541,3582
21,2,-0.543,4107
21,3,0.000,3868
21,4,1.093,4394
21,5,0.541,4022
21,6,-1.613,4697
21,7,0.000,3021
21,8,0.000,3493
21,9,1.093,4475
21,10,0.541,3795
21,11,0.538,3267
21,12,1.070,4585
21,13,-1.058,3913
21,14,-1.070,4236
21,15,2.162,4373
21,16,0.529,4133
21,17,0.526,3568
21,18,1.047,4267
21,19,0.518,3707
21,20,0.000,3537
21,21,1.031,3594
21,22,0.510,4263
21,23,1.015,4388
21,24,1.005,3862
21,25,0.000,3609
21,26,0.498,3445
21,27,0.990,4024
21,28,1.471,4305
21,29,1.449,4263
21,30,-0.952,4119
21,31,0.000,3166
21,32,-1.442,4723
21,33,0.976,3852
21,34,-0.483,3121
21,35,-0.971,4021
21,36,0.000,3537
21,37,-0.490,3648
21,38,-0.493,3796
21,39,0.000,3717
21,40,0.000,3212
21,41,0.000,3357
21,42,-0.495,3521
21,43,0.000,3428
21,44,0.995,4183
21,45,0.000,3989
21,46,-1.478,4399
21,47,-1.500,4645
21,48,0.508,4000
21,49,-1.010,3772
21,50,0.000,3537
21,51,-0.510,3971
21,52,1.026,3696
21,53,0.000,3339
21,54,0.508,3435
21,55,-2.020,5325
21,56,1.546,4662
21,57,-0.508,3487
21,58,-0.510,3947
21,59,-0.513,2952
21,60,1.031,4427
21,61,1.020,4125
21,62,0.505,4020
21,63,0.000,3560
21,64,0.000,3717
21,65,0.503,4160
21,66,-0.500,3755
21,67,1.005,4285
21,68,0.000,3205
21,69,0.498,3719
21,70,-0.495,3091
21,71,0.498,4292
21,72,0.495,3231
21,73,-0.493,4071
21,74,0.495,3946
21,75,-0.493,2996
21,76,2.475,4851
21,77,0.966,3899
21,78,0.000,3789
21,79,1.435,4687
21,80,1.415,4816
21,81,0.465,3879
21,82,1.389,4428
21,83,-1.370,4269
21,84,-0.926,3403
21,85,0.467,3729
21,86,0.465,3959
21,87,-0.926,4021
21,88,0.000,2948
21,89,-0.935,4267
21,90,0.943,3919
21,91,-0.467,4030
21,92,-0.939,4035
21,93,-0.948,4333
21,94,0.957,3906
21,95,-0.474,3166
21,96,1.905,4684
21,97,-1.402,4019
21,98,-0.474,3711
21,99,-0.952,4128
21,100,-0.962,4169
21,101,0.485,3228
21,102,1.449,5017
21,103,0.000,2936
21,104,-0.476,4213
21,105,-0.478,3215
21,106,0.962,3535
21,107,-0.476,3977
21,108,-0.478,3712
21,109,-0.481,3527
21,110,0.966,3490
21,111,0.000,3712
21,112,0.000,3823
21,113,-0.478,3710
21,114,0.000,3301
21,115,-0.481,3739
21,116,0.483,3992
21,117,-0.962,3590
21,118,-0.485,3623
21,119,1.463,4551
21,120,0.000,3646
21,121,0.000,3767
21,122,-1.442,4358
21,123,0.000,3733
21,124,0.000,3089
21,125,0.000,3807
21,126,0.976,4357
21,127,0.000,3189
21,128,0.966,4027
21,129,0.000,3681
21,130,0.000,2961
21,131,-1.435,4962
21,132,-0.485,4002
21,133,-2.439,5459
21,134,-1.000,4533
21,135,1.010,3837
21,136,1.500,4371
21,137,-1.478,4235
21,138,0.500,3334
21,139,-0.498,3840
21,140,-1.000,4236
21,141,0.000,3180
21,142,0.000,3705
21,143,0.000,3317
21,144,0.000,3896
21,145,-1.010,3757
21,146,0.510,3970
21,147,-0.508,3738
21,148,-3.061,6211
21,149,-2.632,5649
21,150,-0.541,3732
21,151,0.000,3814
21,152,0.000,3285
21,153,-0.543,3349
21,154,-0.546,3526
21,155,0.000,3776
21,156,0.549,3261
21,157,0.000,2985
21,158,1.093,4202
21,159,-1.081,3664
21,160,1.093,3779
21,161,0.000,3581
21,162,1.081,3798
21,163,-0.535,3310
21,164,0.538,3512
21,165,0.000,3555
21,166,-0.535,3651
21,167,-2.151,5314
21,168,1.099,3896
21,169,-2.174,4636
21,170,1.111,4178
21,171,-0.549,3707
21,172,-0.552,3967
21,173,0.556,3797
21,174,1.105,4621
21,175,1.093,4138
21,176,0.000,3428
21,177,1.081,3871
21,178,0.000,3786
21,179,1.070,4321
21,180,0.529,3254
21,181,-0.526,3750
21,182,2.116,5160
21,183,0.000,3186
21,184,0.518,4100
21,185,0.515,3867
21,186,1.026,3693
21,187,0.000,3237
21,188,1.015,3822
21,189,0.000,3649
21,190,0.000,3547
21,191,2.010,4690
21,192,-1.970,4729
21,193,0.503,4100
21,194,0.500,3472
21,195,-0.995,4300
21,196,-1.508,4771
21,197,1.020,4571
21,198,0.000,3472
21,199,-1.010,4243
21,200,-1.020,4291
21,201,1.546,4221
21,202,0.000,3833
21,203,-1.523,4831
21,204,0.000,3148
21,205,0.515,3574
21,206,0.513,3301
21,207,-1.020,3784
21,208,-1.546,5168
21,209,1.047,3885
21,210,0.518,3324
21,211,2.062,5612
21,212,0.505,4081
21,213,0.000,3328
21,214,-0.503,3847
21,215,0.000,3351
21,216,-1.010,3960
21,217,0.510,3846
21,218,0.508,3726
21,219,0.000,3520
21,220,-0.505,4018
21,221,1.015,4002
21,222,0.000,3439
21,223,-1.508,4351
21,224,1.531,4611
21,225,1.508,4558
21,226,0.495,4267
21,227,0.000,3166
21,228,0.493,3493
21,229,-1.471,4687
21,230,0.498,3866
21,231,0.495,3808
21,232,-0.493,3834
21,233,-0.990,3672
21,234,1.000,3612
21,235,-0.990,3733
21,236,1.000,3703
21,237,0.495,4211
21,238,-0.985,3939
21,239,0.498,3962
21,240,-0.495,3445
21,241,-0.995,4147
21,242,-0.503,3594
21,243,1.010,4031
21,244,-0.500,4138
21,245,0.503,4077
21,246,0.000,3172
21,247,0.500,3991
21,248,-0.498,3790
21,249,0.000,3332
21,250,-1.000,3989
21,251,1.010,4288
21,252,-1.500,4208
21,253,-0.508,3413
21,254,0.000,3098
21,255,-0.510,3914
21,256,-1.538,4575
21,257,1.042,4278
21,258,-1.546,4216
21,259,-0.524,3375
21,260,-0.526,3671
21,261,0.529,3727
21,262,-2.105,4899
21,263,-1.613,4261
21,264,0.000,4028
21,265,0.000,3385
21,266,1.639,3935
21,267,-0.538,3394
21,268,1.081,4108
21,269,-1.070,4801
21,270,-1.081,3993
21,271,1.639,4823
21,272,-1.075,4521
21,273,-2.174,5218
21,274,1.111,3877
21,275,0.549,3343
21,276,0.000,3832
21,277,-1.093,4238
21,278,-1.105,5036
21,279,0.000,3490
21,280,1.117,4644
21,281,-1.105,4394
21,282,-1.676,4492
21,283,0.568,3424
21,284,-0.565,3591
21,285,1.136,3704
21,286,0.000,4117
21,287,0.000,3687
21,288,0.000,3288
21,289,-2.247,5187
21,290,-0.575,4563
21,291,0.000,3713
21,292,0.578,4135
21,293,-2.874,5751
21,294,0.592,4042
21,295,-0.588,3807
21,296,0.592,3679
21,297,-1.176,4673
21,298,2.381,5585
21,299,1.163,3933
21,300,-1.149,4089
21,301,1.163,4218
21,302,0.000,3309
21,303,-0.575,3764
21,304,-0.578,3313
21,305,1.163,4401
21,306,0.000,3260
21,307,1.149,3611
21,308,-0.568,3457
21,309,0.571,3618
21,310,0.000,2909
21,311,0.568,3471
21,312,-1.695,4353
21,313,0.575,3473
21,314,-0.571,3954
21,315,0.575,3468
21,316,0.000,2832
21,317,-1.714,4883
21,318,0.000,3065
21,319,-2.326,5662
21,320,1.190,3878
21,321,-1.765,4783
21,322,0.599,3112
21,323,-1.190,3822
21,324,1.205,4617
21,325,0.595,3500
21,326,0.000,3444
21,327,0.592,3692
21,328,1.176,4063
21,329,-1.744,4187
21,330,0.000,3554
21,331,-0.592,3923
21,332,-1.190,3937
21,333,0.000,3716
21,334,-0.602,4392
21,335,0.000,3193
21,336,-0.606,3678
21,337,-0.610,3250
21,338,0.000,3118
21,339,1.227,3814
21,340,-0.606,4003
21,341,0.610,3655
21,342,0.000,3476
21,343,0.606,4231
21,344,-0.602,4348
21,345,0.000,3560
21,346,-1.818,4560
21,347,-0.617,4548
21,348,0.000,3737
21,349,-1.242,3887
21,350,0.000,2929
21,351,-0.629,3985
21,352,0.000,3691
21,353,0.000,4014
21,354,0.633,3788
21,355,1.258,4612
21,356,0.000,2981
21,357,0.621,3897
21,358,0.617,3391
21,359,-1.227,4207
21,360,0.000,3673
21,361,0.621,4034
21,362,0.000,3271
21,363,0.617,3560
21,364,0.000,3807
21,365,-0.613,3119
21,366,-0.617,4088
21,367,0.000,3086
21,368,0.621,3609
21,369,-0.617,4110
21,370,0.000,3643
21,371,-0.621,3574
21,372,-0.625,3704
21,373,0.000,3317
21,374,0.629,4007
21,375,-0.625,3702
21,376,0.000,3693
21,377,1.258,4495
21,378,1.242,4324
21,379,0.613,3972
21,380,0.000,3939
21,381,2.439,5217
21,382,0.000,3841
21,383,0.595,3368
21,384,0.592,3324
21,385,0.000,3291
21,386,0.000,3000
21,387,-0.588,4086
21,388,1.775,4647
21,389,-2.326,5392
21,390,0.000,2835
21,391,1.190,4446
21,392,0.000,3839
21,393,-0.588,3891
21,394,-0.592,3524
21,395,0.595,3718
21,396,0.000,2970
21,397,-1.183,4003
21,398,0.599,3968
21,399,-1.786,4825
21,400,1.212,5083
21,401,-1.198,3926
21,402,-1.212,3995
21,403,0.613,3978
21,404,0.610,3556
21,405,1.818,4676
21,406,0.595,3606
21,407,0.000,3331
21,408,0.592,3949
21,409,0.000,3559
21,410,-0.588,3973
21,411,-0.592,3668
21,412,-0.595,3340
21,413,0.599,3291
21,414,-1.190,3683
21,415,0.000,3208
21,416,0.602,4213
21,417,0.599,3536
21,418,1.190,4116
21,419,1.765,5191
21,420,-0.578,3700
21,421,-0.581,4363
21,422,-0.585,3387
21,423,0.588,4074
21,424,-0.585,3492
21,425,-0.588,4467
21,426,0.592,3653
21,427,1.176,4160
21,428,0.000,3229
21,429,0.581,3693
21,430,1.156,4763
21,431,0.000,3711
21,432,0.000,3468
21,433,1.714,4841
21,434,0.000,3904
21,435,0.562,3085
21,436,0.559,3364
21,437,0.000,2962
21,438,0.556,4414
21,439,1.105,3923
21,440,-1.093,4167
21,441,0.000,3421
21,442,-0.552,3820
21,443,1.111,3868
21,444,0.000,3105
21,445,0.549,4104
21,446,-0.546,3972
21,447,1.648,4162
21,448,-1.622,4321
21,449,0.549,3909
21,450,0.546,3517
21,451,-1.630,4698
21,452,0.000,3553
21,453,-1.105,4366
21,454,-0.559,3457
21,455,-1.685,4804
21,456,0.000,3248
21,457,-0.571,3922
21,458,-0.575,3942
21,459,0.000,3457
21,460,-0.578,3724
21,461,-1.163,3647
21,462,0.588,3704
21,463,0.585,3283
21,464,-0.581,3414
21,465,0.585,3165
21,466,-1.163,4414
21,467,2.353,4929
21,468,1.149,4500
21,469,-0.568,3757
21,470,0.000,3394
21,471,-0.571,4221
21,472,-0.575,3843
21,473,-0.578,4028
21,474,0.000,3469
21,475,0.581,3776
21,476,-0.578,3446
21,477,1.163,3955
21,478,-1.724,4918
21,479,-0.585,3841
21,480,1.176,3667
21,481,1.163,4200
21,482,0.000,3768
21,483,-0.575,3623
21,484,1.156,4242
21,485,0.000,3047
21,486,1.143,4288
21,487,0.000,3775
21,488,-1.130,4626
21,489,0.571,3781
21,490,0.000,3083
21,491,0.568,3468
21,492,-0.565,4262
21,493,0.568,4044
21,494,-0.565,3299
21,495,-0.568,3908
21,496,0.000,2858
21,497,-0.571,3547
21,498,0.000,3715
21,499,-0.575,3544
21,500,1.156,4250
21,501,1.143,4217
21,502,0.000,3436
21,503,0.000,3194
21,504,-1.130,4166
21,505,-1.143,4373
21,506,0.000,3340
21,507,-0.578,3546
21,508,1.744,4148
21,509,0.000,3269
21,510,0.571,3450
21,511,0.000,2973
21,512,0.000,3226
21,513,0.000,3654
21,514,-0.568,4012
21,515,-0.571,4103
21,516,0.575,3378
21,517,0.571,4267
21,518,0.000,3857
21,519,-2.273,4744
21,520,-1.744,4496
21,521,0.000,3640
21,522,-0.592,3880
21,523,0.595,3740
21,524,0.592,3778
21,525,-0.588,4259
21,526,0.592,3861
21,527,0.000,3763
21,528,-1.176,3711
21,529,1.190,4350
21,530,2.353,4587
21,531,-0.575,3429
21,532,1.156,4244
21,533,-0.571,4262
21,534,-1.149,4313
21,535,0.000,3888
21,536,-0.581,3727
21,537,-1.754,4307
21,538,-1.190,4800
21,539,0.000,3719
21,540,-1.205,3956
21,541,0.000,3361
21,542,-0.610,3554
21,543,0.000,3650
21,544,0.613,3421
21,545,-1.220,3923
21,546,0.000,3369
21,547,-0.617,3971
21,548,0.000,3198
21,549,1.863,5009
21,550,0.610,3756
21,551,-0.606,3984
21,552,-0.610,3164
21,553,-0.613,3736
21,554,0.000,3392
21,555,0.000,3117
21,556,2.469,4796
21,557,-1.205,4448
21,558,0.000,3599
21,559,-1.220,3742
21,560,0.617,3522
21,561,-1.227,4836
21,562,-0.621,4041
21,563,0.625,3462
21,564,-0.621,3983
21,565,1.875,4334
21,566,-0.613,4213
21,567,1.235,4292
21,568,0.000,3580
21,569,-0.610,3813
21,570,0.000,3224
21,571,1.227,3920
21,572,0.606,3810
21,573,0.000,3765
21,574,1.807,4205
21,575,0.000,2966
21,576,1.183,4451
21,577,-1.170,4130
21,578,0.000,3000
21,579,0.592,3606
21,580,2.353,5524
21,581,-0.575,3609
21,582,0.000,3063
21,583,-0.578,3648
21,584,0.000,2997
21,585,0.581,3765
21,586,0.000,3106
21,587,0.000,3216
21,588,0.000,3641
21,589,1.156,4479
21,590,-1.143,4886
21,591,0.000,3551
21,592,0.000,3374
21,593,0.578,3401
21,594,1.149,4451
21,595,-0.568,3222
21,596,-0.571,3093
21,597,0.000,3800
21,598,0.000,3305
21,599,0.000,2912
21,600,0.000,3260
21,601,0.575,3354
21,602,0.571,4017
21,603,0.000,3768
21,604,-0.568,4010
21,605,2.286,5235
21,606,1.117,4789
21,607,-1.657,5039
21,608,-0.562,3982
21,609,-0.565,3765
21,610,0.000,3760
21,611,1.136,4331
21,612,-0.562,3060
21,613,0.565,3830
21,614,0.562,3552
21,615,-0.559,3391
21,616,0.000,3471
21,617,1.685,4919
21,618,2.210,5735
21,619,0.000,3493
21,620,-1.622,4755
21,621,0.549,3936
21,622,1.639,4312
21,623,0.538,4193
21,624,-0.535,3537
21,625,0.000,4030
21,626,0.000,3684
21,627,0.538,4076
21,628,0.535,3259
21,629,0.532,4022
21,630,-0.529,3323
21,631,1.064,3699
21,632,0.000,3712
21,633,0.526,3319
21,634,0.000,3372
21,635,1.047,4300
21,636,0.518,3751
21,637,1.031,4300
21,638,-0.510,4196
21,639,-0.513,3898
21,640,-0.515,3438
21,641,-0.518,3973
21,642,-1.042,4626
21,643,0.526,3517
21,644,-0.524,3479
21,645,-0.526,3519
21,646,-0.529,3562
21,647,0.000,3255
21,648,1.596,5268
21,649,-1.047,4289
21,650,1.058,4026
21,651,-0.524,3840
21,652,0.000,3816
21,653,0.000,3251
21,654,-1.053,3953
21,655,0.000,3829
21,656,-0.532,3692
21,657,1.070,4093
21,658,-1.058,3388
21,659,-1.070,4648
21,660,1.081,4099
21,661,-0.535,3635
21,662,-0.538,4260
21,663,0.000,3251
21,664,-0.541,3797
21,665,0.543,3413
21,666,-1.081,4430
21,667,1.093,3937
21,668,-2.703,5488
21,669,1.667,5035
21,670,-2.186,4892
21,671,-1.676,4528
21,672,0.000,3133
21,673,-0.568,4336
21,674,-0.571,4286
21,675,-1.724,4607
21,676,0.585,4498
21,677,-1.163,4884
21,678,-0.588,3705
21,679,-0.592,3425
21,680,-0.595,3314
21,681,0.599,4017
21,682,-1.786,5060
21,683,0.000,3696
21,684,-0.606,3091
21,685,0.000,3046
21,686,0.610,3408
21,687,0.000,3759
21,688,-0.606,3492
21,689,0.000,3558
21,690,0.610,3546
21,691,-1.212,3819
21,692,1.227,4584
21,693,-3.030,5763
21,694,-0.625,3654
21,695,0.000,3231
21,696,-0.629,3740
21,697,-0.633,3520
21,698,-1.911,4602
21,699,1.299,4878
21,700,-0.641,3559
21,701,-0.645,4299
21,702,0.649,4355
21,703,-0.645,4648
21,704,0.649,3540
21,705,0.000,3297
21,706,-1.290,4331
21,707,-0.654,3502
21,708,0.000,2985
21,709,-1.316,4792
21,710,-0.667,4197
21,711,-0.671,3431
21,712,0.676,3156
21,713,-0.671,3555
21,714,0.676,4270
21,715,1.342,4556
21,716,0.000,3308
21,717,-0.662,3686
21,718,1.333,4353
21,719,1.316,4074
21,720,-1.948,4426
21,721,1.325,3967
21,722,-1.307,4198
21,723,-0.662,4275
21,724,-0.667,4309
21,725,-0.671,3698
21,726,0.676,4252
21,727,-1.342,4880
21,728,0.680,3414
21,729,0.000,3452
21,730,1.351,3669
21,731,-0.667,3805
21,732,0.000,3211
21,733,0.671,4307
21,734,0.000,2951
21,735,-0.667,3716
21,736,-0.671,4012
21,737,1.351,4446
21,738,0.000,4003
21,739,-0.667,3478
21,740,-1.342,3941
21,741,0.680,3712
21,742,0.000,3488
21,743,0.000,3295
21,744,1.351,4261
21,745,0.667,3929
21,746,0.662,3701
21,747,0.000,3478
21,748,-1.316,4560
21,749,-0.667,4176
21,750,0.000,3776
21,751,-2.013,4667
21,752,-0.685,3842
21,753,-0.690,4286
21,754,-0.694,3080
21,755,0.000,3505
21,756,-0.699,4129
21,757,-2.113,5093
21,758,-0.719,3087
21,759,1.449,4335
21,760,0.000,3798
21,761,-0.714,4465
21,762,0.000,3093
21,763,0.719,3577
21,764,0.000,3412
21,765,-0.714,4396
21,766,-0.719,3585
21,767,0.725,3534
21,768,-0.719,3596
21,769,-0.725,3839
21,770,0.000,3625
21,771,1.460,4476
21,772,-0.719,3627
21,773,0.725,3487
21,774,1.439,4904
21,775,-0.709,3939
21,776,-0.714,3994
21,777,2.158,5236
21,778,-0.704,3781
21,779,0.000,3593
21,780,0.000,3037
21,781,0.709,3669
21,782,-0.704,4214
21,783,-0.709,3085
21,784,0.714,3195
21,785,1.418,4536
21,786,-0.699,4059
21,787,0.000,3788
21,788,0.704,3773
21,789,0.699,3804
21,790,-0.694,3885
21,791,0.000,3423
21,792,0.000,4172
21,793,0.000,4222
21,794,0.000,3958
21,795,0.699,3452
21,796,0.694,4206
21,797,-1.379,4791
21,798,0.000,3335
21,799,0.699,3697
21,800,-0.694,4011
21,801,0.699,3338
21,802,-0.694,3891
21,803,0.000,3951
21,804,-1.399,3965
21,805,2.128,4701
21,806,2.083,5286
21,807,0.000,3244
21,808,0.680,3208
21,809,-1.351,3900
21,810,0.000,3436
21,811,1.370,4245
21,812,-0.676,3339
21,813,0.680,3106
21,814,0.000,3966
21,815,0.676,3613
21,816,1.342,4707
21,817,-3.311,5478
21,818,0.685,3810
21,819,-2.041,4731
21,820,0.694,3394
21,821,0.000,3828
21,822,0.690,3529
21,823,-1.370,4562
21,824,0.694,4562
21,825,0.690,3821
21,826,0.000,3124
21,827,-0.685,3831
21,828,0.690,3841
21,829,0.685,3715
21,830,1.361,4101
21,831,1.342,3839
21,832,-0.662,4422
21,833,1.333,4928
21,834,-0.658,3653
21,835,0.662,4617
21,836,0.658,3309
21,837,0.000,3708
21,838,1.307,4097
21,839,0.645,4423
21,840,0.000,3083
21,841,1.282,4688
21,842,0.000,3723
21,843,-0.633,3712
21,844,0.000,3394
21,845,-0.637,3329
21,846,0.641,3979
21,847,0.000,3701
21,848,0.000,3633
21,849,1.274,4184
21,850,-1.258,4855
21,851,0.000,3367
21,852,-0.637,4640
21,853,-0.641,3672
21,854,-1.935,5189
21,855,0.000,3641
21,856,-0.658,3511
21,857,-0.662,3956
21,858,0.000,3802
21,859,1.333,4458
21,860,-1.316,4382
21,861,-1.333,4808
21,862,-0.676,3893
21,863,0.680,4239
21,864,-0.676,4040
21,865,1.361,4525
21,866,-1.342,4830
21,867,0.680,3347
21,868,0.000,3238
21,869,0.000,3917
21,870,0.000,2902
21,871,1.351,4105
21,872,-1.333,4737
21,873,-0.676,3893
21,874,-0.680,4015
21,875,-0.685,3742
21,876,1.379,4387
21,877,-2.041,4814
21,878,-0.694,3376
21,879,-0.699,4021
21,880,-0.704,3945
21,881,-1.418,4659
21,882,-0.719,3879
21,883,0.000,3092
21,884,0.725,4096
21,885,0.719,3374
21,886,0.714,3967
21,887,0.709,3692
21,888,-0.704,3263
21,889,0.709,3025
21,890,0.000,3352
21,891,-2.113,4819
21,892,2.158,4266
21,893,-0.704,3421
21,894,0.000,3914
21,895,0.000,3508
21,896,-0.709,4024
21,897,0.714,3475
21,898,0.000,3172
21,899,0.709,3920
21,900,-1.408,4368
21,901,-1.429,4288
21,902,0.725,4345
21,903,1.439,4343
21,904,1.418,4490
21,905,-0.699,3635
21,906,-1.408,4366
21,907,-1.429,4886
21,908,0.000,3280
21,909,-0.725,3776
21,910,-0.730,3989
21,911,-0.735,4240
21,912,-0.741,4662
21,913,-1.493,4642
21,914,0.758,3459
21,915,0.000,3739
21,916,0.000,3334
21,917,-1.504,4220
21,918,-0.763,4203
21,919,0.000,3636
21,920,0.769,3833
21,921,0.000,3622
21,922,0.000,3552
21,923,2.290,4411
21,924,-0.746,3457
21,925,0.752,4011
21,926,0.746,3955
21,927,-0.741,2928
21,928,-0.746,4145
21,929,-0.752,3387
21,930,0.758,3926
21,931,0.752,3751
21,932,-0.746,4406
21,933,0.000,3911
21,934,-0.752,4404
21,935,-0.758,3415
21,936,0.000,2968
21,937,0.763,3828
21,938,-0.758,3073
21,939,1.527,4309
21,940,0.752,4145
21,941,0.746,3060
21,942,-0.741,3707
21,943,0.000,3242
21,944,0.000,3931
21,945,0.746,3911
21,946,-0.741,4120
21,947,0.746,3848
21,948,0.000,3554
21,949,-0.741,3592
21,950,0.746,3887
21,951,0.741,4436
21,952,0.000,3773
21,953,0.000,2949
21,954,0.000,3809
21,955,-0.735,3819
21,956,0.741,4354
21,957,0.000,3298
21,958,0.000,3275
21,959,0.000,3511
21,960,-0.735,4430
21,961,2.222,5626
21,962,-1.449,3906
21,963,0.000,3334
21,964,0.000,3633
21,965,0.000,3201
21,966,0.000,3932
21,967,0.000,3765
21,968,0.000,3035
21,969,-0.735,3584
21,970,-0.741,4193
21,971,-1.493,4696
21,972,0.000,3651
21,973,0.000,3377
21,974,0.758,3631
21,975,0.000,3682
21,976,0.752,4212
21,977,-0.746,3886
21,978,0.000,3834
21,979,0.752,4066
21,980,0.746,3717
21,981,0.000,3090
21,982,-1.481,4251
21,983,0.000,3572
21,984,-0.752,4154
21,985,0.000,3834
21,986,0.758,3258
21,987,0.000,3836
21,988,-0.752,3513
21,989,-1.515,3951
21,990,2.308,4522
21,991,0.000,3774
21,992,-1.504,4515
21,993,-0.763,4035
21,994,-1.538,4707
21,995,-0.781,3671
21,996,-2.362,5357
21,997,0.806,3994
21,998,0.800,4120
21,999,1.587,4689
21,1000,0.000,4186
21,1001,-1.562,5094
21,1002,1.587,3959
21,1003,0.000,3176
21,1004,0.000,3709
21,1005,-0.781,3970
21,1006,0.787,3728
21,1007,0.000,2928
21,1008,0.000,3596
21,1009,-0.781,3985
21,1010,0.000,3194
21,1011,-0.787,3770
21,1012,-1.587,4542
21,1013,-2.419,4698
21,1014,-0.826,3595
21,1015,1.667,4576
21,1016,-0.820,3516
21,1017,-0.826,4779
21,1018,0.000,4219
21,1019,-0.833,3685
21,1020,0.000,3565
21,1021,-0.840,3979
21,1022,0.000,3525
21,1023,0.847,4556
21,1024,0.000,3184
21,1025,0.000,4041
21,1026,0.000,3944
21,1027,0.000,3688
21,1028,-1.681,4215
21,1029,1.709,4262
21,1030,0.000,3587
21,1031,0.000,3371
21,1032,1.681,4414
21,1033,0.000,3673
21,1034,-0.826,3131
21,1035,-0.833,3629
21,1036,0.000,3252
21,1037,-0.840,3669
21,1038,0.847,4036
21,1039,0.000,3760
21,1040,-0.840,4372
21,1041,-1.695,4475
21,1042,0.000,3604
21,1043,0.000,2957
21,1044,0.000,3760
21,1045,0.000,3528
21,1046,0.000,3855
21,1047,-0.862,4144
21,1048,1.739,4175
21,1049,-0.855,3729
21,1050,0.000,3228
21,1051,0.862,3803
21,1052,-0.855,3694
21,1053,-1.724,3807
21,1054,1.754,4212
21,1055,-1.724,4224
21,1056,0.000,3119
21,1057,0.877,4094
21,1058,-0.870,4161
21,1059,-0.877,4430
21,1060,0.885,4100
21,1061,0.000,3181
21,1062,-0.877,4695
21,1063,0.000,4084
21,1064,0.000,3751
21,1065,-0.885,3486
21,1066,-1.786,4665
21,1067,0.909,4627
21,1068,0.901,3796
21,1069,0.893,3717
21,1070,-0.885,4536
21,1071,-1.786,4176
21,1072,0.909,3846
21,1073,0.000,3285
21,1074,0.000,4204
21,1075,-0.901,3028
21,1076,-0.909,4205
21,1077,0.917,3658
21,1078,-0.909,4252
21,1079,0.000,3473
21,1080,1.835,4430
21,1081,-0.901,3635
21,1082,0.000,3450
21,1083,0.000,3297
21,1084,0.000,3041
21,1085,0.000,3523
21,1086,0.000,3311
21,1087,0.000,3694
21,1088,0.909,4191
21,1089,0.000,3237
21,1090,0.901,3962
21,1091,0.000,3606
21,1092,-0.893,4035
21,1093,-0.901,3904
21,1094,0.909,4055
21,1095,0.000,3757
21,1096,-1.802,4440
21,1097,0.917,4045
21,1098,0.000,2996
21,1099,-1.818,4361
21,1100,2.778,6024
21,1101,0.901,3864
21,1102,0.000,3889
21,1103,0.893,3854
21,1104,0.000,3691
21,1105,0.000,3493
21,1106,-0.885,3756
21,1107,0.893,3914
21,1108,-0.885,4039
21,1109,-0.893,3634
21,1110,0.901,3644
21,1111,0.000,3871
21,1112,0.000,3492
21,1113,-0.893,4183
21,1114,0.000,3511
21,1115,0.901,3965
21,1116,0.893,3860
21,1117,-0.885,3608
21,1118,0.000,3563
21,1119,0.893,4151
21,1120,0.000,3832
21,1121,0.885,4592
21,1122,0.000,3773
21,1123,1.754,4732
21,1124,1.724,5233
21,1125,-1.695,4620
21,1126,0.000,3473
21,1127,0.862,3676
21,1128,-1.709,4396
21,1129,0.870,3172
21,1130,-0.862,4056
21,1131,2.609,5133
21,1132,-0.847,3532
21,1133,1.709,5096
21,1134,0.840,4278
21,1135,0.000,3372
21,1136,-0.833,4456
21,1137,0.840,4844
21,1138,-0.833,3660
21,1139,0.000,3258
21,1140,0.000,3930
21,1141,-1.681,4594
21,1142,-0.855,4196
21,1143,0.862,3395
21,1144,0.855,4629
21,1145,0.847,4016
21,1146,0.000,2961
21,1147,-0.840,3317
21,1148,0.000,3153
21,1149,0.000,4069
21,1150,0.000,3558
21,1151,1.695,4654
21,1152,1.667,5128
21,1153,-0.820,3671
21,1154,0.000,3947
21,1155,-0.826,3845
21,1156,-1.667,5068
21,1157,0.000,3471
21,1158,-0.847,3356
21,1159,-0.855,4435
21,1160,-0.862,3449
21,1161,1.739,5213
21,1162,0.855,3729
21,1163,0.000,3351
21,1164,0.847,3670
21,1165,0.000,3738
21,1166,-0.840,3661
21,1167,-0.847,3493
21,1168,0.000,3289
21,1169,1.709,4320
21,1170,-0.840,3974
21,1171,-1.695,5058
21,1172,-0.862,4020
21,1173,0.000,3545
21,1174,0.000,3737
21,1175,-0.870,4197
21,1176,0.877,4050
21,1177,0.000,3462
21,1178,0.000,3275
21,1179,0.870,4097
21,1180,0.862,3387
21,1181,-0.855,3158
21,1182,0.862,4467
21,1183,0.000,4294
21,1184,0.000,3629
21,1185,0.855,3866
21,1186,-1.695,4402
21,1187,0.862,3954
21,1188,0.000,3733
21,1189,-0.855,4270
21,1190,0.000,4016
21,1191,0.862,3729
21,1192,0.000,3452
21,1193,-0.855,4071
21,1194,0.000,3693
21,1195,-2.586,5638
21,1196,0.000,4136
21,1197,-1.770,4805
21,1198,0.901,3576
21,1199,-0.893,4211
21,1200,-0.901,3818
21,1201,-0.909,3929
21,1202,1.835,4537
21,1203,0.000,3107
21,1204,0.000,4040
21,1205,-0.901,4035
21,1206,0.909,2909
21,1207,0.000,3433
21,1208,-0.901,3734
21,1209,0.000,3453
21,1210,0.000,3308
21,1211,-0.909,4039
21,1212,0.000,3035
21,1213,-0.917,4578
21,1214,0.000,3072
21,1215,-0.926,3464
21,1216,-0.935,4121
21,1217,-0.943,4040
21,1218,0.952,3427
21,1219,-1.887,4099
21,1220,0.000,3223
21,1221,0.962,4100
21,1222,0.000,3506
21,1223,0.000,3871
21,1224,0.952,3719
21,1225,0.943,4648
21,1226,-1.869,5074
21,1227,0.952,4127
21,1228,0.943,4044
21,1229,-0.935,3470
21,1230,-0.943,4226
21,1231,-0.952,4308
21,1232,-0.962,4797
21,1233,0.000,3276
21,1234,0.000,3507
21,1235,-1.942,4860
21,1236,-0.990,4304
21,1237,-1.000,3536
21,1238,0.000,3708
21,1239,-2.020,4687
21,1240,-1.031,4229
21,1241,2.083,4688
21,1242,0.000,3535
21,1243,0.000,3191
21,1244,0.000,3858
21,1245,1.020,4024
21,1246,0.000,3821
21,1247,1.010,4590
21,1248,1.000,3502
21,1249,-0.990,3683
21,1250,0.000,4301
21,1251,-1.000,3925
21,1252,0.000,4038
21,1253,0.000,3946
21,1254,1.010,3423
21,1255,0.000,3270
21,1256,0.000,3051
21,1257,-2.000,4279
21,1258,0.000,3147
21,1259,1.020,3984
21,1260,0.000,3495
21,1261,1.010,4753
21,1262,0.000,3198
21,1263,-1.000,4421
21,1264,0.000,3854
21,1265,1.010,4096
21,1266,1.000,4027
21,1267,-0.990,3334
21,1268,0.000,3360
21,1269,1.000,4034
21,1270,0.000,4042
21,1271,0.000,3559
21,1272,0.000,4012
21,1273,0.000,3543
21,1274,0.000,3023
21,1275,-0.990,4073
21,1276,0.000,3049
21,1277,-1.000,4315
21,1278,-1.010,4402
21,1279,1.020,4212
21,1280,0.000,3623
21,1281,0.000,3835
21,1282,0.000,2964
21,1283,-1.010,3856
21,1284,-1.020,5279
21,1285,-1.031,3822
21,1286,1.042,3970
21,1287,-1.031,3253
21,1288,0.000,3494
21,1289,1.042,4256
21,1290,0.000,3897
21,1291,1.031,3897
21,1292,1.020,4154
21,1293,1.010,4189
21,1294,1.000,4866
21,1295,0.000,3832
21,1296,0.000,3446
21,1297,0.990,4524
21,1298,0.000,3959
21,1299,0.000,3636
21,1300,0.000,3877
21,1301,0.000,3373
21,1302,-0.980,3305
21,1303,0.000,3503
21,1304,-0.990,3862
21,1305,2.000,4663
21,1306,0.980,4499
21,1307,-1.942,4987
21,1308,0.000,3568
21,1309,0.000,3774
21,1310,-0.990,4211
21,1311,-1.000,4238
21,1312,-1.010,3846
21,1313,0.000,4072
21,1314,3.061,5955
21,1315,-0.990,4101
21,1316,-1.000,4476
21,1317,1.010,4446
21,1318,2.000,4255
21,1319,-1.961,4865
21,1320,0.000,3706
21,1321,-1.000,3303
21,1322,1.010,4038
21,1323,1.000,3815
21,1324,0.000,3106
21,1325,0.000,3058
21,1326,0.990,3713
21,1327,1.961,4770
21,1328,0.962,4607
21,1329,0.000,3653
21,1330,0.952,4610
21,1331,0.000,3571
21,1332,0.943,3349
21,1333,0.000,3807
21,1334,0.000,3081
21,1335,-2.804,5502
21,1336,1.923,4986
21,1337,-0.943,4041
21,1338,0.000,3344
21,1339,-0.952,3730
21,1340,0.962,3774
21,1341,1.905,4663
21,1342,-0.935,3533
21,1343,0.943,3187
21,1344,0.000,3556
21,1345,0.000,3660
21,1346,-0.935,3476
21,1347,0.000,4107
21,1348,0.000,3713
21,1349,0.000,3835
21,1350,-0.943,3842
21,1351,0.952,3969
21,1352,0.000,3788
21,1353,1.887,4359
21,1354,-0.926,3506
21,1355,1.869,4822
21,1356,-0.917,4719
21,1357,-0.926,3635
21,1358,0.935,4052
21,1359,0.000,3084
21,1360,1.852,3911
21,1361,-1.818,4410
21,1362,0.926,3755
21,1363,0.000,3753
21,1364,-0.917,3417
21,1365,1.852,4546
21,1366,0.000,3658
21,1367,0.909,3614
21,1368,0.000,3505
21,1369,0.901,3420
21,1370,0.000,3153
21,1371,0.893,4433
21,1372,0.885,3754
21,1373,-0.877,4314
21,1374,0.885,4480
21,1375,0.000,3561
21,1376,0.877,3940
21,1377,0.870,3916
21,1378,0.000,3088
21,1379,0.000,3665
21,1380,-1.724,5030
21,1381,0.000,3714
21,1382,0.000,3435
21,1383,0.000,2951
21,1384,0.000,3534
21,1385,-0.877,3783
21,1386,0.885,3844
21,1387,-0.877,3201
21,1388,-0.885,4131
21,1389,0.000,3111
21,1390,0.000,3582
21,1391,0.000,3348
21,1392,0.000,2888
21,1393,0.893,4027
21,1394,-1.770,5086
21,1395,0.901,4131
21,1396,2.679,5355
21,1397,0.870,3999
21,1398,0.862,4142
21,1399,-1.709,4073
21,1400,-1.739,4787
21,1401,0.000,3168
21,1402,0.885,3879
21,1403,1.754,3965
21,1404,-1.724,4552
21,1405,-0.877,3739
21,1406,0.885,3268
21,1407,0.877,3617
21,1408,0.000,4098
21,1409,0.000,3160
21,1410,0.870,3487
21,1411,-1.724,4574
21,1412,0.000,3250
21,1413,0.000,3604
21,1414,0.877,3932
21,1415,-0.870,3695
21,1416,0.877,3521
21,1417,-0.870,3326
21,1418,0.000,3641
21,1419,0.877,3580
21,1420,0.870,4073
21,1421,0.862,3727
21,1422,0.855,4113
21,1423,0.000,3083
21,1424,-0.847,4623
21,1425,-0.855,3441
21,1426,-0.862,3874
21,1427,0.000,3174
21,1428,0.870,3537
21,1429,-1.724,4449
21,1430,0.000,3049
21,1431,0.877,4003
21,1432,0.870,4111
21,1433,0.000,3762
21,1434,0.862,3951
21,1435,-1.709,3940
21,1436,1.739,4778
21,1437,0.855,3956
21,1438,0.000,3561
21,1439,-0.847,3494
21,1440,-0.855,4109
22,1,0.612,3952
22,2,0.811,4276
22,3,0.805,3465
22,4,-0.200,3018
22,5,-1.000,4243
22,6,1.010,3956
22,7,-1.400,4851
22,8,-1.420,4435
22,9,-0.823,3635
22,10,-1.452,4211
22,11,-0.421,3827
22,12,0.846,4059
22,13,2.306,5496
22,14,-0.615,4090
22,15,0.412,3807
22,16,1.027,3738
22,17,-0.203,3487
22,18,0.204,3819
22,19,-1.016,3919
22,20,1.232,3955
22,21,0.000,2909
22,22,0.609,3707
22,23,0.000,3739
22,24,0.202,3549
22,25,0.201,3329
22,26,-2.209,5403
22,27,-0.205,3413
22,28,-0.823,3724
22,29,0.830,3952
22,30,-0.823,4456
22,31,-1.037,3645
22,32,-0.419,3237
22,33,0.000,3080
22,34,-1.053,4584
22,35,0.213,3313
22,36,0.849,3729
22,37,-0.421,3466
22,38,0.000,3817
22,39,1.691,4649
22,40,-0.624,4070
22,41,-0.418,3371
22,42,1.050,3902
22,43,-0.208,3541
22,44,-0.417,3284
22,45,-0.209,3842
22,46,-0.629,3436
22,47,0.211,3514
22,48,-1.263,4725
22,49,0.000,3566
22,50,-0.853,4422
22,51,0.645,4035
22,52,1.068,4068
22,53,0.211,3833
22,54,-0.211,3710
22,55,-0.423,3501
22,56,-0.425,3271
22,57,-0.853,3897
22,58,0.430,3964
22,59,-0.214,2993
22,60,0.429,3485
22,61,0.000,3047
22,62,0.214,3624
22,63,-0.426,3966
22,64,0.428,3726
22,65,1.066,3800
22,66,-0.844,4241
22,67,0.851,3868
22,68,-1.899,5305
22,69,-0.430,4160
22,70,0.432,3508
22,71,-0.215,3656
22,72,-0.216,3679
22,73,-0.864,3578
22,74,0.871,3477
22,75,1.080,3830
22,76,-0.855,4113
22,77,-0.431,3182
22,78,-0.216,3855
22,79,-1.085,4247
22,80,-0.219,3548
22,81,-0.879,4273
22,82,-0.443,3857
22,83,-1.559,4468
22,84,-0.452,3656
22,85,0.000,3321
22,86,0.909,3665
22,87,0.000,3203
22,88,-0.901,4414
22,89,-1.136,3735
22,90,-0.230,3044
22,91,0.230,3328
22,92,-2.759,5514
22,93,-0.709,3827
22,94,1.667,4156
22,95,-0.468,3540
22,96,0.000,3818
22,97,-1.647,4911
22,98,2.153,5431
22,99,-0.468,3567
22,100,-1.647,4745
22,101,-0.718,4227
22,102,0.723,3741
22,103,0.478,3594
22,104,0.476,3913
22,105,-0.474,4218
22,106,-0.476,3413
22,107,0.478,3326
22,108,-2.619,5702
22,109,1.467,4800
22,110,-0.723,3630
22,111,0.000,3039
22,112,-1.942,4960
22,113,-0.743,3390
22,114,-0.249,3919
22,115,-0.500,3292
22,116,0.000,3275
22,117,0.754,4207
22,118,0.249,3045
22,119,-2.239,5127
22,120,1.272,3977
22,121,2.513,5098
22,122,-0.245,3078
22,123,-1.720,4600
22,124,-1.000,4317
22,125,-1.010,3884
22,126,0.255,3288
22,127,0.000,3679
22,128,-0.254,3857
22,129,-1.276,3882
22,130,0.258,3463
22,131,-0.515,4119
22,132,0.259,3555
22,133,-0.258,4027
22,134,0.518,4130
22,135,0.000,3395
22,136,0.258,2866
22,137,-0.771,4185
22,138,-1.036,4098
22,139,-0.785,4025
22,140,1.583,4322
22,141,-2.338,5201
22,142,-0.266,3681
22,143,0.800,3882
22,144,-1.058,3668
22,145,0.000,3428
22,146,0.267,3452
22,147,1.867,4692
22,148,1.047,3987
22,149,1.036,4167
22,150,-1.538,4469
22,151,1.562,4606
22,152,1.026,4222
22,153,0.508,3828
22,154,-1.010,4459
22,155,0.000,2946
22,156,-1.020,3580
22,157,1.289,4111
22,158,0.000,3426
22,159,1.018,4517
22,160,0.000,3549
22,161,0.504,3613
22,162,0.752,3490
22,163,0.000,2916
22,164,0.000,3808
22,165,-0.498,3930
22,166,-1.500,4221
22,167,-1.777,4821
22,168,1.550,4947
22,169,-0.763,4393
22,170,0.256,3588
22,171,-0.256,2882
22,172,0.000,3043
22,173,2.821,5746
22,174,-0.249,3778
22,175,1.750,4780
22,176,-1.720,4578
22,177,0.750,4223
22,178,0.744,4184
22,179,-0.739,3637
22,180,-0.248,3573
22,181,2.239,5308
22,182,0.243,3293
22,183,0.000,3478
22,184,0.000,2979
22,185,0.485,3371
22,186,-0.483,3383
22,187,-1.456,4766
22,188,-0.739,4168
22,189,0.744,3869
22,190,-0.739,4164
22,191,0.744,4036
22,192,-0.739,3334
22,193,0.000,3450
22,194,1.241,4594
22,195,-1.716,5084
22,196,0.249,3883
22,197,0.995,3779
22,198,-0.739,3984
22,199,1.737,4850
22,200,-0.976,4194
22,201,0.739,3804
22,202,-0.489,3461
22,203,-0.737,3566
22,204,-1.485,4563
22,205,1.005,3770
22,206,0.249,3928
22,207,-0.496,3382
22,208,-0.499,3540
22,209,-1.253,4181
22,210,-0.761,3724
22,211,0.512,3378
22,212,0.000,3442
22,213,0.763,3606
22,214,1.010,3694
22,215,-0.750,4090
22,216,-0.756,3506
22,217,0.000,3088
22,218,-0.761,3855
22,219,-0.256,3675
22,220,0.513,4020
22,221,1.020,4521
22,222,1.010,4146
22,223,-1.000,4702
22,224,0.000,3677
22,225,1.010,4316
22,226,1.000,3910
22,227,0.248,3354
22,228,-0.741,3341
22,229,0.995,3725
22,230,2.463,5264
22,231,-1.683,4235
22,232,0.244,3071
22,233,0.732,4120
22,234,-1.453,3985
22,235,-0.246,3529
22,236,-0.739,3644
22,237,-0.248,3646
22,238,1.493,4042
22,239,0.245,3838
22,240,-0.244,3783
22,241,0.735,4059
22,242,0.243,3777
22,243,0.485,3687
22,244,-1.208,4033
22,245,0.978,4003
22,246,1.453,4883
22,247,-0.239,3193
22,248,-0.478,3209
22,249,0.481,3589
22,250,0.478,3764
22,251,-0.476,4112
22,252,-0.239,3412
22,253,0.000,3018
22,254,0.719,3870
22,255,0.952,3943
22,256,0.236,3437
22,257,0.235,3704
22,258,1.878,4311
22,259,0.230,3742
22,260,0.690,3343
22,261,-0.913,4013
22,262,1.152,4507
22,263,0.911,3603
22,264,0.000,3008
22,265,-0.226,2880
22,266,0.000,3112
22,267,-0.679,4234
22,268,0.228,3947
22,269,0.000,3728
22,270,-0.455,4020
22,271,-0.228,2986
22,272,0.229,3803
22,273,-1.826,4764
22,274,-0.465,3983
22,275,1.168,3917
22,276,0.000,3225
22,277,0.231,3198
22,278,0.230,3545
22,279,0.460,3916
22,280,-1.144,4696
22,281,0.231,3468
22,282,1.617,5098
22,283,1.591,4173
22,284,0.671,3950
22,285,0.222,3481
22,286,0.443,3774
22,287,-0.883,3867
22,288,0.668,3891
22,289,-0.221,3563
22,290,0.887,3600
22,291,0.659,3639
22,292,-0.655,3672
22,293,2.418,5641
22,294,-0.429,3259
22,295,-0.647,4070
22,296,-0.217,3033
22,297,0.870,3980
22,298,-1.293,4387
22,299,1.528,4604
22,300,-1.075,3681
22,301,0.870,3863
22,302,-0.862,4162
22,303,-0.217,3674
22,304,1.307,4644
22,305,1.075,4492
22,306,0.426,3658
22,307,-1.271,3808
22,308,-1.502,4786
22,309,-0.218,3745
22,310,0.873,3983
22,311,0.433,3737
22,312,0.216,3653
22,313,0.000,3319
22,314,0.645,3465
22,315,-0.427,3559
22,316,0.429,3225
22,317,-0.427,3385
22,318,1.073,4261
22,319,1.274,4532
22,320,1.048,3947
22,321,-1.452,3983
22,322,0.632,4052
22,323,-0.837,4209
22,324,2.110,5450
22,325,0.620,3394
22,326,1.643,4799
22,327,-0.606,3469
22,328,0.407,3551
22,329,0.810,3703
22,330,-0.201,3334
22,331,-1.006,4088
22,332,-0.407,3914
22,333,0.816,4114
22,334,-0.202,3392
22,335,0.609,4011
22,336,0.605,3843
22,337,0.401,3480
22,338,-1.796,4414
22,339,0.000,3695
22,340,1.626,5076
22,341,0.400,3977
22,342,-0.398,3131
22,343,0.000,3709
22,344,0.600,3505
22,345,-0.994,3769
22,346,0.000,3428
22,347,0.402,3941
22,348,-1.400,4651
22,349,0.000,3157
22,350,0.406,3457
22,351,0.606,4026
22,352,0.803,4399
22,353,1.394,4835
22,354,-1.179,4282
22,355,-0.795,3980
22,356,-0.601,4030
22,357,-2.016,4601
22,358,0.206,3199
22,359,-0.411,3907
22,360,1.856,5107
22,361,0.202,3505
22,362,1.616,4748
22,363,1.392,4258
22,364,-0.980,3957
22,365,0.396,3717
22,366,1.183,4109
22,367,0.780,4289
22,368,1.741,4489
22,369,0.000,3188
22,370,-0.951,3884
22,371,-0.576,4160
22,372,-0.772,4284
22,373,0.584,3552
22,374,1.354,4264
22,375,0.573,3439
22,376,1.139,4172
22,377,0.375,3725
22,378,-0.187,3628
22,379,0.000,3748
22,380,-1.124,3802
22,381,-0.189,3170
22,382,0.190,3103
22,383,-0.758,3844
22,384,-0.382,3606
22,385,0.383,3557
22,386,0.573,3537
22,387,-0.380,3801
22,388,0.000,3783
22,389,-0.190,3016
22,390,0.000,3438
22,391,1.527,4148
22,392,-1.316,4385
22,393,-2.095,4994
22,394,0.195,3400
22,395,0.583,3863
22,396,-0.193,3219
22,397,-0.774,3778
22,398,-0.585,3477
22,399,-0.196,2869
22,400,0.393,3516
22,401,-0.587,3922
22,402,-0.394,3760
22,403,-0.988,3896
22,404,1.198,3862
22,405,0.789,3576
22,406,0.587,3510
22,407,-1.751,4563
22,408,-0.594,3484
22,409,-0.797,4116
22,410,-0.602,3959
22,411,-0.404,3865
22,412,1.014,4183
22,413,0.000,3190
22,414,1.205,4175
22,415,0.000,3333
22,416,0.000,3153
22,417,-0.397,3844
22,418,-0.199,3105
22,419,0.000,2975
22,420,0.200,3544
22,421,0.598,3639
22,422,-0.792,3788
22,423,-0.399,3825
22,424,0.200,3501
22,425,-0.400,3596
22,426,0.201,3654
22,427,0.802,3865
22,428,-0.199,3687
22,429,-0.797,3466
22,430,-0.602,3376
22,431,1.616,4638
22,432,0.199,2946
22,433,-0.992,4409
22,434,-0.401,3110
22,435,0.201,3821
22,436,-1.004,3911
22,437,-0.406,3583
22,438,-0.611,3683
22,439,-0.410,3618
22,440,-0.412,3975
22,441,0.620,4073
22,442,0.411,3929
22,443,0.818,4484
22,444,2.028,5151
22,445,0.596,4012
22,446,1.186,3764
22,447,-0.586,3621
22,448,1.179,4646
22,449,1.359,3991
22,450,0.766,3860
22,451,-1.141,4670
22,452,0.769,3470
22,453,-1.336,4648
22,454,-0.387,3057
22,455,0.971,4197
22,456,0.962,4122
22,457,0.762,3511
22,458,-0.567,3374
22,459,0.190,3554
22,460,0.190,3453
22,461,-0.379,3284
22,462,0.570,3538
22,463,0.000,2930
22,464,1.701,4477
22,465,1.673,4404
22,466,-1.097,4583
22,467,-1.479,3998
22,468,-0.188,3467
22,469,0.188,3785
22,470,1.126,3991
22,471,-1.113,4170
22,472,-0.938,4048
22,473,1.705,4522
22,474,0.559,3996
22,475,-0.185,3352
22,476,0.371,4058
22,477,0.555,3215
22,478,0.919,4477
22,479,0.364,3447
22,480,0.000,2923
22,481,0.363,3273
22,482,-0.181,3065
22,483,0.362,3894
22,484,-0.542,3809
22,485,-0.544,3616
22,486,0.365,3360
22,487,0.182,3681
22,488,-0.363,3278
22,489,-1.093,3833
22,490,-0.552,4108
22,491,0.000,3685
22,492,-0.370,4050
22,493,0.558,3608
22,494,1.848,4508
22,495,0.000,3310
22,496,1.089,3890
22,497,-0.359,3877
22,498,0.721,3510
22,499,1.968,5233
22,500,0.175,3664
22,501,-1.226,4086
22,502,-1.064,3772
22,503,0.000,3732
22,504,0.538,3246
22,505,0.535,4224
22,506,1.773,4589
22,507,0.174,3753
22,508,0.174,3611
22,509,0.347,3143
22,510,0.173,3385
22,511,0.173,3264
22,512,-0.345,3627
22,513,-1.038,3747
22,514,-0.175,3177
22,515,0.876,4047
22,516,1.910,4910
22,517,1.022,4054
22,518,0.337,3357
22,519,-1.176,4379
22,520,-1.020,3948
22,521,-0.172,2987
22,522,0.172,2975
22,523,1.546,4374
22,524,0.846,4096
22,525,-0.503,3286
22,526,-1.012,4571
22,527,-1.363,4069
22,528,1.382,3929
22,529,-0.511,3697
22,530,1.027,4147
22,531,0.508,3291
22,532,-0.337,3674
22,533,-1.184,4121
22,534,-1.541,4732
22,535,-1.043,4563
22,536,0.879,3781
22,537,-0.697,3821
22,538,0.526,4048
22,539,-0.524,4112
22,540,-0.877,4261
22,541,1.239,4437
22,542,0.874,4016
22,543,0.693,4115
22,544,0.688,4303
22,545,-0.342,3602
22,546,1.201,4254
22,547,0.339,3882
22,548,0.169,3684
22,549,0.337,3612
22,550,-0.672,3486
22,551,0.508,3255
22,552,-0.337,3311
22,553,-1.182,4231
22,554,0.855,3585
22,555,0.339,3318
22,556,0.338,3323
22,557,-1.515,4119
22,558,0.342,3355
22,559,0.341,3239
22,560,-2.207,4885
22,561,0.347,3353
22,562,-0.346,3412
22,563,0.694,4104
22,564,-1.724,5045
22,565,0.175,3402
22,566,1.051,4514
22,567,1.213,4041
22,568,1.541,4129
22,569,-0.506,3223
22,570,-0.847,4093
22,571,-0.513,3841
22,572,0.000,3276
22,573,0.000,3157
22,574,1.890,4523
22,575,-0.843,4201
22,576,-0.170,3792
22,577,-1.193,4744
22,578,-0.862,3554
22,579,-0.348,3139
22,580,-1.745,5144
22,581,0.000,3766
22,582,0.710,4047
22,583,0.529,3821
22,584,-0.175,3235
22,585,-0.176,3233
22,586,0.528,4156
22,587,0.525,3455
22,588,0.174,3654
22,589,-0.174,3457
22,590,-0.523,3212
22,591,0.876,3716
22,592,0.521,3589
22,593,0.691,4056
22,594,-2.058,4841
22,595,-0.175,3138
22,596,0.702,4029
22,597,-1.220,4348
22,598,-0.529,3936
22,599,-0.355,3814
22,600,1.068,3903
22,601,-0.352,3329
22,602,-0.177,3924
22,603,-0.531,3678
22,604,-1.601,5172
22,605,-0.362,3303
22,606,-0.363,3734
22,607,-0.364,3327
22,608,1.097,4272
22,609,-0.542,3468
22,610,-1.091,4116
22,611,-0.368,3574
22,612,-1.292,4009
22,613,-0.187,3364
22,614,1.124,4078
22,615,-1.111,4342
22,616,-0.749,4020
22,617,-1.698,4898
22,618,-0.192,2890
22,619,1.538,4203
22,620,-0.568,3272
22,621,-0.190,3413
22,622,-0.382,3890
22,623,0.766,3420
22,624,-1.711,4905
22,625,-1.741,5188
22,626,0.787,3860
22,627,0.000,3602
22,628,0.586,3915
22,629,-0.583,4108
22,630,1.367,4452
22,631,-2.119,4814
22,632,0.591,4049
22,633,0.391,3196
22,634,-0.390,3181
22,635,-0.391,3987
22,636,0.393,3614
22,637,-0.391,3127
22,638,0.589,3743
22,639,0.781,3621
22,640,-0.388,3441
22,641,-0.584,3395
22,642,-0.391,3647
22,643,0.393,3841
22,644,-1.566,4254
22,645,-0.596,3877
22,646,-0.400,3787
22,647,-0.201,3559
22,648,1.408,4306
22,649,2.183,4644
22,650,-0.194,3854
22,651,0.389,3901
22,652,0.388,3911
22,653,0.386,3281
22,654,0.577,3958
22,655,0.574,4061
22,656,-0.190,3099
22,657,1.524,4745
22,658,-0.188,3801
22,659,-1.316,3835
22,660,-0.952,3986
22,661,-0.192,3657
22,662,0.963,3932
22,663,0.191,3493
22,664,0.190,3348
22,665,0.190,3510
22,666,0.000,3247
22,667,0.569,3951
22,668,-0.566,3444
22,669,-0.569,3573
22,670,1.527,4549
22,671,0.564,3602
22,672,-0.187,3215
22,673,0.375,3519
22,674,0.373,3233
22,675,-1.115,4341
22,676,2.068,4890
22,677,-0.921,4192
22,678,0.000,3644
22,679,0.558,3864
22,680,-0.370,3367
22,681,-1.113,4574
22,682,-0.563,3803
22,683,-0.943,4526
22,684,-1.524,4208
22,685,-0.387,3290
22,686,0.388,3511
22,687,1.741,5030
22,688,-0.760,3511
22,689,0.575,3388
22,690,-2.095,4761
22,691,1.751,5107
22,692,0.765,3651
22,693,-0.949,4165
22,694,-0.575,4228
22,695,-1.349,4313
22,696,0.000,3602
22,697,-0.781,4355
22,698,-0.591,3559
22,699,0.000,2960
22,700,-0.198,3050
22,701,-0.595,3899
22,702,0.200,3889
22,703,1.394,4346
22,704,0.589,3494
22,705,-0.195,3293
22,706,-0.587,3800
22,707,-0.591,3933
22,708,-0.792,4250
22,709,-0.200,3056
22,710,-0.200,3533
22,711,0.401,3519
22,712,0.798,3575
22,713,-0.396,3625
22,714,0.000,3761
22,715,-0.199,3609
22,716,0.598,3666
22,717,-0.198,3689
22,718,-0.397,3672
22,719,-0.398,3159
22,720,-0.200,3538
22,721,0.200,3772
22,722,0.200,3575
22,723,-1.397,4731
22,724,0.607,4265
22,725,-1.207,4193
22,726,0.611,3707
22,727,1.619,4974
22,728,0.598,3803
22,729,0.000,3517
22,730,0.000,2892
22,731,0.792,3416
22,732,0.196,3613
22,733,0.392,3663
22,734,0.977,4222
22,735,-0.387,3212
22,736,0.583,4047
22,737,0.772,4027
22,738,1.533,4393
22,739,-1.698,5067
22,740,0.576,3799
22,741,-0.573,4088
22,742,-1.344,4440
22,743,0.584,3574
22,744,-0.193,3547
22,745,0.581,3281
22,746,-0.578,3240
22,747,1.163,4527
22,748,0.766,4105
22,749,1.331,4757
22,750,-1.313,3946
22,751,0.190,3231
22,752,-0.190,3368
22,753,0.190,3029
22,754,-1.139,4492
22,755,0.000,3641
22,756,-0.384,3143
22,757,0.000,3638
22,758,0.000,3350
22,759,-0.771,3820
22,760,0.000,3351
22,761,0.388,3911
22,762,-0.387,3424
22,763,0.000,3766
22,764,-1.359,4152
22,765,0.000,3398
22,766,0.197,3354
22,767,0.196,2965
22,768,0.588,3767
22,769,-0.390,3298
22,770,-0.587,4129
22,771,0.394,4070
22,772,-0.392,3210
22,773,0.787,3393
22,774,-1.172,4448
22,775,-0.791,3781
22,776,1.195,4406
22,777,-1.378,4201
22,778,0.000,3583
22,779,1.597,4973
22,780,0.786,3470
22,781,-1.365,4108
22,782,-0.395,3920
22,783,-1.190,4502
22,784,-0.602,3389
22,785,0.202,3466
22,786,-0.403,3858
22,787,-1.417,4650
22,788,1.643,4062
22,789,0.404,3785
22,790,-0.604,4179
22,791,-0.405,3035
22,792,0.203,3220
22,793,0.000,3727
22,794,1.014,4258
22,795,0.402,3226
22,796,0.400,3173
22,797,0.797,3805
22,798,-0.791,3953
22,799,0.000,3228
22,800,0.000,3264
22,801,0.398,3629
22,802,2.381,5283
22,803,0.969,4475
22,804,0.384,3564
22,805,0.382,3271
22,806,0.571,3715
22,807,1.894,4540
22,808,-0.372,3762
22,809,-0.373,3046
22,810,0.000,3094
22,811,0.187,3370
22,812,0.561,3286
22,813,-0.186,3083
22,814,-0.559,3981
22,815,-0.562,3185
22,816,0.942,4365
22,817,-0.187,3271
22,818,0.000,3420
22,819,-0.935,3727
22,820,0.566,3507
22,821,-0.375,3918
22,822,-0.753,3315
22,823,-0.949,3674
22,824,0.575,3226
22,825,-0.952,3817
22,826,0.192,3376
22,827,-0.768,3954
22,828,0.967,3766
22,829,1.533,4908
22,830,0.566,3378
22,831,0.750,3690
22,832,-0.745,4168
22,833,-0.563,3461
22,834,-0.189,3451
22,835,-2.079,4645
22,836,-0.193,3239
22,837,-0.580,3789
22,838,-0.778,4226
22,839,-0.196,3635
22,840,0.589,3605
22,841,0.586,3937
22,842,0.194,3232
22,843,-0.969,4205
22,844,0.196,3198
22,845,0.586,3472
22,846,0.777,3901
22,847,0.578,3868
22,848,1.149,4152
22,849,-0.758,3634
22,850,0.382,3453
22,851,0.380,3716
22,852,-0.947,3597
22,853,1.530,4855
22,854,-1.130,4178
22,855,-1.333,4212
22,856,0.579,4214
22,857,-1.344,4282
22,858,-0.973,4329
22,859,-0.589,3470
22,860,0.791,3813
22,861,-0.196,3074
22,862,1.179,4381
22,863,1.359,4078
22,864,0.575,4151
22,865,-0.381,3827
22,866,-0.574,3326
22,867,0.385,3840
22,868,0.192,3109
22,869,-0.765,3469
22,870,-0.963,3694
22,871,0.000,3191
22,872,0.000,3553
22,873,0.778,4044
22,874,0.772,4036
22,875,-1.149,4367
22,876,-1.550,4599
22,877,-0.984,4100
22,878,-0.398,3264
22,879,1.397,4354
22,880,0.394,3229
22,881,-0.196,3155
22,882,-0.196,3778
22,883,0.591,3887
22,884,1.174,4173
22,885,-0.387,3898
22,886,0.388,3284
22,887,0.193,3539
22,888,-0.193,3763
22,889,1.354,4717
22,890,0.191,3591
22,891,0.762,4107
22,892,0.000,3307
22,893,0.000,3335
22,894,0.000,3119
22,895,1.701,4380
22,896,-0.372,3936
22,897,0.000,3706
22,898,-0.373,3139
22,899,1.498,4247
22,900,0.185,3179
22,901,0.368,3793
22,902,-0.917,4380
22,903,1.667,4675
22,904,0.911,3878
22,905,0.722,3968
22,906,0.000,3143
22,907,-0.538,3485
22,908,-0.360,3497
22,909,-0.904,3949
22,910,0.730,4286
22,911,1.087,4222
22,912,-0.358,3167
22,913,0.540,3448
22,914,0.358,3639
22,915,1.070,4346
22,916,-1.058,4046
22,917,0.891,4109
22,918,-0.530,3999
22,919,0.000,2965
22,920,0.355,3562
22,921,-1.239,4541
22,922,0.717,3961
22,923,0.712,3470
22,924,-0.353,3271
22,925,0.532,3867
22,926,-0.705,3419
22,927,-0.178,3201
22,928,-0.356,3279
22,929,0.357,3794
22,930,0.534,3527
22,931,1.062,4126
22,932,0.701,3963
22,933,-0.522,4018
22,934,1.049,3702
22,935,-2.249,4849
22,936,-1.062,4096
22,937,0.537,3324
22,938,0.000,3233
22,939,0.890,3820
22,940,-0.529,3359
22,941,1.241,4584
22,942,-0.350,3551
22,943,-0.879,3857
22,944,-1.596,4083
22,945,-1.622,4169
22,946,0.549,3933
22,947,0.182,3096
22,948,-0.182,3151
22,949,0.182,3031
22,950,1.273,4027
22,951,1.257,4719
22,952,1.596,4764
22,953,-0.349,3736
22,954,-0.175,3482
22,955,-0.877,4483
22,956,0.531,3762
22,957,0.704,3532
22,958,-0.874,3949
22,959,-0.705,3671
22,960,1.243,4443
22,961,-0.702,4072
22,962,2.120,4638
22,963,-1.730,4489
22,964,0.352,3567
22,965,-0.877,4384
22,966,0.531,3857
22,967,-1.232,4138
22,968,0.178,3130
22,969,-0.178,3200
22,970,0.535,3545
22,971,-0.355,3429
22,972,-0.890,4221
22,973,-1.795,4765
22,974,0.548,4074
22,975,0.545,3940
22,976,0.000,2815
22,977,0.362,3891
22,978,0.901,3823
22,979,1.964,4908
22,980,0.175,3368
22,981,-0.175,3425
22,982,-0.350,3070
22,983,1.230,4532
22,984,0.000,3036
22,985,0.694,4292
22,986,1.379,4446
22,987,0.340,3197
22,988,-1.186,4394
22,989,0.858,3556
22,990,-1.020,4404
22,991,0.515,3928
22,992,-0.855,3566
22,993,0.345,4002
22,994,-0.515,3240
22,995,0.864,3552
22,996,-0.685,3600
22,997,0.862,4410
22,998,0.000,2825
22,999,-0.342,3539
22,1000,0.515,3838
22,1001,-1.024,4491
22,1002,0.862,3992
22,1003,0.684,3987
22,1004,0.000,3600
22,1005,-0.340,3320
22,1006,0.681,3980
22,1007,-0.169,3068
22,1008,0.508,3761
22,1009,0.169,3544
22,1010,-0.673,3576
22,1011,0.000,2824
22,1012,1.356,4602
22,1013,-1.672,4799
22,1014,0.340,3252
22,1015,0.678,4325
22,1016,-0.842,4160
22,1017,0.849,3609
22,1018,0.337,3556
22,1019,-0.839,3829
22,1020,-0.677,3427
22,1021,-0.511,3213
22,1022,0.000,3444
22,1023,1.712,4506
22,1024,1.178,4324
22,1025,0.333,3190
22,1026,1.161,3937
22,1027,1.311,4669
22,1028,-0.971,3807
22,1029,1.471,4435
22,1030,-1.288,4094
22,1031,0.163,3725
22,1032,0.000,2872
22,1033,-1.954,4623
22,1034,0.166,3799
22,1035,1.327,4417
22,1036,0.655,3645
22,1037,-0.325,3229
22,1038,0.816,3578
22,1039,0.324,3444
22,1040,0.645,4141
22,1041,-0.321,3223
22,1042,0.482,3991
22,1043,0.640,4229
22,1044,0.159,3809
22,1045,-0.317,3378
22,1046,0.318,3566
22,1047,-0.952,3938
22,1048,-0.160,3143
22,1049,-0.482,3449
22,1050,0.645,3744
22,1051,-1.282,4519
22,1052,-0.812,3529
22,1053,0.000,2910
22,1054,-0.164,3297
22,1055,-0.984,3972
22,1056,-0.993,4186
22,1057,-0.669,4087
22,1058,1.010,4135
22,1059,-1.833,4712
22,1060,1.019,4287
22,1061,0.672,3790
22,1062,-0.835,4020
22,1063,-0.505,3686
22,1064,-0.677,4260
22,1065,0.681,3950
22,1066,0.508,3922
22,1067,-1.010,3978
22,1068,0.850,4129
22,1069,0.000,3436
22,1070,0.506,3591
22,1071,0.168,3940
22,1072,1.340,4381
22,1073,0.826,4312
22,1074,-0.820,3833
22,1075,-0.826,3491
22,1076,0.000,3289
22,1077,-0.333,3115
22,1078,0.334,3152
22,1079,-0.500,3909
22,1080,-0.168,3644
22,1081,-1.007,3818
22,1082,1.017,4472
22,1083,-1.007,3806
22,1084,1.525,4200
22,1085,-0.835,3863
22,1086,-0.673,3458
22,1087,-0.169,3235
22,1088,-0.849,3863
22,1089,1.027,3825
22,1090,-0.508,3524
22,1091,1.022,4181
22,1092,-1.686,4242
22,1093,-0.686,3597
22,1094,0.345,3168
22,1095,0.861,4320
22,1096,-0.853,3917
22,1097,0.861,3882
22,1098,-2.560,5463
22,1099,-0.175,2845
22,1100,-1.053,3763
22,1101,-0.532,3320
22,1102,0.357,3732
22,1103,-1.066,3701
22,1104,0.718,3556
22,1105,0.713,4175
22,1106,-1.062,3734
22,1107,1.073,3839
22,1108,-1.062,4517
22,1109,-0.894,4042
22,1110,-1.083,3753
22,1111,2.190,4541
22,1112,-0.893,4373
22,1113,-0.180,3026
22,1114,0.000,2905
22,1115,-0.542,3984
22,1116,0.544,3830
22,1117,-0.722,3623
22,1118,0.182,3306
22,1119,0.544,4228
22,1120,-0.542,4184
22,1121,0.000,3345
22,1122,0.181,3722
22,1123,0.906,4534
22,1124,0.718,3998
22,1125,0.713,4084
22,1126,1.062,3795
22,1127,-1.576,4209
22,1128,0.534,3646
22,1129,-0.354,3712
22,1130,0.533,3540
22,1131,0.177,3447
22,1132,0.882,3990
22,1133,-0.524,3956
22,1134,-0.351,3804
22,1135,0.176,3513
22,1136,0.528,4023
22,1137,-2.627,5636
22,1138,0.180,2976
22,1139,-0.718,4146
22,1140,0.000,3084
22,1141,0.181,3465
22,1142,-0.181,3072
22,1143,2.170,4982
22,1144,1.239,4543
22,1145,0.524,3490
22,1146,-0.522,3882
22,1147,-0.175,3720
22,1148,1.576,4795
22,1149,-0.517,4055
22,1150,1.213,4572
22,1151,0.514,3691
22,1152,0.341,3392
22,1153,0.509,4032
22,1154,0.000,3512
22,1155,-0.507,3665
22,1156,0.170,3209
22,1157,-1.017,4289
22,1158,1.199,4394
22,1159,-0.508,3456
22,1160,0.510,3579
22,1161,0.677,3284
22,1162,0.840,3911
22,1163,-0.667,3853
22,1164,0.168,3417
22,1165,0.503,3365
22,1166,-0.500,3288
22,1167,0.503,3740
22,1168,-0.167,3484
22,1169,1.503,4659
22,1170,-0.164,3101
22,1171,-0.329,3291
22,1172,0.331,3093
22,1173,-0.988,3691
22,1174,1.664,4689
22,1175,0.982,4420
22,1176,1.621,4404
22,1177,0.797,3477
22,1178,-0.791,4243
22,1179,0.000,3751
22,1180,-0.638,4221
22,1181,0.161,3062
22,1182,-0.962,4144
22,1183,-0.324,3144
22,1184,-0.325,3648
22,1185,0.651,3766
22,1186,-0.324,3611
22,1187,0.162,3180
22,1188,0.000,3599
22,1189,-1.135,4615
22,1190,-0.164,3204
22,1191,1.478,4624
22,1192,0.000,3225
22,1193,1.294,4877
22,1194,0.799,4005
22,1195,0.475,3473
22,1196,-1.104,3846
22,1197,-0.159,3499
22,1198,1.118,4214
22,1199,1.580,4538
22,1200,0.000,3324
22,1201,0.622,3956
22,1202,-1.082,4042
22,1203,-0.156,3287
22,1204,-0.626,3543
22,1205,0.000,3607
22,1206,-1.102,3775
22,1207,0.318,3353
22,1208,1.429,4426
22,1209,-2.034,4626
22,1210,-0.160,3478
22,1211,-0.480,3503
22,1212,-0.643,4082
22,1213,0.971,3956
22,1214,0.160,2945
22,1215,-0.320,3705
22,1216,1.766,4577
22,1217,1.262,4201
22,1218,1.090,3759
22,1219,0.308,3256
22,1220,1.536,4334
22,1221,0.303,3669
22,1222,-0.302,3316
22,1223,0.756,3957
22,1224,0.601,3952
22,1225,-0.448,3801
22,1226,-0.600,3379
22,1227,-0.151,3056
22,1228,0.302,3221
22,1229,-0.602,4015
22,1230,-0.606,4072
22,1231,-0.152,2943
22,1232,0.763,4260
22,1233,0.000,2877
22,1234,-0.909,4425
22,1235,0.459,3702
22,1236,-1.065,4357
22,1237,0.769,3870
22,1238,0.611,3501
22,1239,-0.910,3946
22,1240,0.153,3259
22,1241,0.459,3178
22,1242,0.457,3931
22,1243,0.455,4138
22,1244,-2.112,5258
22,1245,-0.770,4314
22,1246,0.311,3246
22,1247,0.929,4206
22,1248,-1.074,4270
22,1249,-2.326,4851
22,1250,-1.270,4525
22,1251,-0.161,3895
22,1252,0.322,3962
22,1253,-0.161,3782
22,1254,0.965,3930
22,1255,0.000,3100
22,1256,-1.274,4003
22,1257,0.000,2935
22,1258,0.806,3706
22,1259,-1.440,4312
22,1260,-0.812,4281
22,1261,-0.327,3769
22,1262,-0.657,3820
22,1263,1.488,4722
22,1264,-0.977,3746
22,1265,-1.151,4011
22,1266,-0.832,3651
22,1267,-0.336,3363
22,1268,-0.842,3573
22,1269,1.528,4584
22,1270,1.171,4060
22,1271,0.165,3330
22,1272,0.165,3597
22,1273,-0.165,3442
22,1274,0.825,3934
22,1275,0.000,3372
22,1276,-0.327,4045
22,1277,-0.821,3782
22,1278,-1.490,4399
22,1279,0.000,3644
22,1280,0.000,3037
22,1281,-0.168,3296
22,1282,-2.357,5416
22,1283,0.862,3485
22,1284,-0.513,4077
22,1285,-1.718,4612
22,1286,0.000,3652
22,1287,0.874,4137
22,1288,-0.347,3113
22,1289,-0.696,4038
22,1290,0.525,3362
22,1291,-1.045,4242
22,1292,0.880,4243
22,1293,0.175,3310
22,1294,0.348,3604
22,1295,0.000,3627
22,1296,0.868,4223
22,1297,0.688,4320
22,1298,-0.342,3404
22,1299,-0.343,3615
22,1300,1.033,4397
22,1301,0.681,3958
22,1302,-2.200,5328
22,1303,-0.692,3634
22,1304,1.394,4697
22,1305,1.203,4680
22,1306,-0.849,3603
22,1307,0.856,4152
22,1308,0.509,3762
22,1309,0.507,3881
22,1310,-0.672,3563
22,1311,-0.169,3545
22,1312,0.508,4022
22,1313,0.675,3661
22,1314,1.173,4502
22,1315,-0.331,3283
22,1316,0.664,3697
22,1317,0.495,4015
22,1318,-0.164,3640
22,1319,-0.987,3886
22,1320,0.332,3590
22,1321,-0.166,3404
22,1322,0.829,4112
22,1323,0.493,3287
22,1324,-1.800,5000
22,1325,0.500,3696
22,1326,0.829,3708
22,1327,-0.822,4001
22,1328,-0.829,4293
22,1329,-0.334,3607
22,1330,0.839,3984
22,1331,-1.830,5149
22,1332,0.000,3122
22,1333,-0.678,3432
22,1334,0.341,3429
22,1335,1.190,4319
22,1336,-0.672,4137
22,1337,0.508,3707
22,1338,-0.673,4013
22,1339,-0.678,3521
22,1340,-0.683,4131
22,1341,-0.344,3763
22,1342,0.345,3548
22,1343,0.344,3152
22,1344,-0.685,3816
22,1345,-2.241,4902
22,1346,1.058,4284
22,1347,-2.443,5406
22,1348,-0.537,3868
22,1349,-0.180,3445
22,1350,2.883,6153
22,1351,0.175,3335
22,1352,1.049,4097
22,1353,1.730,4911
22,1354,-1.020,4423
22,1355,1.031,4142
22,1356,-0.850,4029
22,1357,-0.515,3988
22,1358,0.345,3234
22,1359,0.172,3458
22,1360,0.343,4027
22,1361,-0.171,3539
22,1362,1.370,4714
22,1363,0.000,3733
22,1364,-0.338,3188
22,1365,0.169,3796
22,1366,1.861,4721
22,1367,0.664,3625
22,1368,-0.990,4148
22,1369,-0.667,4081
22,1370,-0.336,3226
22,1371,-0.505,3925
22,1372,-0.677,3807
22,1373,-1.533,4553
22,1374,-0.173,3461
22,1375,0.520,3486
22,1376,1.034,4576
22,1377,1.024,3722
22,1378,0.507,4126
22,1379,-0.336,3228
22,1380,-0.169,3602
22,1381,-1.014,3997
22,1382,-1.195,3831
22,1383,-1.900,5397
22,1384,-0.176,3443
22,1385,-1.235,4494
22,1386,-0.893,4151
22,1387,-0.901,4119
22,1388,1.091,4191
22,1389,1.619,4860
22,1390,-0.177,3801
22,1391,0.355,3665
22,1392,1.413,4347
22,1393,-0.523,4090
22,1394,0.701,3502
22,1395,-1.391,4577
22,1396,-0.176,3433
22,1397,-1.590,4389
22,1398,-0.539,3499
22,1399,0.903,4044
22,1400,0.716,3503
22,1401,0.533,4217
22,1402,1.413,4688
22,1403,0.348,3913
22,1404,0.694,4311
22,1405,-0.690,3670
22,1406,-0.694,3903
22,1407,-2.098,4779
22,1408,-0.536,3469
22,1409,0.898,4198
22,1410,-0.890,4223
22,1411,-0.180,3726
22,1412,0.899,4015
22,1413,-0.178,3657
22,1414,0.536,3493
22,1415,1.954,4917
22,1416,0.000,3613
22,1417,2.091,5134
22,1418,1.024,3841
22,1419,-0.676,4088
22,1420,0.170,3741
22,1421,0.509,3563
22,1422,0.169,3299
22,1423,0.337,3523
22,1424,0.000,3044
22,1425,-0.168,3290
22,1426,-0.673,4097
22,1427,0.169,3674
22,1428,0.338,3169
22,1429,0.337,3135
22,1430,1.008,4276
22,1431,-0.333,4015
22,1432,-1.336,4541
22,1433,1.015,4546
22,1434,-0.838,3735
22,1435,-0.507,3973
22,1436,-0.849,4410
22,1437,-1.370,4605
22,1438,-0.521,3209
22,1439,-1.222,4533
22,1440,0.353,3409
23,1,0.606,3441
23,2,0.000,2789
23,3,0.602,3310
23,4,-0.599,3040
23,5,-0.602,3646
23,6,0.000,3191
23,7,1.212,3882
23,8,1.198,3604
23,9,-0.592,3577
23,10,-0.595,3428
23,11,-0.599,3739
23,12,-0.602,3210
23,13,0.000,2792
23,14,1.212,4183
23,15,-1.198,3535
23,16,-0.606,3954
23,17,1.220,3609
23,18,0.000,3194
23,19,0.602,3586
23,20,-1.796,4722
23,21,-1.220,3871
23,22,-0.617,3288
23,23,0.000,3124
23,24,-0.621,3106
23,25,0.625,3171
23,26,0.621,3124
23,27,-1.235,3191
23,28,0.625,2713
23,29,-1.242,3728
23,30,0.000,2915
23,31,1.887,3759
23,32,0.617,3149
23,33,1.840,4275
23,34,-1.205,3418
23,35,-1.220,3645
23,36,0.000,3172
23,37,-1.235,3582
23,38,0.625,3086
23,39,2.484,4292
23,40,0.000,3216
23,41,0.606,2970
23,42,-0.602,3555
23,43,0.000,2695
23,44,-1.818,3767
23,45,-1.235,4417
23,46,-0.625,2610
23,47,-0.629,3484
23,48,0.633,3435
23,49,-1.258,3631
23,50,0.000,3216
23,51,-0.637,2982
23,52,0.641,2658
23,53,-0.637,3224
23,54,3.205,5057
23,55,0.000,3332
23,56,0.000,3090
23,57,0.000,2945
23,58,-1.242,4087
23,59,0.000,2757
23,60,0.000,3440
23,61,0.000,2945
23,62,0.629,3567
23,63,-1.250,3491
23,64,0.000,2687
23,65,-0.633,3373
23,66,0.000,3236
23,67,0.000,2763
23,68,0.000,2773
23,69,0.637,3432
23,70,-1.899,4006
23,71,0.000,2750
23,72,0.645,3353
23,73,1.282,3704
23,74,-1.266,3936
23,75,-0.641,3409
23,76,0.645,3267
23,77,0.641,2838
23,78,0.637,3788
23,79,0.633,3402
23,80,-1.258,3500
23,81,-0.637,3618
23,82,0.641,3145
23,83,0.637,3214
23,84,1.266,3889
23,85,0.000,3349
23,86,-0.625,3451
23,87,-1.258,4061
23,88,0.637,3514
23,89,0.633,3505
23,90,0.629,3372
23,91,1.250,3097
23,92,0.000,2737
23,93,0.617,3204
23,94,0.613,3852
23,95,0.000,3072
23,96,0.610,3530
23,97,0.000,3201
23,98,0.000,3216
23,99,0.606,3145
23,100,-1.205,3356
23,101,-1.220,4183
23,102,-1.235,3905
23,103,0.625,3194
23,104,-1.242,3681
23,105,0.000,3236
23,106,-0.629,3111
23,107,-1.266,3756
23,108,0.641,3009
23,109,0.000,2728
23,110,-1.274,4105
23,111,-0.645,2744
23,112,0.649,3002
23,113,1.290,4078
23,114,0.000,2908
23,115,-0.637,3587
23,116,-1.282,3734
23,117,-0.649,3002
23,118,-1.961,4001
23,119,0.000,3328
23,120,0.667,3257
23,121,0.662,3742
23,122,0.658,3057
23,123,0.000,2904
23,124,0.654,3459
23,125,-1.299,3846
23,126,0.658,2889
23,127,0.654,3763
23,128,-1.299,3810
23,129,0.000,2519
23,130,0.658,3200
23,131,1.961,4331
23,132,-1.923,4430
23,133,0.000,3217
23,134,0.000,3244
23,135,0.000,2869
23,136,-1.307,3887
23,137,0.000,2842
23,138,0.000,3169
23,139,1.325,3529
23,140,0.000,2633
23,141,1.307,3318
23,142,1.290,3982
23,143,0.000,3522
23,144,-0.637,3640
23,145,0.000,3271
23,146,-0.641,3114
23,147,1.935,3804
23,148,-2.532,4789
23,149,-1.299,3931
23,150,-0.658,3470
23,151,-1.325,3453
23,152,2.013,4045
23,153,-1.974,4219
23,154,1.342,3403
23,155,-1.325,3972
23,156,0.000,2849
23,157,-1.342,3877
23,158,0.680,3203
23,159,1.351,4109
23,160,0.667,3686
23,161,-1.325,3651
23,162,0.000,2677
23,163,1.342,3732
23,164,0.000,2476
23,165,0.662,3275
23,166,0.000,2663
23,167,-1.316,3792
23,168,-0.667,3398
23,169,0.671,3758
23,170,0.667,3314
23,171,0.662,3355
23,172,0.000,3157
23,173,-1.316,3463
23,174,-0.667,3324
23,175,0.000,3030
23,176,-0.671,3188
23,177,-0.676,3361
23,178,0.000,3261
23,179,0.000,2960
23,180,1.361,3693
23,181,0.000,3110
23,182,0.000,2831
23,183,-0.671,3218
23,184,-0.676,3374
23,185,0.000,2833
23,186,0.680,2857
23,187,-0.676,3186
23,188,-1.361,3677
23,189,0.690,3350
23,190,-2.055,3836
23,191,0.699,2700
23,192,0.000,2628
23,193,1.389,3571
23,194,0.685,3429
23,195,0.000,3394
23,196,-0.680,3841
23,197,0.000,2671
23,198,0.685,4043
23,199,0.000,2824
23,200,0.000,2894
23,201,0.000,3280
23,202,-1.361,3734
23,203,1.379,3382
23,204,1.361,3957
23,205,0.671,3537
23,206,-1.333,4082
23,207,-0.676,3425
23,208,1.361,4266
23,209,-0.671,3294
23,210,1.351,3855
23,211,0.000,3005
23,212,0.000,3251
23,213,1.333,3900
23,214,-0.658,2796
23,215,-0.662,3683
23,216,0.667,3422
23,217,-0.662,2983
23,218,0.667,3969
23,219,-0.662,3680
23,220,1.333,3572
23,221,0.000,3356
23,222,0.000,3189
23,223,1.974,4628
23,224,0.645,2938
23,225,0.000,2975
23,226,-1.282,3389
23,227,0.000,3157
23,228,1.299,3305
23,229,0.000,3136
23,230,0.000,3217
23,231,0.641,2802
23,232,0.000,3106
23,233,0.637,3138
23,234,0.633,3572
23,235,0.629,3161
23,236,0.625,3252
23,237,-0.621,2950
23,238,-0.625,2965
23,239,0.629,3085
23,240,0.000,2891
23,241,0.625,3054
23,242,0.621,3383
23,243,0.000,3365
23,244,-1.235,3843
23,245,0.000,2936
23,246,0.000,3118
23,247,-1.250,3663
23,248,0.633,3246
23,249,0.629,3078
23,250,0.000,3341
23,251,0.625,3246
23,252,0.000,3200
23,253,0.621,4043
23,254,-1.235,3489
23,255,0.000,3297
23,256,-1.250,3622
23,257,-1.266,3419
23,258,0.000,3660
23,259,-1.282,3794
23,260,1.948,4360
23,261,-1.911,4316
23,262,0.649,3247
23,263,-1.290,4037
23,264,1.307,3739
23,265,-1.290,3779
23,266,0.654,2845
23,267,1.299,4362
23,268,-0.641,3184
23,269,0.645,3449
23,270,0.000,2964
23,271,0.000,2989
23,272,1.282,3912
23,273,0.633,3780
23,274,2.516,4459
23,275,-1.227,3840
23,276,-0.621,3266
23,277,0.000,3064
23,278,-1.250,3869
23,279,0.633,3420
23,280,0.629,3623
23,281,0.625,3460
23,282,-0.621,3573
23,283,1.250,3929
23,284,0.000,2925
23,285,-2.469,4169
23,286,0.633,3279
23,287,0.000,2570
23,288,0.000,3234
23,289,0.629,3404
23,290,0.625,3203
23,291,-1.242,3870
23,292,-0.629,2977
23,293,-0.633,3763
23,294,0.000,2937
23,295,0.637,3540
23,296,0.000,2883
23,297,-0.633,3220
23,298,-1.274,3809
23,299,-1.290,3831
23,300,0.000,3228
23,301,0.654,3473
23,302,1.948,3671
23,303,0.000,3298
23,304,-1.911,4301
23,305,0.649,3821
23,306,0.645,3470
23,307,-0.641,3587
23,308,0.000,3240
23,309,0.000,3241
23,310,0.645,3208
23,311,-0.641,2981
23,312,0.645,2982
23,313,0.641,3244
23,314,-0.637,3366
23,315,0.000,3205
23,316,1.282,3790
23,317,0.633,3587
23,318,-0.629,3317
23,319,1.899,3594
23,320,-0.621,2764
23,321,1.250,3934
23,322,-1.852,4371
23,323,0.629,2787
23,324,-1.875,4409
23,325,-0.637,3162
23,326,-0.641,3466
23,327,-0.645,3557
23,328,0.000,3383
23,329,-0.649,3354
23,330,1.307,3191
23,331,0.000,3159
23,332,0.000,3131
23,333,-1.290,3197
23,334,-0.654,3621
23,335,0.658,3702
23,336,0.654,3381
23,337,-0.649,3886
23,338,0.654,4109
23,339,1.299,3541
23,340,-0.641,3620
23,341,0.000,3364
23,342,0.645,3079
23,343,0.641,3453
23,344,0.000,2969
23,345,-1.274,4052
23,346,1.290,3598
23,347,-1.274,3894
23,348,1.290,4089
23,349,1.274,3731
23,350,-0.629,3790
23,351,-1.266,3760
23,352,-0.641,4186
23,353,1.290,3752
23,354,0.000,3383
23,355,0.000,2883
23,356,0.637,3008
23,357,-1.266,3451
23,358,-1.282,4179
23,359,0.000,3320
23,360,0.000,2721
23,361,-1.299,3862
23,362,0.000,3020
23,363,-1.316,4057
23,364,0.000,2792
23,365,0.000,3393
23,366,2.000,4775
23,367,0.000,3375
23,368,-0.654,3372
23,369,0.000,3381
23,370,1.316,3619
23,371,-0.649,3410
23,372,2.614,4933
23,373,0.000,2903
23,374,0.000,3345
23,375,1.274,3614
23,376,0.629,3693
23,377,1.250,3645
23,378,-0.617,3267
23,379,0.621,3106
23,380,-1.235,3841
23,381,1.250,3413
23,382,0.617,3216
23,383,-0.613,3062
23,384,-0.617,3454
23,385,0.000,2647
23,386,1.242,3413
23,387,1.840,4775
23,388,0.602,3351
23,389,1.198,3985
23,390,-0.592,3243
23,391,-1.190,4004
23,392,0.602,3274
23,393,0.599,3406
23,394,0.595,3530
23,395,0.592,3743
23,396,0.000,2751
23,397,-0.588,2878
23,398,0.592,3068
23,399,0.000,2919
23,400,0.000,2980
23,401,1.176,4307
23,402,-1.163,3457
23,403,-0.588,2960
23,404,0.000,2763
23,405,0.592,2980
23,406,0.000,2829
23,407,0.000,2587
23,408,0.588,3238
23,409,1.170,3591
23,410,0.000,2766
23,411,1.156,3938
23,412,0.000,2916
23,413,0.571,3338
23,414,-1.136,3167
23,415,-0.575,3856
23,416,-1.156,3701
23,417,-0.585,3850
23,418,-1.176,3696
23,419,0.000,2577
23,420,0.000,2660
23,421,1.786,4108
23,422,0.000,3245
23,423,0.585,3633
23,424,1.163,3475
23,425,1.149,4075
23,426,0.000,3416
23,427,0.568,3049
23,428,-0.565,3535
23,429,1.705,4236
23,430,2.793,4960
23,431,0.543,3009
23,432,0.000,3107
23,433,-0.541,3259
23,434,1.630,4391
23,435,-0.535,3096
23,436,0.000,2915
23,437,1.075,3450
23,438,0.532,3259
23,439,0.529,3160
23,440,1.053,3560
23,441,1.042,3801
23,442,0.515,3768
23,443,-0.513,3194
23,444,0.515,3529
23,445,0.513,3568
23,446,-0.510,3162
23,447,1.026,3426
23,448,0.000,3417
23,449,0.000,2849
23,450,-1.015,3885
23,451,1.026,3529
23,452,-0.508,3601
23,453,-1.020,4071
23,454,-1.031,3831
23,455,0.000,2502
23,456,0.000,3187
23,457,0.000,3302
23,458,-1.042,3565
23,459,-0.526,3057
23,460,-0.529,3163
23,461,-0.532,2699
23,462,0.535,2701
23,463,-1.064,3316
23,464,-0.538,3728
23,465,-0.541,3640
23,466,-0.543,3092
23,467,-0.546,3171
23,468,-1.099,3951
23,469,-0.556,3818
23,470,-0.559,3387
23,471,-0.562,2769
23,472,-1.130,3548
23,473,1.143,3175
23,474,1.130,3753
23,475,-0.559,2837
23,476,0.562,3080
23,477,-0.559,2928
23,478,-1.124,3424
23,479,-0.568,3501
23,480,-0.571,3467
23,481,-0.575,3547
23,482,-0.578,3937
23,483,-0.581,3298
23,484,-1.754,4367
23,485,0.595,2882
23,486,1.183,3678
23,487,0.000,2577
23,488,0.000,2647
23,489,0.585,2748
23,490,0.000,3293
23,491,-0.581,2710
23,492,1.754,4324
23,493,0.575,3491
23,494,0.571,3396
23,495,-0.568,3069
23,496,-0.571,3239
23,497,1.149,3495
23,498,-1.705,4105
23,499,-0.578,2964
23,500,1.163,3544
23,501,0.575,3777
23,502,0.571,3479
23,503,-1.136,3990
23,504,0.000,2769
23,505,1.149,3594
23,506,1.136,3574
23,507,1.685,3970
23,508,0.552,3347
23,509,0.000,3342
23,510,1.099,3755
23,511,-0.543,2943
23,512,0.546,3455
23,513,1.087,4040
23,514,-0.538,3341
23,515,0.000,3224
23,516,-1.081,3479
23,517,0.000,3106
23,518,-1.093,3897
23,519,1.105,3564
23,520,-1.093,3539
23,521,-1.105,3693
23,522,0.000,3359
23,523,0.559,3378
23,524,-0.556,3210
23,525,0.559,3379
23,526,-1.111,3409
23,527,-0.562,3388
23,528,1.695,3826
23,529,0.000,3426
23,530,0.556,3369
23,531,0.000,3131
23,532,-1.105,3666
23,533,0.559,3398
23,534,0.000,2871
23,535,0.556,3363
23,536,-0.552,3167
23,537,-1.111,3400
23,538,0.000,3137
23,539,0.000,3047
23,540,-2.247,4493
23,541,1.149,3842
23,542,0.568,3472
23,543,0.565,2797
23,544,-1.124,3395
23,545,0.568,3191
23,546,0.000,3024
23,547,-1.695,3993
23,548,-1.149,3582
23,549,-1.163,3667
23,550,1.176,3691
23,551,1.163,3523
23,552,0.000,2918
23,553,1.149,3550
23,554,0.568,3020
23,555,0.565,3490
23,556,-1.124,3653
23,557,0.568,2966
23,558,0.565,3647
23,559,0.562,3169
23,560,-1.117,3164
23,561,0.000,2929
23,562,0.565,3098
23,563,0.000,3559
23,564,0.562,2580
23,565,0.000,3257
23,566,0.559,2878
23,567,0.000,2731
23,568,1.111,3931
23,569,1.099,3620
23,570,0.000,3264
23,571,0.543,3088
23,572,0.541,2566
23,573,0.000,3072
23,574,-0.538,3222
23,575,-1.081,3814
23,576,0.546,3522
23,577,0.000,2670
23,578,0.000,3231
23,579,0.543,2998
23,580,1.081,3630
23,581,1.070,3631
23,582,0.000,2925
23,583,0.000,2803
23,584,1.058,3428
23,585,0.000,3053
23,586,1.047,3767
23,587,0.518,3751
23,588,0.515,2906
23,589,0.513,3033
23,590,0.000,2880
23,591,0.510,2979
23,592,1.015,3687
23,593,-0.503,3334
23,594,-1.010,3455
23,595,-0.510,3488
23,596,1.026,3346
23,597,1.015,3989
23,598,2.010,4040
23,599,0.493,3321
23,600,0.000,2920
23,601,-0.980,4055
23,602,-0.495,3355
23,603,0.498,2828
23,604,0.495,3601
23,605,-1.970,4629
23,606,-0.503,3437
23,607,-0.505,2496
23,608,0.000,3188
23,609,0.000,3045
23,610,1.015,3907
23,611,-0.503,2818
23,612,1.010,3915
23,613,1.500,4265
23,614,-0.985,3271
23,615,0.995,3649
23,616,0.493,3096
23,617,0.980,3416
23,618,0.485,3240
23,619,0.000,2716
23,620,-0.966,3281
23,621,-1.951,4435
23,622,0.498,3687
23,623,-0.495,3702
23,624,-0.498,2922
23,625,0.500,2920
23,626,-0.498,3275
23,627,-0.500,3635
23,628,0.503,3685
23,629,1.000,3836
23,630,0.000,2949
23,631,0.990,2943
23,632,0.000,2955
23,633,-0.980,3777
23,634,1.485,3497
23,635,-0.488,3142
23,636,-1.471,4027
23,637,0.498,2923
23,638,0.000,3013
23,639,1.980,3659
23,640,0.000,3321
23,641,0.000,3136
23,642,-0.485,3033
23,643,-0.488,3624
23,644,-0.980,2985
23,645,-1.980,4676
23,646,-0.505,3725
23,647,0.000,2802
23,648,0.000,3259
23,649,-1.015,3650
23,650,2.051,3999
23,651,1.005,3388
23,652,0.498,3452
23,653,0.990,3570
23,654,-0.980,4000
23,655,-0.990,4240
23,656,-0.500,3332
23,657,1.005,3846
23,658,0.000,2826
23,659,0.000,3165
23,660,-0.995,3700
23,661,-0.503,3215
23,662,-1.515,4501
23,663,1.026,3763
23,664,-0.508,2861
23,665,-2.041,4250
23,666,0.521,2987
23,667,0.000,3182
23,668,-0.518,3865
23,669,0.000,2683
23,670,-0.521,3226
23,671,0.000,2784
23,672,0.524,3112
23,673,-1.562,4330
23,674,0.529,3476
23,675,0.000,3113
23,676,2.105,4602
23,677,-0.515,3012
23,678,0.000,3100
23,679,1.554,3851
23,680,-1.020,3235
23,681,-0.515,2719
23,682,0.518,3125
23,683,0.515,3564
23,684,-1.026,3531
23,685,0.518,2930
23,686,-1.031,3071
23,687,2.604,4922
23,688,-0.508,3949
23,689,-1.531,3635
23,690,0.000,3378
23,691,0.000,3064
23,692,-1.036,3628
23,693,1.047,3898
23,694,-1.554,4303
23,695,0.000,2581
23,696,0.000,3351
23,697,-0.526,2853
23,698,0.000,2665
23,699,0.529,3508
23,700,-1.053,4164
23,701,0.532,3192
23,702,-1.058,3441
23,703,-0.535,3159
23,704,-0.538,3666
23,705,0.000,2967
23,706,-0.541,3219
23,707,1.087,3370
23,708,0.538,3114
23,709,0.000,3089
23,710,-0.535,3231
23,711,0.538,3663
23,712,-0.535,3081
23,713,0.000,2863
23,714,1.075,3653
23,715,-0.532,2919
23,716,1.604,3904
23,717,0.000,3289
23,718,-1.053,3759
23,719,2.128,4197
23,720,0.000,3356
23,721,2.083,4080
23,722,1.020,3560
23,723,0.000,2584
23,724,0.000,2669
23,725,-0.505,3510
23,726,-1.015,3466
23,727,-1.026,3827
23,728,-1.554,4169
23,729,0.000,3384
23,730,-0.526,3687
23,731,1.058,3558
23,732,-2.094,4220
23,733,0.535,2968
23,734,1.064,3110
23,735,0.526,3511
23,736,-1.571,4187
23,737,-1.064,3682
23,738,1.075,3805
23,739,-1.064,3638
23,740,0.538,3336
23,741,-0.535,3436
23,742,0.538,2772
23,743,0.535,3258
23,744,1.064,3818
23,745,-0.526,3435
23,746,0.529,2890
23,747,-0.526,2917
23,748,0.000,2955
23,749,-1.058,3840
23,750,-0.535,3738
23,751,1.075,3360
23,752,-1.064,3212
23,753,1.613,4115
23,754,-1.587,4296
23,755,0.000,3373
23,756,0.538,3854
23,757,-0.535,3236
23,758,-0.538,3839
23,759,0.000,3346
23,760,0.541,3352
23,761,-1.613,3853
23,762,-0.546,3296
23,763,1.099,3787
23,764,0.000,2931
23,765,0.000,2690
23,766,1.087,3409
23,767,0.000,2758
23,768,-1.075,3523
23,769,0.543,2948
23,770,2.703,5156
23,771,0.526,3422
23,772,1.571,4370
23,773,0.515,3376
23,774,1.538,4183
23,775,0.505,3064
23,776,0.000,2905
23,777,0.000,3327
23,778,0.000,3306
23,779,-1.005,3915
23,780,0.508,3370
23,781,1.010,2961
23,782,0.500,3493
23,783,0.000,2978
23,784,0.995,3683
23,785,-0.493,3044
23,786,-0.495,2841
23,787,0.000,2763
23,788,0.000,2851
23,789,-0.498,3029
23,790,-0.500,3418
23,791,-1.508,4532
23,792,-1.020,3396
23,793,-0.515,2836
23,794,0.000,3162
23,795,-2.073,4090
23,796,0.529,3414
23,797,-1.053,3651
23,798,0.532,2776
23,799,0.529,3040
23,800,1.053,3949
23,801,1.042,3620
23,802,0.000,3251
23,803,-2.062,4401
23,804,1.053,3653
23,805,1.042,3758
23,806,0.515,2952
23,807,-0.513,3400
23,808,0.515,2665
23,809,1.538,4105
23,810,-1.515,3656
23,811,0.513,3244
23,812,0.510,3225
23,813,-0.508,3260
23,814,0.510,3688
23,815,0.000,3206
23,816,0.000,3133
23,817,0.508,2909
23,818,-0.505,2588
23,819,-1.523,3675
23,820,0.000,3492
23,821,0.000,2701
23,822,-1.031,3254
23,823,-0.521,3615
23,824,1.047,3937
23,825,1.036,3275
23,826,1.026,3802
23,827,0.000,2708
23,828,1.015,3251
23,829,0.000,3126
23,830,-0.503,3630
23,831,0.000,2624
23,832,0.505,3026
23,833,0.000,3296
23,834,0.503,3096
23,835,-3.500,5093
23,836,0.518,2837
23,837,1.031,3885
23,838,1.020,3962
23,839,1.010,3292
23,840,2.000,3907
23,841,-1.471,3648
23,842,0.498,3485
23,843,0.000,2935
23,844,-1.485,3575
23,845,1.005,3157
23,846,-0.498,3526
23,847,-0.500,3202
23,848,-0.503,3238
23,849,-1.515,3693
23,850,-1.026,3174
23,851,1.036,3919
23,852,-1.026,3116
23,853,0.518,3162
23,854,-0.515,3194
23,855,-0.518,2796
23,856,-0.521,3746
23,857,0.000,2882
23,858,0.524,3135
23,859,-0.521,2968
23,860,2.094,4426
23,861,0.513,3636
23,862,1.531,3750
23,863,1.005,3601
23,864,0.498,3047
23,865,0.990,3234
23,866,-0.980,3461
23,867,0.000,3156
23,868,0.000,2863
23,869,1.485,3800
23,870,0.488,3108
23,871,-0.971,3605
23,872,-0.980,4114
23,873,0.000,3406
23,874,-0.495,3232
23,875,-0.995,3461
23,876,0.503,3615
23,877,1.500,4400
23,878,1.970,3968
23,879,0.000,3225
23,880,-2.415,5083
23,881,-0.495,3062
23,882,0.000,3366
23,883,0.000,3072
23,884,0.000,2920
23,885,0.995,3636
23,886,-0.985,3568
23,887,-1.493,3765
23,888,-1.515,4162
23,889,-0.513,3040
23,890,-1.031,3039
23,891,0.000,3223
23,892,-0.521,3524
23,893,-0.524,3045
23,894,0.000,3312
23,895,0.526,3522
23,896,0.000,2650
23,897,-0.524,3329
23,898,0.000,3035
23,899,-0.526,3363
23,900,0.529,2996
23,901,1.053,3869
23,902,-1.042,3120
23,903,-1.579,4001
23,904,0.535,3431
23,905,0.532,3000
23,906,-1.587,3915
23,907,-0.538,2978
23,908,-0.541,3240
23,909,1.087,3868
23,910,1.075,3605
23,911,1.064,3947
23,912,0.000,2957
23,913,-1.579,4325
23,914,-0.535,2982
23,915,0.000,3332
23,916,1.613,4051
23,917,-0.529,3052
23,918,-1.064,3808
23,919,0.538,2984
23,920,0.000,3017
23,921,0.535,3089
23,922,0.532,3163
23,923,-0.529,2703
23,924,0.000,2539
23,925,0.532,3685
23,926,0.529,3417
23,927,0.526,3494
23,928,0.524,2900
23,929,2.604,4992
23,930,-1.015,3776
23,931,-1.026,3186
23,932,0.000,2841
23,933,0.518,3059
23,934,-0.515,3279
23,935,-2.591,5030
23,936,1.064,3297
23,937,0.526,3666
23,938,-1.571,3959
23,939,1.064,3898
23,940,0.526,3203
23,941,0.000,3211
23,942,-0.524,3128
23,943,1.579,3485
23,944,0.518,3509
23,945,0.000,2613
23,946,0.515,3388
23,947,0.513,2874
23,948,0.510,3362
23,949,2.030,4575
23,950,0.498,3243
23,951,1.485,4144
23,952,0.000,2761
23,953,-0.976,3188
23,954,0.493,2666
23,955,0.980,4079
23,956,0.000,2759
23,957,0.485,3283
23,958,-0.966,3905
23,959,0.488,3004
23,960,0.000,2666
23,961,-0.971,3520
23,962,1.471,3754
23,963,0.483,3538
23,964,0.000,2881
23,965,-1.923,4591
23,966,0.490,3494
23,967,-0.488,3148
23,968,0.000,3165
23,969,0.000,3326
23,970,0.980,3335
23,971,0.485,3664
23,972,0.966,3048
23,973,0.000,2511
23,974,-0.957,3523
23,975,0.483,2654
23,976,-0.481,2777
23,977,-0.483,3601
23,978,-0.971,3982
23,979,-0.490,3194
23,980,0.000,2849
23,981,-0.493,3424
23,982,0.000,2966
23,983,0.495,2863
23,984,-0.493,3036
23,985,0.495,3594
23,986,0.000,2719
23,987,1.970,4166
23,988,-0.483,3456
23,989,0.971,2978
23,990,0.000,2572
23,991,0.000,2951
23,992,-1.923,4601
23,993,-1.471,3335
23,994,1.493,3807
23,995,-0.490,3675
23,996,0.493,3191
23,997,-1.471,4417
23,998,-0.995,3099
23,999,2.513,4370
23,1000,-0.980,3595
23,1001,1.485,3879
23,1002,0.000,2552
23,1003,0.488,3117
23,1004,-0.485,3311
23,1005,0.000,3382
23,1006,-2.439,4748
23,1007,-1.000,3995
23,1008,1.515,3780
23,1009,-1.493,3992
23,1010,-0.505,3698
23,1011,1.015,2975
23,1012,0.000,2497
23,1013,-0.503,2992
23,1014,0.000,3215
23,1015,0.000,3214
23,1016,0.505,3020
23,1017,-1.005,3278
23,1018,-0.508,3029
23,1019,0.000,3148
23,1020,0.510,2947
23,1021,-1.523,4204
23,1022,0.515,3467
23,1023,-1.026,3957
23,1024,-0.518,3648
23,1025,1.042,3151
23,1026,-0.515,3403
23,1027,0.000,2681
23,1028,0.518,3334
23,1029,1.031,3515
23,1030,-1.020,3883
23,1031,-0.515,2986
23,1032,1.554,3686
23,1033,1.020,3015
23,1034,0.000,3234
23,1035,0.505,3153
23,1036,0.000,2959
23,1037,-1.005,3034
23,1038,0.000,3113
23,1039,-0.508,2966
23,1040,-1.531,3940
23,1041,0.000,3193
23,1042,1.036,3795
23,1043,0.513,3569
23,1044,0.510,3703
23,1045,-0.508,2909
23,1046,0.000,3292
23,1047,0.000,3407
23,1048,1.020,3371
23,1049,0.505,3285
23,1050,1.005,3936
23,1051,0.000,2870
23,1052,-0.498,3330
23,1053,0.000,2973
23,1054,0.500,3448
23,1055,0.000,3175
23,1056,0.995,3854
23,1057,1.478,3870
23,1058,-0.485,3530
23,1059,-1.951,4237
23,1060,0.000,3508
23,1061,-0.995,3709
23,1062,0.503,3650
23,1063,0.000,3355
23,1064,-0.500,2833
23,1065,1.508,3891
23,1066,-0.990,3757
23,1067,-1.000,3373
23,1068,0.000,3286
23,1069,0.000,3256
23,1070,1.010,4207
23,1071,-0.500,3467
23,1072,0.503,3370
23,1073,-0.500,3321
23,1074,-3.015,5319
23,1075,-1.554,3628
23,1076,2.105,4206
23,1077,1.546,4164
23,1078,-0.508,3214
23,1079,0.510,2717
23,1080,-0.508,2987
23,1081,0.510,3232
23,1082,0.000,2670
23,1083,1.015,3752
23,1084,0.503,3762
23,1085,-1.000,3671
23,1086,-1.010,3356
23,1087,0.510,3494
23,1088,-0.508,2904
23,1089,0.510,3254
23,1090,1.523,3782
23,1091,0.500,3012
23,1092,0.498,2918
23,1093,-1.485,3516
23,1094,0.503,3481
23,1095,-0.500,3304
23,1096,1.508,4196
23,1097,-0.495,2646
23,1098,-0.498,3242
23,1099,0.500,3672
23,1100,-0.498,3531
23,1101,1.500,4285
23,1102,0.000,2962
23,1103,0.493,3237
23,1104,0.490,3502
23,1105,-0.488,3731
23,1106,0.000,2600
23,1107,-0.490,3678
23,1108,-1.478,3757
23,1109,-0.500,3093
23,1110,-1.005,3229
23,1111,1.015,3681
23,1112,-0.503,3343
23,1113,-1.010,3671
23,1114,-0.510,3676
23,1115,-1.026,3743
23,1116,0.518,3008
23,1117,0.000,2700
23,1118,-0.515,3449
23,1119,-1.036,3780
23,1120,1.571,3941
23,1121,-0.515,3136
23,1122,-0.518,3681
23,1123,0.521,3571
23,1124,0.000,3206
23,1125,0.518,3174
23,1126,-1.546,3978
23,1127,-0.524,3630
23,1128,0.526,2757
23,1129,0.000,3303
23,1130,1.047,3440
23,1131,-1.036,4023
23,1132,0.524,3121
23,1133,1.042,4270
23,1134,0.000,2756
23,1135,0.515,3604
23,1136,0.000,2673
23,1137,1.538,4125
23,1138,-1.010,4019
23,1139,-1.020,3268
23,1140,-1.031,3184
23,1141,-0.521,3447
23,1142,0.000,2671
23,1143,-1.047,3247
23,1144,1.058,3220
23,1145,0.524,3426
23,1146,1.042,3785
23,1147,0.515,3203
23,1148,-1.026,3616
23,1149,0.000,3231
23,1150,1.554,4307
23,1151,0.000,3030
23,1152,0.000,3408
23,1153,0.000,2781
23,1154,-0.510,3398
23,1155,-1.026,3517
23,1156,1.554,3980
23,1157,-1.531,4350
23,1158,0.518,3003
23,1159,-0.515,3263
23,1160,0.518,3199
23,1161,-0.515,3173
23,1162,-1.554,3686
23,1163,-2.632,4756
23,1164,-1.622,4626
23,1165,-0.549,3013
23,1166,0.000,3033
23,1167,0.000,2672
23,1168,1.105,3289
23,1169,0.000,2673
23,1170,1.639,4040
23,1171,-0.538,3130
23,1172,0.541,3417
23,1173,1.613,3404
23,1174,-0.529,3145
23,1175,-1.064,3986
23,1176,-1.613,4089
23,1177,-1.639,3460
23,1178,0.556,3451
23,1179,-0.552,3041
23,1180,0.000,2804
23,1181,-0.556,2854
23,1182,1.676,3650
23,1183,-1.648,3970
23,1184,2.235,4686
23,1185,0.000,3363
23,1186,-0.546,3684
23,1187,0.549,3423
23,1188,0.000,3081
23,1189,1.093,3279
23,1190,-0.541,3543
23,1191,-1.630,4133
23,1192,0.552,3140
23,1193,1.099,3623
23,1194,0.543,3878
23,1195,0.541,3016
23,1196,0.538,3150
23,1197,-1.070,2960
23,1198,0.000,2505
23,1199,0.000,3428
23,1200,-0.541,2840
23,1201,0.543,3408
23,1202,-1.081,3490
23,1203,-1.093,3650
23,1204,1.657,4142
23,1205,0.000,2754
23,1206,-0.543,3150
23,1207,0.546,3206
23,1208,-0.543,3030
23,1209,-0.546,3494
23,1210,-1.099,3505
23,1211,-0.556,3796
23,1212,-1.676,3733
23,1213,0.568,2698
23,1214,-0.565,2686
23,1215,0.000,3147
23,1216,0.568,3058
23,1217,0.565,3460
23,1218,-1.124,3570
23,1219,0.000,2818
23,1220,-0.568,2985
23,1221,-1.714,4006
23,1222,0.581,3022
23,1223,0.578,3860
23,1224,0.575,2806
23,1225,0.571,3678
23,1226,1.136,3668
23,1227,-1.124,3525
23,1228,1.136,3316
23,1229,1.124,3371
23,1230,-1.667,3961
23,1231,-1.130,3413
23,1232,0.000,2943
23,1233,-0.571,3100
23,1234,0.000,2813
23,1235,1.149,3708
23,1236,-1.136,3351
23,1237,1.149,3518
23,1238,1.136,3895
23,1239,0.562,3630
23,1240,1.117,3783
23,1241,-0.552,3317
23,1242,0.556,3062
23,1243,-0.552,3125
23,1244,0.000,3225
23,1245,0.000,2846
23,1246,0.000,3191
23,1247,0.000,3183
23,1248,-0.556,3214
23,1249,0.000,3037
23,1250,-2.235,4549
23,1251,0.000,3360
23,1252,-1.143,3870
23,1253,-1.156,4226
23,1254,-0.585,3537
23,1255,-0.588,2719
23,1256,1.775,3828
23,1257,-0.581,2673
23,1258,1.170,3162
23,1259,0.000,2896
23,1260,0.578,3296
23,1261,1.149,3800
23,1262,-1.705,3778
23,1263,0.000,3385
23,1264,-1.734,3995
23,1265,0.000,2850
23,1266,0.000,2620
23,1267,-1.765,4108
23,1268,-0.599,2748
23,1269,0.602,3183
23,1270,0.599,2996
23,1271,-0.595,3176
23,1272,0.000,2948
23,1273,-1.198,3916
23,1274,-0.606,2954
23,1275,1.220,3792
23,1276,0.000,3409
23,1277,-0.602,2945
23,1278,1.212,3278
23,1279,0.000,3157
23,1280,0.599,3091
23,1281,1.190,3954
23,1282,0.588,3344
23,1283,-1.170,3838
23,1284,-0.592,3232
23,1285,0.595,2821
23,1286,-0.592,3514
23,1287,1.190,4121
23,1288,1.765,4235
23,1289,-1.156,4034
23,1290,-1.170,3756
23,1291,-0.592,3355
23,1292,-0.595,3785
23,1293,-1.198,3208
23,1294,0.000,2619
23,1295,0.606,2793
23,1296,0.602,3538
23,1297,-1.796,4325
23,1298,0.610,2938
23,1299,-0.606,3085
23,1300,1.220,3924
23,1301,1.205,3698
23,1302,-0.595,2946
23,1303,-1.198,4028
23,1304,0.606,2881
23,1305,-0.602,2848
23,1306,0.606,3204
23,1307,1.205,3496
23,1308,0.595,3439
23,1309,-0.592,3435
23,1310,-0.595,3302
23,1311,0.000,2463
23,1312,1.796,3837
23,1313,0.588,3088
23,1314,0.585,3262
23,1315,1.163,3138
23,1316,0.000,3119
23,1317,0.575,2967
23,1318,-1.143,3579
23,1319,0.000,2788
23,1320,0.000,3118
23,1321,-0.578,3108
23,1322,-1.163,3647
23,1323,-0.588,2981
23,1324,-0.592,3449
23,1325,0.595,3348
23,1326,1.183,3447
23,1327,0.000,2653
23,1328,0.000,2651
23,1329,-1.754,4298
23,1330,0.000,3009
23,1331,0.595,3809
23,1332,1.183,4113
23,1333,0.000,3155
23,1334,0.000,2850
23,1335,0.000,2598
23,1336,0.000,3429
23,1337,-0.585,3209
23,1338,-0.588,3076
23,1339,-1.183,3637
23,1340,0.000,2641
23,1341,0.599,3254
23,1342,-1.786,3535
23,1343,0.000,3260
23,1344,-0.606,3175
23,1345,-0.610,3958
23,1346,1.227,4097
23,1347,1.212,3400
23,1348,-1.796,4016
23,1349,0.000,3041
23,1350,0.000,3186
23,1351,1.220,3294
23,1352,1.205,4022
23,1353,0.000,3188
23,1354,0.000,2642
23,1355,-0.595,3443
23,1356,0.000,3069
23,1357,1.198,3393
23,1358,0.000,3289
23,1359,0.000,2841
23,1360,0.592,2591
23,1361,-1.176,3393
23,1362,-0.595,2913
23,1363,0.599,2539
23,1364,-1.786,4254
23,1365,-1.212,4153
23,1366,-1.227,3739
23,1367,-1.242,4051
23,1368,0.000,3003
23,1369,0.629,3573
23,1370,0.000,2547
23,1371,1.250,3262
23,1372,-1.235,3785
23,1373,0.000,3485
23,1374,-1.250,3385
23,1375,-1.266,3875
23,1376,-0.641,3631
23,1377,0.000,3390
23,1378,-0.645,3678
23,1379,0.000,2866
23,1380,0.649,2842
23,1381,-0.645,2869
23,1382,-1.299,4253
23,1383,0.000,3178
23,1384,-0.658,3134
23,1385,-0.662,3342
23,1386,0.667,3705
23,1387,0.000,3003
23,1388,-0.662,3105
23,1389,0.000,2766
23,1390,1.333,3085
23,1391,0.658,3816
23,1392,1.307,3894
23,1393,-1.290,3540
23,1394,1.307,3855
23,1395,-1.290,4104
23,1396,-0.654,3105
23,1397,1.316,3900
23,1398,1.948,4604
23,1399,1.274,3871
23,1400,1.887,3561
23,1401,0.617,3920
23,1402,0.613,3051
23,1403,0.610,3151
23,1404,-0.606,2906
23,1405,0.610,3736
23,1406,-0.606,3352
23,1407,0.610,3384
23,1408,-1.212,3218
23,1409,-1.227,4442
23,1410,-1.242,3251
23,1411,0.000,3399
23,1412,-0.629,3177
23,1413,0.000,2721
23,1414,0.633,2932
23,1415,1.258,3388
23,1416,-1.242,3263
23,1417,-0.629,3394
23,1418,-0.633,2680
23,1419,0.000,3400
23,1420,0.637,3246
23,1421,0.633,3356
23,1422,0.629,3714
23,1423,-1.250,3411
23,1424,1.266,3687
23,1425,0.625,3527
23,1426,0.621,2747
23,1427,-1.235,4084
23,1428,-1.250,4001
23,1429,0.000,3096
23,1430,0.000,2893
23,1431,1.266,3491
23,1432,1.250,3354
23,1433,-0.617,3069
23,1434,0.000,3257
23,1435,1.242,3684
23,1436,0.000,3071
23,1437,-0.613,2831
23,1438,2.469,4254
23,1439,0.602,3532
23,1440,0.000,2611
24,1,-0.156,2112
24,2,0.469,2067
24,3,-1.090,2384
24,4,-0.315,2199
24,5,0.000,2388
24,6,0.316,2540
24,7,-0.945,2574
24,8,0.636,2298
24,9,0.000,2004
24,10,-0.316,1974
24,11,-0.158,2081
24,12,-0.635,2213
24,13,0.319,1922
24,14,-0.318,1982
24,15,-0.639,2651
24,16,0.322,2290
24,17,0.000,2197
24,18,0.321,2033
24,19,0.958,2740
24,20,3.165,4025
24,21,0.307,2508
24,22,-0.306,2013
24,23,1.227,2701
24,24,0.000,1960
24,25,-0.909,2364
24,26,0.917,2645
24,27,0.606,2352
24,28,0.452,2380
24,29,0.300,2192
24,30,-0.149,2209
24,31,-1.198,2908
24,32,-0.909,2642
24,33,0.612,2468
24,34,-2.888,3456
24,35,-0.782,2224
24,36,0.000,2337
24,37,0.789,2507
24,38,2.347,3056
24,39,-1.070,2653
24,40,-0.618,2252
24,41,-0.311,1960
24,42,-0.468,2304
24,43,1.881,2961
24,44,0.769,2523
24,45,-0.153,1875
24,46,-0.612,2080
24,47,0.615,2570
24,48,0.612,2458
24,49,-1.216,2927
24,50,2.000,3133
24,51,-1.508,2738
24,52,-1.531,2721
24,53,-0.467,2467
24,54,0.625,2413
24,55,-0.621,2596
24,56,0.312,2394
24,57,1.558,2837
24,58,0.307,2267
24,59,0.000,2130
24,60,1.223,2597
24,61,0.000,2033
24,62,0.453,2199
24,63,2.556,3351
24,64,-0.293,2219
24,65,0.294,2157
24,66,-1.173,2577
24,67,0.148,1954
24,68,-1.185,2738
24,69,0.300,2261
24,70,-0.149,2022
24,71,-0.898,2791
24,72,0.151,2417
24,73,0.452,2050
24,74,-0.601,2355
24,75,0.151,2210
24,76,0.000,2154
24,77,-0.603,2491
24,78,-1.517,2707
24,79,0.924,2560
24,80,-0.153,2094
24,81,-0.459,2227
24,82,-0.154,2068
24,83,-0.769,2285
24,84,0.775,2571
24,85,0.000,1993
24,86,-0.615,2376
24,87,-0.929,2421
24,88,0.156,2162
24,89,0.156,2295
24,90,-1.246,2935
24,91,-0.315,2386
24,92,0.475,2550
24,93,0.157,2018
24,94,-1.572,2630
24,95,0.799,2652
24,96,-0.317,2252
24,97,-2.226,2997
24,98,-0.650,2512
24,99,0.164,1852
24,100,0.327,1970
24,101,0.814,2205
24,102,0.485,2339
24,103,1.125,2344
24,104,0.000,1947
24,105,-1.431,2589
24,106,0.806,2667
24,107,0.160,2018
24,108,0.799,2344
24,109,-1.109,2516
24,110,0.962,2675
24,111,0.159,2161
24,112,0.158,2206
24,113,0.791,2286
24,114,-0.314,1890
24,115,-0.472,2132
24,116,0.475,1969
24,117,2.047,3296
24,118,0.617,2627
24,119,-2.147,3034
24,120,0.940,2630
24,121,-0.776,2245
24,122,0.313,2230
24,123,0.468,2492
24,124,-0.621,2527
24,125,-0.469,2550
24,126,0.471,2536
24,127,-0.469,2340
24,128,0.942,2358
24,129,-2.022,2856
24,130,0.159,1833
24,131,1.109,2934
24,132,-0.940,2872
24,133,-0.949,2614
24,134,-0.160,2415
24,135,0.320,2128
24,136,-1.914,3134
24,137,-0.163,2436
24,138,0.814,2740
24,139,-0.969,2734
24,140,-0.489,2166
24,141,-1.803,2820
24,142,0.668,2330
24,143,0.498,2259
24,144,-0.990,2421
24,145,0.667,2211
24,146,-0.993,2387
24,147,-1.171,2883
24,148,-0.338,2087
24,149,1.188,2671
24,150,0.336,2546
24,151,-0.502,2263
24,152,0.168,1938
24,153,-1.510,2726
24,154,-0.681,2511
24,155,-0.343,2270
24,156,0.172,2026
24,157,0.344,2062
24,158,1.541,2977
24,159,0.169,2291
24,160,-1.347,3105
24,161,-1.365,3052
24,162,-0.173,2345
24,163,0.347,2220
24,164,1.382,2827
24,165,0.000,1827
24,166,-0.170,2250
24,167,0.512,2518
24,168,-0.340,1971
24,169,-0.852,2655
24,170,0.344,2201
24,171,-0.514,2564
24,172,-0.344,2481
24,173,0.518,2518
24,174,-1.031,2492
24,175,-0.174,2341
24,176,-1.565,2668
24,177,-0.883,2300
24,178,0.713,2417
24,179,0.354,2387
24,180,-0.353,2034
24,181,1.593,3060
24,182,-1.045,2478
24,183,-0.528,2196
24,184,0.000,2041
24,185,0.531,2478
24,186,0.880,2439
24,187,-1.396,2631
24,188,-2.124,2905
24,189,1.447,2624
24,190,0.000,1872
24,191,-0.535,2417
24,192,-0.538,2357
24,193,1.802,2853
24,194,-0.177,2363
24,195,0.177,1967
24,196,-1.239,2534
24,197,1.075,2849
24,198,-1.418,2610
24,199,-0.899,2608
24,200,-0.363,2133
24,201,0.546,2456
24,202,0.362,2498
24,203,-0.542,2398
24,204,-0.544,2451
24,205,0.182,1975
24,206,-0.182,1967
24,207,0.912,2861
24,208,-1.808,3128
24,209,0.368,2016
24,210,-0.550,2109
24,211,0.369,2385
24,212,-0.368,2439
24,213,0.369,2025
24,214,0.000,1993
24,215,1.838,2807
24,216,0.181,1911
24,217,-0.541,2258
24,218,-0.906,2261
24,219,-1.280,2616
24,220,1.111,2421
24,221,1.832,3141
24,222,-1.619,2572
24,223,-1.280,2737
24,224,-0.741,2491
24,225,-1.679,2715
24,226,0.759,2144
24,227,0.188,2248
24,228,0.000,2356
24,229,0.188,2227
24,230,1.313,2916
24,231,-0.556,2202
24,232,0.372,2214
24,233,-0.742,2531
24,234,-1.308,2621
24,235,-0.758,2293
24,236,0.954,2416
24,237,0.189,2056
24,238,1.321,2493
24,239,1.304,2676
24,240,0.000,2046
24,241,1.471,3025
24,242,0.181,1978
24,243,0.904,2342
24,244,-0.538,2583
24,245,-1.441,2799
24,246,1.280,2475
24,247,1.083,2471
24,248,-0.536,2269
24,249,-1.436,2779
24,250,-0.546,2043
24,251,1.465,2595
24,252,0.361,2245
24,253,-1.259,2823
24,254,1.457,2555
24,255,-1.616,2879
24,256,-0.730,2206
24,257,-0.919,2691
24,258,-1.113,2404
24,259,-1.313,2568
24,260,0.570,2604
24,261,0.189,2453
24,262,0.566,2289
24,263,-0.375,2436
24,264,-0.188,2315
24,265,-0.377,2109
24,266,-0.568,2508
24,267,0.571,2550
24,268,0.379,2022
24,269,-1.132,2555
24,270,0.573,2581
24,271,1.328,2917
24,272,0.562,2245
24,273,0.372,2323
24,274,-1.299,2771
24,275,0.376,2277
24,276,0.749,2611
24,277,0.186,2342
24,278,-0.742,2218
24,279,0.561,2452
24,280,2.045,2880
24,281,0.000,2123
24,282,-1.821,3178
24,283,-1.484,2729
24,284,0.565,2472
24,285,-0.562,2012
24,286,0.565,2504
24,287,1.311,2533
24,288,1.294,2796
24,289,1.642,2786
24,290,-1.077,2804
24,291,0.907,2352
24,292,0.719,2154
24,293,1.250,2565
24,294,0.882,2405
24,295,-1.399,2536
24,296,0.000,2196
24,297,-0.532,2473
24,298,0.178,2012
24,299,-0.534,2111
24,300,0.358,2143
24,301,-1.070,2656
24,302,-0.180,2191
24,303,-0.181,2244
24,304,0.181,1940
24,305,-0.903,2778
24,306,-0.911,2733
24,307,0.184,2354
24,308,0.183,2209
24,309,0.733,2572
24,310,0.000,2358
24,311,-0.364,1923
24,312,-0.365,2032
24,313,0.916,2820
24,314,1.089,2685
24,315,-0.180,2369
24,316,0.000,2055
24,317,1.079,2818
24,318,0.712,2337
24,319,0.883,2642
24,320,1.751,2836
24,321,1.893,3271
24,322,0.000,2105
24,323,-1.182,2583
24,324,0.513,2196
24,325,-0.510,2355
24,326,1.197,2572
24,327,-0.169,2261
24,328,-0.338,2060
24,329,1.528,3018
24,330,-0.334,2316
24,331,0.000,2166
24,332,-0.503,2359
24,333,0.337,1993
24,334,2.353,3325
24,335,-0.328,2306
24,336,0.165,2036
24,337,0.493,2219
24,338,0.164,2196
24,339,-0.327,2250
24,340,-1.639,2951
24,341,1.167,2957
24,342,-0.659,2306
24,343,1.824,2883
24,344,-1.466,2804
24,345,0.826,2376
24,346,-1.148,2434
24,347,-1.161,2656
24,348,-0.671,2448
24,349,-1.014,2365
24,350,0.683,2243
24,351,-0.339,2375
24,352,-0.850,2523
24,353,1.029,2715
24,354,-1.358,2902
24,355,-0.344,2155
24,356,1.209,2511
24,357,-1.536,2691
24,358,-0.173,2087
24,359,0.521,2385
24,360,0.691,2622
24,361,0.686,2582
24,362,1.874,3161
24,363,-1.505,2762
24,364,0.340,2020
24,365,1.692,3014
24,366,1.165,2914
24,367,-0.493,1993
24,368,-1.322,2780
24,369,0.168,1912
24,370,0.502,2624
24,371,-0.333,2004
24,372,0.835,2175
24,373,-0.166,2322
24,374,-0.498,2041
24,375,-2.000,3026
24,376,0.850,2322
24,377,0.675,2250
24,378,0.503,2519
24,379,2.167,3131
24,380,1.142,2559
24,381,-1.129,2672
24,382,-0.163,1885
24,383,0.654,2175
24,384,0.325,2355
24,385,-0.324,2308
24,386,0.812,2598
24,387,0.000,1959
24,388,0.483,2575
24,389,-0.160,2171
24,390,0.482,2208
24,391,-0.160,2228
24,392,0.480,2088
24,393,1.592,3012
24,394,0.627,2535
24,395,0.779,2748
24,396,0.618,2589
24,397,0.307,2211
24,398,-0.919,2678
24,399,1.236,2808
24,400,-0.763,2304
24,401,-0.462,2192
24,402,0.155,2323
24,403,1.080,2331
24,404,-0.153,2092
24,405,0.612,2604
24,406,1.064,2441
24,407,-0.301,2440
24,408,2.262,3091
24,409,0.000,1889
24,410,1.032,2404
24,411,0.730,2632
24,412,-0.145,2027
24,413,0.581,2288
24,414,0.289,2328
24,415,0.863,2591
24,416,0.713,2177
24,417,-0.425,2188
24,418,-1.422,2896
24,419,1.732,3026
24,420,0.567,2647
24,421,0.141,2406
24,422,0.141,2090
24,423,-0.563,2600
24,424,1.697,3102
24,425,0.695,2467
24,426,-0.138,2206
24,427,-0.138,2103
24,428,-0.970,2363
24,429,-0.420,2390
24,430,-0.421,2412
24,431,-0.141,2214
24,432,0.706,2438
24,433,-1.543,3036
24,434,1.567,2616
24,435,-0.281,2173
24,436,0.000,1981
24,437,0.281,2147
24,438,0.561,2402
24,439,1.255,2481
24,440,-0.551,2140
24,441,0.139,2180
24,442,-0.968,2370
24,443,0.140,1940
24,444,-0.697,2487
24,445,-1.966,3238
24,446,0.000,1980
24,447,0.716,2348
24,448,-0.427,2032
24,449,0.857,2793
24,450,0.708,2387
24,451,0.422,2474
24,452,-2.241,3170
24,453,-2.006,3256
24,454,0.000,1939
24,455,1.754,3153
24,456,-0.144,2149
24,457,0.863,2596
24,458,-0.143,2378
24,459,-0.286,2312
24,460,0.716,2470
24,461,-0.142,1883
24,462,-0.285,2475
24,463,-0.571,2354
24,464,0.000,2120
24,465,1.006,2717
24,466,-0.569,2232
24,467,1.144,2746
24,468,1.273,2655
24,469,-1.955,2804
24,470,0.855,2260
24,471,-0.424,2186
24,472,0.142,2202
24,473,1.416,2815
24,474,-0.559,2314
24,475,-0.281,2323
24,476,0.563,2500
24,477,0.560,2371
24,478,-0.696,2583
24,479,1.262,3011
24,480,0.693,2271
24,481,-0.275,1966
24,482,0.138,1906
24,483,-0.826,2774
24,484,-0.278,1962
24,485,-0.279,2458
24,486,0.419,2022
24,487,0.278,2469
24,488,2.219,3348
24,489,1.221,2745
24,490,-1.609,2998
24,491,-0.272,1851
24,492,1.093,2739
24,493,0.541,2633
24,494,0.941,2792
24,495,0.799,2208
24,496,-0.396,1996
24,497,0.000,1896
24,498,-0.531,2374
24,499,1.600,3144
24,500,-0.787,2643
24,501,-0.529,2193
24,502,0.665,2518
24,503,1.453,2987
24,504,0.130,2181
24,505,-0.260,1946
24,506,1.825,3132
24,507,-1.280,2880
24,508,-0.778,2711
24,509,-1.046,2743
24,510,-0.264,2331
24,511,0.000,2048
24,512,0.265,2208
24,513,-0.132,2093
24,514,0.661,2450
24,515,0.000,2184
24,516,1.051,2821
24,517,1.430,2936
24,518,-1.154,2788
24,519,-0.259,2152
24,520,-1.300,2621
24,521,0.922,2790
24,522,-1.305,2964
24,523,-0.529,2179
24,524,-1.197,2825
24,525,-1.077,2813
24,526,-0.136,1878
24,527,1.362,2588
24,528,-0.538,2236
24,529,1.486,2996
24,530,1.065,2898
24,531,-0.922,2421
24,532,-0.266,2372
24,533,-0.400,2226
24,534,0.803,2228
24,535,0.398,2323
24,536,-0.265,2505
24,537,0.133,2337
24,538,-0.662,2539
24,539,1.067,2697
24,540,-0.132,2172
24,541,1.585,2866
24,542,0.520,2114
24,543,1.035,2351
24,544,1.793,3099
24,545,1.384,2889
24,546,-0.868,2551
24,547,0.250,2420
24,548,0.000,1990
24,549,-0.999,2379
24,550,0.126,2245
24,551,-0.252,2464
24,552,0.126,2007
24,553,0.252,1920
24,554,-0.755,2382
24,555,-0.127,1822
24,556,0.254,2294
24,557,1.139,2388
24,558,-1.377,2488
24,559,2.284,3494
24,560,0.620,2115
24,561,0.740,2434
24,562,0.612,2286
24,563,-0.730,2362
24,564,1.103,2687
24,565,0.485,2154
24,566,-0.844,2519
24,567,0.852,2714
24,568,-0.844,2302
24,569,0.122,1868
24,570,0.851,2656
24,571,-0.361,1990
24,572,-1.451,2611
24,573,-0.613,2433
24,574,1.728,3015
24,575,0.728,2661
24,576,0.482,2126
24,577,0.839,2290
24,578,0.951,2481
24,579,0.236,2371
24,580,0.588,2469
24,581,-0.117,2323
24,582,-0.117,1921
24,583,-0.937,2324
24,584,-0.236,2331
24,585,1.066,2777
24,586,0.117,2382
24,587,-0.585,2209
24,588,0.589,2563
24,589,-1.756,2814
24,590,-1.192,2566
24,591,-0.241,1911
24,592,0.605,2625
24,593,-1.202,2627
24,594,0.487,2039
24,595,0.363,2402
24,596,-1.086,2873
24,597,-0.488,2070
24,598,0.245,2091
24,599,-1.100,2792
24,600,2.596,3334
24,601,1.205,2692
24,602,-1.190,2459
24,603,0.602,2120
24,604,0.359,2334
24,605,-1.790,3298
24,606,-0.243,2010
24,607,-0.853,2353
24,608,0.369,2033
24,609,0.490,2659
24,610,0.974,2485
24,611,1.327,2711
24,612,1.429,2619
24,613,-0.235,2398
24,614,1.176,2692
24,615,-0.349,2468
24,616,1.750,2797
24,617,-1.376,2954
24,618,-1.395,2578
24,619,0.236,2398
24,620,0.118,1917
24,621,-1.058,2505
24,622,-0.594,2268
24,623,-0.119,2080
24,624,-1.077,2410
24,625,-1.088,2556
24,626,1.100,2480
24,627,1.451,2622
24,628,0.834,2716
24,629,0.591,2426
24,630,-0.235,1848
24,631,1.885,2799
24,632,1.503,2605
24,633,1.139,2547
24,634,0.901,2688
24,635,0.112,2244
24,636,1.115,2380
24,637,-1.213,2916
24,638,-1.116,2778
24,639,-0.226,2240
24,640,0.792,2540
24,641,0.898,2678
24,642,0.222,2096
24,643,-1.776,3244
24,644,0.452,2058
24,645,1.912,3276
24,646,0.442,2282
24,647,-0.440,2279
24,648,0.773,2557
24,649,0.876,2629
24,650,0.109,1936
24,651,-0.976,2802
24,652,-1.533,2995
24,653,0.334,2524
24,654,1.663,2850
24,655,0.436,2103
24,656,-0.217,2305
24,657,-0.871,2322
24,658,-0.110,2153
24,659,-1.209,2914
24,660,0.890,2325
24,661,0.662,2201
24,662,-0.438,2326
24,663,0.660,2373
24,664,-0.437,2563
24,665,0.110,1834
24,666,0.000,2333
24,667,0.000,1916
24,668,-1.425,2611
24,669,0.556,2581
24,670,0.553,2268
24,671,-0.330,2262
24,672,0.110,2177
24,673,0.221,2012
24,674,0.440,2482
24,675,0.000,2091
24,676,-1.205,2778
24,677,0.222,2091
24,678,-0.221,2092
24,679,0.998,2542
24,680,-1.098,2752
24,681,0.333,2067
24,682,0.885,2741
24,683,-0.548,2601
24,684,-0.662,2366
24,685,0.444,2372
24,686,-0.773,2669
24,687,-0.223,2016
24,688,0.670,2151
24,689,0.998,2672
24,690,-1.647,3069
24,691,-0.223,2452
24,692,-1.678,2628
24,693,0.341,1971
24,694,-0.113,2333
24,695,0.568,2564
24,696,-0.339,1991
24,697,1.019,2773
24,698,-0.336,2359
24,699,-0.225,1884
24,700,1.804,2746
24,701,0.332,2239
24,702,0.662,2212
24,703,-1.096,2750
24,704,0.554,2178
24,705,-1.874,2756
24,706,-1.236,2882
24,707,0.114,2198
24,708,0.114,1975
24,709,1.816,2966
24,710,0.780,2466
24,711,-1.327,2571
24,712,-0.224,2282
24,713,-1.348,2645
24,714,-0.114,2224
24,715,-0.912,2393
24,716,-0.575,2481
24,717,-1.620,3157
24,718,-0.118,1932
24,719,0.000,2355
24,720,-0.236,1940
24,721,0.472,2133
24,722,-1.175,2643
24,723,1.427,2794
24,724,-0.352,2404
24,725,1.176,2793
24,726,0.233,2128
24,727,0.696,2305
24,728,-0.576,2096
24,729,-0.348,2417
24,730,-1.047,2358
24,731,0.588,2091
24,732,-1.519,3079
24,733,-0.712,2663
24,734,0.717,2246
24,735,1.186,2621
24,736,-1.290,2684
24,737,0.594,2518
24,738,-0.118,2031
24,739,-0.473,2542
24,740,0.594,2314
24,741,0.118,2357
24,742,0.000,2030
24,743,-0.825,2654
24,744,1.665,2968
24,745,-1.988,3076
24,746,-0.358,2360
24,747,-0.599,2393
24,748,1.205,2552
24,749,-0.357,2236
24,750,-0.717,2501
24,751,0.481,2237
24,752,-0.240,2262
24,753,0.360,2008
24,754,0.000,1798
24,755,-0.598,2447
24,756,0.842,2467
24,757,0.000,1969
24,758,-0.716,2500
24,759,1.322,2679
24,760,-0.237,1952
24,761,1.427,3004
24,762,1.055,2563
24,763,0.464,2227
24,764,0.231,2405
24,765,-1.037,2541
24,766,0.698,2164
24,767,2.312,3047
24,768,1.469,2790
24,769,1.670,2822
24,770,-1.205,2423
24,771,0.776,2226
24,772,-0.330,1979
24,773,-0.331,2435
24,774,0.554,2052
24,775,-0.441,2077
24,776,-0.221,1973
24,777,0.222,2222
24,778,0.553,2268
24,779,0.550,2544
24,780,0.766,2351
24,781,-0.543,2325
24,782,-0.109,1855
24,783,-0.328,2415
24,784,0.219,2293
24,785,-0.109,2352
24,786,-0.438,2026
24,787,0.220,2477
24,788,-0.439,1996
24,789,2.095,3436
24,790,-1.188,2772
24,791,0.546,2235
24,792,-0.435,2343
24,793,-2.183,3323
24,794,0.000,2347
24,795,0.670,2413
24,796,-0.443,2271
24,797,0.557,2502
24,798,0.000,2150
24,799,-0.443,2036
24,800,0.445,2543
24,801,1.440,2589
24,802,0.328,2237
24,803,-0.326,2519
24,804,1.310,2873
24,805,0.108,1963
24,806,-0.969,2747
24,807,-0.870,2434
24,808,-0.439,2389
24,809,0.220,2204
24,810,-0.549,2361
24,811,0.221,1913
24,812,-0.221,2094
24,813,-0.442,2489
24,814,0.222,2202
24,815,0.443,1990
24,816,0.882,2447
24,817,0.874,2408
24,818,-0.108,2241
24,819,0.325,2558
24,820,-0.324,2048
24,821,-0.217,2278
24,822,-1.413,2621
24,823,0.110,1891
24,824,0.551,2587
24,825,0.110,2210
24,826,-0.328,2440
24,827,-0.878,2263
24,828,0.000,2073
24,829,1.218,2987
24,830,0.985,2426
24,831,0.108,2118
24,832,-0.758,2375
24,833,0.218,2065
24,834,0.762,2184
24,835,-0.324,2231
24,836,-0.325,2178
24,837,0.217,1938
24,838,-0.108,2351
24,839,0.434,1984
24,840,-0.432,2048
24,841,0.869,2495
24,842,-0.215,1874
24,843,-1.187,2474
24,844,0.109,1906
24,845,0.981,2707
24,846,0.324,2196
24,847,-0.323,2160
24,848,0.972,2501
24,849,-0.642,2528
24,850,0.861,2794
24,851,0.213,1993
24,852,0.319,2285
24,853,-0.425,2202
24,854,0.213,2229
24,855,0.213,2167
24,856,-0.425,2509
24,857,-1.173,2648
24,858,0.000,2041
24,859,0.324,2185
24,860,0.430,2330
24,861,-1.285,2862
24,862,1.302,2751
24,863,-0.535,2575
24,864,1.076,2699
24,865,0.745,2487
24,866,-0.529,2079
24,867,-0.744,2173
24,868,1.071,2548
24,869,-1.059,2450
24,870,0.107,2309
24,871,-0.642,2096
24,872,-0.108,1899
24,873,-2.694,3567
24,874,-0.775,2290
24,875,0.558,2058
24,876,-0.999,2573
24,877,0.336,2072
24,878,0.894,2809
24,879,0.111,1942
24,880,-0.221,2105
24,881,-0.665,2341
24,882,0.335,2129
24,883,0.111,2096
24,884,0.333,2162
24,885,-0.775,2162
24,886,1.116,2496
24,887,-0.442,2190
24,888,-0.554,2515
24,889,0.669,2188
24,890,-0.554,2105
24,891,0.111,1992
24,892,1.335,2971
24,893,-0.988,2675
24,894,0.333,2288
24,895,0.110,2263
24,896,0.883,2476
24,897,-1.094,2849
24,898,-0.332,2434
24,899,0.222,2318
24,900,0.000,1807
24,901,-0.664,2539
24,902,0.557,2320
24,903,0.111,1968
24,904,-0.443,2334
24,905,-1.557,2708
24,906,1.582,3161
24,907,0.334,2229
24,908,1.330,2767
24,909,-0.766,2338
24,910,0.882,2623
24,911,0.328,1957
24,912,0.545,2573
24,913,1.300,2738
24,914,0.107,2337
24,915,0.107,2088
24,916,-0.427,2265
24,917,0.965,2824
24,918,-0.955,2639
24,919,-0.322,1987
24,920,0.645,2640
24,921,0.534,2479
24,922,1.275,2716
24,923,-0.420,2095
24,924,0.421,2313
24,925,-1.469,2926
24,926,-0.745,2728
24,927,-0.215,2369
24,928,0.753,2258
24,929,-0.107,2093
24,930,1.603,3000
24,931,0.421,2532
24,932,0.209,2344
24,933,-1.149,2628
24,934,-0.951,2406
24,935,1.174,2568
24,936,-0.527,2381
24,937,-2.015,2929
24,938,-0.758,2676
24,939,-0.654,2495
24,940,0.549,2592
24,941,0.218,2234
24,942,2.723,3201
24,943,0.424,2149
24,944,1.267,2547
24,945,1.564,3043
24,946,0.000,2036
24,947,-1.848,3008
24,948,-0.628,2264
24,949,-0.421,2492
24,950,0.423,2498
24,951,-1.579,2937
24,952,-0.642,2200
24,953,-0.646,2500
24,954,0.867,2658
24,955,0.000,1994
24,956,0.430,2401
24,957,0.428,2231
24,958,1.278,2874
24,959,0.946,2691
24,960,0.104,2253
24,961,-0.312,2338
24,962,0.000,2152
24,963,1.044,2431
24,964,0.000,1852
24,965,0.620,2189
24,966,0.513,2188
24,967,0.000,1869
24,968,0.715,2164
24,969,0.609,2386
24,970,1.109,2684
24,971,-0.798,2544
24,972,0.302,2429
24,973,-1.002,2838
24,974,-0.304,2264
24,975,1.523,3034
24,976,-0.300,1968
24,977,0.100,2367
24,978,-0.100,1982
24,979,0.702,2451
24,980,1.394,2658
24,981,1.375,2598
24,982,0.872,2319
24,983,2.113,3299
24,984,-1.035,2537
24,985,0.760,2601
24,986,0.566,2567
24,987,-0.469,2408
24,988,-1.225,2496
24,989,-0.477,2277
24,990,0.000,2260
24,991,0.384,1941
24,992,1.242,2596
24,993,1.038,2399
24,994,0.187,2169
24,995,1.118,2660
24,996,-0.276,2334
24,997,0.000,2201
24,998,-0.462,2103
24,999,0.464,2552
24,1000,0.185,2360
24,1001,-1.753,2856
24,1002,0.939,2410
24,1003,0.372,2132
24,1004,1.019,2447
24,1005,1.193,2579
24,1006,0.725,2382
24,1007,0.450,2293
24,1008,-0.269,2041
24,1009,0.000,2194
24,1010,-0.629,2155
24,1011,-0.090,2200
24,1012,-1.719,3245
24,1013,-1.013,2665
24,1014,-1.395,2961
24,1015,0.000,1879
24,1016,0.377,2461
24,1017,-0.940,2396
24,1018,-0.569,2426
24,1019,0.668,2588
24,1020,-1.327,2765
24,1021,1.537,2809
24,1022,0.284,2484
24,1023,-1.981,3148
24,1024,-0.192,2309
24,1025,-2.218,3256
24,1026,-0.197,2240
24,1027,0.296,2194
24,1028,0.493,2463
24,1029,0.196,1865
24,1030,1.272,3034
24,1031,0.676,2519
24,1032,-2.591,3383
24,1033,0.591,2566
24,1034,-1.175,2713
24,1035,0.793,2335
24,1036,-0.197,2230
24,1037,-0.591,2424
24,1038,1.685,3075
24,1039,1.365,2900
24,1040,0.962,2388
24,1041,-0.952,2472
24,1042,0.096,1921
24,1043,0.288,2004
24,1044,-1.437,2949
24,1045,-0.583,2060
24,1046,-0.684,2535
24,1047,0.000,1871
24,1048,0.098,2055
24,1049,0.098,2248
24,1050,0.491,2417
24,1051,-0.098,2082
24,1052,-0.294,2241
24,1053,-0.981,2483
24,1054,1.189,2776
24,1055,-0.196,2250
24,1056,0.294,2334
24,1057,0.000,2329
24,1058,0.685,2324
24,1059,2.041,3351
24,1060,-0.762,2760
24,1061,-1.056,2788
24,1062,-0.873,2670
24,1063,-1.370,3020
24,1064,-1.587,2781
24,1065,-2.319,3400
24,1066,1.342,2950
24,1067,1.324,2821
24,1068,0.101,2248
24,1069,-0.803,2412
24,1070,1.012,2492
24,1071,0.200,1935
24,1072,0.100,2043
24,1073,-0.200,2337
24,1074,-0.501,2307
24,1075,0.402,2460
24,1076,0.701,2616
24,1077,0.000,1876
24,1078,-0.995,2680
24,1079,1.005,2670
24,1080,-1.393,2637
24,1081,1.615,2711
24,1082,-1.192,2769
24,1083,-0.402,2381
24,1084,-0.908,2320
24,1085,1.527,2819
24,1086,-0.802,2454
24,1087,-1.112,2851
24,1088,-1.329,2678
24,1089,-0.104,2151
24,1090,0.000,2111
24,1091,-0.207,2171
24,1092,1.455,2957
24,1093,1.025,2824
24,1094,-1.014,2559
24,1095,-1.844,2769
24,1096,-1.670,2686
24,1097,0.318,2248
24,1098,-1.058,2571
24,1099,0.642,2277
24,1100,0.000,2305
24,1101,-0.319,2386
24,1102,-0.640,2335
24,1103,-0.858,2355
24,1104,1.299,2548
24,1105,-0.962,2660
24,1106,0.539,2268
24,1107,1.180,2486
24,1108,-0.106,2317
24,1109,0.955,2474
24,1110,-0.105,2248
24,1111,-0.105,2001
24,1112,-2.213,3397
24,1113,0.323,2225
24,1114,0.000,1980
24,1115,1.074,2649
24,1116,-0.319,2106
24,1117,-1.493,2742
24,1118,-0.541,2628
24,1119,1.415,3087
24,1120,-0.644,2170
24,1121,0.000,2190
24,1122,0.108,2076
24,1123,-0.324,1968
24,1124,-0.216,2120
24,1125,0.108,2293
24,1126,0.867,2240
24,1127,-1.396,3000
24,1128,0.218,2273
24,1129,1.087,2499
24,1130,0.323,1941
24,1131,-0.322,2193
24,1132,-0.645,2426
24,1133,-0.108,1969
24,1134,-0.108,1846
24,1135,-0.976,2305
24,1136,0.219,2456
24,1137,-0.219,2239
24,1138,0.000,2280
24,1139,-0.548,2325
24,1140,0.551,2546
24,1141,-0.219,1921
24,1142,0.549,2465
24,1143,-1.201,2655
24,1144,0.110,2325
24,1145,1.766,3036
24,1146,0.868,2209
24,1147,-0.968,2526
24,1148,-1.086,2654
24,1149,0.878,2384
24,1150,-0.435,2119
24,1151,0.874,2440
24,1152,0.325,1972
24,1153,-0.324,2313
24,1154,1.083,2303
24,1155,0.857,2260
24,1156,-0.319,2444
24,1157,0.426,2453
24,1158,-0.212,1999
24,1159,-0.106,1924
24,1160,-1.065,2719
24,1161,0.431,2078
24,1162,-1.179,2772
24,1163,0.000,2169
24,1164,0.651,2534
24,1165,0.216,2227
24,1166,1.828,2914
24,1167,0.528,2350
24,1168,-0.945,2673
24,1169,0.636,2485
24,1170,0.948,2818
24,1171,0.731,2120
24,1172,0.415,2569
24,1173,0.310,1967
24,1174,-1.337,2571
24,1175,0.730,2672
24,1176,-1.760,3045
24,1177,-0.211,2293
24,1178,-0.317,2461
24,1179,-1.377,2950
24,1180,-1.826,3129
24,1181,1.641,2757
24,1182,1.076,2675
24,1183,1.491,2911
24,1184,1.259,2922
24,1185,0.000,2130
24,1186,-0.829,2716
24,1187,1.045,2804
24,1188,1.138,2796
24,1189,-1.022,2655
24,1190,-1.446,2622
24,1191,-0.419,2015
24,1192,0.105,1919
24,1193,0.105,2268
24,1194,0.840,2286
24,1195,-0.833,2531
24,1196,1.155,2918
24,1197,-0.104,2349
24,1198,-2.079,3063
24,1199,-1.486,2649
24,1200,0.323,2029
24,1201,2.470,3313
24,1202,0.419,2365
24,1203,-0.731,2656
24,1204,0.000,2192
24,1205,-0.421,2108
24,1206,-0.528,2461
24,1207,0.531,2333
24,1208,-0.739,2145
24,1209,0.106,1860
24,1210,-0.106,2047
24,1211,-0.319,2080
24,1212,1.921,2838
24,1213,0.733,2644
24,1214,-0.104,1818
24,1215,-0.937,2284
24,1216,-1.050,2325
24,1217,0.425,2256
24,1218,-0.317,2153
24,1219,2.757,3656
24,1220,-1.445,2826
24,1221,0.942,2634
24,1222,-0.726,2373
24,1223,-2.194,3040
24,1224,-0.748,2675
24,1225,0.431,1993
24,1226,-0.536,2280
24,1227,0.108,2091
24,1228,0.215,2065
24,1229,0.215,2323
24,1230,-1.179,2824
24,1231,-1.844,2787
24,1232,1.547,2908
24,1233,1.088,2520
24,1234,0.431,2201
24,1235,0.107,1957
24,1236,1.713,2711
24,1237,-0.632,2405
24,1238,-1.271,2867
24,1239,-0.644,2567
24,1240,0.324,2452
24,1241,-0.646,2654
24,1242,0.650,2307
24,1243,-0.323,2144
24,1244,-1.512,2692
24,1245,-1.754,2880
24,1246,-1.897,2746
24,1247,2.048,3339
24,1248,0.446,2016
24,1249,0.111,1946
24,1250,0.443,2455
24,1251,-1.656,2847
24,1252,-0.449,2044
24,1253,-0.113,1923
24,1254,0.790,2470
24,1255,1.120,2584
24,1256,-0.443,2410
24,1257,0.890,2675
24,1258,0.221,2078
24,1259,1.650,2798
24,1260,0.000,1841
24,1261,2.706,3606
24,1262,1.475,2950
24,1263,0.000,2312
24,1264,0.312,2093
24,1265,-0.932,2392
24,1266,-1.045,2496
24,1267,-0.528,2599
24,1268,-2.229,3240
24,1269,-0.977,2524
24,1270,0.548,2307
24,1271,-0.218,1969
24,1272,-0.219,2351
24,1273,-0.548,2115
24,1274,0.110,1939
24,1275,0.330,1969
24,1276,-0.548,2442
24,1277,-0.882,2608
24,1278,-0.556,2400
24,1279,0.447,2162
24,1280,-0.668,2579
24,1281,0.673,2372
24,1282,2.561,3253
24,1283,0.651,2458
24,1284,0.108,2291
24,1285,0.970,2365
24,1286,-0.534,2535
24,1287,-0.536,2266
24,1288,1.079,2430
24,1289,-0.107,2081
24,1290,0.534,2576
24,1291,-0.638,2092
24,1292,0.535,2091
24,1293,-0.745,2256
24,1294,1.822,2991
24,1295,-0.421,2498
24,1296,0.634,2257
24,1297,1.261,2644
24,1298,-0.519,2122
24,1299,-0.209,2128
24,1300,-1.045,2387
24,1301,-1.795,3230
24,1302,0.753,2241
24,1303,0.747,2720
24,1304,0.318,2329
24,1305,-0.739,2581
24,1306,0.106,1936
24,1307,0.106,2212
24,1308,-0.531,2400
24,1309,-0.427,2064
24,1310,0.000,1945
24,1311,-2.358,3459
24,1312,-1.098,2605
24,1313,-1.665,3007
24,1314,-0.677,2097
24,1315,-1.023,2826
24,1316,-0.689,2339
24,1317,0.462,2215
24,1318,-0.230,1884
24,1319,-0.346,2399
24,1320,0.579,2253
24,1321,-0.575,2155
24,1322,-1.389,2958
24,1323,-0.117,2354
24,1324,2.233,3337
24,1325,-0.575,2544
24,1326,0.925,2779
24,1327,-0.687,2294
24,1328,0.115,1907
24,1329,0.230,2189
24,1330,2.989,3816
24,1331,-1.228,2471
24,1332,-0.678,2719
24,1333,0.569,2433
24,1334,-1.357,2922
24,1335,-1.147,2385
24,1336,-0.812,2285
24,1337,1.754,2893
24,1338,-1.494,2671
24,1339,-0.233,2152
24,1340,-0.585,2581
24,1341,1.176,2732
24,1342,0.349,2224
24,1343,1.390,2916
24,1344,0.571,2438
24,1345,0.114,2136
24,1346,0.795,2464
24,1347,-0.338,2292
24,1348,0.339,2322
24,1349,-0.901,2430
24,1350,-0.455,2189
24,1351,0.913,2349
24,1352,-1.923,3202
24,1353,0.231,2309
24,1354,1.266,3012
24,1355,-0.341,1938
24,1356,-0.912,2475
24,1357,-0.806,2757
24,1358,0.000,2308
24,1359,0.116,2388
24,1360,-1.159,2888
24,1361,1.290,2975
24,1362,1.852,3062
24,1363,0.341,2270
24,1364,0.227,2051
24,1365,1.356,2474
24,1366,1.338,3061
24,1367,-0.440,2384
24,1368,-0.221,2112
24,1369,-0.554,2147
24,1370,0.111,2078
24,1371,-0.334,2291
24,1372,-1.228,2768
24,1373,0.678,2646
24,1374,-0.337,2121
24,1375,0.676,2417
24,1376,-0.559,2425
24,1377,-0.562,2244
24,1378,0.226,2012
24,1379,-0.677,2492
24,1380,-0.909,2600
24,1381,0.344,2281
24,1382,-1.143,2363
24,1383,-1.040,2487
24,1384,-1.168,2454
24,1385,0.946,2794
24,1386,1.522,2926
24,1387,0.807,2601
24,1388,0.801,2375
24,1389,1.362,2922
24,1390,0.448,2369
24,1391,0.223,2026
24,1392,-0.779,2501
24,1393,1.233,2672
24,1394,0.997,2328
24,1395,-0.219,2377
24,1396,0.330,2155
24,1397,0.000,1980
24,1398,-0.986,2424
24,1399,-1.327,2830
24,1400,-3.027,3659
24,1401,0.809,2310
24,1402,0.573,2308
24,1403,-0.228,1933
24,1404,-0.914,2558
24,1405,1.153,2857
24,1406,-0.342,2297
24,1407,0.114,2005
24,1408,-0.686,2194
24,1409,-0.460,2304
24,1410,-0.116,2143
24,1411,1.042,2507
24,1412,0.229,2120
24,1413,-0.914,2401
24,1414,0.577,2266
24,1415,-1.376,2768
24,1416,-0.698,2143
24,1417,0.820,2537
24,1418,-0.232,2406
24,1419,0.116,2295
24,1420,-0.116,2401
24,1421,-1.164,2867
24,1422,-0.236,1984
24,1423,-1.181,2535
24,1424,0.478,2359
24,1425,-1.070,2409
24,1426,-0.240,1929
24,1427,-0.723,2622
24,1428,0.000,1846
24,1429,0.607,2535
24,1430,0.121,1907
24,1431,-0.361,2497
24,1432,0.242,2280
24,1433,0.603,2134
24,1434,-0.360,2191
24,1435,0.722,2354
24,1436,0.239,2037
24,1437,-0.715,2343
24,1438,-1.921,2771
24,1439,-1.714,3105
24,1440,-0.249,2339
