rno	uno	hno	gno	roomtype	sday	day	total	state	couponyn
1	13	33	101	4	2026-01-01	5	2240000	3	0
2	39	29	101	4	2026-01-01	3	1360000	3	0
3	42	25	205	4	2026-01-01	3	510000	3	0
4	21	18	401	3	2026-01-01	1	60000	3	0
5	44	48	102	2	2026-01-01	5	2016000	3	0
6	45	71	202	3	2026-01-01	4	1771000	3	0
7	2	22	203	2	2026-01-01	1	300000	3	0
8	18	11	301	2	2026-01-01	1	300000	3	0
9	30	4	401	2	2026-01-01	4	276000	3	0
10	15	66	203	3	2026-01-01	2	605000	3	0
11	16	79	202	4	2026-01-01	2	770000	3	0
12	38	77	105	1	2026-01-01	3	353600	3	0
13	14	30	201	2	2026-01-01	7	4104000	3	0
14	36	75	201	1	2026-01-01	2	1287000	3	0
15	9	70	202	4	2026-01-01	1	350000	3	0
16	26	8	103	4	2026-01-02	4	920000	3	0
17	12	71	102	2	2026-01-02	4	1656000	3	0
18	50	54	201	3	2026-01-02	3	1782000	3	0
19	19	28	103	4	2026-01-02	1	240000	3	0
20	6	67	401	2	2026-01-02	4	276000	3	0
21	22	1	104	2	2026-01-02	1	172800	3	0
22	20	62	101	4	2026-01-02	2	960000	3	0
23	2	28	204	3	2026-01-02	2	475200	3	0
24	25	71	204	2	2026-01-02	1	259200	3	0
25	41	75	205	4	2026-01-02	5	840000	3	0
26	21	5	103	2	2026-01-02	6	1584000	3	0
27	9	21	205	3	2026-01-03	3	561000	3	0
28	36	19	102	1	2026-01-03	5	2106000	3	0
29	24	41	202	2	2026-01-03	3	1428000	3	0
30	3	59	202	1	2026-01-03	3	1547000	3	0
31	16	61	201	1	2026-01-03	3	1989000	3	0
32	8	24	205	2	2026-01-03	5	972000	3	0
33	22	39	201	1	2026-01-03	3	1989000	3	0
34	34	16	204	4	2026-01-03	6	1152000	3	0
35	27	84	202	4	2026-01-03	3	1190000	3	0
36	17	61	202	3	2026-01-03	1	462000	3	0
37	25	8	203	2	2026-01-03	1	360000	3	0
38	28	51	105	4	2026-01-03	1	96000	3	0
39	38	71	104	2	2026-01-04	1	172800	3	0
40	49	40	201	3	2026-01-04	2	1089000	3	0
41	28	38	205	2	2026-01-04	5	936000	3	0
42	18	64	401	2	2026-01-04	2	132000	3	0
43	33	59	105	2	2026-01-04	2	211200	3	0
44	10	53	102	4	2026-01-04	2	660000	3	0
45	5	21	203	4	2026-01-04	2	550000	3	0
46	32	36	102	2	2026-01-04	4	1512000	3	0
47	31	20	301	3	2026-01-04	3	960000	3	0
48	2	85	202	3	2026-01-05	5	2002000	3	0
49	29	80	101	3	2026-01-05	4	1760000	3	0
50	15	67	301	4	2026-01-05	1	300000	3	0
51	1	63	203	3	2026-01-05	7	2090000	3	0
52	37	51	101	3	2026-01-05	1	440000	3	0
53	47	24	202	3	2026-01-05	1	385000	3	0
54	45	48	205	4	2026-01-05	2	300000	3	0
55	42	50	103	1	2026-01-06	6	1716000	3	0
56	27	34	103	3	2026-01-06	1	220000	3	0
57	26	24	101	3	2026-01-06	1	440000	3	0
58	7	4	104	1	2026-01-06	2	312000	3	0
59	19	59	102	4	2026-01-06	5	1620000	3	0
60	33	50	301	4	2026-01-06	4	1260000	3	0
61	20	18	401	4	2026-01-06	3	180000	3	0
62	46	12	401	1	2026-01-06	3	180000	3	0
63	47	31	202	3	2026-01-06	1	385000	3	0
64	24	57	104	2	2026-01-06	5	777600	3	0
65	30	41	401	1	2026-01-07	6	396000	3	0
66	15	78	401	1	2026-01-07	2	120000	3	0
67	13	1	205	3	2026-01-07	4	726000	3	0
68	17	32	205	2	2026-01-07	1	180000	3	0
69	25	50	101	1	2026-01-07	7	3952000	3	0
70	45	10	202	2	2026-01-07	2	840000	3	0
71	12	27	401	1	2026-01-07	2	120000	3	0
72	31	44	103	1	2026-01-07	1	260000	3	0
73	5	3	205	1	2026-01-08	3	663000	3	0
74	35	26	401	3	2026-01-08	3	204000	3	0
75	6	3	202	1	2026-01-08	3	1547000	3	0
76	7	46	201	2	2026-01-08	4	2484000	3	0
77	44	4	203	2	2026-01-08	1	300000	3	0
78	32	31	202	2	2026-01-08	3	1428000	3	0
79	11	12	202	3	2026-01-08	7	2926000	3	0
80	48	63	301	2	2026-01-08	3	1020000	3	0
81	38	69	401	4	2026-01-08	1	60000	3	0
82	34	36	204	3	2026-01-09	5	1108800	3	0
83	4	6	102	4	2026-01-09	1	360000	3	0
84	41	52	202	3	2026-01-09	4	1771000	3	0
85	22	27	203	3	2026-01-09	6	1815000	3	0
86	47	36	103	3	2026-01-09	5	1232000	3	0
87	49	21	103	3	2026-01-09	1	264000	3	0
88	31	55	103	2	2026-01-09	7	1824000	3	0
89	39	37	202	2	2026-01-09	7	3192000	3	0
90	50	77	201	2	2026-01-09	3	1944000	3	0
91	21	34	105	4	2026-01-09	3	288000	3	0
92	23	25	103	4	2026-01-10	2	480000	3	0
93	43	85	201	1	2026-01-10	3	1989000	3	0
94	40	66	203	2	2026-01-10	6	1920000	3	0
95	16	27	204	1	2026-01-10	3	795600	3	0
96	2	16	301	2	2026-01-10	3	1020000	3	0
97	37	38	101	4	2026-01-10	1	480000	3	0
98	12	50	104	3	2026-01-10	5	712800	3	0
99	9	77	103	3	2026-01-10	5	1188000	3	0
100	26	52	105	1	2026-01-10	7	790400	3	0
101	17	41	401	2	2026-01-10	1	72000	3	0
102	29	11	105	2	2026-01-10	7	729600	3	0
103	44	35	102	4	2026-01-10	1	360000	3	0
104	20	15	201	2	2026-01-11	5	2808000	3	0
105	45	35	301	1	2026-01-11	7	2280000	3	0
106	6	10	102	4	2026-01-11	1	360000	3	0
107	37	44	203	4	2026-01-11	4	1050000	3	0
108	38	21	301	4	2026-01-12	2	600000	3	0
109	8	40	203	4	2026-01-12	3	750000	3	0
110	14	51	102	4	2026-01-12	4	1200000	3	0
111	4	77	204	3	2026-01-12	2	396000	3	0
112	48	39	202	4	2026-01-12	2	700000	3	0
113	23	25	204	4	2026-01-12	2	360000	3	0
114	42	66	301	2	2026-01-12	4	1200000	3	0
115	27	19	101	2	2026-01-13	2	960000	3	0
116	46	70	102	4	2026-01-13	6	1980000	3	0
117	16	27	102	4	2026-01-13	7	2280000	3	0
118	41	25	201	4	2026-01-13	7	3420000	3	0
119	18	40	203	3	2026-01-13	5	1485000	3	0
120	1	37	205	1	2026-01-13	1	195000	3	0
121	28	70	204	3	2026-01-13	1	198000	3	0
122	28	42	205	3	2026-01-14	1	165000	3	0
123	7	9	203	1	2026-01-14	7	2470000	3	0
124	13	14	103	2	2026-01-14	7	1824000	3	0
125	10	41	202	4	2026-01-14	5	1960000	3	0
126	21	27	102	1	2026-01-14	4	1716000	3	0
127	17	80	201	1	2026-01-14	3	1872000	3	0
128	36	20	301	3	2026-01-14	4	1320000	3	0
129	38	80	201	4	2026-01-14	4	1980000	3	0
130	43	25	205	3	2026-01-14	1	165000	3	0
131	23	9	203	1	2026-01-14	4	1430000	3	0
132	48	41	204	1	2026-01-14	5	1310400	3	0
133	49	44	103	3	2026-01-15	6	1452000	3	0
134	1	81	205	2	2026-01-15	5	1008000	3	0
135	19	50	105	2	2026-01-15	7	729600	3	0
136	5	61	101	3	2026-01-15	3	1496000	3	0
137	34	60	401	4	2026-01-15	6	396000	3	0
138	9	35	401	1	2026-01-16	3	216000	3	0
139	44	39	105	2	2026-01-16	4	441600	3	0
140	32	64	104	2	2026-01-16	1	172800	3	0
141	14	9	202	4	2026-01-16	1	420000	3	0
142	3	64	201	3	2026-01-16	3	1782000	3	0
143	28	20	202	4	2026-01-16	3	1260000	3	0
144	42	85	105	4	2026-01-16	3	288000	3	0
145	12	30	201	2	2026-01-16	5	3024000	3	0
146	43	21	202	3	2026-01-16	3	1386000	3	0
147	29	77	203	3	2026-01-17	2	660000	3	0
148	6	22	102	2	2026-01-17	7	2736000	3	0
149	27	31	101	4	2026-01-17	1	480000	3	0
150	35	7	301	3	2026-01-17	5	1620000	3	0
151	11	36	201	1	2026-01-17	7	4446000	3	0
152	50	6	201	1	2026-01-17	3	1989000	3	0
153	14	39	204	1	2026-01-17	3	795600	3	0
154	4	66	203	2	2026-01-17	1	360000	3	0
155	31	39	102	4	2026-01-18	5	1560000	3	0
156	21	30	102	4	2026-01-18	2	660000	3	0
157	10	8	301	3	2026-01-19	2	600000	3	0
158	8	48	401	2	2026-01-19	2	120000	3	0
159	38	83	204	2	2026-01-19	4	864000	3	0
160	30	20	401	2	2026-01-19	1	60000	3	0
161	42	67	301	1	2026-01-19	1	300000	3	0
162	5	40	203	4	2026-01-20	1	250000	3	0
163	25	84	203	4	2026-01-20	2	500000	3	0
164	18	52	103	4	2026-01-20	4	840000	3	0
165	2	59	401	3	2026-01-20	1	60000	3	0
166	37	13	205	3	2026-01-20	6	1089000	3	0
167	32	20	301	1	2026-01-20	6	1980000	3	0
168	48	52	104	4	2026-01-20	1	120000	3	0
169	36	8	102	1	2026-01-20	2	780000	3	0
170	26	35	204	4	2026-01-20	6	1188000	3	0
171	33	21	104	4	2026-01-20	1	120000	3	0
172	9	18	103	3	2026-01-20	1	220000	3	0
173	4	9	201	2	2026-01-20	2	1080000	3	0
174	22	11	204	2	2026-01-21	2	432000	3	0
175	23	53	105	2	2026-01-21	5	537600	3	0
176	29	31	301	2	2026-01-21	6	1980000	3	0
177	33	59	204	1	2026-01-21	2	468000	3	0
178	3	69	104	3	2026-01-21	6	871200	3	0
179	40	32	401	4	2026-01-21	1	60000	3	0
180	17	58	202	3	2026-01-21	3	1232000	3	0
181	24	46	301	1	2026-01-21	2	600000	3	0
182	41	69	202	1	2026-01-21	2	910000	3	0
183	50	59	202	3	2026-01-21	5	2156000	3	0
184	8	40	204	4	2026-01-21	1	180000	3	0
185	43	46	102	4	2026-01-22	4	1380000	3	0
186	9	81	401	1	2026-01-22	5	336000	3	0
187	20	5	301	4	2026-01-22	3	1020000	3	0
188	45	29	203	1	2026-01-22	2	715000	3	0
189	42	60	203	2	2026-01-22	3	1020000	3	0
190	21	69	102	1	2026-01-22	3	1326000	3	0
191	47	78	204	4	2026-01-22	5	1008000	3	0
192	36	3	202	2	2026-01-22	1	420000	3	0
193	7	46	201	3	2026-01-23	6	3267000	3	0
194	12	80	103	4	2026-01-23	4	920000	3	0
195	25	48	103	4	2026-01-23	3	720000	3	0
196	28	33	201	4	2026-01-23	1	540000	3	0
197	13	69	401	2	2026-01-23	2	144000	3	0
198	15	18	203	2	2026-01-23	2	720000	3	0
199	33	56	203	1	2026-01-23	5	1820000	3	0
200	16	56	101	3	2026-01-23	2	1056000	3	0
201	1	69	103	3	2026-01-24	1	264000	3	0
202	19	76	203	3	2026-01-24	2	660000	3	0
203	39	66	202	1	2026-01-24	1	546000	3	0
204	45	73	203	3	2026-01-24	1	330000	3	0
205	24	50	203	4	2026-01-24	1	300000	3	0
206	22	76	205	1	2026-01-24	1	234000	3	0
207	14	64	104	1	2026-01-24	4	686400	3	0
208	30	84	204	4	2026-01-24	7	1368000	3	0
209	35	44	301	2	2026-01-24	2	720000	3	0
210	28	39	201	4	2026-01-24	3	1530000	3	0
211	16	28	205	3	2026-01-25	1	198000	3	0
212	10	19	205	4	2026-01-25	3	480000	3	0
213	46	54	104	3	2026-01-25	2	290400	3	0
214	44	84	301	4	2026-01-25	1	360000	3	0
215	5	29	204	3	2026-01-25	2	435600	3	0
216	40	76	104	2	2026-01-26	6	921600	3	0
217	18	80	301	2	2026-01-26	2	600000	3	0
218	42	53	301	2	2026-01-26	6	1920000	3	0
219	4	80	401	2	2026-01-26	3	180000	3	0
220	6	33	401	1	2026-01-26	4	240000	3	0
221	49	17	204	4	2026-01-26	6	1152000	3	0
222	24	80	203	4	2026-01-27	2	500000	3	0
223	27	46	301	4	2026-01-27	3	900000	3	0
224	20	42	205	1	2026-01-27	2	390000	3	0
225	13	78	103	3	2026-01-27	6	1452000	3	0
226	50	75	205	2	2026-01-27	5	972000	3	0
227	34	29	301	2	2026-01-27	1	300000	3	0
228	41	39	104	3	2026-01-27	7	1003200	3	0
229	5	13	204	1	2026-01-27	3	702000	3	0
230	48	3	204	4	2026-01-27	4	756000	3	0
231	28	64	102	2	2026-01-27	1	360000	3	0
232	44	81	104	3	2026-01-27	6	871200	3	0
233	37	1	101	4	2026-01-27	7	3040000	3	0
234	8	65	301	2	2026-01-27	7	2280000	3	0
235	29	45	101	4	2026-01-28	4	1760000	3	0
236	39	2	301	4	2026-01-28	3	960000	3	0
237	15	10	203	4	2026-01-28	4	1100000	3	0
238	21	63	103	4	2026-01-28	2	400000	3	0
239	14	37	205	1	2026-01-28	4	858000	3	0
240	26	1	203	4	2026-01-28	1	250000	3	0
241	9	17	301	3	2026-01-28	1	300000	3	0
242	38	15	401	2	2026-01-28	2	120000	3	0
243	17	55	202	1	2026-01-28	1	455000	3	0
244	45	72	104	3	2026-01-29	2	290400	3	0
245	12	63	101	1	2026-01-29	2	1144000	3	0
246	33	6	205	2	2026-01-29	2	396000	3	0
247	3	43	102	2	2026-01-29	3	1224000	3	0
248	10	49	202	2	2026-01-29	1	420000	3	0
249	22	62	103	2	2026-01-29	5	1344000	3	0
250	28	38	101	1	2026-01-29	3	1768000	3	0
251	11	14	102	4	2026-01-29	7	2280000	3	0
252	18	83	201	2	2026-01-29	1	540000	3	0
253	35	52	203	2	2026-01-29	2	660000	3	0
254	4	75	203	2	2026-01-30	5	1680000	3	0
255	43	68	102	4	2026-01-30	3	1080000	3	0
256	47	32	101	1	2026-01-30	2	1248000	3	0
257	9	61	101	1	2026-01-30	3	1872000	3	0
258	23	53	204	4	2026-01-30	5	1008000	3	0
259	26	21	401	3	2026-01-30	2	144000	3	0
260	36	61	103	1	2026-01-31	3	884000	3	0
261	35	4	203	4	2026-01-31	3	850000	3	0
262	46	37	101	2	2026-01-31	1	576000	3	0
263	31	78	201	1	2026-01-31	1	702000	3	0
264	24	84	201	3	2026-01-31	1	594000	3	0
265	34	48	204	1	2026-01-31	2	561600	3	0
266	38	13	104	4	2026-01-31	1	144000	3	0
267	30	7	301	1	2026-02-01	4	1260000	3	0
268	14	53	204	4	2026-02-01	6	1152000	3	0
269	24	10	205	1	2026-02-01	7	1482000	3	0
270	32	53	204	4	2026-02-01	1	216000	3	0
271	20	31	204	3	2026-02-01	6	1267200	3	0
272	28	53	102	1	2026-02-01	4	1638000	3	0
273	21	73	101	4	2026-02-01	7	3040000	3	0
274	17	37	103	1	2026-02-01	1	312000	3	0
275	29	22	204	2	2026-02-01	4	907200	3	0
276	45	20	401	2	2026-02-02	4	240000	3	0
277	27	82	205	4	2026-02-02	1	150000	3	0
278	6	49	102	3	2026-02-02	3	990000	3	0
279	26	3	202	4	2026-02-02	5	1820000	3	0
280	38	11	105	3	2026-02-02	4	352000	3	0
281	43	44	204	3	2026-02-02	7	1504800	3	0
282	9	48	205	4	2026-02-02	1	150000	3	0
283	1	74	101	1	2026-02-02	6	3328000	3	0
284	2	17	104	3	2026-02-02	3	396000	3	0
285	44	1	104	1	2026-02-02	4	624000	3	0
286	39	17	202	3	2026-02-02	4	1540000	3	0
287	47	73	202	4	2026-02-02	6	2240000	3	0
288	3	41	202	3	2026-02-03	2	770000	3	0
289	36	17	205	1	2026-02-03	3	585000	3	0
290	37	78	205	2	2026-02-03	5	972000	3	0
291	31	64	103	2	2026-02-03	7	1824000	3	0
292	34	77	205	2	2026-02-03	5	972000	3	0
293	46	81	101	2	2026-02-04	1	480000	3	0
294	17	48	103	4	2026-02-04	1	200000	3	0
295	12	11	204	3	2026-02-04	5	1108800	3	0
296	48	60	203	4	2026-02-04	1	250000	3	0
297	41	41	301	4	2026-02-04	3	960000	3	0
298	8	15	103	4	2026-02-04	2	400000	3	0
299	32	60	205	3	2026-02-04	4	726000	3	0
300	13	78	401	1	2026-02-04	7	456000	3	0
301	40	47	102	3	2026-02-04	5	1848000	3	0
302	35	26	201	4	2026-02-05	6	2970000	3	0
303	25	25	205	2	2026-02-05	3	612000	3	0
304	10	73	301	4	2026-02-05	2	660000	3	0
305	23	9	204	1	2026-02-05	4	1076400	3	0
306	27	38	202	2	2026-02-05	7	3192000	3	0
307	15	40	201	1	2026-02-05	1	585000	3	0
308	28	11	205	2	2026-02-05	3	612000	3	0
309	42	37	301	4	2026-02-05	3	1020000	3	0
310	19	37	401	4	2026-02-06	6	396000	3	0
311	22	54	301	4	2026-02-06	1	360000	3	0
312	2	63	204	1	2026-02-06	2	561600	3	0
313	39	25	102	2	2026-02-06	4	1656000	3	0
314	45	6	201	1	2026-02-06	4	2691000	3	0
315	38	85	104	2	2026-02-06	3	518400	3	0
316	5	2	203	1	2026-02-07	5	1755000	3	0
317	7	63	401	4	2026-02-07	1	72000	3	0
318	44	52	105	4	2026-02-07	6	512000	3	0
319	10	15	204	3	2026-02-07	3	673200	3	0
320	49	29	103	4	2026-02-07	7	1520000	3	0
321	3	56	101	2	2026-02-07	2	1152000	3	0
322	6	74	203	2	2026-02-07	7	2280000	3	0
323	36	69	202	2	2026-02-07	4	1848000	3	0
324	26	74	202	1	2026-02-07	5	2457000	3	0
325	46	73	105	3	2026-02-07	5	475200	3	0
326	25	51	401	2	2026-02-08	5	312000	3	0
327	11	68	104	2	2026-02-08	3	460800	3	0
328	33	57	105	1	2026-02-08	2	228800	3	0
329	4	15	202	2	2026-02-08	1	504000	3	0
330	17	22	301	4	2026-02-08	2	660000	3	0
331	2	13	301	1	2026-02-08	1	360000	3	0
332	18	54	105	4	2026-02-09	3	240000	3	0
333	37	52	205	2	2026-02-09	6	1152000	3	0
334	50	41	102	1	2026-02-09	6	2496000	3	0
335	1	79	205	4	2026-02-09	6	960000	3	0
336	40	45	103	1	2026-02-09	3	780000	3	0
337	24	2	301	1	2026-02-09	2	600000	3	0
338	14	48	101	1	2026-02-09	1	520000	3	0
339	30	69	102	4	2026-02-10	5	1620000	3	0
340	9	61	203	1	2026-02-10	1	325000	3	0
341	34	35	102	4	2026-02-10	4	1260000	3	0
342	21	66	203	4	2026-02-10	4	1050000	3	0
343	20	17	104	2	2026-02-10	4	604800	3	0
344	41	80	102	2	2026-02-10	3	1080000	3	0
345	29	80	201	3	2026-02-10	3	1485000	3	0
346	23	22	103	1	2026-02-10	3	780000	3	0
347	16	85	103	3	2026-02-10	3	660000	3	0
348	33	48	104	4	2026-02-11	3	384000	3	0
349	2	27	103	3	2026-02-11	4	968000	3	0
350	38	80	205	1	2026-02-11	1	195000	3	0
351	15	36	104	1	2026-02-12	5	873600	3	0
352	12	24	202	1	2026-02-12	4	2093000	3	0
353	39	42	205	4	2026-02-12	1	150000	3	0
354	11	67	202	1	2026-02-12	2	1001000	3	0
355	19	7	102	2	2026-02-12	3	1224000	3	0
356	24	54	104	4	2026-02-12	1	120000	3	0
357	4	11	105	4	2026-02-12	1	80000	3	0
358	4	31	205	1	2026-02-13	6	1287000	3	0
359	31	14	105	4	2026-02-13	1	96000	3	0
360	41	3	401	3	2026-02-13	2	144000	3	0
361	46	58	301	3	2026-02-13	5	1680000	3	0
362	29	32	201	4	2026-02-13	1	540000	3	0
363	42	52	104	3	2026-02-13	1	158400	3	0
364	14	32	401	4	2026-02-13	7	456000	3	0
365	16	12	103	1	2026-02-13	6	1716000	3	0
366	40	43	102	3	2026-02-13	1	396000	3	0
367	47	69	203	2	2026-02-13	3	1080000	3	0
368	45	25	203	4	2026-02-13	4	1150000	3	0
369	5	58	103	4	2026-02-14	7	1520000	3	0
370	49	35	102	2	2026-02-14	2	864000	3	0
371	3	58	105	3	2026-02-14	4	387200	3	0
372	28	31	101	2	2026-02-14	4	2112000	3	0
373	22	51	301	2	2026-02-14	6	1920000	3	0
374	24	9	104	4	2026-02-14	1	144000	3	0
375	18	27	205	4	2026-02-14	1	180000	3	0
376	48	21	202	2	2026-02-14	5	2268000	3	0
377	6	15	102	2	2026-02-14	2	864000	3	0
378	36	55	102	1	2026-02-14	3	1326000	3	0
379	9	16	101	2	2026-02-14	5	2592000	3	0
380	35	58	201	2	2026-02-14	2	1296000	3	0
381	11	21	104	3	2026-02-14	3	448800	3	0
382	31	10	104	4	2026-02-15	6	768000	3	0
383	17	23	104	4	2026-02-15	1	144000	3	0
384	13	26	203	2	2026-02-15	2	660000	3	0
385	21	36	101	1	2026-02-15	4	2184000	3	0
386	2	60	104	4	2026-02-15	2	264000	3	0
387	42	83	203	3	2026-02-15	1	330000	3	0
388	33	84	104	4	2026-02-15	1	144000	3	0
389	37	70	401	3	2026-02-15	6	384000	3	0
390	8	19	205	3	2026-02-15	3	528000	3	0
391	24	29	103	4	2026-02-16	7	1520000	3	0
392	38	47	401	2	2026-02-16	3	180000	3	0
393	29	66	103	4	2026-02-16	2	400000	3	0
394	42	21	401	1	2026-02-16	1	60000	3	0
395	25	61	105	4	2026-02-16	7	608000	3	0
396	41	19	104	2	2026-02-16	2	288000	3	0
397	39	35	204	3	2026-02-16	6	1267200	3	0
398	12	56	105	4	2026-02-16	2	160000	3	0
399	19	49	204	4	2026-02-16	7	1368000	3	0
400	26	29	103	1	2026-02-16	1	260000	3	0
401	17	24	301	1	2026-02-16	7	2280000	3	0
402	43	7	201	1	2026-02-16	1	585000	3	0
403	10	28	201	1	2026-02-17	4	2457000	3	0
404	6	37	204	3	2026-02-17	7	1504800	3	0
405	20	71	101	4	2026-02-17	2	800000	3	0
406	30	63	201	1	2026-02-17	6	3861000	3	0
407	27	70	204	4	2026-02-17	3	540000	3	0
408	1	34	104	3	2026-02-17	4	554400	3	0
409	50	49	205	1	2026-02-17	2	390000	3	0
410	11	67	102	2	2026-02-17	5	1944000	3	0
411	49	6	105	4	2026-02-17	6	528000	3	0
412	42	76	203	2	2026-02-17	3	900000	3	0
413	43	50	202	3	2026-02-17	1	385000	3	0
414	7	67	102	3	2026-02-17	6	2178000	3	0
415	29	72	401	2	2026-02-18	4	264000	3	0
416	36	74	205	2	2026-02-18	1	180000	3	0
417	41	11	201	4	2026-02-18	5	2520000	3	0
418	40	79	102	2	2026-02-19	4	1656000	3	0
419	45	56	103	1	2026-02-19	5	1456000	3	0
420	13	42	204	1	2026-02-19	2	514800	3	0
421	21	68	301	1	2026-02-19	5	1680000	3	0
422	36	69	105	2	2026-02-19	6	633600	3	0
423	43	78	205	3	2026-02-19	4	759000	3	0
424	48	28	104	3	2026-02-19	1	132000	3	0
425	34	38	203	4	2026-02-20	7	1900000	3	0
426	46	8	105	4	2026-02-20	3	288000	3	0
427	42	25	104	4	2026-02-20	1	144000	3	0
428	4	57	105	3	2026-02-20	1	105600	3	0
429	8	31	102	4	2026-02-20	5	1680000	3	0
430	47	76	204	3	2026-02-21	7	1504800	3	0
431	38	43	102	4	2026-02-21	5	1620000	3	0
432	9	20	102	3	2026-02-21	5	1782000	3	0
433	27	43	401	4	2026-02-21	6	384000	3	0
434	2	31	104	1	2026-02-21	5	842400	3	0
435	44	57	104	1	2026-02-21	2	374400	3	0
436	37	70	105	3	2026-02-21	4	387200	3	0
437	35	83	204	3	2026-02-21	2	475200	3	0
438	23	18	401	3	2026-02-21	4	264000	3	0
439	32	76	401	3	2026-02-21	5	324000	3	0
440	1	29	201	4	2026-02-21	4	1980000	3	0
441	5	72	201	4	2026-02-21	1	540000	3	0
442	33	20	101	4	2026-02-22	7	3040000	3	0
443	28	58	204	4	2026-02-22	1	216000	3	0
444	42	14	203	3	2026-02-22	1	330000	3	0
445	3	14	204	3	2026-02-22	5	1029600	3	0
446	39	28	204	2	2026-02-22	5	1123200	3	0
447	15	29	201	3	2026-02-22	2	1089000	3	0
448	29	2	103	3	2026-02-22	4	924000	3	0
449	18	2	205	3	2026-02-22	3	528000	3	0
450	14	81	104	4	2026-02-23	2	240000	3	0
451	42	3	205	4	2026-02-23	4	600000	3	0
452	31	66	204	1	2026-02-23	4	936000	3	0
453	20	62	202	1	2026-02-23	1	455000	3	0
454	22	2	202	4	2026-02-24	4	1470000	3	0
455	20	26	202	4	2026-02-24	2	700000	3	0
456	45	47	102	4	2026-02-24	2	600000	3	0
457	10	73	205	1	2026-02-24	5	1053000	3	0
458	40	16	105	1	2026-02-24	4	436800	3	0
459	16	80	201	2	2026-02-24	1	540000	3	0
460	12	72	401	4	2026-02-24	7	456000	3	0
461	11	85	401	1	2026-02-24	4	252000	3	0
462	28	78	102	4	2026-02-24	4	1260000	3	0
463	35	77	301	1	2026-02-25	7	2280000	3	0
464	26	23	105	1	2026-02-25	2	208000	3	0
465	44	69	103	2	2026-02-25	7	1824000	3	0
466	16	56	204	3	2026-02-25	1	198000	3	0
467	17	28	103	4	2026-02-26	7	1520000	3	0
468	1	2	301	1	2026-02-26	7	2280000	3	0
469	5	24	103	3	2026-02-26	6	1452000	3	0
470	21	53	301	3	2026-02-26	1	300000	3	0
471	4	1	401	3	2026-02-26	7	456000	3	0
472	20	41	205	1	2026-02-26	2	429000	3	0
473	45	7	105	1	2026-02-26	1	104000	3	0
474	30	73	201	3	2026-02-26	1	495000	3	0
475	19	77	201	4	2026-02-26	6	2970000	3	0
476	32	50	104	2	2026-02-26	3	489600	3	0
477	6	74	205	3	2026-02-26	4	759000	3	0
478	38	34	201	1	2026-02-26	1	585000	3	0
479	9	43	204	3	2026-02-26	3	673200	3	0
480	8	69	105	3	2026-02-27	3	316800	3	0
481	18	56	201	1	2026-02-27	6	3861000	3	0
482	13	78	204	3	2026-02-27	4	910800	3	0
483	37	75	101	1	2026-02-27	1	624000	3	0
484	25	55	204	4	2026-02-27	1	216000	3	0
485	31	38	401	3	2026-02-28	4	264000	3	0
486	7	45	204	3	2026-02-28	7	1504800	3	0
487	24	42	104	4	2026-02-28	3	408000	3	0
488	43	10	401	4	2026-02-28	5	324000	3	0
489	16	64	204	4	2026-02-28	3	612000	3	0
490	15	59	204	4	2026-02-28	2	432000	3	0
491	42	32	102	2	2026-02-28	1	432000	3	0
492	47	1	203	2	2026-02-28	1	360000	3	0
493	27	9	101	3	2026-02-28	1	528000	3	0
494	45	57	301	4	2026-02-28	1	360000	3	0
495	49	85	103	1	2026-02-28	5	1404000	3	0
496	25	60	202	4	2026-02-28	1	420000	3	0
497	2	37	301	4	2026-02-28	1	360000	3	0
498	23	7	301	3	2026-03-01	1	360000	3	0
499	28	6	204	1	2026-03-01	6	1497600	3	0
500	41	76	101	1	2026-03-01	1	624000	3	0
501	11	20	205	3	2026-03-01	1	198000	3	0
502	37	24	201	3	2026-03-01	1	594000	3	0
503	42	75	202	2	2026-03-01	5	2184000	3	0
504	50	70	202	1	2026-03-01	1	546000	3	0
505	32	36	202	1	2026-03-01	6	2912000	3	0
506	48	76	102	1	2026-03-01	1	468000	3	0
507	37	39	102	2	2026-03-02	5	1872000	3	0
508	6	64	203	3	2026-03-02	4	1100000	3	0
509	50	58	105	2	2026-03-02	2	192000	3	0
510	23	61	103	1	2026-03-02	5	1352000	3	0
511	47	52	104	1	2026-03-02	2	312000	3	0
512	20	2	103	1	2026-03-02	3	780000	3	0
513	26	72	104	3	2026-03-02	3	396000	3	0
514	30	80	105	4	2026-03-02	6	512000	3	0
515	45	55	103	2	2026-03-02	2	480000	3	0
516	11	32	301	2	2026-03-02	3	900000	3	0
517	15	25	202	2	2026-03-02	6	2688000	3	0
518	48	85	401	2	2026-03-03	1	60000	3	0
519	12	17	102	4	2026-03-03	1	300000	3	0
520	36	71	401	3	2026-03-03	5	324000	3	0
521	34	41	205	3	2026-03-03	3	495000	3	0
522	9	11	102	1	2026-03-03	5	2106000	3	0
523	16	40	203	3	2026-03-03	6	1815000	3	0
524	29	17	102	3	2026-03-04	1	330000	3	0
525	13	44	104	4	2026-03-04	2	240000	3	0
526	33	57	202	1	2026-03-04	3	1456000	3	0
527	10	63	204	4	2026-03-04	3	576000	3	0
528	14	8	204	4	2026-03-04	3	576000	3	0
529	35	4	201	2	2026-03-04	2	1080000	3	0
530	41	6	101	3	2026-03-04	3	1408000	3	0
531	48	73	105	4	2026-03-05	4	368000	3	0
532	8	54	203	4	2026-03-05	5	1400000	3	0
533	38	17	201	1	2026-03-05	1	585000	3	0
534	46	77	203	4	2026-03-05	5	1400000	3	0
535	45	36	105	1	2026-03-05	1	104000	3	0
536	24	76	203	4	2026-03-05	1	250000	3	0
537	19	64	103	4	2026-03-05	4	920000	3	0
538	2	80	103	2	2026-03-06	4	1104000	3	0
539	42	20	203	1	2026-03-06	5	1820000	3	0
540	21	78	103	1	2026-03-06	3	936000	3	0
541	45	51	105	1	2026-03-06	2	249600	3	0
542	40	82	204	2	2026-03-06	1	259200	3	0
543	20	5	202	2	2026-03-06	1	504000	3	0
544	47	54	102	2	2026-03-06	1	432000	3	0
545	32	9	204	2	2026-03-07	6	1382400	3	0
546	29	60	301	3	2026-03-07	7	2280000	3	0
547	33	23	401	2	2026-03-07	1	72000	3	0
548	4	4	205	1	2026-03-07	7	1482000	3	0
549	20	32	205	3	2026-03-07	5	891000	3	0
550	26	2	103	3	2026-03-07	5	1188000	3	0
551	10	62	301	2	2026-03-07	1	360000	3	0
552	24	30	401	4	2026-03-07	4	264000	3	0
553	49	56	301	2	2026-03-07	4	1320000	3	0
554	50	71	301	2	2026-03-08	4	1260000	3	0
555	34	85	102	1	2026-03-08	2	858000	3	0
556	30	84	103	1	2026-03-08	2	572000	3	0
557	12	74	401	3	2026-03-08	6	384000	3	0
558	39	84	104	3	2026-03-08	5	686400	3	0
559	6	33	101	3	2026-03-08	5	2288000	3	0
560	38	3	202	2	2026-03-08	2	924000	3	0
561	31	29	201	2	2026-03-08	2	1188000	3	0
562	11	14	101	4	2026-03-08	1	480000	3	0
563	21	54	103	2	2026-03-09	7	1824000	3	0
564	1	28	203	1	2026-03-09	5	1690000	3	0
565	16	37	203	2	2026-03-09	5	1560000	3	0
566	22	78	401	4	2026-03-09	3	180000	3	0
567	41	20	104	1	2026-03-09	4	624000	3	0
568	47	32	105	2	2026-03-09	3	288000	3	0
569	33	55	202	3	2026-03-09	3	1155000	3	0
570	11	7	203	2	2026-03-09	2	600000	3	0
571	28	31	204	3	2026-03-09	4	792000	3	0
572	23	15	202	1	2026-03-09	1	455000	3	0
573	27	11	202	4	2026-03-09	1	350000	3	0
574	18	74	104	1	2026-03-09	1	156000	3	0
575	5	80	101	2	2026-03-09	2	960000	3	0
576	35	56	102	3	2026-03-09	2	660000	3	0
577	36	39	301	1	2026-03-10	3	900000	3	0
578	15	76	401	3	2026-03-10	4	252000	3	0
579	27	41	203	4	2026-03-10	3	750000	3	0
580	9	44	101	3	2026-03-10	2	880000	3	0
581	2	9	202	2	2026-03-10	5	2268000	3	0
582	43	4	102	4	2026-03-11	7	2280000	3	0
583	19	63	104	1	2026-03-11	7	1185600	3	0
584	3	37	202	2	2026-03-11	7	3192000	3	0
585	11	9	105	4	2026-03-11	7	608000	3	0
586	34	19	204	4	2026-03-11	2	360000	3	0
587	5	14	301	4	2026-03-11	2	600000	3	0
588	42	84	205	3	2026-03-11	3	528000	3	0
589	17	58	104	1	2026-03-11	4	686400	3	0
590	46	31	201	4	2026-03-11	7	3420000	3	0
591	30	31	204	4	2026-03-11	3	576000	3	0
592	35	35	204	3	2026-03-12	1	198000	3	0
593	8	13	101	1	2026-03-12	6	3432000	3	0
594	22	38	203	2	2026-03-12	4	1380000	3	0
595	38	70	301	2	2026-03-12	3	1020000	3	0
596	49	68	202	2	2026-03-12	7	3192000	3	0
597	25	61	401	2	2026-03-12	5	336000	3	0
598	13	82	101	2	2026-03-12	5	2688000	3	0
599	41	57	401	2	2026-03-13	1	72000	3	0
600	36	85	104	4	2026-03-13	4	552000	3	0
601	39	58	205	3	2026-03-13	1	198000	3	0
602	48	80	301	1	2026-03-13	1	360000	3	0
603	50	68	204	2	2026-03-13	1	259200	3	0
604	23	71	201	3	2026-03-14	6	3168000	3	0
605	9	12	201	4	2026-03-14	3	1530000	3	0
606	29	11	301	2	2026-03-14	3	1020000	3	0
607	18	83	201	1	2026-03-14	7	4446000	3	0
608	5	44	104	3	2026-03-14	2	316800	3	0
609	14	53	102	3	2026-03-14	3	1122000	3	0
610	37	48	204	4	2026-03-14	2	432000	3	0
611	1	74	203	2	2026-03-14	5	1620000	3	0
612	24	44	204	3	2026-03-15	2	435600	3	0
613	27	18	205	1	2026-03-15	2	429000	3	0
614	47	12	102	3	2026-03-15	3	1056000	3	0
615	48	3	202	3	2026-03-15	1	462000	3	0
616	2	47	105	2	2026-03-15	1	115200	3	0
617	35	49	202	3	2026-03-16	3	1155000	3	0
618	45	68	103	4	2026-03-16	6	1280000	3	0
619	12	45	101	1	2026-03-16	7	3952000	3	0
620	44	47	101	4	2026-03-16	7	3040000	3	0
621	6	47	201	3	2026-03-16	7	3762000	3	0
622	17	61	105	3	2026-03-16	3	264000	3	0
623	33	22	101	1	2026-03-16	6	3328000	3	0
624	50	12	102	2	2026-03-16	3	1080000	3	0
625	31	22	204	4	2026-03-17	7	1368000	3	0
626	32	59	203	1	2026-03-17	1	325000	3	0
627	13	47	203	1	2026-03-17	6	2145000	3	0
628	30	16	103	3	2026-03-17	7	1672000	3	0
629	7	60	202	4	2026-03-17	1	350000	3	0
630	38	39	105	1	2026-03-17	5	561600	3	0
631	21	74	203	3	2026-03-17	1	275000	3	0
632	34	43	103	3	2026-03-17	7	1672000	3	0
633	47	39	205	4	2026-03-18	4	660000	3	0
634	9	43	203	4	2026-03-18	5	1400000	3	0
635	7	3	104	4	2026-03-18	5	672000	3	0
636	28	49	104	2	2026-03-18	4	633600	3	0
637	16	52	104	1	2026-03-18	2	312000	3	0
638	42	44	205	4	2026-03-18	6	990000	3	0
639	39	24	301	4	2026-03-18	6	1980000	3	0
640	11	48	101	3	2026-03-18	5	2464000	3	0
641	24	8	301	1	2026-03-18	3	960000	3	0
642	37	16	104	4	2026-03-18	7	912000	3	0
643	22	65	103	3	2026-03-18	1	220000	3	0
644	32	40	201	1	2026-03-18	1	585000	3	0
645	5	74	301	1	2026-03-19	2	660000	3	0
646	32	26	401	2	2026-03-19	1	60000	3	0
647	48	82	401	3	2026-03-19	7	456000	3	0
648	49	54	201	2	2026-03-19	7	4104000	3	0
649	1	56	301	2	2026-03-19	5	1680000	3	0
650	10	51	101	2	2026-03-19	1	480000	3	0
651	2	35	203	3	2026-03-19	1	275000	3	0
652	41	65	205	2	2026-03-20	3	648000	3	0
653	50	80	103	4	2026-03-20	2	480000	3	0
654	29	65	203	1	2026-03-20	6	2145000	3	0
655	2	73	101	2	2026-03-20	3	1728000	3	0
656	43	2	301	3	2026-03-20	4	1380000	3	0
657	8	70	401	4	2026-03-20	1	72000	3	0
658	15	29	104	4	2026-03-20	1	144000	3	0
659	3	50	104	4	2026-03-20	1	144000	3	0
660	35	31	101	4	2026-03-20	2	960000	3	0
661	27	31	301	1	2026-03-20	4	1380000	3	0
662	40	77	105	3	2026-03-20	1	105600	3	0
663	36	85	401	4	2026-03-21	2	144000	3	0
664	20	11	204	2	2026-03-21	5	1166400	3	0
665	5	26	103	1	2026-03-21	1	312000	3	0
666	15	26	301	3	2026-03-21	7	2280000	3	0
667	3	83	103	4	2026-03-21	6	1280000	3	0
668	21	35	104	4	2026-03-21	4	528000	3	0
669	22	65	102	2	2026-03-21	3	1224000	3	0
670	14	34	301	1	2026-03-22	2	660000	3	0
671	25	54	203	3	2026-03-22	3	880000	3	0
672	18	28	103	2	2026-03-22	3	768000	3	0
673	24	31	301	1	2026-03-22	1	360000	3	0
674	35	49	205	2	2026-03-22	1	216000	3	0
675	17	22	202	3	2026-03-22	1	462000	3	0
676	46	78	103	3	2026-03-22	1	264000	3	0
677	23	13	204	4	2026-03-22	2	396000	3	0
678	47	65	202	4	2026-03-23	6	2240000	3	0
679	45	17	301	3	2026-03-23	7	2280000	3	0
680	26	9	101	1	2026-03-23	2	1040000	3	0
681	36	48	101	4	2026-03-23	3	1200000	3	0
682	33	83	102	3	2026-03-23	2	660000	3	0
683	8	69	205	4	2026-03-23	5	780000	3	0
684	35	37	204	1	2026-03-23	2	468000	3	0
685	2	15	104	2	2026-03-23	1	144000	3	0
686	1	43	103	3	2026-03-24	6	1452000	3	0
687	22	42	301	1	2026-03-24	3	900000	3	0
688	34	16	105	1	2026-03-24	3	312000	3	0
689	5	44	103	4	2026-03-24	6	1320000	3	0
690	4	8	104	3	2026-03-24	3	396000	3	0
691	19	24	103	2	2026-03-24	2	480000	3	0
692	27	49	201	4	2026-03-24	2	900000	3	0
693	41	23	202	3	2026-03-24	3	1155000	3	0
694	30	56	102	1	2026-03-24	3	1170000	3	0
695	17	48	103	1	2026-03-25	3	832000	3	0
696	33	18	201	3	2026-03-25	4	2178000	3	0
697	46	18	401	1	2026-03-25	4	264000	3	0
698	13	18	203	4	2026-03-25	3	800000	3	0
699	10	24	201	1	2026-03-25	1	585000	3	0
700	32	23	203	3	2026-03-25	1	275000	3	0
701	38	3	102	4	2026-03-25	2	600000	3	0
702	43	37	205	4	2026-03-25	6	990000	3	0
703	35	47	204	3	2026-03-26	3	673200	3	0
704	36	65	104	2	2026-03-26	3	489600	3	0
705	11	65	203	4	2026-03-26	1	250000	3	0
706	48	36	301	1	2026-03-26	6	1980000	3	0
707	28	10	104	2	2026-03-26	3	489600	3	0
708	21	13	201	3	2026-03-26	1	495000	3	0
709	14	43	401	2	2026-03-26	5	336000	3	0
710	39	68	202	2	2026-03-26	4	1932000	3	0
711	42	72	101	2	2026-03-26	4	2208000	3	0
712	18	64	103	1	2026-03-27	4	1196000	3	0
713	23	67	204	3	2026-03-27	3	712800	3	0
714	7	50	204	3	2026-03-27	1	237600	3	0
715	6	61	301	1	2026-03-27	5	1680000	3	0
716	31	54	204	1	2026-03-27	5	1310400	3	0
717	11	41	301	1	2026-03-27	2	720000	3	0
718	38	76	202	3	2026-03-27	4	1771000	3	0
719	10	2	103	1	2026-03-27	2	624000	3	0
720	41	67	101	3	2026-03-27	3	1584000	3	0
721	29	28	204	4	2026-03-28	6	1152000	3	0
722	20	44	104	3	2026-03-28	1	158400	3	0
723	32	59	103	3	2026-03-28	2	528000	3	0
724	8	36	103	4	2026-03-28	6	1280000	3	0
725	12	38	102	4	2026-03-28	1	360000	3	0
726	21	76	301	1	2026-03-28	7	2280000	3	0
727	7	17	401	3	2026-03-28	6	384000	3	0
728	44	50	101	2	2026-03-28	6	3072000	3	0
729	16	68	202	2	2026-03-29	2	924000	3	0
730	46	35	204	1	2026-03-29	2	514800	3	0
731	12	32	101	3	2026-03-29	7	3344000	3	0
732	3	79	101	2	2026-03-29	4	2016000	3	0
733	26	80	301	3	2026-03-29	5	1560000	3	0
734	33	51	101	3	2026-03-29	1	528000	3	0
735	49	5	301	4	2026-03-29	2	660000	3	0
736	2	49	301	4	2026-03-30	3	900000	3	0
737	37	73	201	1	2026-03-30	2	1170000	3	0
738	47	7	204	2	2026-03-30	1	216000	3	0
739	33	9	202	3	2026-03-30	3	1155000	3	0
740	23	25	104	2	2026-03-30	1	144000	3	0
741	4	76	401	1	2026-03-30	1	60000	3	0
742	45	69	203	2	2026-03-30	3	900000	3	0
743	5	44	301	1	2026-03-30	1	300000	3	0
744	36	37	102	3	2026-03-30	6	2112000	3	0
745	10	17	204	3	2026-03-31	1	198000	3	0
746	16	76	201	1	2026-03-31	3	1755000	3	0
747	1	64	401	4	2026-03-31	2	120000	3	0
748	15	69	401	1	2026-03-31	4	252000	3	0
749	42	67	105	1	2026-03-31	6	686400	3	0
750	22	44	202	1	2026-03-31	2	910000	3	0
751	34	50	204	1	2026-03-31	6	1544400	3	0
752	27	21	202	2	2026-03-31	5	2268000	3	0
753	32	56	203	4	2026-03-31	1	250000	3	0
754	47	81	103	1	2026-03-31	1	260000	3	0
755	46	40	203	4	2026-03-31	3	750000	3	0
756	39	26	203	3	2026-04-01	4	1210000	3	0
757	40	26	103	3	2026-04-01	7	1672000	3	0
758	25	77	201	4	2026-04-01	7	3420000	3	0
759	30	37	203	2	2026-04-01	4	1320000	3	0
760	28	6	203	2	2026-04-01	4	1320000	3	0
761	35	65	104	3	2026-04-01	3	422400	3	0
762	9	1	101	4	2026-04-01	5	2240000	3	0
763	37	53	104	2	2026-04-01	3	460800	3	0
764	18	41	101	1	2026-04-01	1	520000	3	0
765	11	23	202	1	2026-04-02	6	3003000	3	0
766	13	38	104	3	2026-04-02	3	448800	3	0
767	43	20	103	2	2026-04-02	7	1824000	3	0
768	4	12	202	4	2026-04-02	6	2310000	3	0
769	22	8	105	3	2026-04-02	4	404800	3	0
770	5	63	104	4	2026-04-02	6	792000	3	0
771	32	11	101	1	2026-04-02	1	520000	3	0
772	10	28	205	4	2026-04-02	4	690000	3	0
773	47	23	201	2	2026-04-02	2	1188000	3	0
774	19	4	204	3	2026-04-02	3	673200	3	0
775	14	15	205	3	2026-04-02	7	1254000	3	0
776	49	44	401	4	2026-04-02	3	204000	3	0
777	20	45	301	4	2026-04-02	6	1980000	3	0
778	33	42	202	3	2026-04-03	1	462000	3	0
779	50	51	102	4	2026-04-03	2	720000	3	0
780	32	3	201	4	2026-04-03	4	2070000	3	0
781	44	22	101	3	2026-04-03	1	528000	3	0
782	26	17	203	2	2026-04-03	1	360000	3	0
783	38	52	301	1	2026-04-03	1	360000	3	0
784	31	71	105	4	2026-04-03	1	96000	3	0
785	35	58	103	4	2026-04-04	3	680000	3	0
786	18	12	201	3	2026-04-04	1	594000	3	0
787	46	18	104	4	2026-04-04	5	648000	3	0
788	24	39	201	4	2026-04-04	5	2430000	3	0
789	38	24	101	3	2026-04-04	2	1056000	3	0
790	2	3	205	4	2026-04-04	3	510000	3	0
791	33	75	301	3	2026-04-04	2	720000	3	0
792	31	62	203	3	2026-04-05	1	330000	3	0
793	21	12	202	1	2026-04-05	2	1001000	3	0
794	27	20	105	4	2026-04-05	7	608000	3	0
795	17	12	301	4	2026-04-05	3	960000	3	0
796	50	82	204	4	2026-04-05	1	216000	3	0
797	13	23	104	1	2026-04-05	7	1185600	3	0
798	19	14	203	3	2026-04-05	5	1430000	3	0
799	6	64	105	2	2026-04-05	3	307200	3	0
800	7	41	203	1	2026-04-06	2	650000	3	0
801	45	78	203	1	2026-04-06	2	650000	3	0
802	8	58	205	2	2026-04-06	2	360000	3	0
803	47	17	203	3	2026-04-06	2	550000	3	0
804	49	48	105	1	2026-04-06	4	416000	3	0
805	48	64	301	2	2026-04-06	1	300000	3	0
806	15	64	301	2	2026-04-06	3	900000	3	0
807	35	60	202	1	2026-04-07	5	2457000	3	0
808	30	45	103	3	2026-04-07	6	1452000	3	0
809	18	34	301	3	2026-04-07	2	600000	3	0
810	29	83	101	3	2026-04-07	1	440000	3	0
811	41	26	102	3	2026-04-07	6	2178000	3	0
812	26	9	204	4	2026-04-07	4	756000	3	0
813	10	34	205	1	2026-04-07	2	390000	3	0
814	31	32	203	4	2026-04-08	1	250000	3	0
815	23	8	202	3	2026-04-08	1	385000	3	0
816	16	21	201	3	2026-04-08	7	3762000	3	0
817	44	32	101	1	2026-04-08	1	520000	3	0
818	22	39	101	2	2026-04-08	6	3168000	3	0
819	36	38	204	4	2026-04-08	5	1008000	3	0
820	5	85	204	4	2026-04-08	5	1008000	3	0
821	2	62	204	2	2026-04-08	3	691200	3	0
822	9	61	104	2	2026-04-08	1	144000	3	0
823	6	77	105	1	2026-04-08	4	457600	3	0
824	47	44	102	2	2026-04-09	2	792000	3	0
825	12	28	201	4	2026-04-09	2	990000	3	0
826	29	23	103	2	2026-04-09	2	528000	3	0
827	34	73	101	2	2026-04-09	7	3648000	3	0
828	3	26	102	4	2026-04-09	1	300000	3	0
829	28	3	103	3	2026-04-09	4	1012000	3	0
830	8	83	204	1	2026-04-09	5	1310400	3	0
831	15	67	401	3	2026-04-09	7	456000	3	0
832	1	9	203	1	2026-04-09	1	325000	3	0
833	37	56	104	4	2026-04-09	5	672000	3	0
834	9	55	101	1	2026-04-09	7	3952000	3	0
835	21	39	204	3	2026-04-09	3	673200	3	0
836	17	76	301	4	2026-04-09	2	660000	3	0
837	40	35	205	4	2026-04-09	6	990000	3	0
838	32	11	203	1	2026-04-09	1	325000	3	0
839	4	48	301	4	2026-04-10	3	1080000	3	0
840	42	49	401	4	2026-04-10	3	216000	3	0
841	31	9	201	3	2026-04-10	3	1782000	3	0
842	14	28	104	3	2026-04-10	7	1003200	3	0
843	20	71	101	4	2026-04-10	3	1440000	3	0
844	49	71	301	2	2026-04-10	3	1080000	3	0
845	33	69	101	2	2026-04-10	1	576000	3	0
846	38	54	105	2	2026-04-11	3	326400	3	0
847	19	50	205	4	2026-04-11	2	360000	3	0
848	25	18	301	2	2026-04-11	3	1020000	3	0
849	39	28	401	1	2026-04-11	4	264000	3	0
850	23	23	203	4	2026-04-11	1	300000	3	0
851	32	16	203	3	2026-04-11	1	330000	3	0
852	11	2	101	4	2026-04-11	3	1360000	3	0
853	17	10	101	1	2026-04-12	6	3328000	3	0
854	50	57	104	1	2026-04-12	4	655200	3	0
855	12	76	201	3	2026-04-12	1	594000	3	0
856	10	1	201	3	2026-04-12	5	2574000	3	0
857	3	50	301	1	2026-04-12	2	660000	3	0
858	48	68	203	2	2026-04-12	5	1560000	3	0
859	32	82	104	1	2026-04-12	4	655200	3	0
860	47	62	301	4	2026-04-12	1	360000	3	0
861	18	50	103	4	2026-04-13	6	1280000	3	0
862	28	12	105	4	2026-04-13	1	80000	3	0
863	27	7	103	2	2026-04-13	3	720000	3	0
864	7	31	401	4	2026-04-13	4	240000	3	0
865	42	18	101	4	2026-04-13	6	2560000	3	0
866	6	62	103	2	2026-04-13	2	480000	3	0
867	30	1	301	2	2026-04-13	2	600000	3	0
868	13	12	204	4	2026-04-13	2	360000	3	0
869	29	7	205	2	2026-04-13	1	180000	3	0
870	5	25	103	2	2026-04-13	2	480000	3	0
871	4	50	401	1	2026-04-13	6	384000	3	0
872	35	14	202	4	2026-04-13	2	700000	3	0
873	3	55	102	4	2026-04-14	7	2280000	3	0
874	28	55	301	1	2026-04-14	2	600000	3	0
875	2	58	205	2	2026-04-14	3	540000	3	0
876	24	43	103	1	2026-04-14	4	1092000	3	0
877	8	72	101	2	2026-04-14	2	960000	3	0
878	21	46	401	2	2026-04-14	3	180000	3	0
879	26	21	103	1	2026-04-14	1	260000	3	0
880	33	50	101	1	2026-04-14	2	1040000	3	0
881	46	51	204	1	2026-04-14	1	234000	3	0
882	25	80	105	4	2026-04-14	1	80000	3	0
883	19	24	103	3	2026-04-14	3	660000	3	0
884	37	67	201	3	2026-04-15	6	3267000	3	0
885	39	27	401	3	2026-04-15	6	396000	3	0
886	26	77	101	1	2026-04-15	3	1664000	3	0
887	44	64	102	2	2026-04-15	2	720000	3	0
888	29	78	301	4	2026-04-15	2	600000	3	0
889	49	27	205	4	2026-04-15	3	480000	3	0
890	20	41	101	4	2026-04-15	3	1280000	3	0
891	46	60	105	3	2026-04-15	2	176000	3	0
892	28	50	101	2	2026-04-16	3	1632000	3	0
893	41	55	103	2	2026-04-16	7	1824000	3	0
894	11	7	102	3	2026-04-16	2	726000	3	0
895	1	80	204	1	2026-04-16	5	1310400	3	0
896	50	61	401	2	2026-04-16	2	132000	3	0
897	5	50	104	2	2026-04-16	3	489600	3	0
898	47	43	201	2	2026-04-16	5	3024000	3	0
899	25	3	204	3	2026-04-16	6	1306800	3	0
900	45	49	104	3	2026-04-16	1	132000	3	0
901	36	38	401	2	2026-04-16	2	132000	3	0
902	32	53	101	3	2026-04-16	1	440000	3	0
903	35	58	301	4	2026-04-16	2	660000	3	0
904	40	8	205	1	2026-04-17	6	1287000	3	0
905	8	4	203	1	2026-04-17	7	2470000	3	0
906	38	69	401	1	2026-04-17	6	396000	3	0
907	45	49	103	4	2026-04-17	2	480000	3	0
908	34	2	101	2	2026-04-17	7	3648000	3	0
909	2	48	201	4	2026-04-17	4	2070000	3	0
910	15	82	301	3	2026-04-17	2	720000	3	0
911	43	78	201	4	2026-04-17	3	1620000	3	0
912	24	21	201	3	2026-04-18	6	3168000	3	0
913	36	81	104	2	2026-04-18	5	777600	3	0
914	9	72	105	4	2026-04-18	5	432000	3	0
915	29	20	203	4	2026-04-18	5	1350000	3	0
916	27	20	202	3	2026-04-18	1	462000	3	0
917	16	40	301	3	2026-04-18	2	720000	3	0
918	33	22	201	3	2026-04-18	1	594000	3	0
919	49	34	103	2	2026-04-18	2	576000	3	0
920	32	42	103	4	2026-04-19	3	640000	3	0
921	7	68	101	2	2026-04-19	7	3648000	3	0
922	35	51	104	4	2026-04-19	4	504000	3	0
923	5	41	201	4	2026-04-19	6	2880000	3	0
924	27	14	102	2	2026-04-19	1	432000	3	0
925	28	76	204	2	2026-04-19	1	259200	3	0
926	45	51	101	2	2026-04-19	5	2496000	3	0
927	17	34	401	4	2026-04-20	5	312000	3	0
928	42	33	401	4	2026-04-20	2	120000	3	0
929	20	1	105	2	2026-04-20	7	729600	3	0
930	46	67	103	4	2026-04-20	6	1280000	3	0
931	48	41	201	4	2026-04-20	2	900000	3	0
932	12	66	201	1	2026-04-20	1	585000	3	0
933	49	53	201	3	2026-04-20	4	1980000	3	0
934	43	61	203	4	2026-04-20	1	250000	3	0
935	23	66	104	2	2026-04-20	4	576000	3	0
936	22	84	201	4	2026-04-20	5	2340000	3	0
937	47	10	105	1	2026-04-21	5	561600	3	0
938	15	12	202	4	2026-04-21	5	1890000	3	0
939	6	81	102	2	2026-04-21	7	2736000	3	0
940	10	31	204	4	2026-04-21	4	756000	3	0
941	21	42	104	1	2026-04-21	6	1029600	3	0
942	39	2	201	2	2026-04-21	6	3564000	3	0
943	27	37	201	2	2026-04-21	3	1620000	3	0
944	32	14	103	4	2026-04-22	5	1120000	3	0
945	44	34	105	3	2026-04-22	3	281600	3	0
946	2	53	301	2	2026-04-22	3	960000	3	0
947	42	1	102	4	2026-04-23	2	660000	3	0
948	41	38	201	2	2026-04-23	2	1188000	3	0
949	11	83	202	4	2026-04-23	3	1190000	3	0
950	13	26	105	2	2026-04-23	3	326400	3	0
951	9	28	202	1	2026-04-23	4	2093000	3	0
952	1	32	103	4	2026-04-23	6	1320000	3	0
953	35	62	105	1	2026-04-23	1	104000	3	0
954	16	20	101	3	2026-04-23	2	968000	3	0
955	4	60	205	2	2026-04-23	1	180000	3	0
956	19	70	105	1	2026-04-23	1	104000	3	0
957	50	59	101	3	2026-04-23	1	440000	3	0
958	12	43	301	1	2026-04-24	3	1080000	3	0
959	33	19	103	2	2026-04-24	5	1344000	3	0
960	28	12	102	3	2026-04-24	3	1188000	3	0
961	26	58	205	1	2026-04-24	4	897000	3	0
962	34	40	401	2	2026-04-24	3	216000	3	0
963	43	15	201	1	2026-04-24	6	3861000	3	0
964	23	63	301	1	2026-04-24	5	1680000	3	0
965	45	42	202	4	2026-04-24	1	420000	3	0
966	40	12	204	3	2026-04-24	1	237600	3	0
967	48	70	101	3	2026-04-25	6	2816000	3	0
968	14	20	301	4	2026-04-25	7	2280000	3	0
969	3	71	401	4	2026-04-25	3	204000	3	0
970	42	41	103	3	2026-04-25	6	1408000	3	0
971	36	54	104	2	2026-04-25	1	172800	3	0
972	19	36	203	4	2026-04-25	2	600000	3	0
973	4	50	205	1	2026-04-25	7	1482000	3	0
974	50	8	203	2	2026-04-25	6	1920000	3	0
975	22	6	401	2	2026-04-25	1	72000	3	0
976	45	27	204	1	2026-04-25	1	280800	3	0
977	49	31	301	3	2026-04-26	7	2280000	3	0
978	7	42	401	4	2026-04-26	2	132000	3	0
979	18	42	401	4	2026-04-26	1	72000	3	0
980	10	38	204	1	2026-04-26	2	514800	3	0
981	8	12	201	2	2026-04-26	6	3456000	3	0
982	13	59	201	3	2026-04-27	2	990000	3	0
983	16	81	301	3	2026-04-27	6	1920000	3	0
984	41	35	203	4	2026-04-27	3	750000	3	0
985	17	14	205	1	2026-04-27	6	1248000	3	0
986	35	83	102	3	2026-04-27	1	330000	3	0
987	2	73	301	3	2026-04-27	5	1560000	3	0
988	5	25	103	3	2026-04-27	2	440000	3	0
989	32	41	204	2	2026-04-27	5	1123200	3	0
990	20	83	103	2	2026-04-27	2	480000	3	0
991	44	70	202	4	2026-04-28	2	700000	3	0
992	24	6	401	4	2026-04-28	7	456000	3	0
993	27	83	105	1	2026-04-28	7	790400	3	0
994	11	37	105	1	2026-04-28	6	686400	3	0
995	7	23	104	3	2026-04-28	7	1003200	3	0
996	35	11	103	2	2026-04-29	4	1056000	3	0
997	30	35	105	3	2026-04-29	1	88000	3	0
998	23	7	102	4	2026-04-29	7	2280000	3	0
999	19	34	205	1	2026-04-29	6	1287000	3	0
1000	31	27	103	1	2026-04-29	2	520000	3	0
1001	18	37	202	2	2026-04-29	2	840000	3	0
1002	37	28	205	1	2026-04-29	1	195000	3	0
1003	38	47	301	1	2026-04-29	6	1980000	3	0
1004	39	27	101	3	2026-04-29	4	1936000	3	0
1005	3	4	102	2	2026-04-30	5	2016000	3	0
1006	9	57	401	1	2026-04-30	1	60000	3	0
1007	25	52	102	4	2026-04-30	7	2280000	3	0
1008	5	50	105	2	2026-04-30	3	326400	3	0
1009	41	30	204	1	2026-04-30	1	234000	3	0
1010	22	63	401	4	2026-04-30	7	456000	3	0
1011	21	41	301	4	2026-04-30	4	1380000	3	0
1012	29	5	103	1	2026-05-01	7	1976000	3	0
1013	44	25	203	2	2026-05-01	6	1980000	3	0
1014	37	30	102	3	2026-05-01	5	1848000	3	0
1015	20	40	102	2	2026-05-01	7	2736000	3	0
1016	6	50	205	2	2026-05-01	2	432000	3	0
1017	43	71	103	3	2026-05-01	2	528000	3	0
1018	40	62	301	4	2026-05-01	1	360000	3	0
1019	36	53	205	2	2026-05-02	7	1368000	3	0
1020	47	74	201	3	2026-05-02	3	1683000	3	0
1021	40	34	103	3	2026-05-02	3	748000	3	0
1022	18	53	102	4	2026-05-02	3	1020000	3	0
1023	10	64	202	4	2026-05-02	6	2240000	3	0
1024	48	47	401	3	2026-05-02	6	384000	3	0
1025	1	19	301	1	2026-05-02	2	720000	3	0
1026	50	5	101	3	2026-05-02	4	1936000	3	0
1027	6	18	201	1	2026-05-03	3	1872000	3	0
1028	28	6	401	4	2026-05-03	2	132000	3	0
1029	13	21	203	3	2026-05-03	2	605000	3	0
1030	15	6	104	4	2026-05-03	4	504000	3	0
1031	45	74	203	3	2026-05-03	4	1155000	3	0
1032	43	11	101	4	2026-05-03	3	1280000	3	0
1033	32	18	301	3	2026-05-04	3	900000	3	0
1034	26	82	102	1	2026-05-04	3	1170000	3	0
1035	46	17	203	3	2026-05-04	2	550000	3	0
1036	39	3	101	3	2026-05-05	2	880000	3	0
1037	42	74	104	2	2026-05-05	1	144000	3	0
1038	47	11	102	1	2026-05-05	5	2106000	3	0
1039	2	61	205	1	2026-05-05	6	1287000	3	0
1040	24	71	103	4	2026-05-05	5	1080000	3	0
1041	31	80	203	2	2026-05-05	2	600000	3	0
1042	8	62	301	2	2026-05-05	2	600000	3	0
1043	1	13	401	4	2026-05-05	5	324000	3	0
1044	14	19	101	3	2026-05-05	1	440000	3	0
1045	5	7	201	1	2026-05-05	2	1170000	3	0
1046	30	56	105	1	2026-05-05	2	208000	3	0
1047	40	30	105	2	2026-05-05	2	192000	3	0
1048	41	15	101	3	2026-05-06	2	880000	3	0
1049	13	19	101	1	2026-05-06	4	2288000	3	0
1050	3	58	205	1	2026-05-06	6	1287000	3	0
1051	33	1	101	1	2026-05-06	1	520000	3	0
1052	38	17	103	1	2026-05-06	1	260000	3	0
1053	37	11	102	1	2026-05-06	7	2964000	3	0
1054	30	19	105	2	2026-05-07	6	633600	3	0
1055	5	84	101	1	2026-05-07	2	1144000	3	0
1056	43	49	102	3	2026-05-07	6	2178000	3	0
1057	9	32	103	3	2026-05-07	7	1672000	3	0
1058	23	8	301	2	2026-05-07	2	660000	3	0
1059	12	74	401	4	2026-05-07	3	204000	3	0
1060	34	13	301	3	2026-05-07	7	2280000	3	0
1061	39	32	401	2	2026-05-07	2	132000	3	0
1062	18	51	202	1	2026-05-07	2	1001000	3	0
1063	26	41	301	3	2026-05-08	1	360000	3	0
1064	17	49	101	1	2026-05-08	4	2392000	3	0
1065	4	25	204	3	2026-05-08	7	1504800	3	0
1066	27	1	201	2	2026-05-08	1	648000	3	0
1067	6	68	103	4	2026-05-08	1	240000	3	0
1068	41	34	204	4	2026-05-09	7	1368000	3	0
1069	18	12	301	3	2026-05-09	1	360000	3	0
1070	5	38	301	1	2026-05-09	1	360000	3	0
1071	28	4	205	3	2026-05-09	2	396000	3	0
1072	22	26	301	3	2026-05-09	3	1020000	3	0
1073	38	18	301	2	2026-05-09	2	720000	3	0
1074	6	63	201	1	2026-05-09	6	3744000	3	0
1075	42	67	201	4	2026-05-09	5	2430000	3	0
1076	16	79	102	1	2026-05-09	7	2964000	3	0
1077	50	44	201	3	2026-05-09	2	1188000	3	0
1078	19	61	203	1	2026-05-09	1	390000	3	0
1079	7	29	301	4	2026-05-09	2	720000	3	0
1080	44	24	104	2	2026-05-09	2	345600	3	0
1081	20	66	202	4	2026-05-10	1	420000	3	0
1082	36	30	204	3	2026-05-10	3	633600	3	0
1083	1	43	102	4	2026-05-10	5	1560000	3	0
1084	11	52	301	4	2026-05-10	3	960000	3	0
1085	26	36	102	1	2026-05-10	3	1248000	3	0
1086	15	13	103	2	2026-05-10	6	1536000	3	0
1087	21	83	101	2	2026-05-10	1	576000	3	0
1088	45	21	101	2	2026-05-11	4	1920000	3	0
1089	10	3	202	1	2026-05-11	2	910000	3	0
1090	47	73	105	3	2026-05-11	5	457600	3	0
1091	40	16	401	4	2026-05-11	6	384000	3	0
1092	23	67	103	1	2026-05-11	4	1040000	3	0
1093	8	12	105	2	2026-05-11	2	192000	3	0
1094	35	27	201	2	2026-05-11	3	1620000	3	0
1095	38	57	301	1	2026-05-11	6	1920000	3	0
1096	20	24	205	3	2026-05-11	3	495000	3	0
1097	21	49	102	4	2026-05-12	5	1620000	3	0
1098	18	55	401	3	2026-05-12	2	120000	3	0
1099	2	68	201	4	2026-05-12	1	450000	3	0
1100	46	30	101	3	2026-05-12	1	440000	3	0
1101	5	61	101	4	2026-05-12	3	1200000	3	0
1102	32	23	103	1	2026-05-12	2	520000	3	0
1103	28	14	101	1	2026-05-13	2	1040000	3	0
1104	36	45	201	2	2026-05-13	6	3564000	3	0
1105	8	48	204	1	2026-05-13	2	468000	3	0
1106	49	17	104	1	2026-05-13	1	156000	3	0
1107	48	23	202	4	2026-05-13	3	1120000	3	0
1108	35	43	101	1	2026-05-14	2	1144000	3	0
1109	31	42	104	1	2026-05-14	4	717600	3	0
1110	3	38	101	3	2026-05-14	1	440000	3	0
1111	7	20	202	3	2026-05-14	7	2926000	3	0
1112	37	17	105	2	2026-05-14	2	211200	3	0
1113	25	55	202	1	2026-05-14	3	1547000	3	0
1114	34	16	204	1	2026-05-14	6	1544400	3	0
1115	17	33	301	3	2026-05-14	3	1020000	3	0
1116	28	21	203	1	2026-05-15	5	1820000	3	0
1117	26	68	102	1	2026-05-15	5	2184000	3	0
1118	11	65	101	4	2026-05-15	4	1840000	3	0
1119	18	47	202	3	2026-05-15	5	2156000	3	0
1120	32	41	102	4	2026-05-15	5	1680000	3	0
1121	6	77	301	4	2026-05-15	2	720000	3	0
1122	27	81	201	2	2026-05-15	4	2484000	3	0
1123	43	77	205	4	2026-05-15	2	360000	3	0
1124	14	55	103	1	2026-05-15	6	1716000	3	0
1125	42	20	102	4	2026-05-16	3	1020000	3	0
1126	1	14	202	2	2026-05-16	6	2688000	3	0
1127	20	81	101	4	2026-05-16	6	2560000	3	0
1128	30	46	103	2	2026-05-16	3	816000	3	0
1129	44	68	202	4	2026-05-16	5	1890000	3	0
1130	2	23	203	2	2026-05-16	6	1920000	3	0
1131	41	24	202	2	2026-05-16	7	3192000	3	0
1132	50	75	204	1	2026-05-16	3	795600	3	0
1133	46	7	101	4	2026-05-16	3	1360000	3	0
1134	45	3	301	4	2026-05-16	4	1320000	3	0
1135	3	46	203	3	2026-05-16	3	935000	3	0
1136	9	63	104	4	2026-05-16	1	144000	3	0
1137	22	53	301	2	2026-05-17	2	660000	3	0
1138	35	29	301	2	2026-05-17	7	2280000	3	0
1139	49	13	101	1	2026-05-17	7	3952000	3	0
1140	15	57	105	3	2026-05-17	1	105600	3	0
1141	23	66	201	2	2026-05-17	4	2268000	3	0
1142	12	69	104	2	2026-05-17	6	921600	3	0
1143	29	60	105	2	2026-05-18	5	499200	3	0
1144	15	11	401	2	2026-05-18	3	180000	3	0
1145	31	84	205	4	2026-05-18	2	300000	3	0
1146	5	48	102	4	2026-05-18	1	300000	3	0
1147	13	6	205	3	2026-05-18	2	330000	3	0
1148	39	35	101	4	2026-05-18	1	400000	3	0
1149	16	21	203	4	2026-05-19	6	1650000	3	0
1150	19	35	205	4	2026-05-19	4	630000	3	0
1151	43	77	203	1	2026-05-19	6	2145000	3	0
1152	33	72	103	1	2026-05-19	2	520000	3	0
1153	25	84	202	2	2026-05-19	7	3192000	3	0
1154	6	31	203	3	2026-05-19	1	275000	3	0
1155	24	29	301	3	2026-05-19	1	300000	3	0
1156	8	14	401	2	2026-05-20	3	192000	3	0
1157	45	39	401	4	2026-05-20	5	336000	3	0
1158	11	80	101	1	2026-05-20	4	2288000	3	0
1159	50	7	301	3	2026-05-20	1	300000	3	0
1160	34	64	103	4	2026-05-20	2	400000	3	0
1161	26	42	201	4	2026-05-20	2	900000	3	0
1162	9	46	103	1	2026-05-20	3	832000	3	0
1163	37	58	301	2	2026-05-20	7	2280000	3	0
1164	31	1	203	4	2026-05-20	3	800000	3	0
1165	13	79	101	1	2026-05-20	2	1040000	3	0
1166	32	47	105	3	2026-05-20	1	88000	3	0
1167	50	67	203	2	2026-05-21	4	1380000	3	0
1168	3	46	205	4	2026-05-21	6	990000	3	0
1169	27	78	401	2	2026-05-21	4	276000	3	0
1170	10	14	103	2	2026-05-21	4	1104000	3	0
1171	39	57	201	1	2026-05-21	4	2691000	3	0
1172	36	66	203	2	2026-05-21	3	1020000	3	0
1173	38	36	103	4	2026-05-21	1	200000	3	0
1174	46	19	201	2	2026-05-21	2	1188000	3	0
1175	15	59	104	1	2026-05-21	1	156000	3	0
1176	4	12	301	4	2026-05-22	1	360000	3	0
1177	15	43	103	1	2026-05-22	7	1976000	3	0
1178	18	65	301	4	2026-05-22	1	360000	3	0
1179	33	6	102	4	2026-05-22	3	1080000	3	0
1180	38	66	101	4	2026-05-22	4	1840000	3	0
1181	22	10	204	2	2026-05-23	6	1382400	3	0
1182	6	82	204	2	2026-05-23	1	259200	3	0
1183	18	18	101	3	2026-05-23	6	2816000	3	0
1184	5	15	205	4	2026-05-23	2	360000	3	0
1185	32	34	102	2	2026-05-23	6	2304000	3	0
1186	13	60	101	1	2026-05-23	1	624000	3	0
1187	31	59	105	3	2026-05-23	2	211200	3	0
1188	46	55	101	1	2026-05-23	5	2808000	3	0
1189	7	63	205	4	2026-05-24	1	180000	3	0
1190	21	77	104	1	2026-05-24	1	187200	3	0
1191	2	44	105	3	2026-05-24	7	668800	3	0
1192	12	83	205	1	2026-05-24	7	1482000	3	0
1193	29	2	104	1	2026-05-24	6	998400	3	0
1194	47	66	103	2	2026-05-24	7	1824000	3	0
1195	20	15	105	3	2026-05-24	3	281600	3	0
1196	44	83	204	2	2026-05-24	1	259200	3	0
1197	49	18	202	1	2026-05-24	6	2912000	3	0
1198	42	82	103	2	2026-05-24	2	528000	3	0
1199	35	3	103	1	2026-05-25	3	780000	3	0
1200	28	27	205	2	2026-05-25	6	1152000	3	0
1201	39	16	102	2	2026-05-25	3	1080000	3	0
1202	44	54	102	4	2026-05-25	2	600000	3	0
1203	9	20	401	1	2026-05-25	7	456000	3	0
1204	5	73	102	2	2026-05-25	3	1080000	3	0
1205	6	12	401	2	2026-05-25	1	60000	3	0
1206	40	44	101	4	2026-05-25	1	400000	3	0
1207	14	36	204	1	2026-05-25	1	234000	3	0
1208	16	32	205	2	2026-05-25	2	360000	3	0
1209	30	27	201	4	2026-05-25	1	450000	3	0
1210	7	72	301	4	2026-05-26	3	900000	3	0
1211	43	84	104	1	2026-05-26	5	842400	3	0
1212	17	62	104	1	2026-05-26	5	842400	3	0
1213	42	84	204	2	2026-05-26	3	648000	3	0
1214	11	6	101	3	2026-05-26	2	880000	3	0
1215	38	49	205	3	2026-05-26	3	495000	3	0
1216	45	51	105	3	2026-05-26	7	668800	3	0
1217	36	81	102	1	2026-05-26	3	1170000	3	0
1218	25	35	105	4	2026-05-26	4	336000	3	0
1219	26	60	205	4	2026-05-26	5	810000	3	0
1220	50	47	105	2	2026-05-26	2	192000	3	0
1221	21	34	301	1	2026-05-26	2	600000	3	0
1222	44	7	205	4	2026-05-27	7	1140000	3	0
1223	19	64	205	4	2026-05-27	5	840000	3	0
1224	8	13	204	2	2026-05-27	2	432000	3	0
1225	34	75	204	4	2026-05-27	3	576000	3	0
1226	6	22	401	3	2026-05-27	1	60000	3	0
1227	31	62	301	2	2026-05-28	3	1020000	3	0
1228	4	74	301	2	2026-05-28	5	1680000	3	0
1229	10	77	301	4	2026-05-28	4	1380000	3	0
1230	27	28	102	4	2026-05-28	1	300000	3	0
1231	46	9	101	2	2026-05-29	1	576000	3	0
1232	37	52	401	4	2026-05-29	1	72000	3	0
1233	5	46	204	1	2026-05-29	7	1778400	3	0
1234	27	82	201	1	2026-05-29	3	2106000	3	0
1235	41	83	204	1	2026-05-29	4	1076400	3	0
1236	1	21	204	1	2026-05-29	1	280800	3	0
1237	38	17	101	4	2026-05-29	1	480000	3	0
1238	32	76	203	2	2026-05-29	1	360000	3	0
1239	36	71	301	2	2026-05-29	1	360000	3	0
1240	37	31	401	2	2026-05-30	4	264000	3	0
1241	6	73	101	2	2026-05-30	1	576000	3	0
1242	30	2	201	2	2026-05-30	5	2916000	3	0
1243	8	27	201	2	2026-05-30	6	3456000	3	0
1244	22	5	105	1	2026-05-30	2	249600	3	0
1245	16	64	401	4	2026-05-30	5	324000	3	0
1246	32	58	101	1	2026-05-31	2	1144000	3	0
1247	33	39	103	2	2026-05-31	1	288000	3	0
1248	48	78	104	2	2026-05-31	4	604800	3	0
1249	14	67	301	1	2026-05-31	4	1260000	3	0
1250	34	64	203	2	2026-05-31	6	1920000	3	0
1251	31	26	201	2	2026-05-31	1	648000	3	0
1252	15	48	201	2	2026-05-31	2	1188000	3	0
1253	2	83	105	2	2026-05-31	4	403200	3	0
1254	28	49	204	4	2026-05-31	2	396000	3	0
1255	29	59	301	1	2026-05-31	1	360000	3	0
1256	40	50	202	3	2026-05-31	2	847000	3	0
1257	46	24	101	3	2026-06-01	5	2288000	3	0
1258	27	28	103	3	2026-06-01	2	440000	3	0
1259	25	43	204	1	2026-06-01	4	936000	3	0
1260	36	11	103	1	2026-06-01	4	1040000	3	0
1261	13	35	104	2	2026-06-01	3	432000	3	0
1262	20	21	401	2	2026-06-01	1	60000	3	0
1263	47	29	101	1	2026-06-02	4	2184000	3	0
1264	28	14	401	2	2026-06-02	7	456000	3	0
1265	49	84	103	1	2026-06-02	4	1092000	3	0
1266	31	30	301	4	2026-06-02	7	2280000	3	0
1267	3	27	102	3	2026-06-02	1	330000	3	0
1268	12	65	202	3	2026-06-02	5	2079000	3	0
1269	22	80	201	1	2026-06-03	5	3276000	3	0
1270	35	61	104	2	2026-06-03	7	1094400	3	0
1271	29	58	201	1	2026-06-03	1	585000	3	0
1272	7	14	201	3	2026-06-03	2	990000	3	0
1273	38	32	104	3	2026-06-03	1	132000	3	0
1274	39	53	202	4	2026-06-03	3	1120000	3	0
1275	26	54	205	3	2026-06-03	1	165000	3	0
1276	20	75	105	3	2026-06-03	6	580800	3	0
1277	37	17	102	4	2026-06-03	1	300000	3	0
1278	50	18	102	1	2026-06-03	2	780000	3	0
1279	19	73	102	2	2026-06-03	1	360000	3	0
1280	4	80	202	4	2026-06-03	1	350000	3	0
1281	10	74	301	3	2026-06-03	1	300000	3	0
1282	16	58	105	3	2026-06-04	5	492800	3	0
1283	26	14	201	1	2026-06-04	5	3276000	3	0
1284	11	60	202	4	2026-06-04	4	1610000	3	0
1285	1	48	201	1	2026-06-04	3	1989000	3	0
1286	48	46	104	4	2026-06-04	3	408000	3	0
1287	24	74	202	4	2026-06-04	7	2660000	3	0
1288	30	53	102	3	2026-06-04	2	726000	3	0
1289	41	39	104	3	2026-06-04	5	739200	3	0
1290	8	18	101	1	2026-06-05	4	2392000	3	0
1291	33	8	102	2	2026-06-05	2	864000	3	0
1292	13	59	102	2	2026-06-05	1	432000	3	0
1293	2	41	202	4	2026-06-05	4	1610000	3	0
1294	17	63	201	3	2026-06-05	1	594000	3	0
1295	40	72	301	2	2026-06-05	4	1380000	3	0
1296	18	75	204	1	2026-06-05	7	1778400	3	0
1297	3	39	105	4	2026-06-05	4	368000	3	0
1298	21	71	105	3	2026-06-05	2	211200	3	0
1299	29	57	105	4	2026-06-06	5	432000	3	0
1300	6	42	301	3	2026-06-06	4	1320000	3	0
1301	39	51	204	1	2026-06-06	2	561600	3	0
1302	23	77	301	1	2026-06-06	2	720000	3	0
1303	27	71	104	3	2026-06-06	1	158400	3	0
1304	42	13	103	3	2026-06-06	2	528000	3	0
1305	5	25	103	1	2026-06-06	6	1664000	3	0
1306	43	75	103	3	2026-06-06	2	528000	3	0
1307	44	39	201	4	2026-06-06	1	540000	3	0
1308	19	46	103	4	2026-06-06	3	680000	3	0
1309	32	3	102	3	2026-06-07	2	726000	3	0
1310	10	10	101	2	2026-06-07	5	2496000	3	0
1311	45	37	105	1	2026-06-07	3	332800	3	0
1312	12	33	102	2	2026-06-07	4	1512000	3	0
1313	47	85	102	2	2026-06-07	1	432000	3	0
1314	49	34	105	2	2026-06-07	6	614400	3	0
1315	36	1	204	4	2026-06-07	6	1152000	3	0
1316	34	82	101	3	2026-06-07	5	2288000	3	0
1317	25	5	105	4	2026-06-07	4	336000	3	0
1318	38	85	103	3	2026-06-08	6	1408000	3	0
1319	21	51	205	1	2026-06-08	6	1248000	3	0
1320	46	7	202	3	2026-06-08	6	2464000	3	0
1321	4	31	105	4	2026-06-08	6	512000	3	0
1322	50	19	103	4	2026-06-08	5	1040000	3	0
1323	7	9	104	1	2026-06-08	2	312000	3	0
1324	1	47	203	2	2026-06-08	4	1200000	3	0
1325	37	15	203	4	2026-06-08	3	750000	3	0
1326	44	83	301	3	2026-06-08	3	900000	3	0
1327	39	55	104	2	2026-06-09	4	604800	3	0
1328	41	32	104	3	2026-06-09	2	264000	3	0
1329	9	41	202	1	2026-06-09	1	455000	3	0
1330	3	82	201	2	2026-06-09	5	2916000	3	0
1331	26	54	202	1	2026-06-09	3	1365000	3	0
1332	19	28	101	1	2026-06-10	1	520000	3	0
1333	47	13	201	4	2026-06-10	6	2970000	3	0
1334	14	44	205	2	2026-06-10	7	1368000	3	0
1335	28	52	101	4	2026-06-10	4	1760000	3	0
1336	33	30	202	1	2026-06-10	1	455000	3	0
1337	6	8	101	4	2026-06-10	7	3040000	3	0
1338	2	14	205	2	2026-06-10	5	1008000	3	0
1339	16	45	301	1	2026-06-10	2	600000	3	0
1340	40	84	105	3	2026-06-10	4	387200	3	0
1341	43	83	105	4	2026-06-11	7	608000	3	0
1342	9	31	105	3	2026-06-11	7	668800	3	0
1343	27	73	203	2	2026-06-11	7	2280000	3	0
1344	42	44	202	1	2026-06-11	7	3458000	3	0
1345	12	79	203	3	2026-06-11	3	935000	3	0
1346	19	72	202	2	2026-06-11	6	2772000	3	0
1347	30	74	101	3	2026-06-11	2	968000	3	0
1348	20	53	301	2	2026-06-11	1	300000	3	0
1349	48	68	205	4	2026-06-11	2	330000	3	0
1350	41	20	401	4	2026-06-12	3	216000	3	0
1351	11	44	104	3	2026-06-12	6	871200	3	0
1352	37	26	103	4	2026-06-12	4	920000	3	0
1353	13	72	201	1	2026-06-12	1	702000	3	0
1354	1	78	105	4	2026-06-12	4	368000	3	0
1355	49	48	204	1	2026-06-13	2	561600	3	0
1356	32	60	102	4	2026-06-13	2	720000	3	0
1357	22	10	104	3	2026-06-13	2	316800	3	0
1358	8	24	203	1	2026-06-13	5	1755000	3	0
1359	7	74	301	1	2026-06-13	5	1620000	3	0
1360	39	24	204	3	2026-06-14	1	237600	3	0
1361	44	74	204	2	2026-06-14	7	1641600	3	0
1362	18	11	105	1	2026-06-14	1	124800	3	0
1363	35	11	401	1	2026-06-14	7	456000	3	0
1364	3	24	204	2	2026-06-14	2	475200	3	0
1365	31	62	102	1	2026-06-14	1	468000	3	0
1366	26	75	103	3	2026-06-14	2	484000	3	0
1367	30	12	201	3	2026-06-15	1	495000	3	0
1368	13	59	102	3	2026-06-15	6	2112000	3	0
1369	21	49	205	4	2026-06-15	5	780000	3	0
1370	36	51	102	2	2026-06-15	7	2736000	3	0
1371	39	26	102	2	2026-06-15	6	2304000	3	0
1372	38	51	104	3	2026-06-15	4	528000	3	0
1373	41	11	205	2	2026-06-15	1	180000	3	0
1374	45	39	101	1	2026-06-16	7	3952000	3	0
1375	48	42	104	1	2026-06-16	2	312000	3	0
1376	23	81	205	3	2026-06-16	1	165000	3	0
1377	49	37	202	4	2026-06-16	2	700000	3	0
1378	10	83	102	3	2026-06-16	4	1386000	3	0
1379	31	80	104	2	2026-06-16	1	144000	3	0
1380	47	81	103	2	2026-06-16	2	480000	3	0
1381	37	5	401	4	2026-06-16	3	180000	3	0
1382	14	18	105	3	2026-06-17	1	88000	3	0
1383	5	44	205	4	2026-06-17	1	150000	3	0
1384	46	78	101	2	2026-06-17	2	960000	3	0
1385	34	6	201	2	2026-06-17	5	3024000	3	0
1386	17	15	401	2	2026-06-17	6	396000	3	0
1387	24	15	104	1	2026-06-17	2	312000	3	0
1388	29	55	301	4	2026-06-17	3	960000	3	0
1389	25	73	105	1	2026-06-17	3	332800	3	0
1390	2	85	104	4	2026-06-18	3	408000	3	0
1391	40	51	301	1	2026-06-18	7	2280000	3	0
1392	26	43	205	4	2026-06-18	4	690000	3	0
1393	16	77	102	3	2026-06-18	7	2508000	3	0
1394	50	64	301	1	2026-06-18	1	300000	3	0
1395	22	79	105	4	2026-06-18	2	176000	3	0
1396	42	5	104	4	2026-06-18	2	264000	3	0
1397	33	83	204	4	2026-06-18	2	396000	3	0
1398	30	62	301	2	2026-06-18	6	1980000	3	0
1399	32	27	401	4	2026-06-19	2	144000	3	0
1400	49	63	201	2	2026-06-19	3	1944000	3	0
1401	15	28	301	3	2026-06-19	3	1080000	3	0
1402	3	74	205	3	2026-06-19	1	198000	3	0
1403	7	2	301	2	2026-06-19	3	1080000	3	0
1404	20	69	401	3	2026-06-19	2	144000	3	0
1405	47	85	205	2	2026-06-20	1	216000	3	0
1406	4	35	301	1	2026-06-20	5	1620000	3	0
1407	31	73	102	3	2026-06-20	2	792000	3	0
1408	48	85	203	1	2026-06-20	5	1755000	3	0
1409	6	78	105	2	2026-06-20	3	326400	3	0
1410	50	15	104	4	2026-06-20	7	912000	3	0
1411	25	7	103	2	2026-06-20	3	816000	3	0
1412	11	52	401	1	2026-06-20	3	204000	3	0
1413	5	37	104	3	2026-06-21	3	422400	3	0
1414	37	49	102	1	2026-06-21	3	1248000	3	0
1415	41	46	202	3	2026-06-21	3	1232000	3	0
1416	14	6	205	2	2026-06-21	1	216000	3	0
1417	2	20	201	3	2026-06-21	2	1089000	3	0
1418	1	21	202	4	2026-06-21	3	1120000	3	0
1419	3	35	401	4	2026-06-21	3	192000	3	0
1420	38	72	104	1	2026-06-21	2	343200	3	0
1421	8	2	204	3	2026-06-21	1	237600	3	0
1422	12	66	203	2	2026-06-21	4	1260000	3	0
1423	49	60	205	4	2026-06-22	1	150000	3	0
1424	46	85	202	1	2026-06-22	3	1365000	3	0
1425	19	51	103	2	2026-06-22	1	240000	3	0
1426	43	21	101	4	2026-06-22	4	1600000	3	0
1427	39	48	105	4	2026-06-22	6	512000	3	0
1428	18	84	204	3	2026-06-22	2	396000	3	0
1429	24	44	205	3	2026-06-22	1	165000	3	0
1430	9	82	103	4	2026-06-22	6	1280000	3	0
1431	34	81	103	1	2026-06-22	1	260000	3	0
1432	22	6	104	3	2026-06-22	3	396000	3	0
1433	8	32	104	1	2026-06-23	1	156000	3	0
1434	26	28	203	2	2026-06-23	1	300000	3	0
1435	25	73	203	2	2026-06-23	7	2280000	3	0
1436	17	22	204	4	2026-06-23	4	756000	3	0
1437	44	18	202	1	2026-06-23	2	910000	3	0
1438	45	37	101	4	2026-06-23	6	2640000	3	0
1439	1	21	401	4	2026-06-24	3	192000	3	0
1440	14	84	301	4	2026-06-24	3	960000	3	0
1441	7	85	104	1	2026-06-24	3	499200	3	0
1442	19	48	203	4	2026-06-24	2	500000	3	0
1443	27	1	104	4	2026-06-24	3	384000	3	0
1444	36	60	401	4	2026-06-24	7	456000	3	0
1445	49	76	104	1	2026-06-24	6	1029600	3	0
1446	42	39	105	2	2026-06-24	3	307200	3	0
1447	15	25	204	1	2026-06-24	4	1029600	3	0
1448	23	80	101	2	2026-06-24	4	2112000	3	0
1449	2	16	102	2	2026-06-24	6	2376000	3	0
1450	38	38	201	4	2026-06-24	5	2520000	3	0
1451	31	37	301	3	2026-06-24	4	1320000	3	0
1452	47	19	201	3	2026-06-25	4	2277000	3	0
1453	34	44	202	2	2026-06-25	4	1932000	3	0
1454	10	2	203	2	2026-06-25	4	1380000	3	0
1455	35	75	105	1	2026-06-25	5	582400	3	0
1456	30	59	202	2	2026-06-25	2	924000	3	0
1457	12	7	102	4	2026-06-25	7	2280000	3	0
1458	8	11	301	4	2026-06-25	5	1680000	3	0
1459	40	65	205	2	2026-06-25	3	612000	3	0
1460	44	45	201	3	2026-06-25	1	495000	3	0
1461	21	4	301	1	2026-06-25	3	1020000	3	0
1462	48	3	201	1	2026-06-26	2	1404000	3	0
1463	28	72	203	1	2026-06-26	6	2145000	3	0
1464	26	60	301	2	2026-06-26	1	360000	3	0
1465	46	46	203	4	2026-06-26	5	1400000	3	0
1466	24	72	204	3	2026-06-26	1	237600	3	0
1467	44	71	105	3	2026-06-26	1	105600	3	0
1468	32	21	104	4	2026-06-26	1	144000	3	0
1469	29	28	102	1	2026-06-26	4	1794000	3	0
1470	16	46	201	3	2026-06-26	6	3267000	3	0
1471	22	69	101	3	2026-06-26	7	3344000	3	0
1472	20	77	102	1	2026-06-27	5	2106000	3	0
1473	11	42	401	2	2026-06-27	5	324000	3	0
1474	3	37	401	1	2026-06-27	4	264000	3	0
1475	44	70	103	4	2026-06-27	4	880000	3	0
1476	5	73	205	1	2026-06-27	1	234000	3	0
1477	37	27	401	4	2026-06-27	6	384000	3	0
1478	26	43	205	4	2026-06-27	5	810000	3	0
1479	7	41	202	1	2026-06-27	5	2457000	3	0
1480	43	54	105	2	2026-06-27	5	518400	3	0
1481	27	23	205	4	2026-06-27	1	180000	3	0
1482	14	65	105	2	2026-06-28	1	115200	3	0
1483	41	63	102	4	2026-06-28	4	1260000	3	0
1484	33	82	102	2	2026-06-28	3	1152000	3	0
1485	40	51	205	1	2026-06-28	3	624000	3	0
1486	32	52	401	1	2026-06-28	4	252000	3	0
1487	50	41	204	1	2026-06-28	2	514800	3	0
1488	39	55	103	4	2026-06-29	4	800000	3	0
1489	17	27	104	1	2026-06-29	3	468000	3	0
1490	24	2	105	3	2026-06-29	3	264000	3	0
1491	1	7	105	2	2026-06-29	3	288000	3	0
1492	6	59	103	2	2026-06-29	4	960000	3	0
1493	38	25	401	3	2026-06-29	6	384000	3	0
1494	42	22	102	4	2026-06-29	1	300000	3	0
1495	31	17	101	2	2026-06-29	1	480000	3	0
1496	34	45	202	3	2026-06-30	6	2541000	3	0
1497	49	43	103	1	2026-06-30	5	1404000	3	0
1498	25	29	204	4	2026-06-30	7	1368000	3	0
1499	48	36	205	3	2026-06-30	2	330000	3	0
1500	18	4	203	4	2026-06-30	3	750000	3	0
1501	23	10	202	4	2026-06-30	3	1050000	3	0
1502	44	32	301	1	2026-07-01	7	2280000	3	0
1503	10	31	104	3	2026-07-01	3	422400	3	0
1504	2	27	205	3	2026-07-01	1	165000	3	0
1505	27	59	103	4	2026-07-01	7	1520000	3	0
1506	33	68	202	4	2026-07-01	2	700000	3	0
1507	47	29	104	3	2026-07-01	6	871200	3	0
1508	13	75	203	3	2026-07-02	2	605000	3	0
1509	26	49	205	1	2026-07-02	7	1482000	3	0
1510	8	29	102	3	2026-07-02	1	330000	3	0
1511	14	74	203	3	2026-07-02	5	1540000	3	0
1512	50	16	301	2	2026-07-02	4	1380000	3	0
1513	11	31	102	3	2026-07-02	3	1122000	3	0
1514	1	55	401	3	2026-07-02	7	456000	3	0
1515	31	30	201	2	2026-07-02	7	4104000	3	0
1516	45	44	204	1	2026-07-02	1	234000	3	0
1517	48	6	103	1	2026-07-02	3	884000	3	0
1518	3	40	201	1	2026-07-03	2	1404000	3	0
1519	43	4	103	1	2026-07-03	7	1976000	3	0
1520	19	27	204	1	2026-07-03	7	1778400	3	0
1521	32	25	202	1	2026-07-03	1	546000	3	0
1522	29	73	101	2	2026-07-03	7	3648000	3	0
1523	42	46	105	3	2026-07-04	5	475200	3	0
1524	45	54	204	1	2026-07-04	6	1497600	3	0
1525	36	63	103	1	2026-07-04	1	312000	3	0
1526	16	74	401	4	2026-07-04	2	144000	3	0
1527	2	50	205	3	2026-07-04	4	726000	3	0
1528	48	9	203	4	2026-07-05	5	1300000	3	0
1529	28	66	201	1	2026-07-05	3	1872000	3	0
1530	20	29	104	4	2026-07-05	1	144000	3	0
1531	8	31	203	4	2026-07-05	1	300000	3	0
1532	23	72	204	1	2026-07-05	6	1497600	3	0
1533	21	60	104	4	2026-07-05	3	384000	3	0
1534	9	68	205	1	2026-07-05	1	234000	3	0
1535	37	66	202	3	2026-07-05	1	462000	3	0
1536	46	57	203	2	2026-07-06	3	900000	3	0
1537	4	10	301	4	2026-07-06	5	1560000	3	0
1538	33	66	102	4	2026-07-06	5	1560000	3	0
1539	15	19	205	3	2026-07-06	4	660000	3	0
1540	41	8	204	2	2026-07-06	4	864000	3	0
1541	17	85	203	3	2026-07-06	4	1100000	3	0
1542	24	34	202	3	2026-07-06	2	770000	3	0
1543	35	70	203	2	2026-07-07	4	1260000	3	0
1544	3	16	203	4	2026-07-07	1	250000	3	0
1545	9	5	102	2	2026-07-07	6	2376000	3	0
1546	14	16	201	4	2026-07-07	4	1890000	3	0
1547	7	56	102	1	2026-07-07	5	2106000	3	0
1548	12	64	401	4	2026-07-08	7	456000	3	0
1549	24	8	203	2	2026-07-08	2	600000	3	0
1550	20	80	104	4	2026-07-08	5	672000	3	0
1551	18	81	301	4	2026-07-08	1	300000	3	0
1552	30	71	201	2	2026-07-08	3	1728000	3	0
1553	8	65	201	4	2026-07-08	5	2520000	3	0
1554	2	48	401	2	2026-07-08	4	264000	3	0
1555	22	79	205	3	2026-07-08	1	165000	3	0
1556	39	20	301	4	2026-07-09	3	1020000	3	0
1557	26	17	105	1	2026-07-09	5	582400	3	0
1558	50	2	102	4	2026-07-09	2	660000	3	0
1559	13	1	203	1	2026-07-09	2	715000	3	0
1560	37	45	201	1	2026-07-09	1	585000	3	0
1561	18	66	104	3	2026-07-09	6	871200	3	0
1562	16	2	103	4	2026-07-09	1	200000	3	0
1563	5	59	203	3	2026-07-09	1	275000	3	0
1564	6	12	202	1	2026-07-10	7	3458000	3	0
1565	15	40	202	3	2026-07-10	3	1386000	3	0
1566	45	61	401	2	2026-07-10	7	456000	3	0
1567	29	46	201	3	2026-07-10	4	2277000	3	0
1568	28	65	102	1	2026-07-10	3	1404000	3	0
1569	16	10	104	3	2026-07-10	2	316800	3	0
1570	22	23	202	2	2026-07-10	7	3192000	3	0
1571	43	83	301	1	2026-07-10	1	360000	3	0
1572	31	6	301	4	2026-07-11	3	1020000	3	0
1573	47	56	103	2	2026-07-11	2	576000	3	0
1574	24	59	203	2	2026-07-11	6	1920000	3	0
1575	43	17	105	1	2026-07-11	1	124800	3	0
1576	37	71	104	1	2026-07-11	2	374400	3	0
1577	33	47	101	1	2026-07-11	2	1248000	3	0
1578	11	16	201	1	2026-07-12	6	3744000	3	0
1579	10	36	101	3	2026-07-12	6	2816000	3	0
1580	14	31	203	3	2026-07-12	2	605000	3	0
1581	32	38	104	2	2026-07-12	2	316800	3	0
1582	7	34	301	4	2026-07-12	3	960000	3	0
1583	1	50	401	2	2026-07-12	1	72000	3	0
1584	39	10	105	1	2026-07-12	7	790400	3	0
1585	16	65	203	1	2026-07-12	2	715000	3	0
1586	43	20	401	4	2026-07-13	1	60000	3	0
1587	27	22	202	4	2026-07-13	3	1050000	3	0
1588	46	50	401	2	2026-07-13	5	312000	3	0
1589	19	74	301	2	2026-07-13	5	1560000	3	0
1590	15	36	101	1	2026-07-13	2	1040000	3	0
1591	48	18	102	2	2026-07-13	6	2304000	3	0
1592	33	16	104	4	2026-07-13	7	912000	3	0
1593	41	78	101	1	2026-07-13	2	1040000	3	0
1594	36	26	105	2	2026-07-13	5	499200	3	0
1595	30	10	205	4	2026-07-13	1	150000	3	0
1596	3	26	102	2	2026-07-13	5	1872000	3	0
1597	4	40	401	4	2026-07-13	5	312000	3	0
1598	25	3	202	1	2026-07-13	5	2366000	3	0
1599	30	24	101	3	2026-07-14	3	1320000	3	0
1600	14	59	201	3	2026-07-14	3	1485000	3	0
1601	5	11	105	2	2026-07-14	6	633600	3	0
1602	31	41	301	4	2026-07-14	2	600000	3	0
1603	38	76	201	4	2026-07-14	3	1350000	3	0
1604	35	3	401	1	2026-07-14	1	60000	3	0
1605	20	49	104	4	2026-07-14	4	504000	3	0
1606	43	18	401	3	2026-07-14	2	120000	3	0
1607	40	82	205	3	2026-07-15	5	924000	3	0
1608	42	83	202	3	2026-07-15	4	1694000	3	0
1609	34	32	301	1	2026-07-15	7	2280000	3	0
1610	1	67	102	1	2026-07-15	2	780000	3	0
1611	28	2	105	4	2026-07-15	6	528000	3	0
1612	50	10	105	1	2026-07-15	4	457600	3	0
1613	49	18	104	2	2026-07-15	3	460800	3	0
1614	18	37	401	4	2026-07-15	2	120000	3	0
1615	37	81	205	4	2026-07-15	2	300000	3	0
1616	2	78	205	4	2026-07-15	5	840000	3	0
1617	47	55	104	2	2026-07-15	3	460800	3	0
1618	16	71	103	4	2026-07-16	1	200000	3	0
1619	32	69	204	2	2026-07-16	1	216000	3	0
1620	15	31	102	2	2026-07-16	7	2736000	3	0
1621	23	41	202	1	2026-07-17	5	2548000	3	0
1622	21	61	401	4	2026-07-17	6	396000	3	0
1623	24	56	202	4	2026-07-17	3	1260000	3	0
1624	45	12	105	1	2026-07-17	1	124800	3	0
1625	26	52	203	3	2026-07-17	6	1815000	3	0
1626	38	9	104	4	2026-07-17	2	288000	3	0
1627	6	42	103	2	2026-07-17	3	864000	3	0
1628	12	57	101	2	2026-07-17	5	2688000	3	0
1629	35	36	203	3	2026-07-17	1	330000	3	0
1630	8	13	104	2	2026-07-18	4	633600	3	0
1631	27	72	204	2	2026-07-18	2	518400	3	0
1632	19	34	202	4	2026-07-18	6	2240000	3	0
1633	37	30	105	4	2026-07-18	4	352000	3	0
1634	47	42	102	4	2026-07-18	2	720000	3	0
1635	14	7	401	1	2026-07-18	3	204000	3	0
1636	46	58	105	1	2026-07-18	4	457600	3	0
1637	9	50	103	4	2026-07-18	1	240000	3	0
1638	31	1	201	3	2026-07-19	7	3762000	3	0
1639	18	56	203	1	2026-07-19	3	1040000	3	0
1640	35	65	204	1	2026-07-19	7	1778400	3	0
1641	32	56	103	3	2026-07-19	4	924000	3	0
1642	41	45	101	3	2026-07-19	7	3344000	3	0
1643	13	82	103	2	2026-07-19	3	768000	3	0
1644	43	66	202	4	2026-07-19	1	420000	3	0
1645	49	41	205	1	2026-07-19	1	234000	3	0
1646	29	22	204	2	2026-07-19	1	259200	3	0
1647	43	39	104	2	2026-07-20	3	432000	3	0
1648	25	35	103	3	2026-07-20	5	1144000	3	0
1649	44	61	201	4	2026-07-20	1	450000	3	0
1650	7	36	104	4	2026-07-20	4	480000	3	0
1651	10	62	103	2	2026-07-20	7	1824000	3	0
1652	47	54	101	2	2026-07-20	3	1440000	3	0
1653	30	74	205	3	2026-07-20	1	165000	3	0
1654	45	76	301	1	2026-07-20	5	1560000	3	0
1655	6	42	103	4	2026-07-20	5	1040000	3	0
1656	16	42	202	3	2026-07-21	3	1155000	3	0
1657	20	31	102	1	2026-07-21	5	2106000	3	0
1658	2	40	103	2	2026-07-21	6	1584000	3	0
1659	36	41	203	1	2026-07-21	3	975000	3	0
1660	9	36	301	3	2026-07-21	1	300000	3	0
1661	29	36	401	1	2026-07-21	3	180000	3	0
1662	37	41	104	4	2026-07-22	6	792000	3	0
1663	46	41	104	3	2026-07-22	2	264000	3	0
1664	28	76	202	1	2026-07-22	7	3458000	3	0
1665	44	40	401	1	2026-07-22	3	192000	3	0
1666	30	7	103	4	2026-07-22	4	880000	3	0
1667	24	25	202	4	2026-07-22	2	700000	3	0
1668	33	80	202	3	2026-07-22	6	2541000	3	0
1669	39	76	104	1	2026-07-22	1	156000	3	0
1670	4	56	101	3	2026-07-22	1	440000	3	0
1671	49	18	301	3	2026-07-22	2	600000	3	0
1672	1	63	102	2	2026-07-22	1	360000	3	0
1673	23	9	203	3	2026-07-22	3	880000	3	0
1674	42	66	105	3	2026-07-22	1	88000	3	0
1675	13	1	204	4	2026-07-22	3	576000	3	0
1676	12	72	203	1	2026-07-22	4	1430000	3	0
1677	8	62	104	2	2026-07-23	2	316800	3	0
1678	18	63	103	3	2026-07-23	2	484000	3	0
1679	17	72	205	1	2026-07-23	1	195000	3	0
1680	48	11	104	2	2026-07-23	1	144000	3	0
1681	5	53	201	1	2026-07-23	7	4446000	3	0
1682	38	53	105	3	2026-07-23	1	88000	3	0
1683	3	83	105	4	2026-07-23	1	80000	3	0
1684	47	11	203	4	2026-07-23	7	1900000	3	0
1685	27	65	401	1	2026-07-23	4	276000	3	0
1686	11	1	105	4	2026-07-23	4	368000	3	0
1687	15	53	201	4	2026-07-24	4	2070000	3	0
1688	46	41	401	3	2026-07-24	2	144000	3	0
1689	34	63	103	4	2026-07-24	1	240000	3	0
1690	40	59	205	4	2026-07-24	4	690000	3	0
1691	9	41	202	2	2026-07-24	3	1512000	3	0
1692	49	25	204	1	2026-07-24	3	842400	3	0
1693	29	70	201	1	2026-07-24	5	3276000	3	0
1694	36	7	201	2	2026-07-24	2	1296000	3	0
1695	17	62	102	1	2026-07-25	4	1716000	3	0
1696	24	52	201	1	2026-07-25	1	702000	3	0
1697	4	23	104	1	2026-07-25	1	187200	3	0
1698	50	29	103	2	2026-07-25	3	816000	3	0
1699	7	51	202	2	2026-07-25	3	1428000	3	0
1700	19	36	101	4	2026-07-25	7	3040000	3	0
1701	45	85	203	3	2026-07-25	2	660000	3	0
1702	34	64	104	4	2026-07-25	2	288000	3	0
1703	42	42	101	2	2026-07-25	5	2592000	3	0
1704	32	36	103	1	2026-07-25	6	1664000	3	0
1705	3	77	103	3	2026-07-25	4	968000	3	0
1706	38	71	104	4	2026-07-25	6	768000	3	0
1707	4	65	104	4	2026-07-26	7	912000	3	0
1708	48	84	101	1	2026-07-26	4	2184000	3	0
1709	1	39	105	3	2026-07-26	4	369600	3	0
1710	13	38	301	4	2026-07-26	4	1260000	3	0
1711	18	85	204	3	2026-07-26	1	237600	3	0
1712	8	59	203	1	2026-07-26	7	2470000	3	0
1713	24	71	202	3	2026-07-26	6	2464000	3	0
1714	36	54	202	1	2026-07-26	5	2366000	3	0
1715	44	23	205	3	2026-07-27	5	858000	3	0
1716	18	52	201	4	2026-07-27	5	2340000	3	0
1717	35	39	102	1	2026-07-27	4	1560000	3	0
1718	6	19	102	3	2026-07-27	1	330000	3	0
1719	22	66	105	4	2026-07-27	1	80000	3	0
1720	39	64	101	1	2026-07-27	5	2704000	3	0
1721	46	47	301	4	2026-07-27	1	300000	3	0
1722	41	24	103	3	2026-07-27	1	220000	3	0
1723	30	69	205	4	2026-07-27	1	150000	3	0
1724	31	85	205	3	2026-07-27	1	165000	3	0
1725	23	83	101	1	2026-07-27	7	3952000	3	0
1726	43	9	101	3	2026-07-27	4	1760000	3	0
1727	34	25	102	2	2026-07-28	4	1512000	3	0
1728	50	18	101	2	2026-07-28	6	3168000	3	0
1729	11	58	203	3	2026-07-28	1	275000	3	0
1730	6	25	203	2	2026-07-28	6	1980000	3	0
1731	37	1	105	2	2026-07-28	5	518400	3	0
1732	12	37	105	1	2026-07-28	2	208000	3	0
1733	2	61	101	2	2026-07-28	1	480000	3	0
1734	22	4	205	2	2026-07-28	2	360000	3	0
1735	20	31	203	2	2026-07-28	1	300000	3	0
1736	30	2	401	2	2026-07-29	7	456000	3	0
1737	26	62	204	4	2026-07-29	7	1368000	3	0
1738	9	25	202	4	2026-07-29	6	2310000	3	0
1739	3	22	203	2	2026-07-29	1	300000	3	0
1740	25	84	104	3	2026-07-29	3	422400	3	0
1741	11	25	104	1	2026-07-29	7	1185600	3	0
1742	49	49	102	1	2026-07-29	6	2574000	3	0
1743	20	83	205	1	2026-07-29	1	195000	3	0
1744	31	82	204	2	2026-07-29	1	216000	3	0
1745	2	38	105	2	2026-07-29	1	96000	3	0
1746	28	36	103	2	2026-07-29	3	768000	3	0
1747	33	23	204	3	2026-07-29	1	198000	3	0
1748	14	21	102	4	2026-07-29	4	1320000	3	0
1749	27	49	101	2	2026-07-29	1	480000	3	0
1750	16	74	202	2	2026-07-30	1	420000	3	0
1751	47	28	301	2	2026-07-30	5	1680000	3	0
1752	41	35	204	4	2026-07-30	2	396000	3	0
1753	45	1	203	2	2026-07-30	3	1020000	3	0
1754	15	46	301	2	2026-07-30	3	1020000	3	0
1755	29	41	202	2	2026-07-31	6	2772000	3	0
1756	10	85	204	2	2026-07-31	3	777600	3	0
1757	21	50	101	3	2026-07-31	4	2024000	3	0
1758	40	35	105	3	2026-07-31	2	211200	3	0
1759	5	1	401	4	2026-07-31	3	216000	3	0
1760	20	37	103	2	2026-07-31	3	864000	3	0
1761	27	43	204	4	2026-08-01	1	216000	3	0
1762	19	66	401	3	2026-08-01	7	456000	3	0
1763	24	70	202	2	2026-08-01	6	2688000	3	0
1764	43	55	203	4	2026-08-01	3	850000	3	0
1765	31	20	203	3	2026-08-01	6	1760000	3	0
1766	38	67	202	1	2026-08-01	2	1092000	3	0
1767	39	16	301	2	2026-08-01	7	2280000	3	0
1768	48	35	202	1	2026-08-01	7	3458000	3	0
1769	2	48	201	1	2026-08-02	5	3042000	3	0
1770	45	8	103	1	2026-08-02	5	1352000	3	0
1771	25	67	301	2	2026-08-02	2	660000	3	0
1772	13	72	202	3	2026-08-02	2	847000	3	0
1773	46	84	205	3	2026-08-02	6	1056000	3	0
1774	41	61	102	3	2026-08-02	2	726000	3	0
1775	36	79	401	1	2026-08-02	4	252000	3	0
1776	28	48	102	3	2026-08-02	6	2112000	3	0
1777	17	49	204	3	2026-08-02	1	237600	3	0
1778	42	66	205	2	2026-08-03	7	1368000	3	0
1779	12	13	202	4	2026-08-03	4	1400000	3	0
1780	1	45	104	1	2026-08-03	1	156000	3	0
1781	10	19	401	4	2026-08-03	1	60000	3	0
1782	4	4	105	1	2026-08-03	4	416000	3	0
1783	37	53	205	1	2026-08-03	4	780000	3	0
1784	3	9	202	2	2026-08-03	1	420000	3	0
1785	22	51	203	3	2026-08-03	4	1100000	3	0
1786	33	75	101	3	2026-08-04	2	880000	3	0
1787	21	16	102	4	2026-08-04	5	1620000	3	0
1788	44	62	101	3	2026-08-04	2	880000	3	0
1789	43	64	401	4	2026-08-04	1	60000	3	0
1790	41	46	104	4	2026-08-04	4	504000	3	0
1791	1	7	101	2	2026-08-04	5	2592000	3	0
1792	8	59	101	2	2026-08-04	2	960000	3	0
1793	20	75	301	3	2026-08-04	1	300000	3	0
1794	7	85	202	3	2026-08-05	4	1694000	3	0
1795	27	77	103	4	2026-08-05	2	400000	3	0
1796	43	54	301	3	2026-08-05	7	2280000	3	0
1797	20	37	203	2	2026-08-05	3	960000	3	0
1798	38	50	401	2	2026-08-05	2	120000	3	0
1799	50	60	103	4	2026-08-05	1	200000	3	0
1800	9	66	201	1	2026-08-05	4	2574000	3	0
1801	5	33	203	1	2026-08-05	3	1040000	3	0
1802	40	52	301	3	2026-08-05	3	960000	3	0
1803	6	41	203	3	2026-08-05	6	1815000	3	0
1804	15	34	301	2	2026-08-06	1	300000	3	0
1805	25	37	204	4	2026-08-06	5	1008000	3	0
1806	14	26	105	2	2026-08-06	3	326400	3	0
1807	13	24	102	3	2026-08-06	3	1122000	3	0
1808	2	8	203	4	2026-08-07	6	1650000	3	0
1809	44	25	103	4	2026-08-07	5	1120000	3	0
1810	3	38	201	3	2026-08-07	6	3267000	3	0
1811	36	18	102	4	2026-08-07	6	1980000	3	0
1812	17	15	301	4	2026-08-07	5	1680000	3	0
1813	27	26	105	1	2026-08-07	6	686400	3	0
1814	47	68	102	2	2026-08-07	4	1656000	3	0
1815	11	57	203	1	2026-08-08	2	780000	3	0
1816	31	60	105	1	2026-08-08	6	665600	3	0
1817	40	16	105	2	2026-08-08	7	729600	3	0
1818	30	65	105	3	2026-08-08	5	475200	3	0
1819	50	31	101	3	2026-08-08	5	2376000	3	0
1820	20	52	205	2	2026-08-08	3	612000	3	0
1821	49	47	204	2	2026-08-08	4	950400	3	0
1822	24	75	204	2	2026-08-09	2	475200	3	0
1823	1	39	105	2	2026-08-09	7	729600	3	0
1824	4	38	201	3	2026-08-09	2	1089000	3	0
1825	45	15	301	2	2026-08-09	4	1260000	3	0
1826	14	66	102	3	2026-08-09	1	396000	3	0
1827	35	70	101	1	2026-08-09	1	624000	3	0
1828	33	5	102	3	2026-08-09	1	396000	3	0
1829	8	71	102	3	2026-08-09	2	726000	3	0
1830	32	65	104	3	2026-08-09	4	554400	3	0
1831	26	76	104	4	2026-08-09	7	912000	3	0
1832	23	59	301	4	2026-08-09	2	660000	3	0
1833	22	67	204	1	2026-08-10	6	1497600	3	0
1834	5	84	105	3	2026-08-10	6	563200	3	0
1835	48	33	401	1	2026-08-10	1	60000	3	0
1836	34	53	201	3	2026-08-10	2	990000	3	0
1837	46	70	301	3	2026-08-10	3	900000	3	0
1838	38	81	401	3	2026-08-10	4	240000	3	0
1839	35	85	102	1	2026-08-10	1	390000	3	0
1840	41	40	205	2	2026-08-10	4	720000	3	0
1841	24	82	203	2	2026-08-11	2	600000	3	0
1842	10	31	103	3	2026-08-11	4	924000	3	0
1843	28	48	205	2	2026-08-11	6	1188000	3	0
1844	6	78	105	1	2026-08-11	5	561600	3	0
1845	29	79	103	3	2026-08-11	1	220000	3	0
1846	39	49	202	4	2026-08-11	1	350000	3	0
1847	49	34	204	3	2026-08-12	2	396000	3	0
1848	17	21	401	4	2026-08-12	1	60000	3	0
1849	29	33	202	4	2026-08-12	7	2660000	3	0
1850	33	30	205	1	2026-08-12	2	390000	3	0
1851	39	76	202	2	2026-08-12	3	1344000	3	0
1852	48	54	101	4	2026-08-12	7	3040000	3	0
1853	16	48	105	2	2026-08-13	7	729600	3	0
1854	18	71	103	3	2026-08-13	6	1452000	3	0
1855	42	22	201	3	2026-08-13	5	2772000	3	0
1856	15	41	204	3	2026-08-13	6	1306800	3	0
1857	35	66	102	2	2026-08-13	7	2736000	3	0
1858	34	16	103	2	2026-08-13	7	1824000	3	0
1859	41	83	101	3	2026-08-14	1	528000	3	0
1860	37	2	205	2	2026-08-14	3	648000	3	0
1861	23	79	203	2	2026-08-14	1	360000	3	0
1862	13	37	105	3	2026-08-14	6	580800	3	0
1863	8	6	201	2	2026-08-14	3	1944000	3	0
1864	46	61	201	2	2026-08-14	6	3564000	3	0
1865	19	52	202	2	2026-08-14	3	1512000	3	0
1866	31	22	101	3	2026-08-14	5	2464000	3	0
1867	44	8	201	2	2026-08-14	4	2484000	3	0
1868	4	47	104	3	2026-08-14	2	316800	3	0
1869	36	61	101	4	2026-08-14	4	1840000	3	0
1870	10	57	102	4	2026-08-15	6	1920000	3	0
1871	25	58	201	4	2026-08-15	4	1980000	3	0
1872	45	9	103	1	2026-08-15	1	312000	3	0
1873	41	82	205	2	2026-08-15	2	432000	3	0
1874	30	34	203	3	2026-08-15	6	1760000	3	0
1875	50	78	101	1	2026-08-15	1	624000	3	0
1876	6	56	102	1	2026-08-16	2	858000	3	0
1877	45	48	104	4	2026-08-16	2	264000	3	0
1878	7	12	101	3	2026-08-16	3	1408000	3	0
1879	39	60	201	1	2026-08-16	2	1287000	3	0
1880	20	61	202	3	2026-08-16	7	2926000	3	0
1881	32	3	202	4	2026-08-16	1	420000	3	0
1882	43	42	105	2	2026-08-16	4	403200	3	0
1883	47	35	102	2	2026-08-16	1	432000	3	0
1884	3	30	401	2	2026-08-16	3	192000	3	0
1885	11	31	104	3	2026-08-16	1	158400	3	0
1886	38	68	204	2	2026-08-16	3	691200	3	0
1887	14	24	105	3	2026-08-17	2	176000	3	0
1888	41	12	401	3	2026-08-17	1	60000	3	0
1889	5	10	205	3	2026-08-17	1	165000	3	0
1890	37	4	202	2	2026-08-17	3	1260000	3	0
1891	27	14	201	2	2026-08-17	2	1080000	3	0
1892	8	13	401	2	2026-08-17	1	60000	3	0
1893	24	31	203	3	2026-08-18	2	550000	3	0
1894	2	28	204	3	2026-08-18	1	198000	3	0
1895	6	46	201	4	2026-08-18	3	1350000	3	0
1896	33	21	401	3	2026-08-18	1	60000	3	0
1897	21	32	102	3	2026-08-19	2	660000	3	0
1898	33	50	203	1	2026-08-19	7	2470000	2	0
1899	17	27	201	1	2026-08-19	7	4446000	2	0
1900	28	51	101	2	2026-08-19	5	2688000	3	0
1901	49	54	101	1	2026-08-19	4	2288000	3	0
1902	5	25	201	4	2026-08-19	3	1440000	3	0
1903	7	65	201	4	2026-08-19	2	900000	3	0
1904	22	46	401	3	2026-08-19	3	192000	3	0
1905	25	76	104	3	2026-08-19	5	739200	3	0
1906	36	43	201	1	2026-08-19	3	1872000	3	0
1907	4	40	105	1	2026-08-19	4	457600	3	0
1908	3	56	202	4	2026-08-19	3	1120000	3	0
1909	18	81	202	4	2026-08-20	1	350000	3	0
1910	40	77	203	3	2026-08-20	1	275000	3	0
1911	26	62	401	1	2026-08-20	4	276000	3	0
1912	32	51	201	1	2026-08-20	2	1287000	3	0
1913	44	56	105	4	2026-08-20	6	528000	2	0
1914	23	25	301	4	2026-08-20	2	660000	3	0
1915	24	26	101	1	2026-08-20	2	1144000	3	0
1916	8	7	102	3	2026-08-20	6	2178000	2	0
1917	13	66	101	4	2026-08-20	1	400000	3	0
1918	35	18	103	1	2026-08-20	3	884000	3	0
1919	38	68	102	1	2026-08-20	6	2574000	2	0
1920	15	13	202	3	2026-08-21	6	2541000	2	0
1921	6	66	203	1	2026-08-21	2	780000	3	0
1922	18	29	205	2	2026-08-21	4	828000	2	0
1923	29	38	105	3	2026-08-21	1	105600	3	0
1924	16	28	205	4	2026-08-21	4	690000	2	0
1925	45	78	202	2	2026-08-21	5	2352000	2	0
1926	11	59	205	1	2026-08-21	4	897000	2	0
1927	39	71	401	3	2026-08-21	6	396000	2	0
1928	48	61	102	3	2026-08-21	1	396000	3	0
1929	19	9	105	1	2026-08-21	1	124800	3	0
1930	37	36	101	4	2026-08-21	1	480000	3	0
1931	41	55	401	3	2026-08-22	7	456000	2	0
1932	37	81	102	4	2026-08-22	5	1620000	2	0
1933	13	8	104	1	2026-08-22	1	187200	3	0
1934	19	79	301	2	2026-08-22	6	1920000	2	0
1935	9	11	103	4	2026-08-22	7	1520000	2	0
1936	32	15	202	3	2026-08-22	5	2079000	2	0
1937	7	38	202	1	2026-08-22	7	3458000	2	0
1938	27	13	105	2	2026-08-22	5	518400	2	0
1939	47	85	204	3	2026-08-23	6	1267200	2	0
1940	40	63	401	3	2026-08-23	2	132000	2	0
1941	43	68	204	4	2026-08-23	3	576000	2	0
1942	12	80	401	4	2026-08-23	4	252000	2	0
1943	3	21	202	2	2026-08-23	1	504000	3	0
1944	49	13	401	2	2026-08-23	6	384000	2	0
1945	34	34	105	2	2026-08-23	1	115200	3	0
1946	42	28	203	3	2026-08-23	3	880000	2	0
1947	10	30	203	3	2026-08-24	3	825000	2	0
1948	34	49	201	2	2026-08-24	5	2808000	2	0
1949	26	11	201	4	2026-08-24	5	2340000	2	0
1950	21	20	101	1	2026-08-24	7	3952000	2	0
1951	48	15	104	1	2026-08-24	2	312000	2	0
1952	1	28	301	3	2026-08-24	1	300000	2	0
1953	2	27	205	4	2026-08-24	2	300000	2	0
1954	31	37	204	4	2026-08-24	3	540000	2	0
1955	13	54	202	4	2026-08-24	1	350000	2	0
1956	4	50	201	4	2026-08-24	2	900000	2	0
1957	23	84	202	4	2026-08-24	1	350000	2	0
1958	36	21	201	4	2026-08-25	2	900000	1	0
1959	28	60	202	4	2026-08-25	1	350000	1	0
1960	24	52	101	1	2026-08-25	1	520000	1	0
1961	5	32	203	2	2026-08-25	1	300000	1	0
1962	46	73	401	1	2026-08-25	7	456000	1	0
1963	40	7	401	2	2026-08-26	7	456000	1	0
1964	28	12	101	3	2026-08-26	6	2904000	1	0
1965	33	55	202	1	2026-08-26	6	3003000	1	0
1966	14	76	105	3	2026-08-26	1	88000	1	0
1967	17	50	103	4	2026-08-26	6	1320000	1	0
1968	2	14	201	1	2026-08-26	1	585000	1	0
1969	22	30	102	2	2026-08-26	5	2016000	1	0
1970	35	19	205	4	2026-08-26	1	150000	1	0
1971	38	78	301	3	2026-08-27	4	1380000	1	0
1972	36	42	105	4	2026-08-27	5	448000	1	0
1973	23	59	105	2	2026-08-27	3	326400	1	0
1974	20	43	104	1	2026-08-27	5	873600	1	0
1975	42	54	102	3	2026-08-27	7	2508000	1	0
1976	44	2	101	3	2026-08-27	1	440000	1	0
1977	43	52	401	2	2026-08-28	2	144000	1	0
1978	24	71	205	3	2026-08-28	7	1254000	1	0
1979	12	70	201	3	2026-08-28	3	1782000	1	0
1980	3	77	102	3	2026-08-28	1	396000	1	0
1981	30	12	201	4	2026-08-28	6	2970000	1	0
1982	10	12	101	2	2026-08-28	2	1152000	1	0
1983	45	14	202	1	2026-08-29	2	1092000	1	0
1984	49	54	105	1	2026-08-29	1	124800	1	0
1985	18	74	101	2	2026-08-29	5	2592000	1	0
1986	34	18	201	3	2026-08-29	5	2673000	1	0
1987	50	85	105	2	2026-08-29	4	422400	1	0
1988	35	78	201	3	2026-08-29	5	2673000	1	0
1989	47	3	301	1	2026-08-29	4	1320000	1	0
1990	13	1	205	4	2026-08-29	1	180000	1	0
1991	39	12	202	1	2026-08-29	3	1547000	1	0
1992	2	66	104	3	2026-08-29	7	1003200	1	0
1993	41	48	102	2	2026-08-30	1	432000	1	0
1994	10	18	101	3	2026-08-30	6	2816000	1	0
1995	3	36	102	4	2026-08-30	6	1920000	1	0
1996	6	84	301	4	2026-08-30	1	360000	1	0
1997	43	24	102	1	2026-08-30	2	858000	1	0
1998	26	32	105	3	2026-08-31	5	457600	1	0
1999	32	77	203	2	2026-08-31	5	1560000	1	0
2000	29	49	202	1	2026-08-31	2	910000	1	0
2001	48	13	204	2	2026-08-31	4	864000	1	0
2002	16	3	203	2	2026-08-31	2	600000	1	0
2003	45	5	202	2	2026-08-31	2	840000	1	0
2004	23	50	105	3	2026-08-31	2	176000	1	0
2005	33	69	203	3	2026-09-01	7	2090000	1	0
2006	14	67	203	3	2026-09-01	1	275000	1	0
2007	44	44	102	2	2026-09-01	3	1080000	1	0
2008	28	70	104	2	2026-09-01	2	288000	1	0
2009	41	77	201	4	2026-09-01	5	2430000	1	0
2010	46	21	205	3	2026-09-01	6	1089000	1	0
2011	19	50	204	4	2026-09-01	4	756000	1	0
2012	27	14	104	2	2026-09-01	6	950400	1	0
2013	12	24	202	4	2026-09-01	5	1890000	1	0
2014	20	67	105	4	2026-09-01	5	432000	1	0
2015	1	66	401	4	2026-09-02	4	264000	1	0
2016	11	15	103	4	2026-09-02	6	1320000	1	0
2017	21	19	202	4	2026-09-02	7	2660000	1	0
2018	17	47	401	4	2026-09-02	5	336000	1	0
2019	13	27	102	3	2026-09-02	3	1056000	1	0
2020	9	66	103	1	2026-09-02	5	1456000	1	0
2021	7	76	101	1	2026-09-02	1	520000	1	0
2022	49	76	401	2	2026-09-03	2	132000	1	0
2023	22	15	203	4	2026-09-03	2	550000	1	0
2024	5	61	102	3	2026-09-03	4	1518000	1	0
2025	29	44	401	1	2026-09-03	1	60000	1	0
2026	15	56	201	2	2026-09-03	1	540000	1	0
2027	40	33	201	4	2026-09-03	2	990000	1	0
2028	28	11	201	2	2026-09-03	1	540000	1	0
2029	35	77	204	3	2026-09-03	2	435600	1	0
2030	38	52	301	1	2026-09-03	3	1020000	1	0
2031	7	47	103	1	2026-09-03	4	1196000	1	0
2032	16	22	202	4	2026-09-04	2	840000	1	0
2033	30	59	205	1	2026-09-04	1	234000	1	0
2034	50	69	203	1	2026-09-04	6	2145000	1	0
2035	48	20	101	2	2026-09-04	1	576000	1	0
2036	18	22	203	4	2026-09-04	3	900000	1	0
2037	25	41	205	1	2026-09-04	1	234000	1	0
2038	45	24	104	2	2026-09-05	3	489600	1	0
2039	35	38	301	3	2026-09-05	2	720000	1	0
2040	4	21	203	4	2026-09-05	4	1100000	1	0
2041	29	21	103	2	2026-09-05	3	816000	1	0
2042	47	81	204	1	2026-09-05	6	1497600	1	0
2043	43	44	103	2	2026-09-05	2	576000	1	0
2044	26	42	101	4	2026-09-05	7	3040000	1	0
2045	30	29	204	2	2026-09-05	7	1641600	1	0
2046	2	44	105	2	2026-09-05	1	115200	1	0
2047	22	84	301	3	2026-09-06	5	1560000	1	0
2048	23	61	301	4	2026-09-06	5	1560000	1	0
2049	2	32	105	4	2026-09-06	5	416000	1	0
2050	36	23	301	1	2026-09-06	7	2280000	1	0
2051	8	22	103	4	2026-09-06	4	840000	1	0
2052	20	48	105	3	2026-09-06	1	105600	1	0
2053	34	14	204	4	2026-09-06	1	216000	1	0
2054	10	10	104	4	2026-09-06	2	264000	1	0
2055	25	13	103	2	2026-09-06	3	768000	1	0
2056	44	77	103	3	2026-09-06	4	924000	1	0
2057	27	69	401	2	2026-09-07	2	120000	1	0
2058	41	67	204	3	2026-09-07	3	594000	1	0
2059	49	18	203	2	2026-09-07	4	1200000	1	0
2060	12	43	201	4	2026-09-07	1	450000	1	0
2061	20	50	102	3	2026-09-07	1	330000	1	0
2062	40	30	102	2	2026-09-07	3	1080000	1	0
2063	14	60	202	2	2026-09-07	1	420000	1	0
2064	42	53	202	4	2026-09-07	7	2660000	1	0
2065	24	16	105	2	2026-09-07	4	384000	1	0
2066	46	12	301	2	2026-09-07	3	900000	1	0
2067	9	82	201	3	2026-09-07	6	3168000	1	0
2068	15	48	102	2	2026-09-07	2	720000	1	0
2069	38	35	205	1	2026-09-07	4	780000	1	0
2070	32	54	401	4	2026-09-08	2	120000	1	0
2071	18	27	103	2	2026-09-08	7	1824000	1	0
2072	13	4	401	2	2026-09-08	4	252000	1	0
2073	5	5	401	2	2026-09-08	6	396000	1	0
2074	7	48	204	2	2026-09-08	4	907200	1	0
2075	45	57	105	1	2026-09-08	3	312000	1	0
2076	33	36	204	1	2026-09-08	3	702000	1	0
2077	17	9	202	2	2026-09-08	5	2268000	1	0
2078	20	23	401	3	2026-09-08	2	120000	1	0
2079	11	49	104	2	2026-09-08	4	604800	1	0
2080	4	81	205	3	2026-09-09	7	1254000	1	0
2081	27	33	205	1	2026-09-09	5	1092000	1	0
2082	1	65	401	3	2026-09-09	4	264000	1	0
2083	15	50	301	1	2026-09-09	2	600000	1	0
2084	25	11	203	1	2026-09-09	1	325000	1	0
2085	29	22	204	3	2026-09-09	3	633600	1	0
2086	28	61	204	3	2026-09-09	4	871200	1	0
2087	8	26	103	2	2026-09-10	1	240000	1	0
2088	31	48	205	3	2026-09-10	5	924000	1	0
2089	37	64	204	4	2026-09-10	7	1368000	1	0
2090	39	63	102	4	2026-09-10	3	1020000	1	0
2091	19	9	401	2	2026-09-10	4	276000	1	0
2092	41	45	101	1	2026-09-10	2	1144000	1	0
2093	12	77	201	1	2026-09-10	1	585000	1	0
2094	46	74	203	2	2026-09-11	3	1080000	1	0
2095	45	25	401	4	2026-09-11	6	396000	1	0
2096	12	34	105	3	2026-09-11	2	211200	1	0
2097	35	51	104	4	2026-09-11	7	912000	1	0
2098	21	62	102	1	2026-09-11	1	468000	1	0
2099	20	51	202	2	2026-09-11	4	1932000	1	0
2100	6	79	202	2	2026-09-12	5	2268000	1	0
2101	50	74	202	1	2026-09-12	6	2912000	1	0
2102	40	29	301	1	2026-09-12	2	720000	1	0
2103	33	16	204	3	2026-09-12	1	237600	1	0
2104	15	85	103	3	2026-09-12	1	264000	1	0
2105	13	38	105	4	2026-09-12	1	96000	1	0
2106	7	35	104	4	2026-09-12	7	912000	1	0
2107	38	68	401	3	2026-09-12	3	204000	1	0
2108	48	32	101	4	2026-09-12	2	960000	1	0
2109	8	60	102	2	2026-09-13	6	2304000	1	0
2110	11	64	204	4	2026-09-13	3	576000	1	0
2111	15	49	205	2	2026-09-13	5	936000	1	0
2112	43	76	204	2	2026-09-13	1	259200	1	0
2113	34	39	102	1	2026-09-13	2	858000	1	0
2114	33	22	401	4	2026-09-13	6	384000	1	0
2115	22	34	205	2	2026-09-13	6	1152000	1	0
2116	3	67	401	2	2026-09-13	3	192000	1	0
2117	14	43	202	1	2026-09-13	4	1911000	1	0
2118	25	69	401	2	2026-09-14	5	312000	1	0
2119	48	18	401	1	2026-09-14	6	384000	1	0
2120	23	63	203	1	2026-09-14	2	650000	1	0
2121	2	17	103	3	2026-09-14	1	220000	1	0
2122	1	46	105	4	2026-09-14	2	160000	1	0
2123	43	8	102	2	2026-09-14	2	720000	1	0
2124	49	30	103	2	2026-09-14	3	720000	1	0
2125	26	19	101	3	2026-09-14	1	440000	1	0
2126	42	5	205	2	2026-09-15	2	360000	1	0
2127	44	13	201	4	2026-09-15	1	450000	1	0
2128	19	1	102	2	2026-09-15	6	2376000	1	0
2129	17	82	102	4	2026-09-15	3	900000	1	0
2130	24	81	102	3	2026-09-15	5	1782000	1	0
2131	10	4	101	3	2026-09-15	3	1320000	1	0
2132	26	66	201	2	2026-09-15	1	540000	1	0
2133	32	3	102	4	2026-09-16	4	1320000	1	0
2134	5	20	101	2	2026-09-16	4	2112000	1	0
2135	30	11	205	1	2026-09-16	2	390000	1	0
2136	34	29	103	1	2026-09-16	2	520000	1	0
2137	47	54	103	2	2026-09-16	2	480000	1	0
2138	28	30	102	2	2026-09-16	1	360000	1	0
2139	21	49	301	1	2026-09-16	6	1980000	1	0
2140	9	28	204	4	2026-09-16	7	1368000	1	0
2141	44	22	401	2	2026-09-16	4	264000	1	0
2142	28	85	201	1	2026-09-17	6	3861000	1	0
2143	40	39	205	3	2026-09-17	7	1254000	1	0
2144	14	6	101	4	2026-09-17	3	1360000	1	0
2145	38	71	104	2	2026-09-17	1	144000	1	0
2146	49	5	102	1	2026-09-17	3	1326000	1	0
2147	37	23	203	2	2026-09-17	2	660000	1	0
2148	43	46	203	4	2026-09-17	2	550000	1	0
2149	23	55	202	3	2026-09-17	5	2156000	1	0
2150	46	82	103	3	2026-09-18	2	528000	1	0
2151	39	80	301	3	2026-09-18	5	1680000	1	0
2152	42	50	104	4	2026-09-18	6	792000	1	0
2153	11	37	201	2	2026-09-18	1	648000	1	0
2154	10	51	204	4	2026-09-18	3	648000	1	0
2155	35	7	301	4	2026-09-18	5	1680000	1	0
2156	36	49	301	3	2026-09-18	3	1080000	1	0
2157	12	53	101	4	2026-09-18	3	1440000	1	0
2158	8	24	201	2	2026-09-19	4	2376000	1	0
2159	45	18	202	1	2026-09-19	6	2912000	1	0
2160	37	64	103	1	2026-09-19	1	312000	1	0
2161	17	64	203	3	2026-09-19	5	1485000	1	0
2162	27	34	204	4	2026-09-19	3	612000	1	0
2163	41	33	301	2	2026-09-19	4	1320000	1	0
2164	6	32	201	4	2026-09-20	1	540000	1	0
2165	44	27	105	4	2026-09-20	1	96000	1	0
2166	50	2	203	4	2026-09-20	4	1050000	1	0
2167	4	71	102	1	2026-09-20	1	468000	1	0
2168	47	22	101	4	2026-09-20	1	480000	1	0
2169	14	76	401	1	2026-09-20	4	252000	1	0
2170	26	76	101	2	2026-09-20	2	1056000	1	0
2171	20	53	105	3	2026-09-20	5	457600	1	0
2172	32	67	201	1	2026-09-21	7	4446000	1	0
2173	12	10	103	2	2026-09-21	1	240000	1	0
2174	47	37	101	3	2026-09-21	7	3344000	1	0
2175	1	85	104	2	2026-09-21	2	288000	1	0
2176	29	22	104	1	2026-09-21	6	998400	1	0
2177	33	18	203	4	2026-09-21	6	1600000	1	0
2178	13	12	104	1	2026-09-21	3	468000	1	0
2179	43	84	201	4	2026-09-22	4	1890000	1	0
2180	44	22	401	2	2026-09-22	2	120000	1	0
2181	15	41	202	3	2026-09-22	5	2079000	1	0
2182	6	55	301	2	2026-09-22	7	2280000	1	0
2183	26	6	204	4	2026-09-22	7	1368000	1	0
2184	10	68	105	4	2026-09-22	1	80000	1	0
2185	25	23	202	3	2026-09-22	2	770000	1	0
2186	21	37	201	1	2026-09-22	5	3159000	1	0
2187	46	20	103	3	2026-09-22	5	1188000	1	0
2188	34	6	204	1	2026-09-22	1	234000	1	0
2189	48	19	202	3	2026-09-22	2	770000	1	0
2190	24	30	101	2	2026-09-23	7	3648000	1	0
2191	22	38	201	1	2026-09-23	5	3276000	1	0
2192	1	46	105	3	2026-09-23	7	668800	1	0
2193	11	37	102	2	2026-09-23	5	2016000	1	0
2194	37	25	202	2	2026-09-23	5	2352000	1	0
2195	41	74	201	2	2026-09-23	6	3564000	1	0
2196	27	43	205	3	2026-09-23	1	165000	1	0
2197	4	28	202	1	2026-09-23	1	455000	1	0
2198	3	39	105	4	2026-09-24	5	448000	1	0
2199	48	1	205	1	2026-09-24	1	195000	1	0
2200	40	74	205	1	2026-09-24	1	195000	1	0
2201	44	31	401	2	2026-09-24	3	204000	1	0
2202	35	43	202	2	2026-09-24	5	2352000	1	0
2203	19	28	102	3	2026-09-24	3	1122000	1	0
2204	50	47	301	2	2026-09-24	6	1980000	1	0
2205	31	85	401	1	2026-09-24	1	60000	1	0
2206	14	43	102	3	2026-09-24	5	1848000	1	0
2207	49	54	205	2	2026-09-25	4	828000	1	0
2208	13	78	104	3	2026-09-25	2	316800	1	0
2209	39	70	101	4	2026-09-25	4	1840000	1	0
2210	17	73	102	2	2026-09-25	5	2016000	1	0
2211	25	61	201	3	2026-09-25	3	1782000	1	0
2212	12	60	203	4	2026-09-25	3	900000	1	0
2213	18	43	204	4	2026-09-26	2	432000	1	0
2214	5	2	202	1	2026-09-26	1	546000	1	0
2215	10	11	201	1	2026-09-26	2	1404000	1	0
2216	42	37	301	4	2026-09-26	3	1020000	1	0
2217	20	16	104	3	2026-09-26	2	316800	1	0
2218	4	17	401	4	2026-09-27	1	72000	1	0
2219	30	23	201	3	2026-09-27	6	3168000	1	0
2220	36	43	301	3	2026-09-27	2	660000	1	0
2221	5	12	205	2	2026-09-27	7	1368000	1	0
2222	19	85	204	4	2026-09-27	2	396000	1	0
2223	40	14	201	3	2026-09-27	1	594000	1	0
2224	31	71	103	3	2026-09-28	7	1672000	1	0
2225	23	16	103	4	2026-09-28	2	400000	1	0
2226	16	64	301	1	2026-09-28	1	300000	1	0
2227	46	8	205	3	2026-09-28	1	165000	1	0
2228	45	31	203	2	2026-09-28	7	2280000	1	0
2229	20	76	203	1	2026-09-28	3	975000	1	0
2230	28	63	104	1	2026-09-28	5	811200	1	0
2231	12	61	401	2	2026-09-28	6	384000	1	0
2232	2	15	103	3	2026-09-28	3	660000	1	0
2233	48	82	101	1	2026-09-29	2	1040000	1	0
2234	29	10	205	2	2026-09-29	3	540000	1	0
2235	33	16	301	4	2026-09-29	3	900000	1	0
2236	39	71	103	1	2026-09-29	2	520000	1	0
2237	25	61	105	2	2026-09-29	7	729600	1	0
2238	47	18	101	1	2026-09-29	3	1560000	1	0
2239	36	45	102	2	2026-09-29	3	1080000	1	0
2240	22	85	401	3	2026-09-29	4	252000	1	0
2241	19	29	104	4	2026-09-29	4	504000	1	0
2242	16	44	103	4	2026-09-29	1	200000	1	0
2243	32	41	105	2	2026-09-29	1	96000	1	0
2244	10	13	102	4	2026-09-29	2	600000	1	0
2245	14	8	205	3	2026-09-30	3	528000	1	0
2246	7	23	203	1	2026-09-30	5	1820000	1	0
2247	16	10	105	1	2026-09-30	1	104000	1	0
2248	15	75	301	3	2026-09-30	4	1320000	1	0
2249	32	24	201	1	2026-09-30	3	1872000	1	0
2250	11	65	101	3	2026-09-30	7	3344000	1	0
2251	23	9	104	1	2026-09-30	4	686400	1	0
2252	18	83	102	2	2026-10-01	6	2376000	1	0
2253	16	85	104	3	2026-10-01	7	1003200	1	0
2254	43	16	301	2	2026-10-01	6	1980000	1	0
2255	44	55	205	4	2026-10-01	1	150000	1	0
2256	50	61	401	3	2026-10-01	3	204000	1	0
2257	4	64	205	2	2026-10-01	6	1188000	1	0
2258	21	22	102	2	2026-10-01	2	792000	1	0
2259	10	26	104	4	2026-10-01	4	552000	1	0
2260	17	30	202	4	2026-10-01	4	1610000	1	0
2261	47	25	201	1	2026-10-02	7	4446000	1	0
2262	6	51	101	3	2026-10-02	1	528000	1	0
2263	49	9	205	1	2026-10-02	2	468000	1	0
2264	13	64	301	1	2026-10-02	2	720000	1	0
2265	42	29	105	2	2026-10-02	7	729600	1	0
2266	27	29	205	2	2026-10-02	2	432000	1	0
2267	8	61	203	4	2026-10-02	4	1150000	1	0
2268	41	80	203	2	2026-10-02	2	720000	1	0
2269	34	36	205	4	2026-10-02	1	180000	1	0
2270	36	20	105	1	2026-10-02	3	374400	1	0
2271	6	84	301	1	2026-10-03	1	360000	1	0
2272	9	13	201	1	2026-10-03	2	1404000	1	0
2273	37	81	204	4	2026-10-03	6	1152000	1	0
2274	48	63	104	4	2026-10-03	2	288000	1	0
2275	28	5	204	3	2026-10-03	4	871200	1	0
2276	29	4	205	1	2026-10-03	7	1482000	1	0
2277	38	18	101	2	2026-10-03	2	1152000	1	0
2278	3	52	203	2	2026-10-04	2	660000	1	0
2279	23	19	201	4	2026-10-04	2	990000	1	0
2280	34	68	101	3	2026-10-04	2	968000	1	0
2281	33	48	203	1	2026-10-04	2	715000	1	0
2282	39	59	101	2	2026-10-04	4	2016000	1	0
2283	22	21	102	1	2026-10-04	5	2028000	1	0
2284	10	73	104	4	2026-10-05	3	360000	1	0
2285	6	85	203	1	2026-10-05	1	325000	1	0
2286	32	63	204	3	2026-10-05	3	594000	1	0
2287	27	53	201	3	2026-10-05	4	1980000	1	0
2288	44	36	102	2	2026-10-05	3	1080000	1	0
2289	2	16	103	3	2026-10-05	2	440000	1	0
2290	40	37	102	1	2026-10-05	3	1170000	1	0
2291	19	46	203	1	2026-10-05	1	325000	1	0
2292	24	13	301	3	2026-10-06	6	1980000	1	0
2293	49	13	205	2	2026-10-06	3	540000	1	0
2294	48	36	104	2	2026-10-06	3	432000	1	0
2295	12	59	101	2	2026-10-06	5	2592000	1	0
2296	9	52	202	4	2026-10-06	2	700000	1	0
2297	8	10	401	2	2026-10-07	1	60000	1	0
2298	35	29	103	4	2026-10-07	3	640000	1	0
2299	14	69	104	2	2026-10-07	5	806400	1	0
2300	20	73	301	4	2026-10-07	2	600000	1	0
2301	26	62	103	2	2026-10-07	3	768000	1	0
2302	33	40	202	1	2026-10-07	6	3003000	1	0
2303	45	27	204	4	2026-10-07	4	792000	1	0
2304	43	84	201	4	2026-10-07	6	2970000	1	0
2305	18	42	105	3	2026-10-08	5	492800	1	0
2306	8	64	102	2	2026-10-08	7	2736000	1	0
2307	7	1	103	3	2026-10-08	1	220000	1	0
2308	2	52	203	1	2026-10-08	2	715000	1	0
2309	3	78	101	3	2026-10-08	5	2464000	1	0
2310	30	32	102	4	2026-10-09	1	360000	1	0
2311	27	64	105	4	2026-10-09	1	96000	1	0
2312	5	50	204	4	2026-10-09	3	648000	1	0
2313	28	14	103	2	2026-10-09	4	1104000	1	0
2314	31	61	104	4	2026-10-10	2	288000	1	0
2315	35	62	201	3	2026-10-10	7	3762000	1	0
2316	29	46	105	4	2026-10-10	1	96000	1	0
2317	26	76	104	1	2026-10-10	3	530400	1	0
2318	44	51	104	4	2026-10-10	7	912000	1	0
2319	27	77	401	1	2026-10-10	4	264000	1	0
2320	7	60	204	4	2026-10-10	6	1152000	1	0
2321	47	1	202	4	2026-10-10	2	840000	1	0
2322	37	72	104	3	2026-10-11	3	422400	1	0
2323	15	19	101	3	2026-10-11	5	2288000	1	0
2324	23	70	202	2	2026-10-11	1	504000	1	0
2325	21	3	401	3	2026-10-11	5	312000	1	0
2326	1	51	202	4	2026-10-11	6	2240000	1	0
2327	41	74	202	3	2026-10-11	2	847000	1	0
2328	9	67	104	3	2026-10-11	2	290400	1	0
2329	36	42	401	3	2026-10-11	3	192000	1	0
2330	17	44	105	3	2026-10-12	1	88000	1	0
2331	32	82	204	2	2026-10-12	2	432000	1	0
2332	25	6	202	3	2026-10-12	3	1155000	1	0
2333	40	62	203	4	2026-10-12	5	1300000	1	0
2334	10	58	301	4	2026-10-12	2	600000	1	0
2335	48	17	105	2	2026-10-12	4	384000	1	0
2336	45	67	203	1	2026-10-13	2	650000	1	0
2337	5	19	104	4	2026-10-13	3	360000	1	0
2338	20	45	202	1	2026-10-13	2	910000	1	0
2339	17	3	205	1	2026-10-13	1	195000	1	0
2340	29	9	104	3	2026-10-13	2	264000	1	0
2341	12	26	203	3	2026-10-13	3	825000	1	0
2342	47	71	203	1	2026-10-13	3	975000	1	0
2343	33	61	204	2	2026-10-13	1	216000	1	0
2344	33	54	203	1	2026-10-14	4	1430000	1	0
2345	31	17	401	3	2026-10-14	7	456000	1	0
2346	4	29	203	3	2026-10-14	7	2090000	1	0
2347	36	62	103	3	2026-10-14	5	1232000	1	0
2348	30	61	101	2	2026-10-14	3	1536000	1	0
2349	13	54	204	3	2026-10-14	3	633600	1	0
2350	26	62	401	4	2026-10-14	2	120000	1	0
2351	19	12	103	1	2026-10-14	2	520000	1	0
2352	9	83	202	2	2026-10-14	4	1848000	1	0
2353	49	42	401	2	2026-10-14	2	120000	1	0
2354	6	38	205	3	2026-10-14	1	165000	1	0
2355	29	71	401	4	2026-10-15	1	60000	1	0
2356	18	74	104	4	2026-10-15	7	912000	1	0
2357	2	24	203	4	2026-10-15	1	250000	1	0
2358	46	19	203	1	2026-10-15	4	1495000	1	0
2359	14	84	103	1	2026-10-15	3	884000	1	0
2360	23	74	202	1	2026-10-15	7	3458000	1	0
2361	28	12	104	4	2026-10-15	3	408000	1	0
2362	41	10	104	1	2026-10-15	4	717600	1	0
2363	8	76	204	4	2026-10-15	1	180000	1	0
2364	39	53	104	4	2026-10-15	5	672000	1	0
2365	10	6	105	4	2026-10-15	1	80000	1	0
2366	37	17	101	1	2026-10-15	2	1144000	1	0
2367	12	81	203	4	2026-10-16	7	1900000	1	0
2368	10	22	301	3	2026-10-16	1	360000	1	0
2369	24	41	202	1	2026-10-16	7	3458000	1	0
2370	26	10	105	2	2026-10-16	2	230400	1	0
2371	11	5	401	3	2026-10-16	3	216000	1	0
2372	20	64	201	1	2026-10-16	5	3276000	1	0
2373	34	42	205	3	2026-10-16	6	1089000	1	0
2374	47	46	204	2	2026-10-16	7	1641600	1	0
2375	32	32	103	3	2026-10-16	1	264000	1	0
2376	15	15	203	2	2026-10-16	3	1080000	1	0
2377	27	61	104	1	2026-10-16	3	561600	1	0
2378	3	42	401	3	2026-10-16	4	276000	1	0
2379	6	64	202	3	2026-10-17	7	2926000	1	0
2380	40	85	105	2	2026-10-17	5	518400	1	0
2381	48	60	105	4	2026-10-17	6	512000	1	0
2382	8	44	203	1	2026-10-17	4	1430000	1	0
2383	25	38	102	3	2026-10-17	2	792000	1	0
2384	2	59	103	3	2026-10-17	2	528000	1	0
2385	42	47	201	4	2026-10-18	1	540000	1	0
2386	19	5	101	3	2026-10-18	5	2288000	1	0
2387	38	4	401	3	2026-10-18	5	312000	1	0
2388	37	47	101	1	2026-10-18	4	2184000	1	0
2389	29	43	203	3	2026-10-18	3	880000	1	0
2390	1	39	203	4	2026-10-18	2	550000	1	0
2391	5	19	401	2	2026-10-18	1	72000	1	0
2392	13	25	204	2	2026-10-19	6	1382400	1	0
2393	41	51	102	3	2026-10-19	5	1716000	1	0
2394	9	9	103	3	2026-10-19	7	1672000	1	0
2395	36	80	202	2	2026-10-19	7	3192000	1	0
2396	32	28	204	2	2026-10-20	5	1166400	1	0
2397	1	79	201	2	2026-10-20	4	2268000	1	0
2398	50	11	401	2	2026-10-20	5	324000	1	0
2399	26	36	203	2	2026-10-20	2	600000	1	0
2400	5	31	104	3	2026-10-20	3	396000	1	0
2401	45	33	105	1	2026-10-20	7	790400	1	0
2402	27	13	204	4	2026-10-20	3	540000	1	0
2403	25	43	203	2	2026-10-20	1	300000	1	0
2404	11	5	203	1	2026-10-20	5	1755000	1	0
2405	49	63	102	1	2026-10-21	3	1248000	1	0
2406	25	67	202	4	2026-10-21	2	700000	1	0
2407	4	81	203	2	2026-10-21	1	300000	1	0
2408	22	76	104	1	2026-10-21	3	499200	1	0
2409	3	17	205	1	2026-10-21	1	195000	1	0
2410	17	67	202	2	2026-10-21	5	2352000	1	0
2411	35	71	102	3	2026-10-21	1	330000	1	0
2412	2	18	201	4	2026-10-21	1	450000	1	0
2413	46	46	101	1	2026-10-21	3	1664000	1	0
2414	28	43	104	4	2026-10-21	3	384000	1	0
2415	31	19	103	2	2026-10-21	1	240000	1	0
2416	15	84	203	3	2026-10-21	3	880000	1	0
2417	14	54	202	1	2026-10-22	4	2093000	1	0
2418	7	75	101	3	2026-10-22	6	2904000	1	0
2419	2	59	102	3	2026-10-22	4	1518000	1	0
2420	21	38	401	4	2026-10-22	7	456000	1	0
2421	3	85	301	2	2026-10-22	1	300000	1	0
2422	37	63	203	4	2026-10-22	1	250000	1	0
2423	35	6	204	1	2026-10-22	1	234000	1	0
2424	18	18	102	2	2026-10-22	1	360000	1	0
2425	10	31	301	3	2026-10-22	1	300000	1	0
2426	43	39	102	4	2026-10-22	2	660000	1	0
2427	30	43	201	2	2026-10-22	4	2484000	1	0
2428	19	81	205	3	2026-10-23	2	396000	1	0
2429	39	40	201	1	2026-10-23	5	3276000	1	0
2430	44	51	203	2	2026-10-23	6	1980000	1	0
2431	35	49	102	4	2026-10-23	6	1980000	1	0
2432	27	16	201	2	2026-10-23	5	3024000	1	0
2433	12	55	205	1	2026-10-23	4	897000	1	0
2434	29	82	103	2	2026-10-23	6	1584000	1	0
2435	37	13	301	2	2026-10-23	4	1380000	1	0
2436	16	52	102	2	2026-10-24	5	1944000	1	0
2437	42	67	203	2	2026-10-24	2	720000	1	0
2438	15	80	401	1	2026-10-24	1	72000	1	0
2439	41	56	202	4	2026-10-24	5	1890000	1	0
2440	31	60	205	3	2026-10-24	5	891000	1	0
2441	8	52	101	1	2026-10-24	7	3952000	1	0
2442	18	35	102	2	2026-10-24	1	432000	1	0
2443	26	78	201	1	2026-10-24	1	702000	1	0
2444	33	54	401	4	2026-10-24	2	144000	1	0
2445	47	85	301	1	2026-10-25	6	1920000	1	0
2446	26	32	101	1	2026-10-25	7	3952000	1	0
2447	4	12	104	2	2026-10-25	7	1094400	1	0
2448	18	64	102	3	2026-10-25	4	1386000	1	0
2449	24	17	204	1	2026-10-25	2	514800	1	0
2450	1	59	201	2	2026-10-25	5	2808000	1	0
2451	25	46	102	4	2026-10-25	7	2280000	1	0
2452	28	51	101	1	2026-10-25	1	624000	1	0
2453	36	69	105	4	2026-10-26	4	320000	1	0
2454	34	57	102	2	2026-10-26	4	1440000	1	0
2455	49	46	204	4	2026-10-26	5	936000	1	0
2456	11	66	105	2	2026-10-26	1	96000	1	0
2457	33	84	201	3	2026-10-26	5	2574000	1	0
2458	46	36	202	1	2026-10-26	7	3458000	1	0
2459	22	80	102	2	2026-10-26	6	2304000	1	0
2460	38	5	104	2	2026-10-26	4	576000	1	0
2461	20	43	102	1	2026-10-26	1	390000	1	0
2462	10	73	105	4	2026-10-26	1	80000	1	0
2463	19	49	204	3	2026-10-26	1	198000	1	0
2464	42	57	105	2	2026-10-27	4	403200	1	0
2465	30	48	301	3	2026-10-27	4	1260000	1	0
2466	3	8	103	3	2026-10-27	4	924000	1	0
2467	14	75	105	2	2026-10-27	1	96000	1	0
2468	2	16	102	2	2026-10-27	1	360000	1	0
2469	12	21	102	4	2026-10-27	1	300000	1	0
2470	50	32	205	3	2026-10-27	1	165000	1	0
2471	11	10	203	3	2026-10-28	3	880000	1	0
2472	37	27	102	2	2026-10-28	2	720000	1	0
2473	23	57	104	2	2026-10-28	6	950400	1	0
2474	28	61	103	3	2026-10-28	2	440000	1	0
2475	43	66	104	1	2026-10-28	5	873600	1	0
2476	13	80	301	4	2026-10-28	6	1980000	1	0
2477	10	40	201	2	2026-10-28	6	3564000	1	0
2478	14	14	204	2	2026-10-28	6	1425600	1	0
2479	20	30	301	4	2026-10-28	1	300000	1	0
2480	35	54	104	4	2026-10-29	3	408000	1	0
2481	15	17	104	1	2026-10-29	5	873600	1	0
2482	50	57	104	3	2026-10-29	5	739200	1	0
2483	27	35	101	4	2026-10-29	1	400000	1	0
2484	32	5	105	3	2026-10-29	4	404800	1	0
2485	12	6	105	1	2026-10-29	3	353600	1	0
2486	18	18	104	3	2026-10-29	1	132000	1	0
2487	9	14	301	1	2026-10-30	4	1380000	1	0
2488	29	4	103	4	2026-10-30	6	1320000	1	0
2489	48	15	205	2	2026-10-30	6	1188000	1	0
2490	20	13	203	2	2026-10-30	1	360000	1	0
2491	19	16	202	3	2026-10-30	1	462000	1	0
2492	28	82	103	4	2026-10-30	7	1520000	1	0
2493	39	74	104	3	2026-10-30	2	316800	1	0
2494	2	34	204	4	2026-10-30	6	1188000	1	0
2495	45	43	205	1	2026-10-30	2	468000	1	0
2496	1	50	202	2	2026-10-30	2	1008000	1	0
2497	40	69	101	4	2026-10-31	5	2160000	1	0
2498	6	65	301	2	2026-10-31	5	1620000	1	0
2499	7	14	101	1	2026-10-31	7	3952000	1	0
2500	37	62	105	1	2026-10-31	2	249600	1	0
2501	11	42	401	4	2026-10-31	4	264000	1	0
2502	27	13	101	2	2026-10-31	7	3648000	1	0
2503	19	52	203	2	2026-10-31	1	360000	1	0
2504	20	60	102	1	2026-10-31	2	936000	1	0
2505	49	32	105	3	2026-10-31	3	299200	1	0
2506	45	85	202	2	2026-11-01	6	2688000	1	0
2507	17	32	401	4	2026-11-01	5	312000	1	0
2508	5	71	102	3	2026-11-01	5	1716000	1	0
2509	3	44	102	2	2026-11-01	7	2736000	1	0
2510	16	67	401	2	2026-11-01	6	384000	1	0
2511	22	13	101	4	2026-11-01	2	880000	1	0
2512	30	11	103	1	2026-11-01	5	1352000	1	0
2513	31	11	201	2	2026-11-01	1	648000	1	0
2514	39	9	202	4	2026-11-02	4	1400000	1	0
2515	38	34	101	1	2026-11-02	4	2080000	1	0
2516	43	63	204	3	2026-11-02	4	792000	1	0
2517	12	79	401	1	2026-11-02	2	120000	1	0
2518	20	47	103	4	2026-11-02	5	1040000	1	0
2519	46	50	401	4	2026-11-02	3	180000	1	0
2520	8	7	104	2	2026-11-02	5	748800	1	0
2521	32	56	203	4	2026-11-02	6	1600000	1	0
2522	41	64	105	3	2026-11-02	1	88000	1	0
2523	36	75	201	4	2026-11-02	4	1800000	1	0
2524	33	79	204	3	2026-11-02	2	396000	1	0
2525	49	21	204	1	2026-11-03	3	702000	1	0
2526	35	64	203	1	2026-11-03	1	325000	1	0
2527	34	37	104	1	2026-11-03	5	842400	1	0
2528	1	8	203	3	2026-11-03	3	825000	1	0
2529	19	19	401	1	2026-11-03	3	180000	1	0
2530	18	73	105	1	2026-11-03	4	436800	1	0
2531	26	6	103	2	2026-11-03	2	480000	1	0
2532	13	78	204	2	2026-11-03	1	216000	1	0
2533	23	52	104	2	2026-11-03	1	144000	1	0
2534	10	5	104	4	2026-11-03	2	240000	1	0
2535	22	67	104	1	2026-11-04	5	873600	1	0
2536	13	54	401	2	2026-11-04	4	264000	1	0
2537	44	46	204	1	2026-11-04	2	468000	1	0
2538	23	13	301	2	2026-11-04	3	960000	1	0
2539	14	48	103	1	2026-11-04	7	1976000	1	0
2540	35	54	101	3	2026-11-04	6	2904000	1	0
2541	4	10	202	4	2026-11-04	2	700000	1	0
2542	11	32	203	3	2026-11-04	6	1815000	1	0
2543	26	73	101	2	2026-11-05	3	1632000	1	0
2544	2	8	102	3	2026-11-05	3	1122000	1	0
2545	37	40	104	1	2026-11-05	1	156000	1	0
2546	42	47	101	1	2026-11-05	2	1144000	1	0
2547	21	50	104	1	2026-11-05	2	343200	1	0
2548	15	59	205	2	2026-11-05	7	1368000	1	0
2549	37	84	104	3	2026-11-06	4	607200	1	0
2550	29	42	105	4	2026-11-06	6	528000	1	0
2551	12	36	204	1	2026-11-06	4	1076400	1	0
2552	38	23	202	4	2026-11-06	2	840000	1	0
2553	17	81	202	1	2026-11-06	7	3458000	1	0
2554	50	60	202	2	2026-11-06	3	1512000	1	0
2555	31	4	202	2	2026-11-07	4	1848000	1	0
2556	18	21	103	1	2026-11-07	1	312000	1	0
2557	48	33	102	2	2026-11-07	1	432000	1	0
2558	42	62	202	4	2026-11-07	6	2240000	1	0
2559	24	33	204	1	2026-11-07	3	795600	1	0
2560	27	34	401	1	2026-11-07	6	384000	1	0
2561	7	63	204	4	2026-11-07	5	972000	1	0
2562	1	75	202	1	2026-11-07	4	2002000	1	0
2563	33	67	401	2	2026-11-07	3	204000	1	0
2564	28	74	103	1	2026-11-07	1	312000	1	0
2565	40	79	301	1	2026-11-08	6	1920000	1	0
2566	48	21	101	2	2026-11-08	6	3072000	1	0
2567	39	2	104	3	2026-11-08	7	1003200	1	0
2568	49	82	202	3	2026-11-08	2	847000	1	0
2569	32	64	204	1	2026-11-08	4	982800	1	0
2570	4	32	301	2	2026-11-08	7	2280000	1	0
2571	45	74	105	3	2026-11-08	1	105600	1	0
2572	21	48	101	2	2026-11-08	6	3072000	1	0
2573	5	42	401	4	2026-11-08	3	192000	1	0
2574	41	25	101	4	2026-11-08	7	3040000	1	0
2575	43	56	301	3	2026-11-08	4	1260000	1	0
2576	25	34	102	3	2026-11-08	1	396000	1	0
2577	3	63	105	2	2026-11-08	3	307200	1	0
2578	22	70	201	3	2026-11-09	4	1980000	1	0
2579	20	11	101	3	2026-11-09	4	1760000	1	0
2580	34	61	102	3	2026-11-09	2	660000	1	0
2581	16	17	203	3	2026-11-09	7	2090000	1	0
2582	45	22	203	4	2026-11-09	1	250000	1	0
2583	36	77	201	4	2026-11-10	7	3420000	1	0
2584	35	55	205	3	2026-11-10	3	495000	1	0
2585	44	64	204	2	2026-11-10	3	648000	1	0
2586	23	12	205	1	2026-11-10	5	1053000	1	0
2587	30	81	201	1	2026-11-10	1	585000	1	0
2588	38	14	203	2	2026-11-11	1	300000	1	0
2589	24	37	102	1	2026-11-11	5	2184000	1	0
2590	18	17	301	3	2026-11-11	5	1680000	1	0
2591	30	80	103	3	2026-11-11	5	1232000	1	0
2592	46	46	104	1	2026-11-11	6	1029600	1	0
2593	3	54	401	3	2026-11-11	4	264000	1	0
2594	11	19	105	2	2026-11-11	6	633600	1	0
2595	25	14	401	3	2026-11-11	5	336000	1	0
2596	14	30	301	3	2026-11-11	6	1980000	1	0
2597	1	7	103	2	2026-11-11	3	768000	1	0
2598	12	65	204	3	2026-11-11	5	1108800	1	0
2599	50	35	101	1	2026-11-11	6	3432000	1	0
2600	47	67	301	3	2026-11-12	7	2280000	1	0
2601	7	7	105	4	2026-11-12	4	368000	1	0
2602	32	8	201	1	2026-11-12	4	2691000	1	0
2603	10	19	104	1	2026-11-12	4	717600	1	0
2604	26	57	104	2	2026-11-12	1	144000	1	0
2605	29	61	103	4	2026-11-12	1	200000	1	0
2606	31	76	301	2	2026-11-12	5	1680000	1	0
2607	38	58	103	4	2026-11-12	4	920000	1	0
2608	49	63	204	1	2026-11-13	1	280800	1	0
2609	26	3	201	2	2026-11-13	4	2484000	1	0
2610	13	16	204	1	2026-11-13	3	842400	1	0
2611	17	22	101	4	2026-11-13	4	1840000	1	0
2612	45	32	201	4	2026-11-13	6	2970000	1	0
2613	15	81	103	2	2026-11-13	6	1584000	1	0
2614	5	53	204	1	2026-11-13	6	1544400	1	0
2615	37	5	201	2	2026-11-13	1	648000	1	0
2616	28	35	204	2	2026-11-13	3	777600	1	0
2617	35	74	401	4	2026-11-13	1	72000	1	0
2618	42	32	104	3	2026-11-13	2	316800	1	0
2619	48	70	105	1	2026-11-14	4	457600	1	0
2620	22	65	401	1	2026-11-14	6	384000	1	0
2621	8	20	101	2	2026-11-14	1	576000	1	0
2622	29	21	105	3	2026-11-14	4	387200	1	0
2623	42	48	203	3	2026-11-15	1	330000	1	0
2624	6	82	202	3	2026-11-15	4	1617000	1	0
2625	37	72	101	4	2026-11-15	6	2560000	1	0
2626	34	14	104	3	2026-11-15	2	290400	1	0
2627	43	33	204	4	2026-11-15	5	936000	1	0
2628	27	77	103	2	2026-11-16	6	1536000	1	0
2629	21	42	204	2	2026-11-16	2	432000	1	0
2630	2	20	205	2	2026-11-16	3	540000	1	0
2631	4	2	102	3	2026-11-16	6	2112000	1	0
2632	35	35	104	4	2026-11-16	5	624000	1	0
2633	8	53	401	1	2026-11-16	7	456000	1	0
2634	25	47	104	4	2026-11-16	2	240000	1	0
2635	19	75	205	4	2026-11-16	5	780000	1	0
2636	49	23	204	1	2026-11-17	3	702000	1	0
2637	44	69	202	3	2026-11-17	6	2541000	1	0
2638	18	8	204	2	2026-11-17	6	1425600	1	0
2639	50	69	204	1	2026-11-17	1	234000	1	0
2640	9	69	104	3	2026-11-17	1	132000	1	0
2641	32	27	105	4	2026-11-17	3	240000	1	0
2642	17	73	102	2	2026-11-17	6	2376000	1	0
2643	1	9	301	4	2026-11-17	1	300000	1	0
2644	36	33	204	4	2026-11-17	5	972000	1	0
2645	13	9	102	2	2026-11-17	1	360000	1	0
2646	40	33	301	2	2026-11-18	1	300000	1	0
2647	38	58	301	3	2026-11-18	3	960000	1	0
2648	46	64	205	1	2026-11-18	7	1482000	1	0
2649	24	81	203	1	2026-11-18	1	325000	1	0
2650	34	82	102	2	2026-11-18	2	720000	1	0
2651	3	31	103	3	2026-11-18	5	1232000	1	0
2652	16	72	205	2	2026-11-18	4	792000	1	0
2653	39	3	203	3	2026-11-18	4	1210000	1	0
2654	40	10	203	4	2026-11-19	5	1400000	1	0
2655	2	7	301	2	2026-11-19	4	1380000	1	0
2656	10	42	104	1	2026-11-19	7	1185600	1	0
2657	14	73	103	1	2026-11-19	3	884000	1	0
2658	11	85	301	1	2026-11-19	7	2280000	1	0
2659	29	20	301	4	2026-11-19	2	660000	1	0
2660	7	84	101	4	2026-11-19	6	2640000	1	0
2661	5	78	102	4	2026-11-19	1	300000	1	0
2662	12	49	105	1	2026-11-19	4	478400	1	0
2663	20	67	105	2	2026-11-19	4	441600	1	0
2664	33	46	205	3	2026-11-19	3	561000	1	0
2665	32	77	204	1	2026-11-20	5	1310400	1	0
2666	9	70	103	4	2026-11-20	6	1320000	1	0
2667	42	17	101	2	2026-11-20	1	576000	1	0
2668	24	18	203	2	2026-11-20	3	1080000	1	0
2669	6	65	201	1	2026-11-20	5	3276000	1	0
2670	22	20	203	3	2026-11-20	4	1265000	1	0
2671	49	12	103	4	2026-11-21	4	880000	1	0
2672	43	28	102	2	2026-11-21	4	1584000	1	0
2673	1	82	201	1	2026-11-21	3	1989000	1	0
2674	35	27	102	3	2026-11-21	6	2112000	1	0
2675	47	1	203	2	2026-11-21	4	1320000	1	0
2676	48	80	204	1	2026-11-21	4	1029600	1	0
2677	34	41	104	1	2026-11-21	6	998400	1	0
2678	15	78	201	2	2026-11-22	2	1188000	1	0
2679	19	11	105	2	2026-11-22	5	499200	1	0
2680	27	4	104	3	2026-11-22	7	1003200	1	0
2681	33	41	301	3	2026-11-22	3	960000	1	0
2682	25	48	201	4	2026-11-22	2	990000	1	0
2683	14	57	401	1	2026-11-22	7	456000	1	0
2684	16	85	205	1	2026-11-22	2	429000	1	0
2685	31	58	105	2	2026-11-23	3	288000	1	0
2686	12	16	401	3	2026-11-23	2	120000	1	0
2687	23	79	105	2	2026-11-23	2	192000	1	0
2688	21	67	201	4	2026-11-23	4	1800000	1	0
2689	5	50	204	1	2026-11-23	4	936000	1	0
2690	26	81	103	2	2026-11-24	6	1584000	1	0
2691	42	63	102	4	2026-11-24	1	300000	1	0
2692	36	82	104	1	2026-11-24	2	312000	1	0
2693	17	38	203	1	2026-11-24	4	1365000	1	0
2694	1	20	105	3	2026-11-24	7	668800	1	0
2695	4	69	301	2	2026-11-24	2	600000	1	0
2696	25	21	201	2	2026-11-24	5	2916000	1	0
2697	20	55	203	4	2026-11-24	4	1050000	1	0
2698	30	12	301	2	2026-11-25	6	1980000	1	0
2699	37	10	103	3	2026-11-25	1	220000	1	0
2700	7	43	105	4	2026-11-25	5	448000	1	0
2701	42	44	105	4	2026-11-25	6	528000	1	0
2702	44	16	204	1	2026-11-25	6	1544400	1	0
2703	43	23	105	2	2026-11-25	4	422400	1	0
2704	33	1	202	4	2026-11-25	3	1120000	1	0
2705	39	49	301	2	2026-11-25	3	960000	1	0
2706	2	26	301	4	2026-11-25	5	1680000	1	0
2707	6	40	204	4	2026-11-26	7	1368000	1	0
2708	28	64	105	3	2026-11-26	4	404800	1	0
2709	13	64	401	1	2026-11-26	5	336000	1	0
2710	32	73	205	1	2026-11-26	1	195000	1	0
2711	8	71	202	1	2026-11-26	1	455000	1	0
2712	36	31	401	4	2026-11-27	6	396000	1	0
2713	22	17	301	1	2026-11-27	6	1980000	1	0
2714	21	18	104	3	2026-11-27	1	158400	1	0
2715	48	45	104	4	2026-11-27	7	912000	1	0
2716	37	7	204	4	2026-11-27	5	1008000	1	0
2717	5	17	104	2	2026-11-27	1	172800	1	0
2718	16	60	301	2	2026-11-27	4	1380000	1	0
2719	29	35	201	4	2026-11-27	5	2520000	1	0
2720	12	40	103	2	2026-11-27	2	576000	1	0
2721	40	72	201	2	2026-11-28	1	648000	1	0
2722	8	43	103	4	2026-11-28	3	680000	1	0
2723	46	15	101	3	2026-11-28	1	528000	1	0
2724	3	79	205	2	2026-11-28	3	612000	1	0
2725	11	74	104	2	2026-11-28	2	345600	1	0
2726	50	2	203	2	2026-11-28	2	720000	1	0
2727	47	62	104	1	2026-11-28	1	187200	1	0
2728	17	25	102	2	2026-11-28	3	1224000	1	0
2729	4	35	103	2	2026-11-28	7	1824000	1	0
2730	39	4	204	2	2026-11-29	6	1382400	1	0
2731	41	60	401	3	2026-11-29	4	252000	1	0
2732	15	4	201	1	2026-11-29	3	1872000	1	0
2733	33	16	401	4	2026-11-29	4	252000	1	0
2734	34	69	205	4	2026-11-29	5	780000	1	0
2735	23	12	301	3	2026-11-29	2	660000	1	0
2736	20	2	102	1	2026-11-29	7	2964000	1	0
2737	2	11	101	3	2026-11-30	2	880000	1	0
2738	19	83	101	1	2026-11-30	5	2704000	1	0
2739	14	71	203	4	2026-11-30	6	1600000	1	0
2740	7	10	203	3	2026-11-30	4	1100000	1	0
2741	28	57	201	1	2026-11-30	1	585000	1	0
2742	47	74	101	3	2026-12-01	3	1320000	1	0
2743	25	49	102	2	2026-12-01	7	2736000	1	0
2744	16	29	105	1	2026-12-01	7	790400	1	0
2745	35	73	103	4	2026-12-01	4	840000	1	0
2746	28	54	102	2	2026-12-01	7	2736000	1	0
2747	3	1	203	3	2026-12-01	2	550000	1	0
2748	38	84	101	4	2026-12-01	5	2160000	1	0
2749	26	63	105	2	2026-12-01	6	633600	1	0
2750	43	75	102	4	2026-12-01	3	900000	1	0
2751	8	75	203	3	2026-12-01	1	275000	1	0
2752	5	38	105	1	2026-12-01	6	686400	1	0
2753	44	67	102	1	2026-12-01	1	390000	1	0
2754	17	26	103	2	2026-12-02	1	240000	1	0
2755	44	18	401	1	2026-12-02	4	264000	1	0
2756	29	6	102	3	2026-12-02	3	1056000	1	0
2757	46	10	101	2	2026-12-02	2	960000	1	0
2758	50	43	201	1	2026-12-02	1	585000	1	0
2759	23	31	204	1	2026-12-02	6	1544400	1	0
2760	11	6	105	1	2026-12-02	7	790400	1	0
2761	3	80	102	4	2026-12-03	5	1680000	1	0
2762	50	52	204	1	2026-12-03	7	1778400	1	0
2763	45	2	201	1	2026-12-03	4	2691000	1	0
2764	32	57	101	2	2026-12-03	7	3648000	1	0
2765	2	19	401	4	2026-12-03	4	276000	1	0
2766	6	78	103	4	2026-12-03	7	1520000	1	0
2767	24	70	103	4	2026-12-03	1	200000	1	0
2768	9	34	101	2	2026-12-03	2	1056000	1	0
2769	41	3	103	2	2026-12-03	2	528000	1	0
2770	31	33	103	3	2026-12-03	5	1232000	1	0
2771	21	21	104	3	2026-12-03	3	448800	1	0
2772	24	8	205	4	2026-12-04	4	690000	1	0
2773	49	16	102	4	2026-12-04	2	720000	1	0
2774	15	27	202	2	2026-12-04	4	1932000	1	0
2775	36	42	103	1	2026-12-04	1	312000	1	0
2776	34	19	203	4	2026-12-04	1	300000	1	0
2777	47	15	102	3	2026-12-04	2	792000	1	0
2778	22	8	201	2	2026-12-04	4	2484000	1	0
2779	27	71	401	3	2026-12-05	3	204000	1	0
2780	34	31	101	4	2026-12-05	3	1360000	1	0
2781	12	3	103	2	2026-12-05	3	816000	1	0
2782	42	2	102	4	2026-12-05	3	1020000	1	0
2783	40	80	102	1	2026-12-05	7	2964000	1	0
2784	43	61	204	4	2026-12-05	2	432000	1	0
2785	30	45	203	3	2026-12-05	3	935000	1	0
2786	19	72	401	2	2026-12-05	3	204000	1	0
2787	9	67	104	3	2026-12-06	4	554400	1	0
2788	47	32	203	3	2026-12-06	6	1760000	1	0
2789	49	58	105	2	2026-12-06	3	307200	1	0
2790	17	44	203	4	2026-12-06	1	300000	1	0
2791	29	19	203	1	2026-12-06	5	1690000	1	0
2792	46	21	205	2	2026-12-06	4	756000	1	0
2793	10	76	103	3	2026-12-06	6	1408000	1	0
2794	44	32	204	3	2026-12-06	5	1029600	1	0
2795	36	17	104	4	2026-12-07	4	480000	1	0
2796	13	9	104	1	2026-12-07	2	312000	1	0
2797	18	29	401	3	2026-12-07	4	240000	1	0
2798	26	62	301	4	2026-12-07	2	600000	1	0
2799	45	65	203	1	2026-12-07	2	650000	1	0
2800	35	39	205	1	2026-12-08	7	1482000	1	0
2801	8	59	103	4	2026-12-08	5	1080000	1	0
2802	21	78	205	1	2026-12-08	3	585000	1	0
2803	17	6	102	3	2026-12-08	1	330000	1	0
2804	27	43	101	2	2026-12-08	2	960000	1	0
2805	22	59	103	1	2026-12-08	4	1092000	1	0
2806	7	81	205	1	2026-12-08	3	585000	1	0
2807	19	59	103	3	2026-12-08	1	220000	1	0
2808	3	43	203	3	2026-12-08	7	2090000	1	0
2809	30	72	205	1	2026-12-08	2	390000	1	0
2810	48	79	301	4	2026-12-08	4	1260000	1	0
2811	4	68	101	1	2026-12-09	1	520000	1	0
2812	1	68	401	2	2026-12-09	7	456000	1	0
2813	49	84	101	1	2026-12-09	3	1664000	1	0
2814	42	12	101	4	2026-12-09	3	1280000	1	0
2815	20	58	202	2	2026-12-09	3	1344000	1	0
2816	38	53	301	4	2026-12-09	1	300000	1	0
2817	34	5	202	4	2026-12-09	1	350000	1	0
2818	45	71	202	1	2026-12-09	1	455000	1	0
2819	9	72	101	3	2026-12-10	1	440000	1	0
2820	46	29	301	4	2026-12-10	3	1020000	1	0
2821	17	25	102	2	2026-12-10	7	2736000	1	0
2822	26	44	204	1	2026-12-10	4	1076400	1	0
2823	12	4	201	4	2026-12-10	3	1530000	1	0
2824	50	37	104	2	2026-12-10	1	144000	1	0
2825	15	74	205	1	2026-12-11	7	1482000	1	0
2826	45	29	103	1	2026-12-11	6	1716000	1	0
2827	44	24	201	1	2026-12-11	1	702000	1	0
2828	39	26	401	1	2026-12-11	2	144000	1	0
2829	41	53	202	1	2026-12-11	3	1638000	1	0
2830	27	19	301	1	2026-12-11	4	1380000	1	0
2831	21	58	204	2	2026-12-11	4	993600	1	0
2832	6	24	102	1	2026-12-12	7	2964000	1	0
2833	34	30	205	2	2026-12-12	1	216000	1	0
2834	31	48	103	1	2026-12-12	4	1144000	1	0
2835	23	23	104	1	2026-12-12	5	842400	1	0
2836	20	38	201	4	2026-12-12	4	1980000	1	0
2837	43	2	203	3	2026-12-13	5	1430000	1	0
2838	49	68	104	1	2026-12-13	1	187200	1	0
2839	40	68	401	1	2026-12-13	1	72000	1	0
2840	12	18	205	3	2026-12-13	4	693000	1	0
2841	30	78	105	1	2026-12-13	2	228800	1	0
2842	10	24	201	4	2026-12-13	3	1440000	1	0
2843	34	40	104	3	2026-12-13	1	158400	1	0
2844	18	4	104	3	2026-12-13	3	422400	1	0
2845	5	36	201	4	2026-12-14	7	3420000	1	0
2846	19	50	202	3	2026-12-14	5	2002000	1	0
2847	48	7	102	4	2026-12-14	1	300000	1	0
2848	41	48	401	2	2026-12-14	5	312000	1	0
2849	14	45	104	2	2026-12-14	5	748800	1	0
2850	39	40	103	4	2026-12-14	3	600000	1	0
2851	4	15	103	2	2026-12-15	4	1008000	1	0
2852	34	33	204	1	2026-12-15	6	1544400	1	0
2853	36	49	202	2	2026-12-15	5	2268000	1	0
2854	44	3	401	3	2026-12-15	5	324000	1	0
2855	42	19	105	4	2026-12-15	2	160000	1	0
2856	32	67	202	1	2026-12-15	1	455000	1	0
2857	50	59	104	1	2026-12-15	1	156000	1	0
2858	28	28	105	3	2026-12-15	3	264000	1	0
2859	8	73	104	2	2026-12-16	7	1094400	1	0
2860	9	73	203	3	2026-12-16	7	2090000	1	0
2861	3	38	103	2	2026-12-16	4	1056000	1	0
2862	27	65	203	3	2026-12-16	1	275000	1	0
2863	13	69	205	4	2026-12-16	6	990000	1	0
2864	30	9	101	1	2026-12-16	6	3432000	1	0
2865	20	24	104	3	2026-12-16	5	739200	1	0
2866	29	37	204	4	2026-12-16	5	1008000	1	0
2867	18	70	104	4	2026-12-16	5	672000	1	0
2868	7	83	201	3	2026-12-16	4	2178000	1	0
2869	39	78	105	3	2026-12-17	1	88000	1	0
2870	25	46	205	1	2026-12-17	7	1482000	1	0
2871	48	85	301	1	2026-12-17	6	1980000	1	0
2872	49	35	401	2	2026-12-17	1	60000	1	0
2873	40	32	103	4	2026-12-17	1	200000	1	0
2874	24	5	204	2	2026-12-17	7	1641600	1	0
2875	26	5	105	4	2026-12-17	6	528000	1	0
2876	17	16	102	2	2026-12-18	3	1296000	1	0
2877	35	56	301	1	2026-12-18	2	720000	1	0
2878	31	18	201	4	2026-12-18	2	1080000	1	0
2879	50	62	203	4	2026-12-18	2	600000	1	0
2880	46	12	101	4	2026-12-18	2	960000	1	0
2881	22	70	203	1	2026-12-18	3	1170000	1	0
2882	37	14	201	4	2026-12-18	4	2070000	1	0
2883	47	65	202	1	2026-12-18	1	546000	1	0
2884	38	23	202	3	2026-12-19	3	1309000	1	0
2885	15	4	201	1	2026-12-19	7	4446000	1	0
2886	42	40	205	1	2026-12-19	1	234000	1	0
2887	32	82	202	4	2026-12-19	4	1540000	1	0
2888	40	62	401	3	2026-12-19	2	144000	1	0
2889	28	55	202	1	2026-12-19	6	2912000	1	0
2890	23	41	301	2	2026-12-19	4	1320000	1	0
2891	50	37	401	2	2026-12-20	6	384000	1	0
2892	11	52	301	3	2026-12-20	1	360000	1	0
2893	16	71	205	3	2026-12-20	1	198000	1	0
2894	44	33	103	1	2026-12-20	7	1976000	1	0
2895	21	62	103	4	2026-12-20	6	1280000	1	0
2896	46	48	102	4	2026-12-20	1	360000	1	0
2897	39	63	105	3	2026-12-20	6	563200	1	0
2898	7	38	205	4	2026-12-20	3	480000	1	0
2899	49	73	401	3	2026-12-20	6	384000	1	0
2900	47	48	204	3	2026-12-20	1	237600	1	0
2901	14	71	301	1	2026-12-20	5	1560000	1	0
2902	16	11	204	1	2026-12-21	1	1497600	1	1
2903	45	73	203	1	2026-12-21	2	650000	1	1
2904	31	54	101	4	2026-12-21	1	800000	1	1
2905	46	61	102	3	2026-12-21	2	1320000	1	1
2906	27	50	103	4	2026-12-21	1	400000	1	1
2907	20	19	205	4	2026-12-21	2	300000	1	1
2908	41	12	202	3	2026-12-22	1	1155000	1	1
2909	33	33	204	3	2026-12-22	2	831600	1	1
2910	10	37	101	3	2026-12-22	1	3344000	1	1
2911	19	61	103	1	2026-12-22	2	1976000	1	1
2912	37	56	105	4	2026-12-22	1	608000	1	1
2913	6	33	301	4	2026-12-22	2	600000	1	1
2914	30	7	203	3	2026-12-22	1	275000	1	1
2915	38	80	205	3	2026-12-22	2	495000	1	1
2916	5	48	301	3	2026-12-22	1	300000	1	1
2917	4	76	105	2	2026-12-22	2	403200	1	1
2918	29	83	401	2	2026-12-22	1	60000	1	1
2919	47	24	104	3	2026-12-22	2	264000	1	1
2920	35	3	101	3	2026-12-22	1	880000	1	1
2921	17	59	105	4	2026-12-23	2	528000	1	1
2922	20	53	201	4	2026-12-23	1	1440000	1	1
2923	45	81	104	1	2026-12-23	2	1185600	1	1
2924	22	83	103	4	2026-12-23	1	880000	1	1
2925	43	49	204	3	2026-12-23	2	871200	1	1
2926	42	73	103	1	2026-12-23	1	520000	1	1
2927	1	25	102	1	2026-12-23	2	780000	1	1
2928	32	82	401	3	2026-12-23	1	60000	1	1
2929	11	74	103	4	2026-12-23	2	880000	1	1
2930	31	69	401	2	2026-12-23	1	264000	1	1
2931	8	32	205	3	2026-12-23	2	1089000	1	1
2932	12	23	104	3	2026-12-24	1	448800	1	1
2933	26	23	203	1	2026-12-24	2	1820000	1	1
2934	29	83	104	4	2026-12-24	1	408000	1	1
2935	5	39	102	4	2026-12-24	2	300000	1	1
2936	48	27	401	4	2026-12-24	1	204000	1	1
2937	24	36	202	4	2026-12-24	2	2660000	1	1
2938	7	61	204	4	2026-12-24	1	396000	1	1
2939	47	7	105	1	2026-12-24	2	582400	1	1
2940	25	74	201	3	2026-12-25	1	1782000	1	1
2941	6	6	104	4	2026-12-25	2	432000	1	1
2942	18	67	203	1	2026-12-25	1	1820000	1	1
2943	40	9	401	1	2026-12-25	2	456000	1	1
2944	30	80	203	3	2026-12-25	1	1540000	1	1
2945	34	37	105	2	2026-12-25	2	729600	1	1
2946	28	26	203	1	2026-12-25	1	2145000	1	1
2947	32	30	401	4	2026-12-25	2	72000	1	1
2948	36	61	101	1	2026-12-26	1	1248000	1	1
2949	27	8	105	2	2026-12-26	2	729600	1	1
2950	41	65	202	4	2026-12-26	1	1540000	1	1
2951	9	23	401	1	2026-12-26	2	324000	1	1
2952	38	54	204	2	2026-12-26	1	259200	1	1
2953	2	55	201	1	2026-12-26	2	702000	1	1
2954	4	16	401	1	2026-12-26	1	144000	1	1
2955	35	74	104	1	2026-12-26	2	1185600	1	1
2956	20	57	202	3	2026-12-26	1	462000	1	1
2957	39	69	103	3	2026-12-27	2	704000	1	1
2958	20	30	202	1	2026-12-27	1	546000	1	1
2959	43	15	201	4	2026-12-27	2	990000	1	1
2960	13	52	103	1	2026-12-27	1	572000	1	1
2961	16	48	301	3	2026-12-27	2	1560000	1	1
2962	49	28	104	4	2026-12-27	1	504000	1	1
2963	3	5	103	3	2026-12-28	2	440000	1	1
2964	2	79	401	2	2026-12-28	1	384000	1	1
2965	29	65	203	2	2026-12-28	2	900000	1	1
2966	22	28	201	3	2026-12-28	1	2574000	1	1
2967	36	4	401	4	2026-12-29	2	120000	1	1
2968	37	71	201	1	2026-12-29	1	1755000	1	1
2969	43	28	205	1	2026-12-29	2	195000	1	1
2970	7	70	401	3	2026-12-29	1	60000	1	1
2971	26	84	202	2	2026-12-29	2	2268000	1	1
2972	15	32	205	1	2026-12-29	1	390000	1	1
2973	33	19	202	1	2026-12-29	2	3003000	1	1
2974	32	16	101	2	2026-12-30	1	960000	1	1
2975	44	41	301	3	2026-12-30	2	300000	1	1
2976	8	31	104	3	2026-12-30	1	739200	1	1
2977	46	84	103	3	2026-12-30	2	220000	1	1
2978	18	54	103	4	2026-12-30	1	1120000	1	1
2979	23	56	101	3	2026-12-30	2	880000	1	1
2980	17	74	204	3	2026-12-30	1	396000	1	1
2981	5	63	204	2	2026-12-30	2	432000	1	1
2982	7	11	103	3	2026-12-30	1	220000	1	1
2983	6	77	204	4	2026-12-30	2	576000	1	1
2984	20	38	202	4	2026-12-30	1	1120000	1	1
2985	47	67	204	3	2026-12-30	2	396000	1	1
2986	31	48	204	1	2026-12-31	1	1778400	1	1
2987	21	3	104	2	2026-12-31	2	1094400	1	1
2988	39	66	105	3	2026-12-31	1	580800	1	1
2989	19	59	103	2	2026-12-31	2	1344000	1	1
2990	11	68	205	4	2026-12-31	1	150000	1	1
2991	50	77	203	1	2026-12-31	2	1820000	1	1
2992	38	41	101	1	2026-12-31	1	3952000	1	1
2993	9	38	104	3	2026-12-31	2	739200	1	1
2994	15	13	102	4	2026-12-31	1	1380000	1	1
2995	10	82	104	3	2026-12-31	2	132000	1	1
2996	45	20	103	2	2026-12-31	1	1344000	1	1
2997	42	80	105	3	2026-12-31	2	88000	1	1
2998	29	64	202	4	2026-12-31	1	1610000	1	1
2999	12	31	203	4	2026-12-31	2	1150000	1	1
3000	44	29	201	4	2026-12-31	1	3420000	1	1
