rvno	uno	hno	rtno	sdate	day
1	26	62	1	2026-01-01	2
2	38	66	1	2026-01-01	7
3	13	60	1	2026-01-01	6
4	42	34	1	2026-01-01	1
5	46	96	1	2026-01-01	5
6	44	5	1	2026-01-01	1
7	19	58	3	2026-01-02	6
8	16	90	3	2026-01-02	3
9	20	94	3	2026-01-02	7
10	30	62	2	2026-01-02	2
11	8	37	1	2026-01-03	1
12	29	37	1	2026-01-03	3
13	1	90	3	2026-01-03	6
14	46	9	2	2026-01-03	3
15	28	87	1	2026-01-04	6
16	36	55	3	2026-01-05	7
17	43	65	3	2026-01-05	1
18	28	89	2	2026-01-05	6
19	13	98	1	2026-01-05	7
20	45	9	1	2026-01-05	3
21	20	30	1	2026-01-05	6
22	18	93	3	2026-01-06	5
23	35	74	1	2026-01-06	4
24	11	27	1	2026-01-07	5
25	40	68	3	2026-01-07	1
26	41	98	2	2026-01-07	5
27	44	93	1	2026-01-07	7
28	24	55	1	2026-01-07	6
29	31	93	1	2026-01-07	6
30	41	89	1	2026-01-07	3
31	43	98	4	2026-01-08	2
32	27	83	4	2026-01-08	1
33	19	58	1	2026-01-08	2
34	30	74	1	2026-01-08	1
35	8	35	2	2026-01-09	3
36	41	34	1	2026-01-09	6
37	14	88	1	2026-01-10	4
38	24	44	1	2026-01-10	4
39	1	63	1	2026-01-10	3
40	15	7	4	2026-01-10	1
41	7	28	3	2026-01-10	6
42	19	34	1	2026-01-10	6
43	34	67	1	2026-01-11	3
44	16	69	1	2026-01-11	4
45	23	64	4	2026-01-11	2
46	11	3	4	2026-01-11	3
47	13	53	4	2026-01-11	3
48	46	63	3	2026-01-11	3
49	31	44	3	2026-01-11	6
50	46	30	2	2026-01-11	3
51	47	38	2	2026-01-11	1
52	16	88	1	2026-01-11	5
53	3	58	1	2026-01-12	5
54	13	64	3	2026-01-12	7
55	3	62	2	2026-01-12	3
56	35	68	1	2026-01-13	1
57	20	88	1	2026-01-13	4
58	42	88	1	2026-01-13	5
59	11	53	1	2026-01-13	6
60	5	90	4	2026-01-13	1
61	43	3	3	2026-01-13	4
62	1	62	1	2026-01-14	4
63	2	12	1	2026-01-14	2
64	39	9	4	2026-01-14	5
65	1	34	3	2026-01-14	5
66	26	44	3	2026-01-14	5
67	27	96	3	2026-01-14	5
68	7	88	2	2026-01-14	7
69	11	82	1	2026-01-14	6
70	22	5	1	2026-01-15	5
71	11	1	1	2026-01-15	2
72	34	64	4	2026-01-15	1
73	24	12	4	2026-01-15	3
74	47	60	2	2026-01-15	3
75	47	27	1	2026-01-15	7
76	29	87	1	2026-01-15	6
77	47	44	3	2026-01-16	6
78	31	87	3	2026-01-16	7
79	37	96	2	2026-01-16	2
80	12	26	1	2026-01-16	4
81	21	85	1	2026-01-16	1
82	7	38	4	2026-01-17	7
83	10	80	3	2026-01-17	4
84	24	3	2	2026-01-17	4
85	5	37	2	2026-01-17	4
86	18	69	1	2026-01-17	2
87	32	85	1	2026-01-17	6
88	15	69	1	2026-01-18	2
89	19	38	4	2026-01-18	3
90	45	76	4	2026-01-18	7
91	41	98	1	2026-01-18	7
92	15	93	1	2026-01-18	4
93	5	88	1	2026-01-18	1
94	17	9	1	2026-01-18	3
95	45	80	1	2026-01-19	2
96	44	4	1	2026-01-19	3
97	30	88	3	2026-01-19	2
98	40	9	1	2026-01-19	1
99	42	29	1	2026-01-20	4
100	50	96	4	2026-01-20	5
101	20	65	3	2026-01-20	2
102	44	68	3	2026-01-20	6
103	28	27	1	2026-01-20	2
104	3	57	1	2026-01-21	1
105	36	9	1	2026-01-21	5
106	16	9	3	2026-01-21	6
107	40	27	3	2026-01-21	4
108	49	80	2	2026-01-21	1
109	12	53	2	2026-01-21	4
110	17	65	2	2026-01-21	7
111	44	9	2	2026-01-21	5
112	46	58	1	2026-01-22	5
113	21	12	1	2026-01-22	3
114	5	66	4	2026-01-22	5
115	29	55	3	2026-01-22	5
116	8	34	3	2026-01-22	5
117	16	85	2	2026-01-22	1
118	3	41	1	2026-01-22	5
119	32	5	1	2026-01-23	5
120	17	58	1	2026-01-23	1
121	40	26	4	2026-01-23	2
122	50	41	3	2026-01-23	4
123	34	38	2	2026-01-23	6
124	3	37	1	2026-01-23	4
125	31	41	1	2026-01-23	4
126	9	62	1	2026-01-24	7
127	49	58	3	2026-01-24	3
128	26	63	1	2026-01-25	1
129	45	1	1	2026-01-25	7
130	24	87	1	2026-01-25	3
131	14	76	1	2026-01-25	6
132	41	55	4	2026-01-25	3
133	19	57	4	2026-01-25	3
134	47	62	3	2026-01-25	5
135	34	66	3	2026-01-25	5
136	43	80	1	2026-01-26	4
137	41	63	4	2026-01-26	2
138	42	94	2	2026-01-26	1
139	41	35	2	2026-01-26	6
140	41	87	1	2026-01-27	7
141	23	67	4	2026-01-27	3
142	34	58	2	2026-01-27	2
143	33	29	2	2026-01-27	4
144	31	65	1	2026-01-27	2
145	30	36	1	2026-01-28	4
146	32	96	4	2026-01-28	1
147	41	94	2	2026-01-28	7
148	10	58	1	2026-01-29	6
149	50	4	1	2026-01-29	5
150	38	76	3	2026-01-29	6
151	32	76	1	2026-01-29	1
152	27	87	1	2026-01-30	3
153	47	69	1	2026-01-30	4
154	6	65	1	2026-01-30	4
155	36	44	3	2026-01-30	4
156	12	93	3	2026-01-30	5
157	42	44	2	2026-01-30	7
158	41	62	1	2026-01-31	6
159	2	90	3	2026-01-31	3
160	33	30	1	2026-01-31	5
161	15	64	1	2026-02-01	3
162	26	3	4	2026-02-01	3
163	12	65	2	2026-02-01	2
164	47	34	2	2026-02-01	2
165	33	5	1	2026-02-01	5
166	2	69	1	2026-02-02	6
167	6	98	4	2026-02-02	4
168	13	69	4	2026-02-02	6
169	41	12	4	2026-02-02	2
170	30	83	4	2026-02-02	3
171	25	96	3	2026-02-02	5
172	49	4	3	2026-02-02	2
173	7	1	3	2026-02-02	2
174	19	12	2	2026-02-02	7
175	34	1	4	2026-02-03	5
176	32	68	4	2026-02-03	7
177	22	9	4	2026-02-03	3
178	6	64	3	2026-02-03	6
179	41	57	2	2026-02-03	4
180	28	66	1	2026-02-03	4
181	30	44	1	2026-02-03	5
182	16	12	1	2026-02-04	2
183	17	76	2	2026-02-04	2
184	10	67	2	2026-02-04	5
185	6	62	1	2026-02-04	6
186	49	55	4	2026-02-05	4
187	31	85	4	2026-02-05	1
188	49	60	3	2026-02-05	1
189	23	89	3	2026-02-05	5
190	48	12	3	2026-02-05	4
191	14	89	1	2026-02-05	3
192	34	4	1	2026-02-06	7
193	3	83	2	2026-02-06	2
194	47	93	2	2026-02-06	1
195	23	4	1	2026-02-06	6
196	46	5	1	2026-02-06	7
197	19	98	1	2026-02-07	4
198	47	90	3	2026-02-07	4
199	32	74	2	2026-02-07	3
200	23	1	2	2026-02-07	4
201	6	41	4	2026-02-08	5
202	8	76	3	2026-02-08	6
203	33	30	3	2026-02-08	1
204	48	60	3	2026-02-08	5
205	48	58	2	2026-02-08	2
206	19	93	1	2026-02-09	1
207	10	53	4	2026-02-09	1
208	23	80	1	2026-02-09	3
209	27	93	1	2026-02-09	5
210	41	74	1	2026-02-10	7
211	2	44	2	2026-02-10	4
212	29	58	2	2026-02-10	2
213	29	62	2	2026-02-10	2
214	35	76	1	2026-02-10	3
215	34	44	4	2026-02-11	6
216	38	88	4	2026-02-11	7
217	12	3	2	2026-02-11	3
218	28	12	2	2026-02-11	3
219	30	76	1	2026-02-11	4
220	27	89	1	2026-02-11	2
221	41	9	1	2026-02-12	6
222	32	87	1	2026-02-12	5
223	16	9	3	2026-02-12	4
224	32	74	2	2026-02-12	1
225	8	68	1	2026-02-12	6
226	48	9	1	2026-02-13	1
227	22	62	1	2026-02-13	3
228	34	30	3	2026-02-13	2
229	17	5	2	2026-02-13	2
230	12	65	2	2026-02-13	7
231	16	57	1	2026-02-14	5
232	20	27	3	2026-02-14	1
233	17	26	3	2026-02-14	7
234	29	68	3	2026-02-14	2
235	40	53	3	2026-02-14	1
236	17	41	1	2026-02-14	7
237	15	64	1	2026-02-14	1
238	38	3	4	2026-02-15	4
239	26	44	4	2026-02-15	2
240	28	35	1	2026-02-15	1
241	28	26	1	2026-02-15	1
242	39	41	1	2026-02-15	4
243	40	30	1	2026-02-16	2
244	27	64	1	2026-02-16	6
245	48	82	4	2026-02-16	4
246	23	44	4	2026-02-16	3
247	46	90	1	2026-02-16	6
248	41	66	1	2026-02-17	7
249	2	44	1	2026-02-17	7
250	1	87	4	2026-02-17	2
251	39	60	2	2026-02-17	5
252	47	74	1	2026-02-17	2
253	44	26	1	2026-02-18	4
254	39	65	1	2026-02-18	5
255	22	65	1	2026-02-18	4
256	35	57	4	2026-02-18	5
257	13	26	3	2026-02-18	2
258	50	4	3	2026-02-18	4
259	2	37	3	2026-02-18	6
260	28	38	2	2026-02-18	4
261	35	74	2	2026-02-18	5
262	28	80	2	2026-02-18	2
263	9	26	1	2026-02-18	4
264	11	1	1	2026-02-18	5
265	40	96	1	2026-02-18	2
266	17	83	1	2026-02-18	2
267	40	67	1	2026-02-18	6
268	34	68	1	2026-02-19	4
269	17	76	2	2026-02-19	4
270	21	66	2	2026-02-19	1
271	20	77	1	2026-02-19	6
272	24	98	1	2026-02-20	7
273	36	55	1	2026-02-20	7
274	17	38	2	2026-02-20	5
275	30	74	1	2026-02-20	6
276	1	76	1	2026-02-21	3
277	29	62	1	2026-02-21	3
278	46	67	1	2026-02-21	6
279	38	66	1	2026-02-21	6
280	3	41	4	2026-02-21	2
281	23	88	4	2026-02-21	5
282	30	83	2	2026-02-21	7
283	34	65	2	2026-02-21	1
284	4	89	2	2026-02-21	1
285	27	93	2	2026-02-21	1
286	42	77	1	2026-02-21	1
287	38	98	1	2026-02-22	3
288	12	44	1	2026-02-22	7
289	10	5	3	2026-02-22	2
290	47	96	3	2026-02-22	6
291	42	37	2	2026-02-22	4
292	39	1	2	2026-02-22	5
293	39	9	2	2026-02-22	3
294	50	96	1	2026-02-23	7
295	5	90	4	2026-02-23	7
296	15	3	4	2026-02-23	4
297	16	37	4	2026-02-23	7
298	23	53	4	2026-02-23	6
299	6	30	4	2026-02-23	7
300	21	67	4	2026-02-23	5
301	41	89	3	2026-02-23	5
302	22	29	3	2026-02-23	3
303	28	41	3	2026-02-23	1
304	44	44	2	2026-02-23	6
305	43	69	1	2026-02-24	2
306	5	64	1	2026-02-24	6
307	8	88	4	2026-02-25	1
308	1	41	4	2026-02-25	2
309	24	29	4	2026-02-25	2
310	27	57	4	2026-02-25	2
311	47	58	3	2026-02-25	3
312	41	1	3	2026-02-25	2
313	26	65	1	2026-02-25	7
314	37	9	1	2026-02-26	6
315	21	77	1	2026-02-26	1
316	2	36	4	2026-02-26	3
317	42	53	4	2026-02-26	2
318	1	30	4	2026-02-26	5
319	40	4	3	2026-02-26	2
320	22	44	3	2026-02-26	2
321	13	26	1	2026-02-26	3
322	26	36	1	2026-02-27	3
323	4	98	1	2026-02-27	7
324	34	66	4	2026-02-27	1
325	17	29	4	2026-02-27	3
326	44	44	3	2026-02-27	3
327	22	29	2	2026-02-27	6
328	1	93	2	2026-02-27	7
329	29	89	1	2026-02-27	5
330	16	26	1	2026-02-27	6
331	30	7	1	2026-02-28	2
332	16	55	1	2026-02-28	5
333	29	44	4	2026-02-28	3
334	31	9	4	2026-02-28	5
335	21	35	4	2026-02-28	5
336	41	3	3	2026-02-28	1
337	12	80	1	2026-02-28	7
338	15	36	1	2026-03-01	3
339	46	4	4	2026-03-01	7
340	37	69	3	2026-03-01	7
341	17	44	2	2026-03-01	7
342	47	87	2	2026-03-01	2
343	40	66	1	2026-03-01	3
344	16	37	4	2026-03-02	5
345	19	12	4	2026-03-02	7
346	4	66	4	2026-03-02	2
347	26	30	1	2026-03-02	6
348	34	90	4	2026-03-03	4
349	39	80	1	2026-03-04	1
350	12	88	1	2026-03-04	3
351	34	27	1	2026-03-04	5
352	4	3	1	2026-03-04	3
353	27	90	4	2026-03-04	1
354	30	7	3	2026-03-04	7
355	41	80	3	2026-03-04	3
356	21	60	2	2026-03-04	3
357	5	28	2	2026-03-04	4
358	8	3	1	2026-03-04	3
359	48	87	4	2026-03-05	3
360	42	88	3	2026-03-05	3
361	6	30	2	2026-03-05	5
362	11	65	1	2026-03-05	6
363	47	58	1	2026-03-05	6
364	38	36	1	2026-03-05	7
365	31	60	1	2026-03-06	6
366	37	85	4	2026-03-06	2
367	5	9	3	2026-03-06	4
368	17	69	3	2026-03-06	4
369	7	67	2	2026-03-06	4
370	27	64	1	2026-03-06	5
371	40	5	1	2026-03-06	2
372	20	85	1	2026-03-07	3
373	30	3	4	2026-03-07	7
374	15	76	4	2026-03-07	2
375	38	34	3	2026-03-07	7
376	47	80	3	2026-03-07	5
377	18	76	3	2026-03-07	3
378	30	53	1	2026-03-08	7
379	13	28	1	2026-03-08	5
380	21	77	1	2026-03-08	6
381	47	5	1	2026-03-08	4
382	18	80	1	2026-03-08	6
383	30	62	4	2026-03-08	2
384	47	68	4	2026-03-08	3
385	20	1	4	2026-03-08	7
386	37	12	4	2026-03-08	3
387	2	5	3	2026-03-08	5
388	20	74	1	2026-03-08	4
389	18	26	1	2026-03-09	6
390	29	4	1	2026-03-09	2
391	17	55	4	2026-03-09	5
392	18	12	4	2026-03-09	7
393	21	38	3	2026-03-09	2
394	14	36	3	2026-03-09	3
395	11	64	3	2026-03-09	7
396	43	93	3	2026-03-09	6
397	17	82	1	2026-03-09	5
398	30	62	1	2026-03-10	6
399	21	26	1	2026-03-10	6
400	4	26	4	2026-03-10	7
401	28	83	3	2026-03-10	2
402	10	66	3	2026-03-10	4
403	32	3	3	2026-03-10	5
404	16	67	1	2026-03-10	5
405	22	76	1	2026-03-10	3
406	34	66	1	2026-03-11	2
407	25	89	4	2026-03-11	7
408	3	93	4	2026-03-11	3
409	14	77	4	2026-03-11	6
410	43	41	4	2026-03-11	7
411	39	7	4	2026-03-11	5
412	17	60	4	2026-03-11	1
413	43	93	2	2026-03-11	2
414	10	55	2	2026-03-11	2
415	11	74	2	2026-03-11	1
416	25	53	1	2026-03-11	4
417	28	83	1	2026-03-11	6
418	50	35	1	2026-03-11	4
419	21	60	1	2026-03-12	6
420	40	4	1	2026-03-12	3
421	38	68	4	2026-03-12	3
422	13	77	3	2026-03-12	6
423	38	28	2	2026-03-12	5
424	23	80	1	2026-03-12	3
425	35	55	1	2026-03-13	7
426	8	38	1	2026-03-13	7
427	40	12	1	2026-03-13	3
428	9	82	4	2026-03-13	7
429	43	98	4	2026-03-13	3
430	14	27	3	2026-03-13	4
431	5	36	2	2026-03-13	5
432	17	38	2	2026-03-13	3
433	16	82	2	2026-03-13	5
434	26	65	1	2026-03-13	1
435	5	58	1	2026-03-13	2
436	49	74	1	2026-03-14	5
437	33	57	3	2026-03-14	7
438	43	96	3	2026-03-14	3
439	2	77	2	2026-03-14	2
440	48	12	4	2026-03-15	4
441	41	67	1	2026-03-15	4
442	2	35	1	2026-03-16	5
443	45	65	1	2026-03-16	4
444	36	38	4	2026-03-16	2
445	1	26	3	2026-03-16	3
446	3	37	3	2026-03-16	2
447	49	96	3	2026-03-16	6
448	44	28	3	2026-03-16	2
449	16	76	3	2026-03-16	6
450	24	35	2	2026-03-16	3
451	4	58	2	2026-03-16	5
452	29	66	2	2026-03-16	3
453	31	7	2	2026-03-16	1
454	50	89	1	2026-03-16	5
455	20	66	1	2026-03-16	2
456	18	93	1	2026-03-16	5
457	15	3	1	2026-03-16	6
458	39	65	1	2026-03-17	1
459	35	1	4	2026-03-17	1
460	46	37	3	2026-03-17	4
461	19	88	2	2026-03-17	3
462	47	3	1	2026-03-18	3
463	18	80	4	2026-03-18	2
464	2	90	3	2026-03-18	6
465	24	87	2	2026-03-18	6
466	43	37	2	2026-03-18	3
467	7	67	1	2026-03-18	4
468	21	89	1	2026-03-18	5
469	7	67	3	2026-03-19	5
470	12	69	2	2026-03-19	3
471	49	29	1	2026-03-20	5
472	17	62	3	2026-03-20	4
473	11	89	3	2026-03-20	2
474	31	85	3	2026-03-20	5
475	43	85	2	2026-03-20	7
476	37	28	2	2026-03-20	4
477	26	64	1	2026-03-21	5
478	48	5	1	2026-03-21	4
479	2	66	2	2026-03-21	1
480	21	12	1	2026-03-21	3
481	23	44	1	2026-03-22	1
482	42	88	1	2026-03-22	5
483	30	96	1	2026-03-22	3
484	9	83	3	2026-03-22	7
485	43	38	3	2026-03-22	2
486	19	96	2	2026-03-22	3
487	10	58	1	2026-03-23	3
488	12	80	1	2026-03-23	5
489	10	3	4	2026-03-23	5
490	11	96	2	2026-03-23	2
491	29	68	2	2026-03-23	5
492	11	57	1	2026-03-23	3
493	46	34	1	2026-03-24	2
494	16	4	1	2026-03-24	5
495	8	64	3	2026-03-24	6
496	27	82	3	2026-03-24	1
497	46	12	3	2026-03-24	4
498	1	69	2	2026-03-24	2
499	28	34	1	2026-03-24	2
500	41	80	1	2026-03-24	7
501	33	65	1	2026-03-24	2
502	19	27	1	2026-03-24	5
503	27	57	1	2026-03-24	1
504	32	5	1	2026-03-25	1
505	17	82	4	2026-03-25	5
506	30	66	4	2026-03-25	7
507	45	88	3	2026-03-25	5
508	50	66	2	2026-03-25	2
509	24	5	2	2026-03-25	7
510	23	68	1	2026-03-26	3
511	32	85	4	2026-03-26	2
512	18	3	4	2026-03-26	1
513	12	64	3	2026-03-26	4
514	36	34	3	2026-03-26	1
515	17	7	2	2026-03-26	3
516	3	9	2	2026-03-26	1
517	4	28	1	2026-03-26	5
518	40	35	4	2026-03-27	2
519	16	7	4	2026-03-27	4
520	25	60	4	2026-03-27	6
521	37	34	4	2026-03-27	3
522	31	36	4	2026-03-27	2
523	24	77	3	2026-03-27	3
524	21	88	1	2026-03-27	5
525	39	62	4	2026-03-28	4
526	7	66	4	2026-03-28	6
527	20	63	3	2026-03-28	1
528	8	69	3	2026-03-28	2
529	6	12	3	2026-03-28	2
530	39	68	3	2026-03-28	6
531	47	98	2	2026-03-28	5
532	2	7	2	2026-03-28	3
533	9	67	1	2026-03-28	3
534	18	58	1	2026-03-28	1
535	18	41	1	2026-03-28	6
536	1	68	1	2026-03-29	5
537	9	65	4	2026-03-29	1
538	37	9	2	2026-03-29	2
539	16	74	1	2026-03-29	1
540	3	12	1	2026-03-29	1
541	27	64	1	2026-03-30	2
542	38	29	1	2026-03-30	5
543	50	36	4	2026-03-30	2
544	27	9	4	2026-03-30	5
545	33	29	4	2026-03-30	1
546	11	74	3	2026-03-30	7
547	8	36	3	2026-03-30	1
548	2	66	2	2026-03-30	7
549	21	9	2	2026-03-30	1
550	29	65	2	2026-03-30	3
551	40	64	4	2026-03-31	3
552	24	80	4	2026-03-31	6
553	42	55	4	2026-03-31	2
554	10	38	3	2026-03-31	1
555	12	3	3	2026-03-31	7
556	23	36	2	2026-03-31	2
557	4	38	2	2026-03-31	2
558	29	36	2	2026-03-31	6
559	45	55	1	2026-03-31	3
560	27	27	1	2026-03-31	7
561	32	85	1	2026-03-31	5
562	37	60	1	2026-03-31	7
563	17	53	1	2026-04-01	3
564	28	60	3	2026-04-01	6
565	19	87	2	2026-04-01	7
566	1	82	1	2026-04-01	7
567	49	27	1	2026-04-02	3
568	4	9	1	2026-04-02	7
569	4	34	1	2026-04-02	5
570	9	28	1	2026-04-02	3
571	32	60	3	2026-04-02	5
572	13	30	3	2026-04-02	4
573	42	3	1	2026-04-02	6
574	12	83	1	2026-04-03	6
575	13	96	1	2026-04-03	5
576	46	53	3	2026-04-03	6
577	26	28	1	2026-04-03	3
578	23	90	1	2026-04-03	4
579	21	38	3	2026-04-04	2
580	43	93	2	2026-04-04	1
581	40	4	2	2026-04-04	6
582	4	65	2	2026-04-04	2
583	38	74	2	2026-04-04	2
584	41	28	2	2026-04-04	4
585	30	89	2	2026-04-04	7
586	28	41	4	2026-04-05	6
587	10	60	4	2026-04-05	7
588	14	12	4	2026-04-05	2
589	32	80	3	2026-04-05	3
590	27	90	2	2026-04-05	3
591	46	34	2	2026-04-05	6
592	37	64	2	2026-04-05	1
593	33	63	1	2026-04-06	6
594	28	93	1	2026-04-06	6
595	28	93	1	2026-04-06	4
596	46	38	4	2026-04-06	7
597	14	4	4	2026-04-06	5
598	41	90	3	2026-04-06	7
599	23	36	3	2026-04-06	7
600	10	67	1	2026-04-06	5
601	36	62	1	2026-04-07	6
602	36	29	4	2026-04-07	1
603	31	55	2	2026-04-07	1
604	21	5	2	2026-04-07	2
605	20	66	1	2026-04-07	6
606	25	74	3	2026-04-08	3
607	22	53	2	2026-04-08	3
608	10	38	2	2026-04-08	7
609	12	83	1	2026-04-09	7
610	21	41	1	2026-04-09	6
611	5	27	3	2026-04-09	3
612	40	74	3	2026-04-09	2
613	1	93	3	2026-04-09	5
614	47	34	1	2026-04-10	3
615	42	89	1	2026-04-10	6
616	30	63	1	2026-04-10	5
617	20	44	4	2026-04-10	6
618	7	98	4	2026-04-10	5
619	22	44	2	2026-04-10	6
620	25	4	2	2026-04-10	6
621	23	77	1	2026-04-10	2
622	4	29	1	2026-04-10	2
623	44	69	1	2026-04-11	3
624	25	89	4	2026-04-11	6
625	47	65	4	2026-04-11	2
626	32	82	3	2026-04-11	6
627	20	44	2	2026-04-11	1
628	13	60	2	2026-04-11	1
629	35	27	1	2026-04-11	7
630	26	53	1	2026-04-12	5
631	36	28	1	2026-04-12	7
632	26	63	4	2026-04-12	2
633	25	62	4	2026-04-12	3
634	30	66	4	2026-04-12	1
635	50	83	3	2026-04-12	4
636	6	9	2	2026-04-12	3
637	27	5	1	2026-04-12	2
638	46	53	1	2026-04-12	6
639	49	9	1	2026-04-12	6
640	24	87	1	2026-04-12	2
641	5	69	1	2026-04-13	6
642	49	66	4	2026-04-13	4
643	29	30	3	2026-04-13	3
644	10	63	2	2026-04-13	7
645	33	74	1	2026-04-13	5
646	50	65	1	2026-04-13	6
647	28	64	1	2026-04-14	2
648	34	41	1	2026-04-14	5
649	19	3	1	2026-04-14	1
650	1	93	4	2026-04-14	3
651	5	12	4	2026-04-14	5
652	29	74	3	2026-04-14	7
653	43	58	3	2026-04-14	1
654	13	63	3	2026-04-14	3
655	10	62	3	2026-04-14	2
656	15	27	2	2026-04-14	5
657	40	90	2	2026-04-14	7
658	30	53	1	2026-04-14	4
659	50	83	1	2026-04-14	4
660	47	69	4	2026-04-15	6
661	30	77	4	2026-04-15	5
662	5	68	3	2026-04-15	7
663	46	58	3	2026-04-15	2
664	10	37	2	2026-04-15	4
665	31	67	1	2026-04-16	1
666	38	4	4	2026-04-16	7
667	44	57	3	2026-04-16	3
668	28	66	1	2026-04-16	7
669	15	29	4	2026-04-17	7
670	16	34	3	2026-04-17	1
671	26	64	1	2026-04-17	6
672	25	5	1	2026-04-18	1
673	4	12	1	2026-04-18	5
674	47	35	4	2026-04-18	4
675	33	58	4	2026-04-18	2
676	19	94	4	2026-04-18	7
677	11	28	1	2026-04-18	6
678	39	29	4	2026-04-19	3
679	37	28	4	2026-04-19	1
680	9	64	3	2026-04-19	1
681	47	66	3	2026-04-19	4
682	25	27	2	2026-04-19	1
683	23	96	2	2026-04-19	7
684	25	3	1	2026-04-19	3
685	39	76	1	2026-04-20	5
686	14	53	3	2026-04-20	1
687	15	5	3	2026-04-20	3
688	20	27	2	2026-04-20	7
689	8	82	2	2026-04-20	5
690	39	12	2	2026-04-20	3
691	36	53	1	2026-04-20	2
692	2	77	3	2026-04-21	5
693	25	94	2	2026-04-21	4
694	11	29	1	2026-04-21	7
695	41	55	1	2026-04-22	3
696	37	57	4	2026-04-22	4
697	20	64	3	2026-04-22	5
698	33	35	3	2026-04-22	4
699	15	4	3	2026-04-22	4
700	27	60	2	2026-04-22	7
701	47	83	2	2026-04-22	2
702	24	7	1	2026-04-22	2
703	15	68	4	2026-04-23	3
704	1	53	3	2026-04-23	2
705	37	67	3	2026-04-23	6
706	41	63	2	2026-04-23	6
707	14	77	1	2026-04-23	4
708	8	30	1	2026-04-23	6
709	15	85	1	2026-04-23	6
710	33	1	4	2026-04-24	3
711	18	65	4	2026-04-24	5
712	12	57	3	2026-04-24	5
713	44	38	2	2026-04-24	1
714	22	44	2	2026-04-24	2
715	7	65	1	2026-04-24	2
716	21	36	1	2026-04-25	2
717	48	3	4	2026-04-25	6
718	38	62	4	2026-04-25	6
719	5	76	3	2026-04-25	4
720	9	77	3	2026-04-25	2
721	33	58	3	2026-04-25	2
722	15	85	3	2026-04-25	6
723	24	34	2	2026-04-25	2
724	31	26	2	2026-04-25	7
725	3	63	1	2026-04-25	5
726	23	1	1	2026-04-25	2
727	36	27	1	2026-04-25	2
728	9	94	1	2026-04-26	4
729	16	41	1	2026-04-26	6
730	6	65	4	2026-04-26	5
731	13	38	3	2026-04-26	6
732	1	12	2	2026-04-26	7
733	17	55	1	2026-04-26	1
734	30	98	1	2026-04-26	7
735	39	3	1	2026-04-26	2
736	16	26	3	2026-04-27	4
737	48	66	1	2026-04-27	3
738	22	68	1	2026-04-27	5
739	47	53	4	2026-04-28	4
740	49	89	4	2026-04-28	7
741	27	93	3	2026-04-28	4
742	37	82	2	2026-04-28	5
743	10	5	1	2026-04-29	5
744	27	62	4	2026-04-29	3
745	25	58	4	2026-04-29	1
746	28	5	3	2026-04-29	1
747	37	64	3	2026-04-29	6
748	21	67	2	2026-04-29	5
749	8	5	1	2026-04-30	7
750	27	89	1	2026-04-30	3
751	32	96	1	2026-04-30	7
752	24	77	4	2026-04-30	1
753	46	74	4	2026-04-30	6
754	4	82	3	2026-04-30	1
755	9	62	3	2026-04-30	2
756	7	30	1	2026-04-30	6
757	8	93	1	2026-04-30	1
758	9	53	4	2026-05-01	2
759	38	83	3	2026-05-01	4
760	19	12	1	2026-05-01	2
761	21	3	1	2026-05-02	3
762	14	12	1	2026-05-02	1
763	41	74	4	2026-05-02	3
764	44	1	4	2026-05-02	7
765	37	58	4	2026-05-02	3
766	1	36	2	2026-05-02	7
767	7	63	2	2026-05-02	5
768	4	85	2	2026-05-02	2
769	16	82	2	2026-05-02	5
770	46	63	1	2026-05-02	1
771	37	30	4	2026-05-03	6
772	14	93	4	2026-05-03	1
773	46	36	3	2026-05-03	1
774	23	4	3	2026-05-03	4
775	32	53	3	2026-05-03	6
776	40	26	2	2026-05-03	1
777	41	62	1	2026-05-03	1
778	40	67	1	2026-05-03	2
779	1	1	1	2026-05-04	5
780	34	55	4	2026-05-04	2
781	9	65	3	2026-05-04	4
782	7	88	3	2026-05-04	4
783	26	27	2	2026-05-04	1
784	9	89	1	2026-05-04	7
785	10	83	4	2026-05-05	1
786	49	67	4	2026-05-05	5
787	32	26	3	2026-05-05	6
788	30	62	3	2026-05-05	7
789	42	26	2	2026-05-05	7
790	22	34	1	2026-05-05	4
791	39	89	1	2026-05-05	5
792	50	27	1	2026-05-06	1
793	6	30	4	2026-05-06	3
794	25	80	4	2026-05-06	2
795	26	68	3	2026-05-06	5
796	23	85	3	2026-05-06	2
797	3	44	2	2026-05-06	2
798	25	87	1	2026-05-06	4
799	8	69	1	2026-05-06	7
800	2	4	1	2026-05-07	2
801	19	68	4	2026-05-07	6
802	31	4	3	2026-05-07	1
803	14	30	2	2026-05-07	4
804	34	9	2	2026-05-07	7
805	31	60	2	2026-05-07	7
806	1	76	1	2026-05-08	4
807	15	98	4	2026-05-08	6
808	3	65	3	2026-05-08	7
809	40	65	1	2026-05-08	6
810	35	30	1	2026-05-09	4
811	6	98	1	2026-05-09	7
812	46	62	4	2026-05-09	1
813	21	26	2	2026-05-09	3
814	34	28	1	2026-05-09	7
815	46	58	1	2026-05-10	6
816	49	37	1	2026-05-10	7
817	21	76	1	2026-05-10	4
818	36	57	4	2026-05-10	6
819	31	35	4	2026-05-10	2
820	13	64	4	2026-05-10	7
821	25	60	3	2026-05-10	6
822	34	58	3	2026-05-10	7
823	47	90	3	2026-05-10	2
824	17	29	2	2026-05-10	4
825	30	77	2	2026-05-10	6
826	23	26	1	2026-05-11	5
827	21	44	1	2026-05-11	4
828	1	55	1	2026-05-11	4
829	37	5	1	2026-05-11	7
830	44	4	4	2026-05-11	6
831	28	53	4	2026-05-11	4
832	38	37	3	2026-05-11	5
833	29	28	1	2026-05-12	1
834	29	35	1	2026-05-12	4
835	50	65	4	2026-05-12	4
836	33	30	3	2026-05-12	7
837	19	34	3	2026-05-12	5
838	13	57	3	2026-05-12	2
839	25	74	2	2026-05-12	2
840	15	41	2	2026-05-12	2
841	37	93	1	2026-05-12	5
842	32	89	4	2026-05-13	4
843	7	4	4	2026-05-13	2
844	30	88	2	2026-05-13	5
845	2	35	2	2026-05-13	3
846	33	34	1	2026-05-13	7
847	5	94	1	2026-05-14	4
848	31	9	4	2026-05-14	5
849	47	89	4	2026-05-14	2
850	38	29	3	2026-05-14	3
851	4	63	2	2026-05-14	4
852	49	5	2	2026-05-14	7
853	3	41	1	2026-05-14	3
854	27	44	1	2026-05-14	2
855	8	74	1	2026-05-14	7
856	23	29	1	2026-05-14	6
857	10	26	1	2026-05-15	1
858	48	90	1	2026-05-15	1
859	2	26	1	2026-05-15	2
860	30	44	1	2026-05-15	4
861	12	66	1	2026-05-15	4
862	2	76	3	2026-05-15	7
863	5	5	3	2026-05-15	5
864	47	1	1	2026-05-15	1
865	33	30	1	2026-05-15	1
866	41	85	1	2026-05-15	2
867	25	87	1	2026-05-16	6
868	1	85	1	2026-05-16	7
869	3	76	4	2026-05-16	4
870	22	1	4	2026-05-16	1
871	16	26	4	2026-05-16	4
872	47	38	4	2026-05-16	2
873	19	34	3	2026-05-16	7
874	41	28	3	2026-05-16	6
875	9	69	1	2026-05-16	7
876	44	82	4	2026-05-17	3
877	37	1	2	2026-05-17	1
878	48	38	2	2026-05-17	1
879	29	7	2	2026-05-17	6
880	43	36	1	2026-05-17	4
881	4	93	1	2026-05-17	3
882	24	98	4	2026-05-18	3
883	13	74	3	2026-05-18	6
884	8	88	2	2026-05-18	3
885	14	38	2	2026-05-18	2
886	50	1	2	2026-05-18	3
887	6	89	1	2026-05-18	5
888	44	94	1	2026-05-19	1
889	48	68	4	2026-05-19	6
890	9	38	3	2026-05-19	6
891	26	65	3	2026-05-19	6
892	19	34	2	2026-05-19	7
893	22	9	2	2026-05-19	4
894	34	53	2	2026-05-19	7
895	3	64	2	2026-05-19	6
896	23	64	1	2026-05-20	1
897	43	76	3	2026-05-20	7
898	11	90	2	2026-05-20	3
899	19	93	1	2026-05-20	3
900	11	82	1	2026-05-20	2
901	19	38	1	2026-05-20	2
902	39	94	1	2026-05-21	5
903	5	90	1	2026-05-21	1
904	9	65	4	2026-05-21	4
905	16	26	2	2026-05-21	6
906	31	93	2	2026-05-21	7
907	4	76	1	2026-05-21	1
908	17	98	1	2026-05-21	4
909	46	26	1	2026-05-22	4
910	27	64	1	2026-05-22	1
911	9	77	4	2026-05-22	6
912	31	80	2	2026-05-22	6
913	9	93	2	2026-05-22	7
914	3	77	2	2026-05-22	2
915	26	60	1	2026-05-22	4
916	22	1	1	2026-05-22	7
917	47	98	1	2026-05-23	2
918	19	37	1	2026-05-23	7
919	13	69	4	2026-05-23	7
920	10	87	4	2026-05-23	5
921	9	7	4	2026-05-23	3
922	7	30	4	2026-05-23	3
923	24	1	4	2026-05-23	1
924	32	68	2	2026-05-23	2
925	49	34	4	2026-05-24	4
926	49	94	4	2026-05-24	4
927	36	66	3	2026-05-24	4
928	43	26	3	2026-05-24	3
929	32	66	3	2026-05-24	2
930	49	36	3	2026-05-24	1
931	31	60	1	2026-05-24	1
932	11	12	1	2026-05-25	7
933	43	93	1	2026-05-25	4
934	24	37	3	2026-05-25	1
935	28	74	3	2026-05-25	1
936	30	9	1	2026-05-25	7
937	14	68	4	2026-05-26	5
938	31	96	3	2026-05-26	3
939	31	74	2	2026-05-26	3
940	43	58	1	2026-05-26	7
941	30	94	4	2026-05-27	1
942	4	93	4	2026-05-27	7
943	4	9	4	2026-05-27	1
944	28	60	2	2026-05-27	7
945	34	94	2	2026-05-27	3
946	10	37	1	2026-05-27	7
947	39	26	1	2026-05-27	5
948	20	67	1	2026-05-27	4
949	49	26	1	2026-05-27	2
950	32	67	1	2026-05-28	3
951	9	62	4	2026-05-28	5
952	26	27	1	2026-05-28	2
953	50	12	1	2026-05-29	5
954	32	37	4	2026-05-29	3
955	16	9	4	2026-05-29	5
956	11	26	3	2026-05-29	7
957	35	93	3	2026-05-29	4
958	35	9	2	2026-05-29	6
959	41	93	2	2026-05-29	7
960	16	67	1	2026-05-30	1
961	33	88	1	2026-05-30	7
962	28	68	1	2026-05-30	6
963	5	3	4	2026-05-30	2
964	46	64	3	2026-05-30	2
965	8	28	2	2026-05-30	7
966	1	9	2	2026-05-30	1
967	25	67	1	2026-05-30	6
968	8	89	1	2026-05-30	5
969	36	87	1	2026-05-31	2
970	5	1	1	2026-05-31	5
971	24	90	3	2026-05-31	3
972	50	87	3	2026-05-31	6
973	48	89	2	2026-05-31	5
974	21	4	2	2026-05-31	2
975	19	9	3	2026-06-01	4
976	20	98	3	2026-06-01	6
977	8	53	1	2026-06-01	6
978	4	30	1	2026-06-02	4
979	20	64	4	2026-06-02	4
980	17	37	3	2026-06-02	2
981	16	85	3	2026-06-02	5
982	6	55	2	2026-06-02	2
983	11	57	1	2026-06-02	6
984	13	12	1	2026-06-02	7
985	29	1	4	2026-06-03	2
986	12	7	4	2026-06-03	5
987	29	34	3	2026-06-03	4
988	23	93	2	2026-06-03	1
989	29	29	1	2026-06-03	5
990	13	90	1	2026-06-04	5
991	15	89	4	2026-06-04	1
992	29	76	3	2026-06-04	4
993	36	77	3	2026-06-04	7
994	30	93	3	2026-06-04	3
995	13	1	1	2026-06-04	7
996	46	27	1	2026-06-04	1
997	1	93	4	2026-06-05	1
998	45	9	3	2026-06-05	5
999	17	83	2	2026-06-05	4
1000	9	57	1	2026-06-05	1
1001	44	3	1	2026-06-06	3
1002	14	4	4	2026-06-06	6
1003	34	62	4	2026-06-06	2
1004	32	1	3	2026-06-06	4
1005	32	27	3	2026-06-06	7
1006	18	98	3	2026-06-06	2
1007	31	87	1	2026-06-06	4
1008	28	66	1	2026-06-07	4
1009	37	96	4	2026-06-07	5
1010	16	12	4	2026-06-07	3
1011	17	65	2	2026-06-07	2
1012	1	30	2	2026-06-07	6
1013	28	3	2	2026-06-07	5
1014	27	38	1	2026-06-07	3
1015	30	67	4	2026-06-08	2
1016	33	98	3	2026-06-08	2
1017	47	36	3	2026-06-08	5
1018	5	29	1	2026-06-08	4
1019	44	1	1	2026-06-09	5
1020	46	28	3	2026-06-09	4
1021	32	87	2	2026-06-09	5
1022	2	88	1	2026-06-09	2
1023	47	74	1	2026-06-09	2
1024	12	64	4	2026-06-10	2
1025	45	62	3	2026-06-10	7
1026	19	82	2	2026-06-10	1
1027	48	89	1	2026-06-10	3
1028	29	63	1	2026-06-10	5
1029	44	85	1	2026-06-10	2
1030	41	28	1	2026-06-11	3
1031	16	5	1	2026-06-11	2
1032	7	12	4	2026-06-11	2
1033	40	29	4	2026-06-11	5
1034	27	94	4	2026-06-11	3
1035	19	37	4	2026-06-11	1
1036	42	87	3	2026-06-11	1
1037	21	7	2	2026-06-11	7
1038	34	63	2	2026-06-11	1
1039	11	29	1	2026-06-12	3
1040	15	64	1	2026-06-12	6
1041	47	34	1	2026-06-12	3
1042	4	88	1	2026-06-12	4
1043	23	90	4	2026-06-13	7
1044	8	77	4	2026-06-13	4
1045	49	34	4	2026-06-13	1
1046	22	53	4	2026-06-13	3
1047	37	53	3	2026-06-13	2
1048	9	35	3	2026-06-13	3
1049	3	35	3	2026-06-13	7
1050	28	82	2	2026-06-13	6
1051	5	93	2	2026-06-13	6
1052	37	66	1	2026-06-13	1
1053	18	38	1	2026-06-14	5
1054	26	94	4	2026-06-14	5
1055	37	64	3	2026-06-14	2
1056	22	68	2	2026-06-14	4
1057	19	55	2	2026-06-14	1
1058	15	76	2	2026-06-14	1
1059	45	60	2	2026-06-14	1
1060	39	27	1	2026-06-15	5
1061	3	87	3	2026-06-15	3
1062	19	55	3	2026-06-15	2
1063	29	57	1	2026-06-16	1
1064	49	66	1	2026-06-16	5
1065	18	76	3	2026-06-16	2
1066	42	74	3	2026-06-16	5
1067	45	62	2	2026-06-16	2
1068	43	27	2	2026-06-16	2
1069	13	96	1	2026-06-16	3
1070	6	90	1	2026-06-17	5
1071	3	34	1	2026-06-17	7
1072	24	67	4	2026-06-17	3
1073	5	34	4	2026-06-17	3
1074	41	53	4	2026-06-17	7
1075	4	3	2	2026-06-17	3
1076	38	98	1	2026-06-17	7
1077	1	83	1	2026-06-17	5
1078	33	55	1	2026-06-18	3
1079	21	5	1	2026-06-18	5
1080	9	57	1	2026-06-18	7
1081	41	4	4	2026-06-18	6
1082	16	38	2	2026-06-18	4
1083	11	1	4	2026-06-19	1
1084	13	96	3	2026-06-19	2
1085	24	60	2	2026-06-19	1
1086	14	98	2	2026-06-19	1
1087	1	1	1	2026-06-19	1
1088	1	66	1	2026-06-19	2
1089	38	64	1	2026-06-19	1
1090	44	98	1	2026-06-19	5
1091	32	85	1	2026-06-20	3
1092	15	37	3	2026-06-20	2
1093	22	29	3	2026-06-20	5
1094	22	55	2	2026-06-20	3
1095	28	83	2	2026-06-20	2
1096	16	4	2	2026-06-20	3
1097	26	68	1	2026-06-20	1
1098	13	38	4	2026-06-21	7
1099	17	80	3	2026-06-21	5
1100	28	94	3	2026-06-21	2
1101	1	55	2	2026-06-21	7
1102	14	93	1	2026-06-21	6
1103	39	53	1	2026-06-21	5
1104	48	63	4	2026-06-22	6
1105	7	41	4	2026-06-22	3
1106	47	12	4	2026-06-22	7
1107	26	83	4	2026-06-22	4
1108	37	41	2	2026-06-22	7
1109	24	74	2	2026-06-22	5
1110	23	77	1	2026-06-22	7
1111	14	34	1	2026-06-23	4
1112	43	26	4	2026-06-23	3
1113	37	12	1	2026-06-23	7
1114	16	66	1	2026-06-23	4
1115	48	82	1	2026-06-24	5
1116	4	96	1	2026-06-24	5
1117	29	34	3	2026-06-24	3
1118	45	12	2	2026-06-24	6
1119	21	89	1	2026-06-24	3
1120	2	80	1	2026-06-25	4
1121	37	98	4	2026-06-25	3
1122	1	7	4	2026-06-25	1
1123	40	63	4	2026-06-25	2
1124	23	5	3	2026-06-25	1
1125	4	27	1	2026-06-25	6
1126	43	74	1	2026-06-25	3
1127	30	38	4	2026-06-26	1
1128	21	67	2	2026-06-26	7
1129	17	96	2	2026-06-26	4
1130	39	66	1	2026-06-26	7
1131	29	4	1	2026-06-26	4
1132	45	80	1	2026-06-27	1
1133	49	85	4	2026-06-27	1
1134	35	30	4	2026-06-27	6
1135	6	66	4	2026-06-27	7
1136	26	96	3	2026-06-27	4
1137	24	76	2	2026-06-27	1
1138	37	7	2	2026-06-27	2
1139	30	65	1	2026-06-27	6
1140	8	94	1	2026-06-27	6
1141	13	1	1	2026-06-27	3
1142	24	88	1	2026-06-27	7
1143	42	65	1	2026-06-28	4
1144	24	66	1	2026-06-28	7
1145	19	77	4	2026-06-28	2
1146	31	63	3	2026-06-28	6
1147	21	65	2	2026-06-28	3
1148	37	66	1	2026-06-28	7
1149	3	41	1	2026-06-29	3
1150	11	85	1	2026-06-29	1
1151	25	44	4	2026-06-29	4
1152	2	94	1	2026-06-29	4
1153	25	9	1	2026-06-29	2
1154	25	88	2	2026-06-30	4
1155	20	37	1	2026-06-30	7
1156	23	12	1	2026-06-30	6
1157	37	28	1	2026-06-30	5
1158	18	1	1	2026-06-30	5
1159	35	4	1	2026-07-01	7
1160	6	12	4	2026-07-01	2
1161	21	68	3	2026-07-01	4
1162	1	63	2	2026-07-01	7
1163	31	57	1	2026-07-01	4
1164	25	96	4	2026-07-02	4
1165	22	90	4	2026-07-02	2
1166	50	35	3	2026-07-02	7
1167	24	9	3	2026-07-02	3
1168	43	35	3	2026-07-02	4
1169	36	82	1	2026-07-02	4
1170	9	76	1	2026-07-02	6
1171	26	26	1	2026-07-03	2
1172	21	53	1	2026-07-03	6
1173	48	65	4	2026-07-03	7
1174	25	64	3	2026-07-03	4
1175	39	26	2	2026-07-03	1
1176	2	66	2	2026-07-03	3
1177	37	88	2	2026-07-03	1
1178	29	12	1	2026-07-03	7
1179	11	30	1	2026-07-03	4
1180	45	68	1	2026-07-03	3
1181	14	80	1	2026-07-03	6
1182	20	62	4	2026-07-04	6
1183	46	67	4	2026-07-04	6
1184	3	87	3	2026-07-04	2
1185	43	57	3	2026-07-04	7
1186	28	9	3	2026-07-04	4
1187	44	80	2	2026-07-04	2
1188	5	65	1	2026-07-05	6
1189	42	89	1	2026-07-05	6
1190	41	36	1	2026-07-05	1
1191	14	60	4	2026-07-05	4
1192	37	93	4	2026-07-05	3
1193	36	87	3	2026-07-05	5
1194	35	80	1	2026-07-06	7
1195	41	57	4	2026-07-06	5
1196	27	87	3	2026-07-06	4
1197	46	44	3	2026-07-06	7
1198	33	4	3	2026-07-06	2
1199	22	62	1	2026-07-07	5
1200	39	89	4	2026-07-07	7
1201	20	98	4	2026-07-07	4
1202	11	69	3	2026-07-07	1
1203	47	64	3	2026-07-07	5
1204	24	66	1	2026-07-07	4
1205	1	83	1	2026-07-08	4
1206	33	4	4	2026-07-08	3
1207	20	27	3	2026-07-08	6
1208	19	69	3	2026-07-08	2
1209	30	28	3	2026-07-08	1
1210	26	85	1	2026-07-08	6
1211	30	74	1	2026-07-08	7
1212	11	90	1	2026-07-08	1
1213	6	87	1	2026-07-08	3
1214	29	69	3	2026-07-09	6
1215	19	74	3	2026-07-09	1
1216	40	1	3	2026-07-09	1
1217	19	77	2	2026-07-09	7
1218	9	83	2	2026-07-09	3
1219	2	93	2	2026-07-09	5
1220	2	62	1	2026-07-09	7
1221	46	89	3	2026-07-10	4
1222	11	85	2	2026-07-10	4
1223	44	76	1	2026-07-10	1
1224	47	90	1	2026-07-10	1
1225	26	93	1	2026-07-11	4
1226	2	96	3	2026-07-11	1
1227	45	98	1	2026-07-11	3
1228	28	85	1	2026-07-11	1
1229	3	35	1	2026-07-12	1
1230	5	58	4	2026-07-12	7
1231	36	9	2	2026-07-12	6
1232	49	87	1	2026-07-12	4
1233	11	37	1	2026-07-13	7
1234	13	57	1	2026-07-13	2
1235	11	90	1	2026-07-13	7
1236	45	90	1	2026-07-13	3
1237	11	29	1	2026-07-13	3
1238	21	65	1	2026-07-14	7
1239	6	3	1	2026-07-14	7
1240	7	93	4	2026-07-14	5
1241	43	76	4	2026-07-14	5
1242	43	41	4	2026-07-14	6
1243	47	89	3	2026-07-14	2
1244	28	64	2	2026-07-14	5
1245	30	35	2	2026-07-14	1
1246	11	58	2	2026-07-14	4
1247	4	96	1	2026-07-15	1
1248	45	64	1	2026-07-15	3
1249	27	87	1	2026-07-15	2
1250	14	35	4	2026-07-15	2
1251	5	94	3	2026-07-15	2
1252	33	74	2	2026-07-15	7
1253	4	93	2	2026-07-15	1
1254	7	74	2	2026-07-15	3
1255	28	44	1	2026-07-15	5
1256	23	87	1	2026-07-16	7
1257	13	38	4	2026-07-16	3
1258	15	98	3	2026-07-16	6
1259	39	94	3	2026-07-16	3
1260	38	90	3	2026-07-16	2
1261	9	65	1	2026-07-16	6
1262	45	55	1	2026-07-16	3
1263	44	68	1	2026-07-17	6
1264	34	96	4	2026-07-17	3
1265	37	12	4	2026-07-17	5
1266	22	30	4	2026-07-17	7
1267	31	53	1	2026-07-17	1
1268	6	1	1	2026-07-17	6
1269	15	66	1	2026-07-17	1
1270	4	85	4	2026-07-18	6
1271	20	37	4	2026-07-18	3
1272	50	35	2	2026-07-18	3
1273	10	85	2	2026-07-18	7
1274	13	74	2	2026-07-18	5
1275	3	7	1	2026-07-18	3
1276	40	66	4	2026-07-19	6
1277	29	64	4	2026-07-19	1
1278	13	66	4	2026-07-19	4
1279	37	34	3	2026-07-19	3
1280	35	83	3	2026-07-19	1
1281	29	96	2	2026-07-19	5
1282	43	44	2	2026-07-19	7
1283	22	87	2	2026-07-19	1
1284	12	88	2	2026-07-19	7
1285	25	44	1	2026-07-20	2
1286	34	64	4	2026-07-20	4
1287	24	55	3	2026-07-20	7
1288	2	89	3	2026-07-20	2
1289	8	63	3	2026-07-20	4
1290	38	41	1	2026-07-21	4
1291	14	55	4	2026-07-21	3
1292	27	68	4	2026-07-21	5
1293	40	26	3	2026-07-21	4
1294	17	1	3	2026-07-21	1
1295	47	34	1	2026-07-21	3
1296	22	35	1	2026-07-22	7
1297	30	28	4	2026-07-22	3
1298	19	90	1	2026-07-22	6
1299	8	87	1	2026-07-23	3
1300	29	35	4	2026-07-23	7
1301	50	89	4	2026-07-23	5
1302	1	12	3	2026-07-23	4
1303	12	85	3	2026-07-23	4
1304	35	44	3	2026-07-23	5
1305	16	87	2	2026-07-23	7
1306	24	5	2	2026-07-23	6
1307	39	77	1	2026-07-23	4
1308	45	55	1	2026-07-23	5
1309	29	62	4	2026-07-24	2
1310	40	44	3	2026-07-24	6
1311	32	89	3	2026-07-24	7
1312	40	64	2	2026-07-24	7
1313	47	80	2	2026-07-24	7
1314	11	58	2	2026-07-24	2
1315	30	58	2	2026-07-24	6
1316	4	57	2	2026-07-24	2
1317	23	89	1	2026-07-24	5
1318	28	4	1	2026-07-25	4
1319	35	96	3	2026-07-25	5
1320	23	87	1	2026-07-25	3
1321	37	67	1	2026-07-26	5
1322	32	87	4	2026-07-26	3
1323	46	7	3	2026-07-26	6
1324	6	12	3	2026-07-26	4
1325	5	7	3	2026-07-26	6
1326	22	58	1	2026-07-27	2
1327	26	29	4	2026-07-27	7
1328	23	74	4	2026-07-27	5
1329	46	5	3	2026-07-27	6
1330	22	53	3	2026-07-27	2
1331	48	44	2	2026-07-27	1
1332	3	69	1	2026-07-28	1
1333	7	38	1	2026-07-28	1
1334	44	64	1	2026-07-28	3
1335	31	65	4	2026-07-28	3
1336	34	38	3	2026-07-28	2
1337	21	37	3	2026-07-28	3
1338	2	90	2	2026-07-28	1
1339	31	1	2	2026-07-28	5
1340	24	96	1	2026-07-28	4
1341	49	7	1	2026-07-29	1
1342	18	96	4	2026-07-29	7
1343	46	36	4	2026-07-29	3
1344	18	34	4	2026-07-29	5
1345	22	67	3	2026-07-29	5
1346	10	1	3	2026-07-29	1
1347	27	90	3	2026-07-29	3
1348	4	80	1	2026-07-30	1
1349	12	74	1	2026-07-30	4
1350	28	44	3	2026-07-30	1
1351	17	68	2	2026-07-30	5
1352	33	94	2	2026-07-30	3
1353	4	77	2	2026-07-30	6
1354	27	44	1	2026-07-30	2
1355	28	26	1	2026-07-31	3
1356	44	37	4	2026-07-31	3
1357	28	65	3	2026-07-31	7
1358	23	88	3	2026-07-31	5
1359	36	1	3	2026-07-31	1
1360	5	27	3	2026-07-31	3
1361	19	9	2	2026-07-31	4
1362	43	7	1	2026-07-31	2
1363	33	36	1	2026-07-31	2
1364	1	35	1	2026-07-31	7
1365	27	1	1	2026-08-01	1
1366	20	41	1	2026-08-01	2
1367	38	9	4	2026-08-01	3
1368	13	29	4	2026-08-01	7
1369	46	29	4	2026-08-01	5
1370	48	58	3	2026-08-01	7
1371	30	62	3	2026-08-01	5
1372	26	41	2	2026-08-01	4
1373	5	88	2	2026-08-01	2
1374	36	26	1	2026-08-02	2
1375	36	82	4	2026-08-02	6
1376	46	98	4	2026-08-02	6
1377	11	82	4	2026-08-02	1
1378	34	44	3	2026-08-02	4
1379	17	5	3	2026-08-02	3
1380	3	37	1	2026-08-03	2
1381	24	30	1	2026-08-03	3
1382	10	90	4	2026-08-03	5
1383	36	7	3	2026-08-03	5
1384	35	96	3	2026-08-03	7
1385	4	96	2	2026-08-03	6
1386	7	62	1	2026-08-03	1
1387	16	41	1	2026-08-03	2
1388	30	93	1	2026-08-04	5
1389	3	57	1	2026-08-04	5
1390	27	64	3	2026-08-04	1
1391	42	62	2	2026-08-04	4
1392	27	96	1	2026-08-04	1
1393	6	5	1	2026-08-04	1
1394	16	9	1	2026-08-04	1
1395	29	89	4	2026-08-05	3
1396	28	74	3	2026-08-05	5
1397	9	60	3	2026-08-05	7
1398	21	64	3	2026-08-05	3
1399	12	87	1	2026-08-05	4
1400	4	53	1	2026-08-06	2
1401	8	96	1	2026-08-06	7
1402	45	94	1	2026-08-06	7
1403	45	60	1	2026-08-06	7
1404	43	5	1	2026-08-06	1
1405	40	68	1	2026-08-07	3
1406	37	77	4	2026-08-07	6
1407	25	9	3	2026-08-07	2
1408	25	63	2	2026-08-07	6
1409	40	34	1	2026-08-08	2
1410	11	37	4	2026-08-08	4
1411	1	62	4	2026-08-08	1
1412	46	62	2	2026-08-08	7
1413	43	35	1	2026-08-08	6
1414	10	88	1	2026-08-09	7
1415	46	60	4	2026-08-09	6
1416	2	53	3	2026-08-09	3
1417	29	87	2	2026-08-09	5
1418	1	66	1	2026-08-09	4
1419	40	7	1	2026-08-09	7
1420	43	55	3	2026-08-10	3
1421	49	44	3	2026-08-10	3
1422	44	74	2	2026-08-10	4
1423	38	27	1	2026-08-10	4
1424	42	82	1	2026-08-10	3
1425	43	87	1	2026-08-11	7
1426	38	76	1	2026-08-11	4
1427	10	76	3	2026-08-11	7
1428	31	83	2	2026-08-11	6
1429	27	4	1	2026-08-11	1
1430	39	87	1	2026-08-11	5
1431	44	34	1	2026-08-12	1
1432	13	83	4	2026-08-12	7
1433	35	4	4	2026-08-12	5
1434	48	89	4	2026-08-12	5
1435	25	62	3	2026-08-12	6
1436	47	29	2	2026-08-12	4
1437	39	34	2	2026-08-12	5
1438	42	80	1	2026-08-12	4
1439	5	65	1	2026-08-13	4
1440	29	85	4	2026-08-13	7
1441	33	30	4	2026-08-13	2
1442	5	58	3	2026-08-13	1
1443	37	74	3	2026-08-13	3
1444	30	1	3	2026-08-13	7
1445	17	68	1	2026-08-13	6
1446	34	66	1	2026-08-14	5
1447	38	12	1	2026-08-14	2
1448	44	65	1	2026-08-14	5
1449	33	41	3	2026-08-14	6
1450	34	82	3	2026-08-14	4
1451	6	88	3	2026-08-15	7
1452	7	58	3	2026-08-15	1
1453	34	30	3	2026-08-15	6
1454	5	68	2	2026-08-15	2
1455	21	64	1	2026-08-15	1
1456	40	57	1	2026-08-16	7
1457	48	93	1	2026-08-16	2
1458	35	77	1	2026-08-16	1
1459	11	4	4	2026-08-16	2
1460	2	1	4	2026-08-16	5
1461	19	89	2	2026-08-16	4
1462	49	37	1	2026-08-16	3
1463	28	3	1	2026-08-17	3
1464	1	65	4	2026-08-17	7
1465	27	29	4	2026-08-17	5
1466	19	66	3	2026-08-17	1
1467	33	60	2	2026-08-17	1
1468	34	9	1	2026-08-18	5
1469	3	90	1	2026-08-18	7
1470	10	4	4	2026-08-18	2
1471	16	80	4	2026-08-18	7
1472	12	29	3	2026-08-18	6
1473	48	35	1	2026-08-18	4
1474	4	37	1	2026-08-18	1
1475	50	68	4	2026-08-19	6
1476	3	37	3	2026-08-19	6
1477	10	98	2	2026-08-19	4
1478	2	37	3	2026-08-20	5
1479	42	57	3	2026-08-20	6
1480	41	82	3	2026-08-20	5
1481	35	29	2	2026-08-20	1
1482	3	77	1	2026-08-20	3
1483	8	63	4	2026-08-21	6
1484	25	44	3	2026-08-21	5
1485	7	67	3	2026-08-21	5
1486	29	66	3	2026-08-21	1
1487	50	62	3	2026-08-21	3
1488	10	27	2	2026-08-21	2
1489	23	80	1	2026-08-22	1
1490	29	68	4	2026-08-22	7
1491	12	38	4	2026-08-22	7
1492	15	67	4	2026-08-22	3
1493	20	64	1	2026-08-22	4
1494	50	3	1	2026-08-23	6
1495	26	1	1	2026-08-23	5
1496	18	29	3	2026-08-23	5
1497	2	88	2	2026-08-23	4
1498	42	94	4	2026-08-24	1
1499	18	5	4	2026-08-24	3
1500	10	30	1	2026-08-24	3
1501	23	88	1	2026-08-24	7
1502	15	37	1	2026-08-24	2
1503	33	90	1	2026-08-24	4
1504	7	26	1	2026-08-25	1
1505	39	9	4	2026-08-25	7
1506	9	94	3	2026-08-25	2
1507	41	3	3	2026-08-25	5
1508	7	55	2	2026-08-25	4
1509	10	74	2	2026-08-25	7
1510	32	7	1	2026-08-25	5
1511	31	82	1	2026-08-26	2
1512	15	44	3	2026-08-26	7
1513	9	4	2	2026-08-26	6
1514	19	57	2	2026-08-26	6
1515	23	89	1	2026-08-26	3
1516	28	65	1	2026-08-27	3
1517	23	88	4	2026-08-27	4
1518	13	85	4	2026-08-27	6
1519	21	64	4	2026-08-27	6
1520	17	88	3	2026-08-27	5
1521	25	74	3	2026-08-27	3
1522	22	64	1	2026-08-27	2
1523	37	66	1	2026-08-28	3
1524	44	41	4	2026-08-28	3
1525	24	57	3	2026-08-28	2
1526	43	29	3	2026-08-28	4
1527	34	44	3	2026-08-28	3
1528	36	27	3	2026-08-28	3
1529	32	67	2	2026-08-28	2
1530	18	29	2	2026-08-28	1
1531	6	28	2	2026-08-28	5
1532	48	69	2	2026-08-28	5
1533	6	65	1	2026-08-28	4
1534	48	62	1	2026-08-29	2
1535	1	82	1	2026-08-29	1
1536	47	80	1	2026-08-29	2
1537	43	34	1	2026-08-30	2
1538	6	28	4	2026-08-30	4
1539	14	85	4	2026-08-30	4
1540	30	44	4	2026-08-30	4
1541	24	89	3	2026-08-30	4
1542	34	98	2	2026-08-30	5
1543	36	29	4	2026-08-31	3
1544	42	67	4	2026-08-31	4
1545	15	7	3	2026-08-31	1
1546	41	27	3	2026-08-31	1
1547	26	34	2	2026-08-31	5
1548	29	7	1	2026-09-01	4
1549	49	69	2	2026-09-01	2
1550	18	34	1	2026-09-02	1
1551	25	88	4	2026-09-02	1
1552	17	12	4	2026-09-02	7
1553	24	80	3	2026-09-02	5
1554	21	57	3	2026-09-02	7
1555	45	98	2	2026-09-02	6
1556	23	74	2	2026-09-02	4
1557	30	88	1	2026-09-02	2
1558	15	80	1	2026-09-02	6
1559	42	67	1	2026-09-03	7
1560	37	1	2	2026-09-03	1
1561	15	53	1	2026-09-03	4
1562	44	58	1	2026-09-03	4
1563	46	98	1	2026-09-04	3
1564	6	36	4	2026-09-04	4
1565	5	64	4	2026-09-04	2
1566	9	66	4	2026-09-04	6
1567	21	12	4	2026-09-04	6
1568	40	64	4	2026-09-04	4
1569	32	35	3	2026-09-04	4
1570	46	93	3	2026-09-04	6
1571	44	7	1	2026-09-04	7
1572	30	26	1	2026-09-05	4
1573	3	58	4	2026-09-05	6
1574	24	76	4	2026-09-05	7
1575	40	60	3	2026-09-05	7
1576	26	62	3	2026-09-05	3
1577	39	28	1	2026-09-06	2
1578	21	64	1	2026-09-06	4
1579	12	94	1	2026-09-06	3
1580	19	30	3	2026-09-06	4
1581	3	66	2	2026-09-06	1
1582	13	63	2	2026-09-06	7
1583	31	67	2	2026-09-06	7
1584	11	35	1	2026-09-06	5
1585	3	74	1	2026-09-07	3
1586	15	5	4	2026-09-07	1
1587	20	34	4	2026-09-07	6
1588	18	44	4	2026-09-07	7
1589	17	63	2	2026-09-07	5
1590	4	44	4	2026-09-08	4
1591	10	1	3	2026-09-08	4
1592	29	89	3	2026-09-08	3
1593	9	76	2	2026-09-08	6
1594	12	57	2	2026-09-08	5
1595	32	66	2	2026-09-08	2
1596	35	38	1	2026-09-08	7
1597	22	60	1	2026-09-08	6
1598	50	98	1	2026-09-08	1
1599	8	26	1	2026-09-08	7
1600	39	64	1	2026-09-09	3
1601	8	88	1	2026-09-09	6
1602	28	87	1	2026-09-09	6
1603	19	93	4	2026-09-09	7
1604	49	94	3	2026-09-09	4
1605	45	4	2	2026-09-09	6
1606	37	67	2	2026-09-09	1
1607	21	90	1	2026-09-10	4
1608	7	65	4	2026-09-10	5
1609	50	68	3	2026-09-10	3
1610	47	90	3	2026-09-10	4
1611	16	63	1	2026-09-10	1
1612	36	80	1	2026-09-10	2
1613	25	37	1	2026-09-10	5
1614	14	53	4	2026-09-11	3
1615	37	98	3	2026-09-11	7
1616	13	57	3	2026-09-11	2
1617	4	80	3	2026-09-11	2
1618	14	27	2	2026-09-11	4
1619	35	96	2	2026-09-11	7
1620	31	74	1	2026-09-11	6
1621	9	60	1	2026-09-11	2
1622	14	44	1	2026-09-12	5
1623	50	64	4	2026-09-12	6
1624	21	26	3	2026-09-12	1
1625	17	55	3	2026-09-12	4
1626	6	77	2	2026-09-12	4
1627	47	29	2	2026-09-12	6
1628	13	68	1	2026-09-12	1
1629	49	9	1	2026-09-12	4
1630	25	66	1	2026-09-12	3
1631	25	68	3	2026-09-13	7
1632	23	41	3	2026-09-13	4
1633	4	94	1	2026-09-14	6
1634	48	55	4	2026-09-14	3
1635	11	26	4	2026-09-14	4
1636	41	90	3	2026-09-14	4
1637	39	29	2	2026-09-14	5
1638	47	64	2	2026-09-14	1
1639	23	55	2	2026-09-14	5
1640	26	30	1	2026-09-14	3
1641	18	94	1	2026-09-14	2
1642	50	44	1	2026-09-14	4
1643	2	68	4	2026-09-15	4
1644	38	68	4	2026-09-15	6
1645	29	7	3	2026-09-15	7
1646	10	30	2	2026-09-15	2
1647	33	77	1	2026-09-15	5
1648	23	3	3	2026-09-16	2
1649	41	57	2	2026-09-16	7
1650	35	55	2	2026-09-16	7
1651	41	34	1	2026-09-16	1
1652	42	36	1	2026-09-16	7
1653	34	5	1	2026-09-17	4
1654	30	88	1	2026-09-17	1
1655	11	34	3	2026-09-17	5
1656	12	77	3	2026-09-17	3
1657	42	37	3	2026-09-17	7
1658	8	96	3	2026-09-17	3
1659	15	7	2	2026-09-17	3
1660	15	5	4	2026-09-18	2
1661	44	83	3	2026-09-18	1
1662	50	41	2	2026-09-18	7
1663	12	63	1	2026-09-18	6
1664	40	87	1	2026-09-18	3
1665	1	63	1	2026-09-19	4
1666	33	67	1	2026-09-19	4
1667	39	77	1	2026-09-20	2
1668	24	27	4	2026-09-20	1
1669	33	64	3	2026-09-20	3
1670	27	94	3	2026-09-20	1
1671	1	76	3	2026-09-20	2
1672	26	5	1	2026-09-20	1
1673	50	89	1	2026-09-20	1
1674	49	83	1	2026-09-20	2
1675	6	64	1	2026-09-21	4
1676	44	29	2	2026-09-21	1
1677	35	9	2	2026-09-21	7
1678	9	96	1	2026-09-22	6
1679	37	85	4	2026-09-22	2
1680	48	83	4	2026-09-22	2
1681	46	4	3	2026-09-22	2
1682	46	7	2	2026-09-22	2
1683	1	26	1	2026-09-22	4
1684	46	69	1	2026-09-23	7
1685	20	94	1	2026-09-23	7
1686	34	35	4	2026-09-23	6
1687	40	57	4	2026-09-23	6
1688	22	30	3	2026-09-23	1
1689	7	58	3	2026-09-23	7
1690	45	96	2	2026-09-23	4
1691	9	34	1	2026-09-23	1
1692	30	1	1	2026-09-23	3
1693	28	85	1	2026-09-23	6
1694	47	26	1	2026-09-24	6
1695	11	57	1	2026-09-24	6
1696	9	62	1	2026-09-24	3
1697	49	26	1	2026-09-24	7
1698	30	90	1	2026-09-24	5
1699	2	36	4	2026-09-24	4
1700	42	4	4	2026-09-24	4
1701	17	87	4	2026-09-24	2
1702	42	3	4	2026-09-24	3
1703	46	1	4	2026-09-24	1
1704	8	94	3	2026-09-24	4
1705	41	34	3	2026-09-24	4
1706	29	28	3	2026-09-24	4
1707	4	96	2	2026-09-24	5
1708	5	29	2	2026-09-24	4
1709	19	41	1	2026-09-24	2
1710	43	77	1	2026-09-25	2
1711	11	83	3	2026-09-25	7
1712	17	29	3	2026-09-25	4
1713	16	30	3	2026-09-25	1
1714	3	12	2	2026-09-25	5
1715	15	53	1	2026-09-25	4
1716	3	34	1	2026-09-26	5
1717	6	83	1	2026-09-26	7
1718	21	41	4	2026-09-26	4
1719	35	88	3	2026-09-26	1
1720	21	68	3	2026-09-26	1
1721	13	67	3	2026-09-26	4
1722	31	12	2	2026-09-26	3
1723	7	98	2	2026-09-26	3
1724	33	93	1	2026-09-27	5
1725	23	67	1	2026-09-27	7
1726	44	26	1	2026-09-27	6
1727	34	74	1	2026-09-27	7
1728	2	66	3	2026-09-27	5
1729	21	63	2	2026-09-27	2
1730	49	62	1	2026-09-27	4
1731	40	69	1	2026-09-27	5
1732	4	80	1	2026-09-27	6
1733	42	35	1	2026-09-27	5
1734	16	34	1	2026-09-28	2
1735	2	88	4	2026-09-28	6
1736	32	58	3	2026-09-28	5
1737	3	34	2	2026-09-28	2
1738	27	30	2	2026-09-28	1
1739	47	96	2	2026-09-28	5
1740	37	83	1	2026-09-28	3
1741	37	44	3	2026-09-29	4
1742	30	57	3	2026-09-29	2
1743	41	1	3	2026-09-29	3
1744	36	66	3	2026-09-29	6
1745	48	90	3	2026-09-29	7
1746	10	5	4	2026-09-30	4
1747	47	5	3	2026-09-30	7
1748	4	67	3	2026-09-30	6
1749	17	69	2	2026-09-30	7
1750	29	7	1	2026-09-30	5
1751	32	27	1	2026-09-30	4
1752	34	36	1	2026-09-30	1
1753	7	88	4	2026-10-01	5
1754	19	44	3	2026-10-01	4
1755	37	36	1	2026-10-01	3
1756	40	63	1	2026-10-02	6
1757	46	66	1	2026-10-02	1
1758	25	35	1	2026-10-02	5
1759	9	34	4	2026-10-02	7
1760	5	60	4	2026-10-02	2
1761	16	62	2	2026-10-02	1
1762	40	26	1	2026-10-03	4
1763	5	85	1	2026-10-03	4
1764	36	28	1	2026-10-03	3
1765	49	63	3	2026-10-03	6
1766	21	38	3	2026-10-03	5
1767	40	26	2	2026-10-03	3
1768	41	80	1	2026-10-03	4
1769	27	37	1	2026-10-03	5
1770	26	44	1	2026-10-04	6
1771	35	5	3	2026-10-04	2
1772	33	83	3	2026-10-04	5
1773	36	85	2	2026-10-04	6
1774	42	5	2	2026-10-04	1
1775	25	85	1	2026-10-04	4
1776	36	28	1	2026-10-05	4
1777	36	30	1	2026-10-05	4
1778	10	28	1	2026-10-05	6
1779	21	4	1	2026-10-05	4
1780	30	67	3	2026-10-05	6
1781	19	89	1	2026-10-05	7
1782	48	44	3	2026-10-06	2
1783	16	57	3	2026-10-06	3
1784	3	69	2	2026-10-06	4
1785	30	38	4	2026-10-07	1
1786	20	82	3	2026-10-07	6
1787	7	65	2	2026-10-07	7
1788	24	96	2	2026-10-07	1
1789	17	28	1	2026-10-07	4
1790	24	93	1	2026-10-07	2
1791	12	28	1	2026-10-07	5
1792	18	36	1	2026-10-08	4
1793	13	96	2	2026-10-08	4
1794	50	29	2	2026-10-08	2
1795	1	77	1	2026-10-09	2
1796	33	83	4	2026-10-09	3
1797	22	90	4	2026-10-09	3
1798	33	63	2	2026-10-09	3
1799	47	53	2	2026-10-09	3
1800	20	98	2	2026-10-09	5
1801	1	98	2	2026-10-09	6
1802	43	94	1	2026-10-10	1
1803	37	94	4	2026-10-10	2
1804	10	88	4	2026-10-10	4
1805	38	5	3	2026-10-10	6
1806	41	74	2	2026-10-10	3
1807	3	27	2	2026-10-10	5
1808	23	55	2	2026-10-10	1
1809	30	7	1	2026-10-10	2
1810	46	60	1	2026-10-11	5
1811	9	26	1	2026-10-11	2
1812	48	77	3	2026-10-11	7
1813	1	74	3	2026-10-11	7
1814	28	38	1	2026-10-11	1
1815	13	98	1	2026-10-11	7
1816	9	80	1	2026-10-12	3
1817	6	3	4	2026-10-12	6
1818	49	9	4	2026-10-12	6
1819	18	41	3	2026-10-12	5
1820	46	7	3	2026-10-12	6
1821	50	90	3	2026-10-12	7
1822	45	89	2	2026-10-12	4
1823	16	5	2	2026-10-12	1
1824	32	38	2	2026-10-12	3
1825	48	36	2	2026-10-12	4
1826	8	83	1	2026-10-12	2
1827	21	55	1	2026-10-13	3
1828	22	90	4	2026-10-13	7
1829	8	57	3	2026-10-13	7
1830	32	26	3	2026-10-13	2
1831	21	69	2	2026-10-13	4
1832	40	94	1	2026-10-13	1
1833	22	36	1	2026-10-13	2
1834	2	5	1	2026-10-14	5
1835	24	87	3	2026-10-14	1
1836	27	89	2	2026-10-14	1
1837	40	90	2	2026-10-14	5
1838	33	88	1	2026-10-14	6
1839	33	34	1	2026-10-14	1
1840	23	34	1	2026-10-14	2
1841	8	37	1	2026-10-14	5
1842	13	74	1	2026-10-15	3
1843	3	57	4	2026-10-15	4
1844	6	38	4	2026-10-15	6
1845	31	83	3	2026-10-15	2
1846	3	41	2	2026-10-15	2
1847	44	90	2	2026-10-15	5
1848	47	93	1	2026-10-15	7
1849	28	9	1	2026-10-15	7
1850	45	83	1	2026-10-15	2
1851	15	66	1	2026-10-16	3
1852	40	38	1	2026-10-16	6
1853	19	27	4	2026-10-16	6
1854	43	35	4	2026-10-16	4
1855	16	58	3	2026-10-16	3
1856	36	7	2	2026-10-16	1
1857	40	27	2	2026-10-16	7
1858	50	63	2	2026-10-16	5
1859	3	96	2	2026-10-16	5
1860	28	58	2	2026-10-16	7
1861	33	34	1	2026-10-17	3
1862	47	96	4	2026-10-17	3
1863	43	3	4	2026-10-17	2
1864	46	76	1	2026-10-17	5
1865	3	93	4	2026-10-18	7
1866	32	55	4	2026-10-18	5
1867	6	3	4	2026-10-18	4
1868	12	85	4	2026-10-18	2
1869	26	37	3	2026-10-18	7
1870	49	94	3	2026-10-18	6
1871	7	35	2	2026-10-18	2
1872	44	3	2	2026-10-18	1
1873	10	66	1	2026-10-18	6
1874	24	68	1	2026-10-18	2
1875	23	69	1	2026-10-19	3
1876	48	98	4	2026-10-19	2
1877	50	66	4	2026-10-19	6
1878	42	87	4	2026-10-19	6
1879	39	74	4	2026-10-19	3
1880	48	26	4	2026-10-19	4
1881	11	98	4	2026-10-19	1
1882	4	64	3	2026-10-19	4
1883	9	85	2	2026-10-19	4
1884	47	87	1	2026-10-20	1
1885	6	67	4	2026-10-20	6
1886	43	77	4	2026-10-20	2
1887	44	64	2	2026-10-20	7
1888	19	28	1	2026-10-20	6
1889	17	7	1	2026-10-21	5
1890	13	44	1	2026-10-21	4
1891	2	82	4	2026-10-21	5
1892	43	62	4	2026-10-21	5
1893	50	93	3	2026-10-21	5
1894	30	93	3	2026-10-21	7
1895	17	12	2	2026-10-21	6
1896	21	4	1	2026-10-22	7
1897	9	88	1	2026-10-22	4
1898	6	64	4	2026-10-22	6
1899	11	53	3	2026-10-22	1
1900	41	37	2	2026-10-22	2
1901	21	44	1	2026-10-22	3
1902	50	26	1	2026-10-23	5
1903	40	4	4	2026-10-23	2
1904	37	28	3	2026-10-23	3
1905	3	26	3	2026-10-23	2
1906	14	29	2	2026-10-23	3
1907	45	64	2	2026-10-23	7
1908	12	5	2	2026-10-23	1
1909	22	41	1	2026-10-23	6
1910	35	35	1	2026-10-24	4
1911	44	96	4	2026-10-24	4
1912	48	41	1	2026-10-24	4
1913	43	82	1	2026-10-25	1
1914	25	74	1	2026-10-25	4
1915	4	36	4	2026-10-25	4
1916	10	34	3	2026-10-25	4
1917	18	69	2	2026-10-25	4
1918	10	12	2	2026-10-25	5
1919	3	94	1	2026-10-25	4
1920	15	44	1	2026-10-25	7
1921	34	62	1	2026-10-26	1
1922	42	77	3	2026-10-26	4
1923	6	87	3	2026-10-26	1
1924	17	30	2	2026-10-26	6
1925	16	96	2	2026-10-26	6
1926	27	3	2	2026-10-26	1
1927	31	83	1	2026-10-26	3
1928	47	36	1	2026-10-27	2
1929	48	26	1	2026-10-27	2
1930	11	26	4	2026-10-27	3
1931	16	60	4	2026-10-27	2
1932	19	93	3	2026-10-27	2
1933	46	7	3	2026-10-27	7
1934	28	44	3	2026-10-27	5
1935	10	5	2	2026-10-27	3
1936	1	5	2	2026-10-27	7
1937	26	38	1	2026-10-27	3
1938	13	80	1	2026-10-28	6
1939	37	35	1	2026-10-28	5
1940	21	28	1	2026-10-28	3
1941	5	37	1	2026-10-28	1
1942	23	1	1	2026-10-28	6
1943	32	5	4	2026-10-28	7
1944	13	93	4	2026-10-28	3
1945	7	5	3	2026-10-28	1
1946	1	90	2	2026-10-28	7
1947	14	36	2	2026-10-28	3
1948	49	37	4	2026-10-29	7
1949	26	90	4	2026-10-29	7
1950	11	41	4	2026-10-29	3
1951	3	36	2	2026-10-29	2
1952	10	53	2	2026-10-29	5
1953	18	88	1	2026-10-29	7
1954	41	9	1	2026-10-30	2
1955	35	62	2	2026-10-30	1
1956	41	35	2	2026-10-30	6
1957	25	98	2	2026-10-30	7
1958	20	88	1	2026-10-31	2
1959	19	26	1	2026-10-31	4
1960	47	53	1	2026-10-31	7
1961	18	29	4	2026-10-31	2
1962	13	89	3	2026-10-31	3
1963	27	83	3	2026-10-31	7
1964	31	94	1	2026-10-31	4
1965	45	29	4	2026-11-01	6
1966	36	93	4	2026-11-01	7
1967	30	69	3	2026-11-01	4
1968	45	58	1	2026-11-01	1
1969	23	88	1	2026-11-01	2
1970	21	62	1	2026-11-01	1
1971	47	76	1	2026-11-02	2
1972	7	82	1	2026-11-02	4
1973	20	66	1	2026-11-02	7
1974	42	9	4	2026-11-02	2
1975	25	74	4	2026-11-02	4
1976	38	55	3	2026-11-02	7
1977	39	35	2	2026-11-02	7
1978	2	44	1	2026-11-02	7
1979	27	12	1	2026-11-03	1
1980	20	67	4	2026-11-03	7
1981	23	82	3	2026-11-03	4
1982	11	88	2	2026-11-03	1
1983	33	53	2	2026-11-03	3
1984	26	67	2	2026-11-03	7
1985	20	94	2	2026-11-03	2
1986	31	57	1	2026-11-03	4
1987	36	9	1	2026-11-04	3
1988	25	28	1	2026-11-04	4
1989	23	98	4	2026-11-04	4
1990	40	7	4	2026-11-04	1
1991	19	82	4	2026-11-04	7
1992	1	96	4	2026-11-04	7
1993	8	63	3	2026-11-04	3
1994	12	94	2	2026-11-04	1
1995	37	94	2	2026-11-04	6
1996	11	74	4	2026-11-05	3
1997	27	93	3	2026-11-05	6
1998	16	63	3	2026-11-05	4
1999	16	62	1	2026-11-05	7
2000	23	58	1	2026-11-06	4
2001	4	80	4	2026-11-06	7
2002	38	7	4	2026-11-06	2
2003	21	68	4	2026-11-06	7
2004	24	41	3	2026-11-06	6
2005	16	53	2	2026-11-06	7
2006	45	68	1	2026-11-07	3
2007	47	30	1	2026-11-07	6
2008	1	38	1	2026-11-07	7
2009	6	87	4	2026-11-07	6
2010	47	94	3	2026-11-07	7
2011	35	64	3	2026-11-07	1
2012	38	38	3	2026-11-07	7
2013	32	53	3	2026-11-07	1
2014	27	1	3	2026-11-07	4
2015	12	93	2	2026-11-07	5
2016	26	4	2	2026-11-07	1
2017	6	3	1	2026-11-07	2
2018	33	88	1	2026-11-07	2
2019	29	55	1	2026-11-07	7
2020	24	4	4	2026-11-08	5
2021	3	66	4	2026-11-08	7
2022	23	7	3	2026-11-08	7
2023	7	5	2	2026-11-08	3
2024	5	88	1	2026-11-08	7
2025	36	94	1	2026-11-08	6
2026	21	41	1	2026-11-08	3
2027	4	1	1	2026-11-09	3
2028	18	76	1	2026-11-09	6
2029	44	89	3	2026-11-09	5
2030	14	74	3	2026-11-09	4
2031	8	38	3	2026-11-09	1
2032	23	12	3	2026-11-09	4
2033	45	69	3	2026-11-09	7
2034	5	62	3	2026-11-09	5
2035	32	30	3	2026-11-09	2
2036	32	66	2	2026-11-09	7
2037	14	3	1	2026-11-09	7
2038	10	34	1	2026-11-09	3
2039	48	98	4	2026-11-10	6
2040	28	44	3	2026-11-10	6
2041	31	27	3	2026-11-10	6
2042	23	9	2	2026-11-10	6
2043	16	89	1	2026-11-10	5
2044	27	62	1	2026-11-11	5
2045	9	60	1	2026-11-11	6
2046	38	34	4	2026-11-11	7
2047	28	63	3	2026-11-11	5
2048	15	4	2	2026-11-11	7
2049	35	88	1	2026-11-11	7
2050	39	96	4	2026-11-12	5
2051	11	82	4	2026-11-12	5
2052	3	69	3	2026-11-12	5
2053	15	77	3	2026-11-12	1
2054	25	65	1	2026-11-12	3
2055	41	41	1	2026-11-12	4
2056	9	67	1	2026-11-13	1
2057	43	55	1	2026-11-13	7
2058	11	82	1	2026-11-13	4
2059	19	90	4	2026-11-13	2
2060	29	68	3	2026-11-13	1
2061	26	60	3	2026-11-13	5
2062	46	37	2	2026-11-13	3
2063	37	36	2	2026-11-13	2
2064	23	26	2	2026-11-13	4
2065	32	93	1	2026-11-13	6
2066	46	74	1	2026-11-14	4
2067	9	34	4	2026-11-14	1
2068	14	1	4	2026-11-14	1
2069	4	65	3	2026-11-14	7
2070	35	65	2	2026-11-14	3
2071	3	30	1	2026-11-14	7
2072	1	36	4	2026-11-15	4
2073	48	67	3	2026-11-15	7
2074	29	44	2	2026-11-15	6
2075	19	62	3	2026-11-16	6
2076	4	64	3	2026-11-16	2
2077	13	5	3	2026-11-16	7
2078	41	64	2	2026-11-16	1
2079	26	74	2	2026-11-16	6
2080	40	96	4	2026-11-17	4
2081	43	37	4	2026-11-17	5
2082	13	93	2	2026-11-17	5
2083	48	26	2	2026-11-17	1
2084	46	90	1	2026-11-17	7
2085	3	80	4	2026-11-18	6
2086	12	64	1	2026-11-18	3
2087	18	53	1	2026-11-18	2
2088	48	28	2	2026-11-19	4
2089	26	65	2	2026-11-19	2
2090	30	76	1	2026-11-19	2
2091	24	69	1	2026-11-20	7
2092	44	90	4	2026-11-20	5
2093	35	1	3	2026-11-20	1
2094	8	37	3	2026-11-20	4
2095	30	87	3	2026-11-20	2
2096	41	37	3	2026-11-20	4
2097	39	80	2	2026-11-20	6
2098	41	65	2	2026-11-20	7
2099	13	9	2	2026-11-20	1
2100	46	58	1	2026-11-20	6
2101	30	28	4	2026-11-21	7
2102	3	7	4	2026-11-21	5
2103	32	28	4	2026-11-21	3
2104	12	44	3	2026-11-21	3
2105	34	83	2	2026-11-21	1
2106	43	83	2	2026-11-21	4
2107	25	83	1	2026-11-21	2
2108	41	27	1	2026-11-22	3
2109	26	29	3	2026-11-22	2
2110	14	69	3	2026-11-22	4
2111	13	62	3	2026-11-22	5
2112	38	89	2	2026-11-22	3
2113	6	98	1	2026-11-23	7
2114	20	5	1	2026-11-23	5
2115	34	12	4	2026-11-23	1
2116	10	68	4	2026-11-23	5
2117	43	5	4	2026-11-23	4
2118	47	44	1	2026-11-23	1
2119	33	96	1	2026-11-23	5
2120	46	41	1	2026-11-24	5
2121	17	87	1	2026-11-24	5
2122	24	60	4	2026-11-24	1
2123	15	34	3	2026-11-24	4
2124	29	7	3	2026-11-24	7
2125	29	85	3	2026-11-24	7
2126	24	98	1	2026-11-24	1
2127	48	89	1	2026-11-24	5
2128	9	77	1	2026-11-24	4
2129	16	3	1	2026-11-25	6
2130	16	29	1	2026-11-25	2
2131	7	44	1	2026-11-25	1
2132	7	90	4	2026-11-25	1
2133	33	90	4	2026-11-25	2
2134	42	53	3	2026-11-25	6
2135	45	4	2	2026-11-25	1
2136	41	26	2	2026-11-25	4
2137	37	60	1	2026-11-25	3
2138	21	27	1	2026-11-26	7
2139	4	29	2	2026-11-26	7
2140	5	62	1	2026-11-26	4
2141	43	38	1	2026-11-26	2
2142	28	58	1	2026-11-27	1
2143	32	26	1	2026-11-27	5
2144	15	74	4	2026-11-27	3
2145	28	29	4	2026-11-27	5
2146	22	60	4	2026-11-27	5
2147	17	69	4	2026-11-27	1
2148	40	44	3	2026-11-27	6
2149	4	63	2	2026-11-27	2
2150	14	80	1	2026-11-27	7
2151	12	66	1	2026-11-28	1
2152	49	41	4	2026-11-28	6
2153	16	38	2	2026-11-28	6
2154	36	29	2	2026-11-28	5
2155	9	93	2	2026-11-28	2
2156	39	87	2	2026-11-28	1
2157	26	12	1	2026-11-28	6
2158	39	29	1	2026-11-29	5
2159	18	65	1	2026-11-29	7
2160	11	26	1	2026-11-29	5
2161	43	98	1	2026-11-29	1
2162	30	12	1	2026-11-30	1
2163	5	85	4	2026-11-30	7
2164	30	66	4	2026-11-30	1
2165	31	63	3	2026-11-30	7
2166	37	67	2	2026-11-30	5
2167	26	62	1	2026-11-30	4
2168	26	53	1	2026-12-01	7
2169	22	74	1	2026-12-01	5
2170	39	96	3	2026-12-01	7
2171	32	3	2	2026-12-01	6
2172	41	69	1	2026-12-02	1
2173	17	80	1	2026-12-02	3
2174	18	90	2	2026-12-02	4
2175	45	93	1	2026-12-02	3
2176	30	87	1	2026-12-03	3
2177	19	41	1	2026-12-03	4
2178	33	66	1	2026-12-03	1
2179	29	89	4	2026-12-03	1
2180	20	9	4	2026-12-03	3
2181	4	5	3	2026-12-03	3
2182	17	29	3	2026-12-03	5
2183	17	3	3	2026-12-03	3
2184	20	69	2	2026-12-03	5
2185	40	38	2	2026-12-03	6
2186	4	4	1	2026-12-03	5
2187	8	74	1	2026-12-03	3
2188	34	69	1	2026-12-04	2
2189	10	96	4	2026-12-04	1
2190	36	36	4	2026-12-04	3
2191	35	85	3	2026-12-04	7
2192	42	60	2	2026-12-04	4
2193	30	96	2	2026-12-04	7
2194	5	4	2	2026-12-04	1
2195	11	77	2	2026-12-04	3
2196	19	76	1	2026-12-04	5
2197	26	28	1	2026-12-04	7
2198	8	69	1	2026-12-05	2
2199	18	53	1	2026-12-05	5
2200	23	26	4	2026-12-05	7
2201	49	98	3	2026-12-05	7
2202	17	5	2	2026-12-05	4
2203	9	7	1	2026-12-05	6
2204	46	9	4	2026-12-06	1
2205	4	12	4	2026-12-06	6
2206	7	35	2	2026-12-06	1
2207	18	83	2	2026-12-06	2
2208	49	77	1	2026-12-06	5
2209	33	85	1	2026-12-07	7
2210	12	96	4	2026-12-07	6
2211	20	1	4	2026-12-07	1
2212	4	69	3	2026-12-07	7
2213	7	77	3	2026-12-07	3
2214	24	83	3	2026-12-07	2
2215	24	58	2	2026-12-07	7
2216	50	98	1	2026-12-07	1
2217	15	93	1	2026-12-07	6
2218	17	37	1	2026-12-08	7
2219	33	77	1	2026-12-08	7
2220	3	1	4	2026-12-08	5
2221	47	74	4	2026-12-08	1
2222	4	55	4	2026-12-08	6
2223	9	60	4	2026-12-08	5
2224	13	67	2	2026-12-08	2
2225	43	38	2	2026-12-08	6
2226	41	87	1	2026-12-08	1
2227	28	55	1	2026-12-09	5
2228	1	85	1	2026-12-09	3
2229	5	80	1	2026-12-09	7
2230	43	30	1	2026-12-09	2
2231	24	68	4	2026-12-09	3
2232	23	26	3	2026-12-09	7
2233	18	35	3	2026-12-09	2
2234	29	66	2	2026-12-09	5
2235	9	77	2	2026-12-09	4
2236	38	94	1	2026-12-09	6
2237	38	55	1	2026-12-09	1
2238	26	63	3	2026-12-10	1
2239	5	62	3	2026-12-10	7
2240	37	98	1	2026-12-10	2
2241	39	9	1	2026-12-10	2
2242	10	37	4	2026-12-11	4
2243	13	90	4	2026-12-11	4
2244	19	67	4	2026-12-11	5
2245	26	7	3	2026-12-11	2
2246	8	96	3	2026-12-11	5
2247	24	30	3	2026-12-11	6
2248	13	65	3	2026-12-11	2
2249	49	28	2	2026-12-11	3
2250	46	27	1	2026-12-11	5
2251	10	98	1	2026-12-12	2
2252	19	94	4	2026-12-12	4
2253	44	38	4	2026-12-12	5
2254	13	82	3	2026-12-12	7
2255	8	94	2	2026-12-12	6
2256	26	98	1	2026-12-12	2
2257	31	77	1	2026-12-13	4
2258	43	90	1	2026-12-13	6
2259	22	4	1	2026-12-13	2
2260	10	82	3	2026-12-14	2
2261	40	9	3	2026-12-14	3
2262	3	7	3	2026-12-14	6
2263	25	53	3	2026-12-14	3
2264	22	12	3	2026-12-14	1
2265	19	7	3	2026-12-14	3
2266	22	68	1	2026-12-15	7
2267	15	29	1	2026-12-15	2
2268	50	12	1	2026-12-15	6
2269	33	94	1	2026-12-15	6
2270	7	35	4	2026-12-15	3
2271	30	26	4	2026-12-15	6
2272	27	62	3	2026-12-15	2
2273	13	55	3	2026-12-15	3
2274	13	60	3	2026-12-15	2
2275	30	30	3	2026-12-15	5
2276	3	66	2	2026-12-15	5
2277	6	94	2	2026-12-15	3
2278	34	28	1	2026-12-16	7
2279	44	37	1	2026-12-16	6
2280	20	4	1	2026-12-16	7
2281	30	38	4	2026-12-16	2
2282	4	96	3	2026-12-16	1
2283	41	55	2	2026-12-16	7
2284	50	77	1	2026-12-17	5
2285	36	55	1	2026-12-17	1
2286	15	98	1	2026-12-17	7
2287	12	77	3	2026-12-17	5
2288	18	41	3	2026-12-17	7
2289	16	74	3	2026-12-17	7
2290	48	77	3	2026-12-17	1
2291	24	77	1	2026-12-18	4
2292	41	68	4	2026-12-18	1
2293	6	34	3	2026-12-18	2
2294	36	12	2	2026-12-18	1
2295	20	3	1	2026-12-18	6
2296	39	77	1	2026-12-18	1
2297	18	36	1	2026-12-19	3
2298	14	29	4	2026-12-19	7
2299	39	35	4	2026-12-19	2
2300	20	94	4	2026-12-19	1
2301	27	1	3	2026-12-19	2
2302	28	7	2	2026-12-19	1
2303	2	64	1	2026-12-19	1
2304	3	55	1	2026-12-19	6
2305	24	67	1	2026-12-19	7
2306	4	35	1	2026-12-19	7
2307	2	38	1	2026-12-19	7
2308	48	3	4	2026-12-20	4
2309	1	55	4	2026-12-20	7
2310	11	62	2	2026-12-20	6
2311	3	88	1	2026-12-20	2
2312	6	44	1	2026-12-20	6
2313	22	80	1	2026-12-21	1
2314	27	27	3	2026-12-21	3
2315	41	34	3	2026-12-21	6
2316	3	1	3	2026-12-21	6
2317	28	77	2	2026-12-21	2
2318	8	41	1	2026-12-21	4
2319	31	98	1	2026-12-22	2
2320	41	93	1	2026-12-22	3
2321	19	38	1	2026-12-22	7
2322	47	30	4	2026-12-22	6
2323	4	69	4	2026-12-22	4
2324	18	5	4	2026-12-22	4
2325	28	60	4	2026-12-22	6
2326	22	4	2	2026-12-22	2
2327	35	1	1	2026-12-23	5
2328	7	93	5	2026-12-23	1
2329	22	89	4	2026-12-23	2
2330	49	87	4	2026-12-23	6
2331	36	98	3	2026-12-23	2
2332	33	57	5	2026-12-24	4
2333	23	77	5	2026-12-24	6
2334	49	9	5	2026-12-24	1
2335	12	96	2	2026-12-24	5
2336	3	64	5	2026-12-25	6
2337	21	30	5	2026-12-25	5
2338	34	4	5	2026-12-25	5
2339	14	26	5	2026-12-25	2
2340	10	60	5	2026-12-25	6
2341	36	35	4	2026-12-25	2
2342	40	87	3	2026-12-25	4
2343	26	69	3	2026-12-25	2
2344	37	28	3	2026-12-25	1
2345	14	77	2	2026-12-25	5
2346	8	27	5	2026-12-26	4
2347	7	36	4	2026-12-26	5
2348	49	98	2	2026-12-26	1
2349	10	93	2	2026-12-26	6
2350	47	44	1	2026-12-26	5
2351	5	80	1	2026-12-26	7
2352	3	96	5	2026-12-27	4
2353	37	82	5	2026-12-27	2
2354	23	63	4	2026-12-27	2
2355	46	5	3	2026-12-27	3
2356	46	27	3	2026-12-27	5
2357	30	63	3	2026-12-27	3
2358	28	28	2	2026-12-27	1
2359	24	55	2	2026-12-27	7
2360	24	74	1	2026-12-27	2
2361	17	29	5	2026-12-28	4
2362	43	38	4	2026-12-28	3
2363	6	82	4	2026-12-28	6
2364	25	98	3	2026-12-28	5
2365	13	98	1	2026-12-28	6
2366	35	62	1	2026-12-28	5
2367	39	94	4	2026-12-29	4
2368	24	1	3	2026-12-29	5
2369	44	4	2	2026-12-29	1
2370	26	5	1	2026-12-29	1
2371	41	88	1	2026-12-29	1
2372	13	67	1	2026-12-29	4
2373	34	94	4	2026-12-30	6
2374	27	93	3	2026-12-30	1
2375	23	74	2	2026-12-30	3
2376	27	60	2	2026-12-30	2
2377	18	98	1	2026-12-30	4
2378	15	28	5	2026-12-31	2
2379	8	44	5	2026-12-31	2
2380	11	65	4	2026-12-31	7
2381	29	44	4	2026-12-31	6
2382	41	65	3	2026-12-31	3
2383	31	89	2	2026-12-31	6
2384	43	60	2	2026-12-31	3
2385	1	51	1	2026-01-01	7
2386	20	33	1	2026-01-01	5
2387	42	33	1	2026-01-03	4
2388	47	33	2	2026-01-08	6
2389	1	51	2	2026-01-08	7
2390	46	51	1	2026-01-10	4
2391	21	51	3	2026-01-11	1
2392	29	33	1	2026-01-13	4
2393	29	86	1	2026-01-15	4
2394	22	51	2	2026-01-15	3
2395	30	13	3	2026-01-16	5
2396	21	86	3	2026-01-17	5
2397	47	33	3	2026-01-19	7
2398	5	13	1	2026-01-23	5
2399	23	33	1	2026-01-23	7
2400	19	86	3	2026-01-24	4
2401	10	13	2	2026-01-26	6
2402	23	51	2	2026-01-27	5
2403	44	33	1	2026-01-30	4
2404	18	51	1	2026-02-02	4
2405	31	51	1	2026-02-04	6
2406	2	86	1	2026-02-06	7
2407	45	86	1	2026-02-06	4
2408	35	86	2	2026-02-06	4
2409	41	33	1	2026-02-08	4
2410	24	51	1	2026-02-10	7
2411	44	86	1	2026-02-11	6
2412	48	51	1	2026-02-11	6
2413	11	51	3	2026-02-12	4
2414	11	13	2	2026-02-15	2
2415	31	33	1	2026-02-19	5
2416	2	33	3	2026-02-19	5
2417	5	13	2	2026-02-21	3
2418	39	13	1	2026-02-22	7
2419	15	51	3	2026-02-24	7
2420	19	33	2	2026-02-24	2
2421	30	51	2	2026-03-08	1
2422	12	33	1	2026-03-09	6
2423	45	51	3	2026-03-12	1
2424	33	86	2	2026-03-15	1
2425	47	51	1	2026-03-16	6
2426	29	13	1	2026-03-17	6
2427	22	51	2	2026-03-18	5
2428	25	51	1	2026-03-18	5
2429	39	86	3	2026-03-23	5
2430	5	13	5	2026-03-25	5
2431	27	33	5	2026-03-25	2
2432	24	13	1	2026-03-26	7
2433	20	13	3	2026-03-30	3
2434	27	33	3	2026-03-31	5
2435	12	86	1	2026-03-31	5
2436	50	51	1	2026-04-03	3
2437	25	13	1	2026-04-05	7
2438	24	86	2	2026-04-08	7
2439	18	33	2	2026-04-09	4
2440	49	33	2	2026-04-10	2
2441	28	13	2	2026-04-10	3
2442	47	86	2	2026-04-12	3
2443	10	51	1	2026-04-14	7
2444	49	13	5	2026-04-15	6
2445	6	13	5	2026-04-17	6
2446	15	33	5	2026-04-17	2
2447	9	86	5	2026-04-19	1
2448	24	51	3	2026-04-19	7
2449	50	13	3	2026-04-20	4
2450	8	51	1	2026-04-23	3
2451	36	51	1	2026-04-24	3
2452	17	33	2	2026-04-24	5
2453	43	51	3	2026-04-25	2
2454	36	51	2	2026-04-27	7
2455	20	33	2	2026-04-28	2
2456	45	51	1	2026-05-01	5
2457	13	86	3	2026-05-02	4
2458	28	51	3	2026-05-04	5
2459	32	33	3	2026-05-04	2
2460	30	51	3	2026-05-04	6
2461	29	51	1	2026-05-04	3
2462	41	13	1	2026-05-08	3
2463	17	86	1	2026-05-10	1
2464	42	86	1	2026-05-11	6
2465	7	33	3	2026-05-11	2
2466	25	33	1	2026-05-12	2
2467	8	51	3	2026-05-13	7
2468	38	86	2	2026-05-13	4
2469	7	86	1	2026-05-14	4
2470	47	13	1	2026-05-14	3
2471	44	13	3	2026-05-15	5
2472	34	33	3	2026-05-17	5
2473	47	13	2	2026-05-17	4
2474	7	86	1	2026-05-18	1
2475	30	51	1	2026-05-18	4
2476	41	51	2	2026-05-18	7
2477	39	86	2	2026-05-18	3
2478	44	33	1	2026-05-22	6
2479	19	13	1	2026-05-22	7
2480	35	86	1	2026-05-25	5
2481	30	33	2	2026-05-25	2
2482	35	86	1	2026-05-29	2
2483	43	33	1	2026-05-30	5
2484	8	33	1	2026-06-01	1
2485	4	33	1	2026-06-08	6
2486	41	86	1	2026-06-09	6
2487	16	13	1	2026-06-09	1
2488	20	33	3	2026-06-10	4
2489	19	13	1	2026-06-15	4
2490	19	86	1	2026-06-16	6
2491	15	86	2	2026-06-19	6
2492	44	86	2	2026-06-19	4
2493	50	33	2	2026-06-19	6
2494	41	13	1	2026-06-21	2
2495	28	13	1	2026-06-24	3
2496	9	13	1	2026-06-25	6
2497	9	51	3	2026-06-25	1
2498	8	51	1	2026-06-27	1
2499	33	13	1	2026-06-27	5
2500	25	51	2	2026-06-29	2
2501	24	33	1	2026-06-30	3
2502	6	86	1	2026-07-01	5
2503	12	13	1	2026-07-02	3
2504	47	33	1	2026-07-04	6
2505	34	33	1	2026-07-06	5
2506	43	33	1	2026-07-06	5
2507	17	86	1	2026-07-10	5
2508	4	51	2	2026-07-12	7
2509	18	51	1	2026-07-15	7
2510	42	33	1	2026-07-16	1
2511	41	86	1	2026-07-19	1
2512	14	51	1	2026-07-22	4
2513	3	33	3	2026-07-23	4
2514	28	33	3	2026-07-24	4
2515	4	33	1	2026-07-25	3
2516	25	13	1	2026-07-25	4
2517	19	33	1	2026-07-25	1
2518	31	13	1	2026-07-25	1
2519	1	86	2	2026-07-27	6
2520	49	13	1	2026-07-29	6
2521	25	86	3	2026-08-04	2
2522	19	51	2	2026-08-09	5
2523	7	51	1	2026-08-09	6
2524	28	33	1	2026-08-12	5
2525	26	33	1	2026-08-12	3
2526	6	86	2	2026-08-14	5
2527	4	51	1	2026-08-17	1
2528	29	13	1	2026-08-19	4
2529	38	13	1	2026-08-21	1
2530	34	86	1	2026-08-21	4
2531	50	33	1	2026-08-23	6
2532	28	33	3	2026-08-23	1
2533	43	33	1	2026-08-26	6
2534	5	33	3	2026-08-26	5
2535	38	51	1	2026-08-29	3
2536	11	13	1	2026-09-04	6
2537	34	33	1	2026-09-09	6
2538	26	86	1	2026-09-09	1
2539	18	86	1	2026-09-13	1
2540	18	33	3	2026-09-14	4
2541	49	51	2	2026-09-14	4
2542	12	33	2	2026-09-16	5
2543	29	33	3	2026-09-18	2
2544	49	86	2	2026-09-19	6
2545	36	13	3	2026-09-21	1
2546	35	13	1	2026-09-23	3
2547	27	33	2	2026-09-24	3
2548	24	33	1	2026-09-24	7
2549	16	51	1	2026-09-26	1
2550	28	13	1	2026-10-02	4
2551	26	86	3	2026-10-02	5
2552	27	51	3	2026-10-02	4
2553	43	13	2	2026-10-02	7
2554	11	86	2	2026-10-03	6
2555	1	13	2	2026-10-04	5
2556	39	33	1	2026-10-05	1
2557	17	33	2	2026-10-05	5
2558	18	13	2	2026-10-07	1
2559	7	13	1	2026-10-08	6
2560	6	86	1	2026-10-13	5
2561	33	33	1	2026-10-15	7
2562	37	13	1	2026-10-19	7
2563	22	13	2	2026-10-20	5
2564	39	86	1	2026-10-20	5
2565	12	86	3	2026-10-23	5
2566	4	51	1	2026-10-24	5
2567	50	51	2	2026-10-25	1
2568	43	51	2	2026-10-25	2
2569	36	33	1	2026-10-25	6
2570	3	86	1	2026-10-26	5
2571	29	51	1	2026-10-29	2
2572	23	13	1	2026-10-31	4
2573	11	86	1	2026-11-03	2
2574	11	51	3	2026-11-05	6
2575	15	33	2	2026-11-07	2
2576	43	51	3	2026-11-10	4
2577	39	86	1	2026-11-11	1
2578	44	33	1	2026-11-14	3
2579	42	13	1	2026-11-21	4
2580	14	33	1	2026-11-21	5
2581	50	86	1	2026-11-22	6
2582	46	51	1	2026-11-23	3
2583	3	86	3	2026-11-25	3
2584	43	51	1	2026-11-25	4
2585	19	86	3	2026-11-26	1
2586	7	33	1	2026-11-28	2
2587	18	86	2	2026-11-28	6
2588	44	51	1	2026-12-01	1
2589	24	33	2	2026-12-01	4
2590	44	51	1	2026-12-01	1
2591	29	86	1	2026-12-01	1
2592	46	33	1	2026-12-03	6
2593	41	13	1	2026-12-04	2
2594	41	86	1	2026-12-08	3
2595	36	13	1	2026-12-08	5
2596	37	86	1	2026-12-10	5
2597	17	13	1	2026-12-11	2
2598	21	86	1	2026-12-12	2
2599	39	86	1	2026-12-17	2
2600	28	13	2	2026-12-18	6
2601	46	13	2	2026-12-20	1
2602	50	86	1	2026-12-23	1
2603	12	51	3	2026-12-23	3
2604	8	13	2	2026-12-24	4
2605	42	33	5	2026-12-25	7
2606	5	33	1	2026-12-25	5
2607	24	51	2	2026-12-26	1
2608	46	51	1	2026-12-27	3
2609	2	13	2	2026-12-29	3
2610	39	33	2	2026-12-29	1
2611	11	86	3	2026-12-30	2
2612	8	91	1	2026-01-01	5
2613	33	18	1	2026-01-01	1
2614	19	21	3	2026-01-02	6
2615	48	59	1	2026-01-02	7
2616	23	18	1	2026-01-02	7
2617	18	50	1	2026-01-04	4
2618	7	72	3	2026-01-04	6
2619	48	47	3	2026-01-04	3
2620	5	61	2	2026-01-04	3
2621	49	59	1	2026-01-04	1
2622	41	21	1	2026-01-05	2
2623	11	72	4	2026-01-06	6
2624	46	11	1	2026-01-07	3
2625	6	59	1	2026-01-07	4
2626	10	11	2	2026-01-07	2
2627	38	71	2	2026-01-07	5
2628	46	61	1	2026-01-07	6
2629	47	91	3	2026-01-09	2
2630	8	70	2	2026-01-09	6
2631	5	100	1	2026-01-10	3
2632	38	21	4	2026-01-10	3
2633	41	100	3	2026-01-10	7
2634	45	70	3	2026-01-10	5
2635	34	6	2	2026-01-10	1
2636	28	52	1	2026-01-10	7
2637	31	15	1	2026-01-11	6
2638	3	47	4	2026-01-12	1
2639	35	11	3	2026-01-12	2
2640	7	50	3	2026-01-12	3
2641	50	21	1	2026-01-13	2
2642	12	21	1	2026-01-13	1
2643	5	92	4	2026-01-14	6
2644	26	18	3	2026-01-14	3
2645	5	75	3	2026-01-14	3
2646	20	15	1	2026-01-15	5
2647	4	97	4	2026-01-15	3
2648	9	92	1	2026-01-16	3
2649	38	100	1	2026-01-17	6
2650	23	47	4	2026-01-17	4
2651	8	70	4	2026-01-17	3
2652	49	91	2	2026-01-17	5
2653	16	75	1	2026-01-19	6
2654	10	21	2	2026-01-19	2
2655	46	15	1	2026-01-20	7
2656	6	52	4	2026-01-20	1
2657	44	71	4	2026-01-20	1
2658	22	47	4	2026-01-20	4
2659	24	11	4	2026-01-20	6
2660	37	54	3	2026-01-20	2
2661	20	52	1	2026-01-20	6
2662	50	23	1	2026-01-20	7
2663	19	11	1	2026-01-21	4
2664	32	50	4	2026-01-21	7
2665	40	15	4	2026-01-21	2
2666	22	15	4	2026-01-21	5
2667	6	11	1	2026-01-21	3
2668	8	91	1	2026-01-21	3
2669	29	91	1	2026-01-21	6
2670	2	47	1	2026-01-22	6
2671	50	92	1	2026-01-22	5
2672	2	75	4	2026-01-22	4
2673	16	23	4	2026-01-22	1
2674	18	47	3	2026-01-22	1
2675	14	52	1	2026-01-22	6
2676	2	19	1	2026-01-23	7
2677	49	6	2	2026-01-23	7
2678	17	18	1	2026-01-24	6
2679	22	21	4	2026-01-24	2
2680	20	47	4	2026-01-24	1
2681	48	71	2	2026-01-24	4
2682	27	11	1	2026-01-24	7
2683	26	70	1	2026-01-24	3
2684	21	6	4	2026-01-25	3
2685	24	71	3	2026-01-25	7
2686	50	11	2	2026-01-25	1
2687	5	71	1	2026-01-26	3
2688	4	54	3	2026-01-26	1
2689	42	19	1	2026-01-27	7
2690	24	54	1	2026-01-27	1
2691	10	91	4	2026-01-28	6
2692	6	97	3	2026-01-28	4
2693	8	92	2	2026-01-28	4
2694	28	91	2	2026-01-28	6
2695	23	97	1	2026-01-28	5
2696	31	92	1	2026-01-28	6
2697	1	50	1	2026-01-28	2
2698	17	59	1	2026-01-28	4
2699	15	15	4	2026-01-29	1
2700	48	50	1	2026-01-29	6
2701	49	56	1	2026-01-29	6
2702	34	61	1	2026-01-29	2
2703	38	21	2	2026-01-30	7
2704	13	72	1	2026-01-30	7
2705	44	70	2	2026-01-31	7
2706	11	75	2	2026-01-31	1
2707	24	23	1	2026-01-31	5
2708	20	54	1	2026-01-31	4
2709	15	72	1	2026-01-31	2
2710	3	18	3	2026-02-01	5
2711	24	52	3	2026-02-01	3
2712	46	59	4	2026-02-02	7
2713	31	71	4	2026-02-02	2
2714	24	72	2	2026-02-02	4
2715	4	97	1	2026-02-02	2
2716	11	11	1	2026-02-02	3
2717	9	70	4	2026-02-03	4
2718	29	19	3	2026-02-03	2
2719	40	91	2	2026-02-03	1
2720	42	52	2	2026-02-03	4
2721	29	11	1	2026-02-04	5
2722	22	72	4	2026-02-04	4
2723	45	52	1	2026-02-04	4
2724	50	50	1	2026-02-05	7
2725	39	50	1	2026-02-05	5
2726	14	54	4	2026-02-05	3
2727	15	54	3	2026-02-05	1
2728	19	6	2	2026-02-05	4
2729	32	56	2	2026-02-05	5
2730	12	70	1	2026-02-05	1
2731	42	72	4	2026-02-06	4
2732	1	70	4	2026-02-06	4
2733	45	18	2	2026-02-06	4
2734	3	50	1	2026-02-06	6
2735	32	72	1	2026-02-06	4
2736	33	52	4	2026-02-07	1
2737	36	15	4	2026-02-07	4
2738	43	23	4	2026-02-08	7
2739	27	6	4	2026-02-08	2
2740	29	47	3	2026-02-08	2
2741	32	47	1	2026-02-09	4
2742	37	92	3	2026-02-09	5
2743	36	100	1	2026-02-09	2
2744	29	19	2	2026-02-10	3
2745	12	59	4	2026-02-11	6
2746	13	75	2	2026-02-12	5
2747	34	100	1	2026-02-12	5
2748	26	6	1	2026-02-13	4
2749	15	75	1	2026-02-13	6
2750	9	70	4	2026-02-14	3
2751	45	11	4	2026-02-14	7
2752	30	50	3	2026-02-14	6
2753	44	91	1	2026-02-14	5
2754	34	100	4	2026-02-15	3
2755	42	71	3	2026-02-15	7
2756	33	18	3	2026-02-15	3
2757	47	23	2	2026-02-15	3
2758	1	59	1	2026-02-15	7
2759	41	97	1	2026-02-17	6
2760	2	59	4	2026-02-17	4
2761	26	97	4	2026-02-17	4
2762	11	56	3	2026-02-17	3
2763	5	56	2	2026-02-17	5
2764	23	100	4	2026-02-18	7
2765	1	71	3	2026-02-18	6
2766	28	97	1	2026-02-19	3
2767	45	23	1	2026-02-19	2
2768	18	11	4	2026-02-19	3
2769	15	6	3	2026-02-19	1
2770	23	47	1	2026-02-19	7
2771	46	91	1	2026-02-19	1
2772	34	92	1	2026-02-20	1
2773	38	56	4	2026-02-20	7
2774	36	19	1	2026-02-20	7
2775	17	50	1	2026-02-21	1
2776	2	47	1	2026-02-22	5
2777	19	21	2	2026-02-22	2
2778	9	75	4	2026-02-23	1
2779	36	23	4	2026-02-24	3
2780	43	11	1	2026-02-24	5
2781	34	23	1	2026-02-25	7
2782	10	6	1	2026-02-25	5
2783	22	18	1	2026-02-26	3
2784	12	75	4	2026-02-26	1
2785	9	56	1	2026-02-27	2
2786	45	18	1	2026-02-27	5
2787	27	92	3	2026-02-27	5
2788	50	70	1	2026-02-28	5
2789	30	75	1	2026-03-01	3
2790	16	59	4	2026-03-01	5
2791	50	71	2	2026-03-01	2
2792	39	59	1	2026-03-01	6
2793	41	61	2	2026-03-02	1
2794	21	59	2	2026-03-02	3
2795	35	11	4	2026-03-03	4
2796	37	100	3	2026-03-03	5
2797	34	6	1	2026-03-04	2
2798	27	61	1	2026-03-04	5
2799	31	52	1	2026-03-04	1
2800	38	11	4	2026-03-05	6
2801	47	21	4	2026-03-05	4
2802	38	92	3	2026-03-05	1
2803	1	97	2	2026-03-05	1
2804	46	92	3	2026-03-06	1
2805	39	54	4	2026-03-07	2
2806	9	97	2	2026-03-07	6
2807	27	23	2	2026-03-08	5
2808	18	52	1	2026-03-08	2
2809	43	75	1	2026-03-08	3
2810	43	91	1	2026-03-08	7
2811	7	54	2	2026-03-09	4
2812	10	54	1	2026-03-09	7
2813	14	50	1	2026-03-09	4
2814	12	15	1	2026-03-10	5
2815	38	47	4	2026-03-10	1
2816	11	72	4	2026-03-11	4
2817	46	50	3	2026-03-11	3
2818	33	52	3	2026-03-11	3
2819	33	56	1	2026-03-11	1
2820	21	71	1	2026-03-11	6
2821	38	56	1	2026-03-12	5
2822	14	50	1	2026-03-12	3
2823	20	97	4	2026-03-12	7
2824	26	54	3	2026-03-12	5
2825	25	6	3	2026-03-13	1
2826	46	15	3	2026-03-13	3
2827	41	91	3	2026-03-13	2
2828	44	6	2	2026-03-13	6
2829	16	18	1	2026-03-13	3
2830	30	59	4	2026-03-14	3
2831	20	50	2	2026-03-14	3
2832	28	18	2	2026-03-15	2
2833	7	72	2	2026-03-15	3
2834	9	21	1	2026-03-16	6
2835	35	52	3	2026-03-16	5
2836	44	52	4	2026-03-17	4
2837	30	50	3	2026-03-17	3
2838	44	75	1	2026-03-18	4
2839	25	71	4	2026-03-18	4
2840	34	59	4	2026-03-18	7
2841	2	97	4	2026-03-18	1
2842	43	18	2	2026-03-18	5
2843	16	59	1	2026-03-18	6
2844	45	61	1	2026-03-18	2
2845	30	100	2	2026-03-19	5
2846	40	23	2	2026-03-19	6
2847	31	59	1	2026-03-20	7
2848	49	52	3	2026-03-20	5
2849	50	100	2	2026-03-20	3
2850	13	97	2	2026-03-20	1
2851	30	91	3	2026-03-21	5
2852	36	19	1	2026-03-21	3
2853	8	15	4	2026-03-22	3
2854	31	15	4	2026-03-22	6
2855	39	18	3	2026-03-22	4
2856	12	52	3	2026-03-22	2
2857	33	23	1	2026-03-23	4
2858	11	71	4	2026-03-23	4
2859	8	23	1	2026-03-23	2
2860	3	56	1	2026-03-23	2
2861	15	11	1	2026-03-23	7
2862	50	19	2	2026-03-24	5
2863	29	23	1	2026-03-24	7
2864	48	70	4	2026-03-25	1
2865	23	75	4	2026-03-25	6
2866	13	72	3	2026-03-25	1
2867	12	6	2	2026-03-25	3
2868	5	54	3	2026-03-26	5
2869	13	18	1	2026-03-26	4
2870	46	59	1	2026-03-27	4
2871	44	61	1	2026-03-27	7
2872	28	21	3	2026-03-28	2
2873	49	70	2	2026-03-28	1
2874	15	75	2	2026-03-28	5
2875	27	18	1	2026-03-28	2
2876	20	19	3	2026-03-29	6
2877	16	11	1	2026-03-30	6
2878	50	52	1	2026-03-30	2
2879	43	19	2	2026-03-31	5
2880	1	21	1	2026-03-31	6
2881	24	18	4	2026-04-01	5
2882	6	59	4	2026-04-01	2
2883	15	92	1	2026-04-01	7
2884	24	70	3	2026-04-02	7
2885	15	97	2	2026-04-02	7
2886	40	19	2	2026-04-02	1
2887	18	23	1	2026-04-02	1
2888	9	91	1	2026-04-03	1
2889	20	70	2	2026-04-03	5
2890	3	21	1	2026-04-03	6
2891	6	21	1	2026-04-03	4
2892	42	15	1	2026-04-04	5
2893	11	72	1	2026-04-05	6
2894	23	18	1	2026-04-05	3
2895	34	15	1	2026-04-07	6
2896	25	15	1	2026-04-07	3
2897	31	61	1	2026-04-07	5
2898	40	52	3	2026-04-07	2
2899	45	75	2	2026-04-07	5
2900	32	61	1	2026-04-07	2
2901	43	100	1	2026-04-07	7
2902	31	56	1	2026-04-07	4
2903	23	71	4	2026-04-08	5
2904	7	23	3	2026-04-08	1
2905	6	6	1	2026-04-08	2
2906	6	23	1	2026-04-08	3
2907	47	11	4	2026-04-09	1
2908	11	75	2	2026-04-09	6
2909	40	75	1	2026-04-09	2
2910	43	15	3	2026-04-10	6
2911	19	56	1	2026-04-10	2
2912	43	56	1	2026-04-10	2
2913	13	54	4	2026-04-11	1
2914	3	70	3	2026-04-11	4
2915	14	59	2	2026-04-11	4
2916	50	11	2	2026-04-11	1
2917	21	100	1	2026-04-12	5
2918	44	75	3	2026-04-12	5
2919	27	59	1	2026-04-12	2
2920	37	15	4	2026-04-13	1
2921	47	50	3	2026-04-13	6
2922	42	56	1	2026-04-14	6
2923	29	21	4	2026-04-14	7
2924	3	11	4	2026-04-14	7
2925	21	75	3	2026-04-15	4
2926	11	23	3	2026-04-15	5
2927	36	61	1	2026-04-15	5
2928	15	91	4	2026-04-16	4
2929	11	54	3	2026-04-16	6
2930	4	61	2	2026-04-16	5
2931	3	18	1	2026-04-17	5
2932	37	97	1	2026-04-17	5
2933	10	72	1	2026-04-18	5
2934	22	61	2	2026-04-18	4
2935	37	91	1	2026-04-19	6
2936	7	50	2	2026-04-20	6
2937	35	19	1	2026-04-20	1
2938	35	47	2	2026-04-21	6
2939	28	54	4	2026-04-22	1
2940	31	71	3	2026-04-22	6
2941	27	19	1	2026-04-22	7
2942	40	23	1	2026-04-23	1
2943	1	56	2	2026-04-23	6
2944	44	47	4	2026-04-24	5
2945	37	6	2	2026-04-24	6
2946	35	92	3	2026-04-25	7
2947	24	47	1	2026-04-26	6
2948	50	61	1	2026-04-26	1
2949	11	92	1	2026-04-26	5
2950	9	71	4	2026-04-26	5
2951	1	100	1	2026-04-27	6
2952	35	91	1	2026-04-27	3
2953	33	15	1	2026-04-28	1
2954	23	71	4	2026-04-28	5
2955	30	18	4	2026-04-28	1
2956	24	72	3	2026-04-28	3
2957	1	6	1	2026-04-28	1
2958	45	6	4	2026-04-29	3
2959	33	59	1	2026-04-30	2
2960	9	92	1	2026-04-30	5
2961	41	21	1	2026-04-30	1
2962	41	52	1	2026-04-30	6
2963	21	59	2	2026-04-30	2
2964	32	21	1	2026-04-30	6
2965	11	100	3	2026-05-01	5
2966	36	92	3	2026-05-01	6
2967	5	75	2	2026-05-02	3
2968	2	15	1	2026-05-02	4
2969	2	21	1	2026-05-03	5
2970	24	70	3	2026-05-03	6
2971	28	54	3	2026-05-03	3
2972	43	23	4	2026-05-04	3
2973	19	70	2	2026-05-04	7
2974	23	97	2	2026-05-04	2
2975	1	6	2	2026-05-04	7
2976	30	6	1	2026-05-04	6
2977	45	92	1	2026-05-04	2
2978	44	92	1	2026-05-05	6
2979	32	71	3	2026-05-05	3
2980	23	47	4	2026-05-06	2
2981	44	100	4	2026-05-06	1
2982	19	56	3	2026-05-06	3
2983	15	15	3	2026-05-06	5
2984	38	54	3	2026-05-06	3
2985	33	61	2	2026-05-06	7
2986	6	11	1	2026-05-06	4
2987	18	97	1	2026-05-07	1
2988	32	91	4	2026-05-07	6
2989	16	47	4	2026-05-07	5
2990	10	47	3	2026-05-08	3
2991	37	97	1	2026-05-08	5
2992	9	6	1	2026-05-08	1
2993	23	19	1	2026-05-08	1
2994	46	54	1	2026-05-09	6
2995	19	50	4	2026-05-09	4
2996	4	61	1	2026-05-10	3
2997	11	61	4	2026-05-10	3
2998	47	75	1	2026-05-10	1
2999	46	92	1	2026-05-11	6
3000	13	15	4	2026-05-11	5
3001	11	97	3	2026-05-11	4
3002	44	91	1	2026-05-11	1
3003	32	50	1	2026-05-12	7
3004	50	23	4	2026-05-13	3
3005	30	75	2	2026-05-13	7
3006	30	54	2	2026-05-13	7
3007	33	21	4	2026-05-14	7
3008	23	91	3	2026-05-14	3
3009	43	50	1	2026-05-15	5
3010	10	23	3	2026-05-16	6
3011	15	72	2	2026-05-16	1
3012	42	15	4	2026-05-17	1
3013	42	71	3	2026-05-17	1
3014	27	50	2	2026-05-18	2
3015	23	47	2	2026-05-18	1
3016	39	71	3	2026-05-19	1
3017	38	56	1	2026-05-19	3
3018	18	15	1	2026-05-19	3
3019	45	6	1	2026-05-22	5
3020	48	50	1	2026-05-22	1
3021	23	75	2	2026-05-22	1
3022	48	70	1	2026-05-23	1
3023	31	92	4	2026-05-23	6
3024	8	59	1	2026-05-23	1
3025	36	59	1	2026-05-24	7
3026	35	18	3	2026-05-24	3
3027	28	11	1	2026-05-25	6
3028	13	70	4	2026-05-25	1
3029	31	47	2	2026-05-25	2
3030	7	21	2	2026-05-25	2
3031	48	97	1	2026-05-26	6
3032	39	15	1	2026-05-26	7
3033	45	23	4	2026-05-26	6
3034	43	59	3	2026-05-26	2
3035	36	23	2	2026-05-26	1
3036	20	21	1	2026-05-26	6
3037	26	50	1	2026-05-27	4
3038	26	100	1	2026-05-28	3
3039	16	11	4	2026-05-28	5
3040	12	47	1	2026-05-29	4
3041	47	6	1	2026-05-29	6
3042	3	54	4	2026-05-29	5
3043	16	11	3	2026-05-29	6
3044	46	23	1	2026-05-29	1
3045	6	75	1	2026-05-30	7
3046	18	59	1	2026-05-30	3
3047	37	100	4	2026-05-30	7
3048	2	18	3	2026-05-30	7
3049	30	15	1	2026-05-31	7
3050	1	70	1	2026-05-31	7
3051	3	56	3	2026-05-31	7
3052	36	91	3	2026-05-31	7
3053	17	72	1	2026-06-01	2
3054	24	72	4	2026-06-01	4
3055	21	21	2	2026-06-01	7
3056	29	61	1	2026-06-02	5
3057	29	100	4	2026-06-02	3
3058	34	100	3	2026-06-02	3
3059	25	50	2	2026-06-02	1
3060	9	54	1	2026-06-03	4
3061	49	19	4	2026-06-03	3
3062	24	71	2	2026-06-03	1
3063	35	15	1	2026-06-03	7
3064	33	6	1	2026-06-05	4
3065	36	56	3	2026-06-05	1
3066	21	71	4	2026-06-06	7
3067	44	19	2	2026-06-06	2
3068	20	97	1	2026-06-07	5
3069	5	47	3	2026-06-07	4
3070	49	6	3	2026-06-07	3
3071	4	11	1	2026-06-08	7
3072	3	59	1	2026-06-09	3
3073	7	71	4	2026-06-09	5
3074	31	6	3	2026-06-10	3
3075	11	19	2	2026-06-10	3
3076	12	59	3	2026-06-11	5
3077	41	70	3	2026-06-11	1
3078	36	71	3	2026-06-11	4
3079	49	61	3	2026-06-12	4
3080	18	72	1	2026-06-12	2
3081	10	92	1	2026-06-12	4
3082	1	75	3	2026-06-13	5
3083	1	61	1	2026-06-14	5
3084	10	47	1	2026-06-15	6
3085	17	23	1	2026-06-16	3
3086	25	52	1	2026-06-16	6
3087	31	50	3	2026-06-16	4
3088	31	11	2	2026-06-16	5
3089	45	61	1	2026-06-17	5
3090	15	72	2	2026-06-17	3
3091	48	91	1	2026-06-17	1
3092	7	91	4	2026-06-18	7
3093	21	54	2	2026-06-18	5
3094	47	100	1	2026-06-18	6
3095	5	70	1	2026-06-19	1
3096	3	59	1	2026-06-19	1
3097	47	100	1	2026-06-20	3
3098	26	19	1	2026-06-20	7
3099	20	52	1	2026-06-21	5
3100	25	52	4	2026-06-21	2
3101	50	23	3	2026-06-21	6
3102	34	70	3	2026-06-21	1
3103	21	72	3	2026-06-21	5
3104	23	52	1	2026-06-21	3
3105	12	59	1	2026-06-21	4
3106	26	21	3	2026-06-22	2
3107	37	100	3	2026-06-22	4
3108	12	50	3	2026-06-23	5
3109	23	23	1	2026-06-23	2
3110	22	61	1	2026-06-24	5
3111	35	19	1	2026-06-24	2
3112	12	70	4	2026-06-24	5
3113	26	52	3	2026-06-24	5
3114	48	15	3	2026-06-25	5
3115	21	56	3	2026-06-25	1
3116	9	47	2	2026-06-25	6
3117	20	71	1	2026-06-25	2
3118	20	19	1	2026-06-26	1
3119	9	91	4	2026-06-26	1
3120	32	97	4	2026-06-26	6
3121	25	23	1	2026-06-26	2
3122	49	97	4	2026-06-27	1
3123	34	71	2	2026-06-27	3
3124	45	97	1	2026-06-28	3
3125	7	6	4	2026-06-28	7
3126	31	72	3	2026-06-28	6
3127	26	92	2	2026-06-28	2
3128	30	92	1	2026-06-28	4
3129	13	52	4	2026-06-29	4
3130	25	71	3	2026-06-29	7
3131	24	72	2	2026-06-29	4
3132	38	91	2	2026-06-29	1
3133	38	71	1	2026-06-29	3
3134	45	91	2	2026-06-30	4
3135	46	19	2	2026-06-30	6
3136	45	47	1	2026-07-01	3
3137	22	6	3	2026-07-01	3
3138	31	72	4	2026-07-02	6
3139	18	54	4	2026-07-02	2
3140	14	91	3	2026-07-02	6
3141	12	61	4	2026-07-03	6
3142	23	91	2	2026-07-03	2
3143	40	15	1	2026-07-04	4
3144	43	21	4	2026-07-04	2
3145	13	52	2	2026-07-04	7
3146	28	72	1	2026-07-05	5
3147	45	18	1	2026-07-05	3
3148	7	18	4	2026-07-05	2
3149	43	75	4	2026-07-05	4
3150	10	71	2	2026-07-05	2
3151	36	97	1	2026-07-05	6
3152	12	92	1	2026-07-06	4
3153	44	91	2	2026-07-06	5
3154	39	47	3	2026-07-07	2
3155	3	52	1	2026-07-08	1
3156	41	100	1	2026-07-08	7
3157	4	23	1	2026-07-09	5
3158	44	61	2	2026-07-09	1
3159	19	71	2	2026-07-09	4
3160	9	61	2	2026-07-09	3
3161	27	47	2	2026-07-09	5
3162	47	100	1	2026-07-10	4
3163	7	92	3	2026-07-10	1
3164	48	18	2	2026-07-10	6
3165	43	75	1	2026-07-11	7
3166	32	6	2	2026-07-11	2
3167	40	70	2	2026-07-12	4
3168	20	6	1	2026-07-12	6
3169	5	61	1	2026-07-13	1
3170	33	97	1	2026-07-13	7
3171	23	52	2	2026-07-13	6
3172	8	6	3	2026-07-14	7
3173	48	100	3	2026-07-14	4
3174	41	92	3	2026-07-14	6
3175	43	100	3	2026-07-14	3
3176	45	100	1	2026-07-14	1
3177	44	47	1	2026-07-14	4
3178	34	71	3	2026-07-15	4
3179	13	56	3	2026-07-16	5
3180	28	97	3	2026-07-16	6
3181	6	97	3	2026-07-16	5
3182	38	97	2	2026-07-16	1
3183	25	50	1	2026-07-16	4
3184	16	92	4	2026-07-17	1
3185	3	92	1	2026-07-17	1
3186	49	50	1	2026-07-18	7
3187	47	97	4	2026-07-18	1
3188	20	71	1	2026-07-18	3
3189	13	21	1	2026-07-18	4
3190	39	61	4	2026-07-19	4
3191	31	100	1	2026-07-20	1
3192	45	91	1	2026-07-20	2
3193	12	52	4	2026-07-22	2
3194	9	75	2	2026-07-22	6
3195	21	91	1	2026-07-23	1
3196	29	70	1	2026-07-23	4
3197	37	97	1	2026-07-23	6
3198	23	72	1	2026-07-24	5
3199	46	11	4	2026-07-24	4
3200	47	92	1	2026-07-24	1
3201	28	91	1	2026-07-24	4
3202	3	92	1	2026-07-25	2
3203	18	19	4	2026-07-25	3
3204	23	15	3	2026-07-25	4
3205	21	70	3	2026-07-25	5
3206	1	11	2	2026-07-25	5
3207	17	70	2	2026-07-25	3
3208	24	47	4	2026-07-27	7
3209	19	15	1	2026-07-28	4
3210	5	50	4	2026-07-29	5
3211	37	18	2	2026-07-29	7
3212	26	56	4	2026-07-30	1
3213	8	97	3	2026-07-30	6
3214	9	18	2	2026-07-30	7
3215	23	61	4	2026-07-31	3
3216	40	56	3	2026-07-31	4
3217	32	19	1	2026-07-31	5
3218	7	6	1	2026-08-01	6
3219	38	59	3	2026-08-01	4
3220	2	59	1	2026-08-01	5
3221	10	18	3	2026-08-02	7
3222	25	75	3	2026-08-02	6
3223	16	61	1	2026-08-02	4
3224	11	56	1	2026-08-03	5
3225	42	11	1	2026-08-03	2
3226	10	11	3	2026-08-03	2
3227	48	50	3	2026-08-03	5
3228	29	61	1	2026-08-03	6
3229	38	50	4	2026-08-04	4
3230	21	56	1	2026-08-04	4
3231	6	56	4	2026-08-05	6
3232	7	92	4	2026-08-05	4
3233	11	15	4	2026-08-06	6
3234	6	56	2	2026-08-06	2
3235	33	11	1	2026-08-06	5
3236	11	75	1	2026-08-07	3
3237	17	6	2	2026-08-07	4
3238	2	72	1	2026-08-07	2
3239	24	59	3	2026-08-08	4
3240	37	50	2	2026-08-08	3
3241	38	59	1	2026-08-08	6
3242	13	56	1	2026-08-08	7
3243	19	97	1	2026-08-09	1
3244	25	92	3	2026-08-09	7
3245	42	11	1	2026-08-10	5
3246	21	23	3	2026-08-10	1
3247	20	23	1	2026-08-11	6
3248	11	6	1	2026-08-11	4
3249	47	21	4	2026-08-11	2
3250	37	97	1	2026-08-11	4
3251	17	75	1	2026-08-12	6
3252	44	61	1	2026-08-12	7
3253	33	15	1	2026-08-12	4
3254	13	92	1	2026-08-12	6
3255	16	11	1	2026-08-12	4
3256	44	92	1	2026-08-13	7
3257	24	21	4	2026-08-13	6
3258	44	23	4	2026-08-13	3
3259	24	18	3	2026-08-13	2
3260	27	50	1	2026-08-13	5
3261	49	19	1	2026-08-13	7
3262	30	70	1	2026-08-14	3
3263	45	15	2	2026-08-14	7
3264	5	47	1	2026-08-14	6
3265	7	71	4	2026-08-15	1
3266	46	52	3	2026-08-15	6
3267	11	100	2	2026-08-15	2
3268	34	91	1	2026-08-15	4
3269	26	23	1	2026-08-16	7
3270	27	59	4	2026-08-16	4
3271	22	15	4	2026-08-16	2
3272	13	54	3	2026-08-16	1
3273	8	23	1	2026-08-16	5
3274	26	97	1	2026-08-16	7
3275	44	6	4	2026-08-17	2
3276	16	97	3	2026-08-17	4
3277	38	18	2	2026-08-17	2
3278	7	50	1	2026-08-17	7
3279	7	56	3	2026-08-18	2
3280	5	19	3	2026-08-18	4
3281	25	91	2	2026-08-18	3
3282	36	54	1	2026-08-18	7
3283	47	6	1	2026-08-18	2
3284	48	91	1	2026-08-18	7
3285	48	18	1	2026-08-19	6
3286	19	11	4	2026-08-19	1
3287	25	61	1	2026-08-19	6
3288	47	23	1	2026-08-19	2
3289	17	97	1	2026-08-19	1
3290	9	72	1	2026-08-19	2
3291	47	52	2	2026-08-20	4
3292	48	71	2	2026-08-20	1
3293	46	50	1	2026-08-21	1
3294	1	47	4	2026-08-21	7
3295	42	71	3	2026-08-21	2
3296	10	92	4	2026-08-22	1
3297	20	23	2	2026-08-22	5
3298	20	91	1	2026-08-23	1
3299	9	91	3	2026-08-23	7
3300	44	75	3	2026-08-23	1
3301	24	11	4	2026-08-24	6
3302	36	21	4	2026-08-24	5
3303	34	11	4	2026-08-24	2
3304	27	75	3	2026-08-24	2
3305	3	19	1	2026-08-25	4
3306	4	50	1	2026-08-25	2
3307	32	92	4	2026-08-25	6
3308	23	15	3	2026-08-25	7
3309	31	15	2	2026-08-25	6
3310	15	72	2	2026-08-25	5
3311	29	11	1	2026-08-26	5
3312	30	47	3	2026-08-26	2
3313	2	23	2	2026-08-26	2
3314	1	52	1	2026-08-26	2
3315	45	19	4	2026-08-27	3
3316	42	71	3	2026-08-27	2
3317	16	71	4	2026-08-28	5
3318	49	54	1	2026-08-28	2
3319	17	54	4	2026-08-29	7
3320	46	59	4	2026-08-29	2
3321	17	91	4	2026-08-30	2
3322	34	52	4	2026-08-30	7
3323	15	19	4	2026-08-30	5
3324	30	75	3	2026-08-30	1
3325	32	59	3	2026-08-30	1
3326	13	72	2	2026-08-30	6
3327	2	50	2	2026-08-31	1
3328	39	18	1	2026-09-01	7
3329	22	21	1	2026-09-01	5
3330	12	59	4	2026-09-01	6
3331	25	75	2	2026-09-01	7
3332	44	97	1	2026-09-01	5
3333	16	18	1	2026-09-02	6
3334	10	52	2	2026-09-03	2
3335	32	100	2	2026-09-03	2
3336	37	70	3	2026-09-04	6
3337	2	70	3	2026-09-05	5
3338	49	6	2	2026-09-05	6
3339	18	50	2	2026-09-05	2
3340	43	15	1	2026-09-06	1
3341	25	21	4	2026-09-06	4
3342	12	70	1	2026-09-06	1
3343	16	15	2	2026-09-07	3
3344	37	54	1	2026-09-07	6
3345	19	75	1	2026-09-07	3
3346	19	72	3	2026-09-08	5
3347	42	19	1	2026-09-08	2
3348	25	52	1	2026-09-09	7
3349	49	70	3	2026-09-09	1
3350	4	6	3	2026-09-10	7
3351	42	18	1	2026-09-10	3
3352	11	11	1	2026-09-11	1
3353	12	61	1	2026-09-12	3
3354	30	100	3	2026-09-12	7
3355	3	59	3	2026-09-12	3
3356	10	21	3	2026-09-12	3
3357	39	56	2	2026-09-12	2
3358	42	71	1	2026-09-13	1
3359	39	52	3	2026-09-13	1
3360	13	61	3	2026-09-13	6
3361	31	50	2	2026-09-13	3
3362	12	47	2	2026-09-13	6
3363	9	61	3	2026-09-14	7
3364	26	75	3	2026-09-14	5
3365	34	100	2	2026-09-14	3
3366	45	61	2	2026-09-14	6
3367	3	92	4	2026-09-15	2
3368	19	59	1	2026-09-16	1
3369	25	75	4	2026-09-16	6
3370	22	18	3	2026-09-16	3
3371	5	100	3	2026-09-16	7
3372	42	6	4	2026-09-17	5
3373	36	61	2	2026-09-17	7
3374	37	21	1	2026-09-18	5
3375	38	97	4	2026-09-18	6
3376	11	52	2	2026-09-18	4
3377	41	19	1	2026-09-18	7
3378	29	19	1	2026-09-19	2
3379	4	54	1	2026-09-19	7
3380	17	92	1	2026-09-19	3
3381	34	70	1	2026-09-20	3
3382	35	52	1	2026-09-20	7
3383	26	19	1	2026-09-22	3
3384	29	15	1	2026-09-22	5
3385	14	59	2	2026-09-23	6
3386	28	56	3	2026-09-24	7
3387	22	52	2	2026-09-24	3
3388	41	47	2	2026-09-24	7
3389	43	91	1	2026-09-25	2
3390	17	75	1	2026-09-25	3
3391	19	92	1	2026-09-26	6
3392	37	18	3	2026-09-26	3
3393	48	92	2	2026-09-26	3
3394	16	15	1	2026-09-27	3
3395	39	71	4	2026-09-27	6
3396	33	92	3	2026-09-27	2
3397	11	6	3	2026-09-27	4
3398	3	11	3	2026-09-27	1
3399	45	19	2	2026-09-28	1
3400	9	18	1	2026-09-28	1
3401	32	100	1	2026-09-29	3
3402	25	19	4	2026-09-30	7
3403	38	11	4	2026-09-30	2
3404	29	6	2	2026-09-30	3
3405	14	52	1	2026-10-01	2
3406	37	59	1	2026-10-01	1
3407	39	18	2	2026-10-01	4
3408	43	19	1	2026-10-01	2
3409	32	50	3	2026-10-02	2
3410	28	72	1	2026-10-03	4
3411	12	97	4	2026-10-03	3
3412	19	56	3	2026-10-03	1
3413	48	56	1	2026-10-04	2
3414	45	61	1	2026-10-04	5
3415	31	91	2	2026-10-04	4
3416	24	75	1	2026-10-04	3
3417	8	59	1	2026-10-05	5
3418	47	71	1	2026-10-05	5
3419	50	19	2	2026-10-06	7
3420	41	52	1	2026-10-07	2
3421	49	18	4	2026-10-07	2
3422	41	56	3	2026-10-07	3
3423	23	47	3	2026-10-07	2
3424	30	56	2	2026-10-07	6
3425	29	92	1	2026-10-07	7
3426	38	56	3	2026-10-08	4
3427	21	72	3	2026-10-08	2
3428	21	19	3	2026-10-08	7
3429	28	21	1	2026-10-09	7
3430	13	97	4	2026-10-09	4
3431	40	19	2	2026-10-09	2
3432	15	6	1	2026-10-09	2
3433	5	15	1	2026-10-10	4
3434	14	56	4	2026-10-10	6
3435	8	61	3	2026-10-10	1
3436	49	15	3	2026-10-10	7
3437	13	100	3	2026-10-10	6
3438	29	97	1	2026-10-11	1
3439	50	56	4	2026-10-12	3
3440	20	56	4	2026-10-12	6
3441	7	91	1	2026-10-12	4
3442	16	11	1	2026-10-13	5
3443	11	18	3	2026-10-13	4
3444	46	70	1	2026-10-14	2
3445	21	75	4	2026-10-14	3
3446	32	59	3	2026-10-14	7
3447	1	61	1	2026-10-14	2
3448	16	19	1	2026-10-15	2
3449	18	71	1	2026-10-15	1
3450	1	71	1	2026-10-15	5
3451	37	6	4	2026-10-15	1
3452	40	92	3	2026-10-15	6
3453	10	72	1	2026-10-16	3
3454	38	15	1	2026-10-16	6
3455	23	18	3	2026-10-16	7
3456	24	92	1	2026-10-17	1
3457	49	21	2	2026-10-17	1
3458	8	91	1	2026-10-17	3
3459	7	21	3	2026-10-18	2
3460	34	19	2	2026-10-18	3
3461	1	52	1	2026-10-18	1
3462	48	75	1	2026-10-19	3
3463	17	47	1	2026-10-19	1
3464	7	52	4	2026-10-19	1
3465	43	19	1	2026-10-19	3
3466	21	75	1	2026-10-19	1
3467	25	47	4	2026-10-21	6
3468	11	100	3	2026-10-21	6
3469	50	19	1	2026-10-21	6
3470	2	56	1	2026-10-21	5
3471	33	21	1	2026-10-21	7
3472	31	21	1	2026-10-22	6
3473	13	6	1	2026-10-22	6
3474	18	100	4	2026-10-22	6
3475	33	71	1	2026-10-22	1
3476	6	59	1	2026-10-23	6
3477	50	18	2	2026-10-23	4
3478	20	75	1	2026-10-23	4
3479	12	72	1	2026-10-24	3
3480	3	6	1	2026-10-25	7
3481	16	21	1	2026-10-25	7
3482	6	50	1	2026-10-25	5
3483	25	50	1	2026-10-25	5
3484	28	47	1	2026-10-26	7
3485	7	100	1	2026-10-26	4
3486	46	6	4	2026-10-27	4
3487	35	92	2	2026-10-27	7
3488	29	97	1	2026-10-27	3
3489	5	52	1	2026-10-28	4
3490	42	70	4	2026-10-28	4
3491	30	75	2	2026-10-28	3
3492	12	71	2	2026-10-28	3
3493	30	75	1	2026-10-28	5
3494	10	92	1	2026-10-29	5
3495	9	6	3	2026-10-29	4
3496	10	91	4	2026-10-30	4
3497	5	59	3	2026-10-30	6
3498	21	52	3	2026-10-30	5
3499	32	70	1	2026-10-31	5
3500	11	100	3	2026-10-31	5
3501	34	56	3	2026-10-31	2
3502	13	18	1	2026-10-31	7
3503	20	61	1	2026-11-01	2
3504	35	6	2	2026-11-01	5
3505	49	21	4	2026-11-02	6
3506	30	71	4	2026-11-02	2
3507	20	19	3	2026-11-02	2
3508	21	18	2	2026-11-02	4
3509	39	71	1	2026-11-02	4
3510	5	92	1	2026-11-02	1
3511	33	19	1	2026-11-03	7
3512	46	6	4	2026-11-03	4
3513	29	52	4	2026-11-03	5
3514	14	97	3	2026-11-03	7
3515	22	54	2	2026-11-03	6
3516	48	23	4	2026-11-04	6
3517	36	100	3	2026-11-04	7
3518	34	70	2	2026-11-04	3
3519	30	70	1	2026-11-04	5
3520	10	75	4	2026-11-05	1
3521	48	91	4	2026-11-05	2
3522	34	92	3	2026-11-05	4
3523	11	75	2	2026-11-05	1
3524	13	70	4	2026-11-06	7
3525	6	56	3	2026-11-06	4
3526	21	50	3	2026-11-06	6
3527	8	50	2	2026-11-06	3
3528	2	19	3	2026-11-07	3
3529	23	18	3	2026-11-08	2
3530	27	92	2	2026-11-08	5
3531	11	71	1	2026-11-08	7
3532	12	92	1	2026-11-08	5
3533	49	54	1	2026-11-09	5
3534	18	21	1	2026-11-09	3
3535	8	23	4	2026-11-09	1
3536	2	71	4	2026-11-09	2
3537	35	59	1	2026-11-10	1
3538	21	97	3	2026-11-11	4
3539	36	15	2	2026-11-11	2
3540	25	23	1	2026-11-11	2
3541	24	6	3	2026-11-12	6
3542	35	59	2	2026-11-12	5
3543	26	92	1	2026-11-12	3
3544	27	23	1	2026-11-12	7
3545	3	100	1	2026-11-13	4
3546	4	71	4	2026-11-13	6
3547	29	54	2	2026-11-13	6
3548	39	21	2	2026-11-14	3
3549	40	19	1	2026-11-14	5
3550	24	6	1	2026-11-14	2
3551	1	11	1	2026-11-14	6
3552	23	18	1	2026-11-15	4
3553	32	52	1	2026-11-16	1
3554	5	52	3	2026-11-16	6
3555	18	92	3	2026-11-16	3
3556	14	70	2	2026-11-16	6
3557	8	100	2	2026-11-16	4
3558	38	61	3	2026-11-17	4
3559	21	23	2	2026-11-17	3
3560	33	59	1	2026-11-18	2
3561	34	6	1	2026-11-18	7
3562	45	71	2	2026-11-18	2
3563	50	56	3	2026-11-19	3
3564	44	92	1	2026-11-19	1
3565	11	97	1	2026-11-19	6
3566	17	54	1	2026-11-19	5
3567	11	50	1	2026-11-20	5
3568	47	59	1	2026-11-20	2
3569	14	19	3	2026-11-20	1
3570	17	70	3	2026-11-20	2
3571	32	70	1	2026-11-20	1
3572	21	97	1	2026-11-20	4
3573	12	100	3	2026-11-21	3
3574	43	92	2	2026-11-21	5
3575	15	72	4	2026-11-22	1
3576	40	6	4	2026-11-22	1
3577	39	21	4	2026-11-22	2
3578	21	71	1	2026-11-22	2
3579	20	15	1	2026-11-22	2
3580	1	15	3	2026-11-23	4
3581	5	21	2	2026-11-23	4
3582	27	92	1	2026-11-23	1
3583	24	50	1	2026-11-24	3
3584	13	23	1	2026-11-24	2
3585	46	18	4	2026-11-24	2
3586	38	97	2	2026-11-24	7
3587	21	92	1	2026-11-24	5
3588	25	91	2	2026-11-25	3
3589	45	59	2	2026-11-25	1
3590	3	72	2	2026-11-25	6
3591	4	70	4	2026-11-26	7
3592	23	52	2	2026-11-26	1
3593	17	70	2	2026-11-26	3
3594	22	97	4	2026-11-27	6
3595	15	100	1	2026-11-28	5
3596	35	23	3	2026-11-28	7
3597	7	21	2	2026-11-28	5
3598	36	92	1	2026-11-28	7
3599	44	50	1	2026-11-29	6
3600	46	21	3	2026-11-29	1
3601	31	100	2	2026-11-29	5
3602	30	56	1	2026-11-29	6
3603	47	91	3	2026-12-01	2
3604	22	91	2	2026-12-01	6
3605	16	61	1	2026-12-02	6
3606	9	97	1	2026-12-02	7
3607	5	97	4	2026-12-02	3
3608	44	50	4	2026-12-02	2
3609	9	47	2	2026-12-02	5
3610	47	21	4	2026-12-03	5
3611	50	92	1	2026-12-03	2
3612	50	91	4	2026-12-04	3
3613	41	56	4	2026-12-04	5
3614	44	19	4	2026-12-04	5
3615	39	15	3	2026-12-04	7
3616	8	50	2	2026-12-04	2
3617	12	18	1	2026-12-04	7
3618	32	47	1	2026-12-05	1
3619	2	21	3	2026-12-06	1
3620	33	54	3	2026-12-06	1
3621	46	21	3	2026-12-06	3
3622	6	19	2	2026-12-06	1
3623	5	15	1	2026-12-06	7
3624	34	6	1	2026-12-06	3
3625	44	19	4	2026-12-07	6
3626	45	21	2	2026-12-07	7
3627	48	75	4	2026-12-08	7
3628	39	71	1	2026-12-09	2
3629	3	47	4	2026-12-09	4
3630	49	52	3	2026-12-09	7
3631	15	75	2	2026-12-10	2
3632	31	11	1	2026-12-10	7
3633	2	75	1	2026-12-10	5
3634	11	6	1	2026-12-10	6
3635	15	21	1	2026-12-11	2
3636	43	92	1	2026-12-11	5
3637	43	19	2	2026-12-11	6
3638	40	72	1	2026-12-11	5
3639	8	11	2	2026-12-13	2
3640	30	61	4	2026-12-14	4
3641	32	54	3	2026-12-14	6
3642	26	6	3	2026-12-14	6
3643	35	59	2	2026-12-14	4
3644	50	19	2	2026-12-14	1
3645	2	59	1	2026-12-14	1
3646	16	11	4	2026-12-15	1
3647	34	100	1	2026-12-15	2
3648	1	50	1	2026-12-15	7
3649	41	97	1	2026-12-16	4
3650	32	70	4	2026-12-16	3
3651	34	50	3	2026-12-16	2
3652	49	91	1	2026-12-16	1
3653	28	19	4	2026-12-17	4
3654	8	47	4	2026-12-17	7
3655	3	92	4	2026-12-18	6
3656	11	52	3	2026-12-18	6
3657	43	50	3	2026-12-18	5
3658	48	52	2	2026-12-19	4
3659	3	6	2	2026-12-19	5
3660	48	72	1	2026-12-19	3
3661	32	54	1	2026-12-20	5
3662	48	47	4	2026-12-20	2
3663	25	19	4	2026-12-20	3
3664	45	54	3	2026-12-20	5
3665	33	72	1	2026-12-20	1
3666	28	92	3	2026-12-22	6
3667	4	59	2	2026-12-22	4
3668	50	72	3	2026-12-23	6
3669	42	61	2	2026-12-23	5
3670	17	97	4	2026-12-24	3
3671	27	100	1	2026-12-25	3
3672	4	59	4	2026-12-25	2
3673	1	56	4	2026-12-25	4
3674	25	52	3	2026-12-25	4
3675	29	92	3	2026-12-25	7
3676	35	100	2	2026-12-25	5
3677	19	91	2	2026-12-25	5
3678	2	61	2	2026-12-26	2
3679	41	71	4	2026-12-27	5
3680	15	21	3	2026-12-27	3
3681	27	11	1	2026-12-27	5
3682	26	97	3	2026-12-28	3
3683	40	61	2	2026-12-28	5
3684	33	100	3	2026-12-29	7
3685	38	56	1	2026-12-29	5
3686	1	71	4	2026-12-30	1
3687	9	91	4	2026-12-30	1
3688	45	72	1	2026-12-30	1
3689	1	84	1	2026-01-01	2
3690	18	46	3	2026-01-01	1
3691	49	49	1	2026-01-01	2
3692	25	16	2	2026-01-02	6
3693	20	2	1	2026-01-03	1
3694	22	2	2	2026-01-03	3
3695	49	42	1	2026-01-03	1
3696	44	10	1	2026-01-04	1
3697	48	99	1	2026-01-04	5
3698	2	32	2	2026-01-04	7
3699	13	39	2	2026-01-04	2
3700	35	2	3	2026-01-05	7
3701	5	45	3	2026-01-05	6
3702	3	14	1	2026-01-06	6
3703	3	20	3	2026-01-06	3
3704	13	32	1	2026-01-06	7
3705	37	81	3	2026-01-07	4
3706	11	31	2	2026-01-07	5
3707	21	40	1	2026-01-08	2
3708	13	84	2	2026-01-08	6
3709	28	42	2	2026-01-08	7
3710	16	42	2	2026-01-08	2
3711	11	84	2	2026-01-09	1
3712	19	81	2	2026-01-10	1
3713	28	95	1	2026-01-11	4
3714	20	95	1	2026-01-12	6
3715	19	42	3	2026-01-12	6
3716	26	14	2	2026-01-12	6
3717	38	17	2	2026-01-12	4
3718	4	42	2	2026-01-12	6
3719	13	8	3	2026-01-14	2
3720	29	95	2	2026-01-14	2
3721	5	42	1	2026-01-14	6
3722	4	42	1	2026-01-15	5
3723	8	32	2	2026-01-15	7
3724	11	10	1	2026-01-16	4
3725	34	32	1	2026-01-16	2
3726	21	10	2	2026-01-16	6
3727	1	20	1	2026-01-17	7
3728	27	10	1	2026-01-17	2
3729	19	81	1	2026-01-17	3
3730	44	49	2	2026-01-17	5
3731	15	20	1	2026-01-18	5
3732	19	45	3	2026-01-19	7
3733	39	45	1	2026-01-20	4
3734	41	17	1	2026-01-22	4
3735	34	31	1	2026-01-22	1
3736	22	40	1	2026-01-22	4
3737	26	32	3	2026-01-22	6
3738	4	10	2	2026-01-22	5
3739	45	46	1	2026-01-22	4
3740	18	42	3	2026-01-23	7
3741	5	31	3	2026-01-23	4
3742	26	31	1	2026-01-23	7
3743	19	99	1	2026-01-24	2
3744	37	14	1	2026-01-24	6
3745	45	16	1	2026-01-24	5
3746	16	84	1	2026-01-25	7
3747	30	42	1	2026-01-27	5
3748	15	14	2	2026-01-27	7
3749	40	8	2	2026-01-27	2
3750	21	40	1	2026-01-28	7
3751	31	46	1	2026-01-28	6
3752	14	81	3	2026-01-29	5
3753	37	8	2	2026-01-29	6
3754	19	40	2	2026-01-29	1
3755	12	99	1	2026-01-29	3
3756	9	49	1	2026-01-30	5
3757	49	84	3	2026-01-31	3
3758	32	40	3	2026-01-31	7
3759	2	40	2	2026-02-01	7
3760	5	49	1	2026-02-01	1
3761	31	42	1	2026-02-01	2
3762	36	99	1	2026-02-02	7
3763	33	17	3	2026-02-02	6
3764	6	14	1	2026-02-03	7
3765	1	49	1	2026-02-04	1
3766	17	8	1	2026-02-04	6
3767	5	31	1	2026-02-04	2
3768	41	39	1	2026-02-06	6
3769	44	31	3	2026-02-07	2
3770	12	84	3	2026-02-07	7
3771	14	10	1	2026-02-08	5
3772	7	45	1	2026-02-08	6
3773	33	49	1	2026-02-08	7
3774	41	39	2	2026-02-08	7
3775	43	8	2	2026-02-08	3
3776	36	81	2	2026-02-08	7
3777	18	39	1	2026-02-09	6
3778	28	95	1	2026-02-09	6
3779	50	10	1	2026-02-10	6
3780	38	81	1	2026-02-10	3
3781	42	99	2	2026-02-10	2
3782	6	20	1	2026-02-11	6
3783	17	32	1	2026-02-12	3
3784	8	8	2	2026-02-12	1
3785	15	2	1	2026-02-14	5
3786	49	49	1	2026-02-15	3
3787	43	20	2	2026-02-15	5
3788	39	99	1	2026-02-16	4
3789	20	81	2	2026-02-16	5
3790	13	49	2	2026-02-16	4
3791	27	46	1	2026-02-18	1
3792	39	20	3	2026-02-18	2
3793	19	20	3	2026-02-18	1
3794	41	84	1	2026-02-19	4
3795	9	8	1	2026-02-19	7
3796	4	10	2	2026-02-19	4
3797	46	46	2	2026-02-19	5
3798	12	31	1	2026-02-19	6
3799	22	84	1	2026-02-20	4
3800	29	14	1	2026-02-20	5
3801	38	95	1	2026-02-20	5
3802	40	10	1	2026-02-20	1
3803	50	16	1	2026-02-20	5
3804	42	49	1	2026-02-20	3
3805	18	46	1	2026-02-21	2
3806	31	46	1	2026-02-21	7
3807	26	17	1	2026-02-21	7
3808	22	20	1	2026-02-21	2
3809	39	45	2	2026-02-21	6
3810	1	31	1	2026-02-21	6
3811	23	84	3	2026-02-22	6
3812	24	99	2	2026-02-22	1
3813	30	39	1	2026-02-23	1
3814	30	8	1	2026-02-23	5
3815	3	84	1	2026-02-24	1
3816	44	99	1	2026-02-25	2
3817	9	8	1	2026-02-25	7
3818	34	45	1	2026-02-26	5
3819	11	10	1	2026-02-27	1
3820	14	84	1	2026-02-27	2
3821	48	42	1	2026-02-27	3
3822	15	42	3	2026-02-28	2
3823	31	8	1	2026-02-28	2
3824	10	2	1	2026-03-02	6
3825	26	16	1	2026-03-02	5
3826	1	8	1	2026-03-02	5
3827	5	40	1	2026-03-03	6
3828	38	46	3	2026-03-03	3
3829	25	49	1	2026-03-04	7
3830	41	2	2	2026-03-05	1
3831	50	45	1	2026-03-05	6
3832	24	40	1	2026-03-07	2
3833	7	40	3	2026-03-07	1
3834	32	32	3	2026-03-07	5
3835	28	81	1	2026-03-07	1
3836	30	99	1	2026-03-07	3
3837	9	8	1	2026-03-08	7
3838	2	16	2	2026-03-08	6
3839	6	39	2	2026-03-09	5
3840	9	14	1	2026-03-10	6
3841	44	45	1	2026-03-10	4
3842	4	46	3	2026-03-10	7
3843	4	40	1	2026-03-11	6
3844	38	49	1	2026-03-12	4
3845	30	84	1	2026-03-12	1
3846	20	8	1	2026-03-12	3
3847	13	46	2	2026-03-12	6
3848	25	20	1	2026-03-12	4
3849	28	32	3	2026-03-13	1
3850	42	20	2	2026-03-13	3
3851	42	49	1	2026-03-14	4
3852	36	2	1	2026-03-14	3
3853	29	20	1	2026-03-14	3
3854	1	39	1	2026-03-15	1
3855	29	20	1	2026-03-15	5
3856	31	8	3	2026-03-15	7
3857	3	16	3	2026-03-15	5
3858	26	17	1	2026-03-15	3
3859	48	20	2	2026-03-16	4
3860	12	45	1	2026-03-17	2
3861	31	17	3	2026-03-17	5
3862	41	39	2	2026-03-17	5
3863	10	17	2	2026-03-17	2
3864	8	39	1	2026-03-17	6
3865	47	39	1	2026-03-19	7
3866	35	95	1	2026-03-19	3
3867	28	42	1	2026-03-19	2
3868	34	46	1	2026-03-20	7
3869	32	49	1	2026-03-20	3
3870	14	20	2	2026-03-20	2
3871	16	16	1	2026-03-21	5
3872	25	49	1	2026-03-22	2
3873	37	95	1	2026-03-22	4
3874	33	46	3	2026-03-22	3
3875	29	42	3	2026-03-22	1
3876	50	20	1	2026-03-23	5
3877	26	17	1	2026-03-23	1
3878	12	16	1	2026-03-24	6
3879	14	20	2	2026-03-24	2
3880	16	84	2	2026-03-24	6
3881	19	14	2	2026-03-24	3
3882	5	2	2	2026-03-24	1
3883	45	39	3	2026-03-25	3
3884	31	81	2	2026-03-25	7
3885	6	31	2	2026-03-25	5
3886	45	84	2	2026-03-25	2
3887	43	16	2	2026-03-25	4
3888	9	84	1	2026-03-26	7
3889	13	16	1	2026-03-27	5
3890	35	46	1	2026-03-27	3
3891	33	32	3	2026-03-27	2
3892	22	2	1	2026-03-28	5
3893	12	45	1	2026-03-28	5
3894	1	49	3	2026-03-28	2
3895	9	20	2	2026-03-29	3
3896	25	46	1	2026-03-29	3
3897	37	39	3	2026-03-30	7
3898	50	16	2	2026-03-30	3
3899	40	16	1	2026-03-31	3
3900	15	46	1	2026-03-31	7
3901	20	45	1	2026-03-31	3
3902	9	49	2	2026-03-31	2
3903	44	16	2	2026-03-31	1
3904	17	95	1	2026-04-01	2
3905	29	49	1	2026-04-01	7
3906	3	81	2	2026-04-01	6
3907	7	2	2	2026-04-01	3
3908	23	84	1	2026-04-02	3
3909	44	39	3	2026-04-02	4
3910	49	16	3	2026-04-02	4
3911	36	16	1	2026-04-02	1
3912	11	2	3	2026-04-03	4
3913	18	46	2	2026-04-03	3
3914	16	99	1	2026-04-03	5
3915	2	14	3	2026-04-04	1
3916	29	49	3	2026-04-04	2
3917	37	99	3	2026-04-04	3
3918	37	39	2	2026-04-04	2
3919	19	8	1	2026-04-06	2
3920	48	32	3	2026-04-06	7
3921	2	49	1	2026-04-09	4
3922	4	99	1	2026-04-10	7
3923	24	10	1	2026-04-10	5
3924	13	2	2	2026-04-10	7
3925	46	10	1	2026-04-10	6
3926	40	39	3	2026-04-11	5
3927	5	31	2	2026-04-11	1
3928	29	81	3	2026-04-13	2
3929	11	8	3	2026-04-13	7
3930	41	99	1	2026-04-14	1
3931	24	20	2	2026-04-14	6
3932	28	81	2	2026-04-14	1
3933	8	99	1	2026-04-15	2
3934	46	16	3	2026-04-15	3
3935	43	17	2	2026-04-15	7
3936	29	99	1	2026-04-16	2
3937	27	49	1	2026-04-16	4
3938	12	39	2	2026-04-16	6
3939	22	20	1	2026-04-16	2
3940	25	39	1	2026-04-17	2
3941	31	20	1	2026-04-18	3
3942	9	10	2	2026-04-18	7
3943	46	32	1	2026-04-19	6
3944	8	10	1	2026-04-19	1
3945	27	40	3	2026-04-19	5
3946	36	81	2	2026-04-19	2
3947	15	81	1	2026-04-20	5
3948	50	95	3	2026-04-20	1
3949	8	95	3	2026-04-20	6
3950	30	2	2	2026-04-21	5
3951	21	45	3	2026-04-22	2
3952	15	39	2	2026-04-22	5
3953	13	39	1	2026-04-22	4
3954	24	40	1	2026-04-23	6
3955	23	20	1	2026-04-23	3
3956	18	31	2	2026-04-23	1
3957	9	20	1	2026-04-23	7
3958	33	40	1	2026-04-24	2
3959	50	2	1	2026-04-25	7
3960	48	42	2	2026-04-27	6
3961	15	14	3	2026-04-28	4
3962	37	42	2	2026-04-28	5
3963	17	40	3	2026-04-30	5
3964	13	84	1	2026-04-30	3
3965	9	42	1	2026-05-01	7
3966	20	10	3	2026-05-01	6
3967	44	32	3	2026-05-01	6
3968	11	45	2	2026-05-01	1
3969	23	10	1	2026-05-02	1
3970	15	84	3	2026-05-03	1
3971	18	32	1	2026-05-03	5
3972	34	17	1	2026-05-04	5
3973	13	39	1	2026-05-04	5
3974	17	84	1	2026-05-04	7
3975	34	17	1	2026-05-04	3
3976	11	16	1	2026-05-05	2
3977	14	32	2	2026-05-05	6
3978	43	95	1	2026-05-06	1
3979	42	32	1	2026-05-06	3
3980	11	8	2	2026-05-06	7
3981	29	31	1	2026-05-07	1
3982	21	49	1	2026-05-07	6
3983	34	17	1	2026-05-08	3
3984	50	14	3	2026-05-08	6
3985	45	2	1	2026-05-09	2
3986	45	40	1	2026-05-09	6
3987	40	32	3	2026-05-09	1
3988	41	84	1	2026-05-10	2
3989	49	49	1	2026-05-11	6
3990	6	40	1	2026-05-11	7
3991	1	95	2	2026-05-12	4
3992	23	40	1	2026-05-13	3
3993	40	31	3	2026-05-13	2
3994	12	45	1	2026-05-13	5
3995	43	8	2	2026-05-15	7
3996	27	14	1	2026-05-16	7
3997	43	39	3	2026-05-16	3
3998	36	42	1	2026-05-17	1
3999	10	32	1	2026-05-17	5
4000	45	2	1	2026-05-17	3
4001	3	84	3	2026-05-17	3
4002	31	42	3	2026-05-17	3
4003	3	42	2	2026-05-17	5
4004	42	81	2	2026-05-17	1
4005	9	95	3	2026-05-18	7
4006	49	10	3	2026-05-18	3
4007	16	84	2	2026-05-18	6
4008	20	45	1	2026-05-18	3
4009	33	31	1	2026-05-19	7
4010	18	40	1	2026-05-19	4
4011	27	32	1	2026-05-19	7
4012	43	84	2	2026-05-19	1
4013	34	95	2	2026-05-20	3
4014	37	81	1	2026-05-21	3
4015	12	32	1	2026-05-22	6
4016	11	81	3	2026-05-22	3
4017	7	99	1	2026-05-22	2
4018	30	45	1	2026-05-22	1
4019	47	32	3	2026-05-23	5
4020	45	46	3	2026-05-23	6
4021	18	20	2	2026-05-23	4
4022	41	31	1	2026-05-24	4
4023	27	17	1	2026-05-24	5
4024	9	8	1	2026-05-24	6
4025	5	8	1	2026-05-24	3
4026	2	81	2	2026-05-25	7
4027	39	32	1	2026-05-27	4
4028	37	39	3	2026-05-27	7
4029	15	31	2	2026-05-27	4
4030	27	10	3	2026-05-28	1
4031	21	8	2	2026-05-28	2
4032	25	8	2	2026-05-29	3
4033	14	81	1	2026-05-29	1
4034	42	10	1	2026-05-30	6
4035	43	17	1	2026-05-30	7
4036	18	32	1	2026-05-30	1
4037	33	17	1	2026-05-31	5
4038	13	20	1	2026-05-31	5
4039	22	39	1	2026-05-31	5
4040	24	49	2	2026-05-31	3
4041	11	46	1	2026-05-31	7
4042	38	17	1	2026-06-01	6
4043	16	32	1	2026-06-01	4
4044	21	81	1	2026-06-02	6
4045	50	46	1	2026-06-02	4
4046	33	8	2	2026-06-02	4
4047	32	39	1	2026-06-02	5
4048	37	32	1	2026-06-02	3
4049	32	31	1	2026-06-03	5
4050	47	2	1	2026-06-04	2
4051	22	32	1	2026-06-05	7
4052	35	46	1	2026-06-05	4
4053	29	31	3	2026-06-05	1
4054	31	99	2	2026-06-05	5
4055	43	99	1	2026-06-06	1
4056	18	49	1	2026-06-06	6
4057	19	8	1	2026-06-07	6
4058	19	8	1	2026-06-10	3
4059	40	45	1	2026-06-10	7
4060	14	42	1	2026-06-10	6
4061	44	49	1	2026-06-10	5
4062	34	17	2	2026-06-10	5
4063	6	81	1	2026-06-10	5
4064	7	16	1	2026-06-10	7
4065	50	81	1	2026-06-11	4
4066	15	10	1	2026-06-11	6
4067	36	8	2	2026-06-12	2
4068	14	46	1	2026-06-13	2
4069	36	45	1	2026-06-13	7
4070	50	8	3	2026-06-14	2
4071	45	17	1	2026-06-15	7
4072	5	17	1	2026-06-16	4
4073	8	99	3	2026-06-16	5
4074	22	99	1	2026-06-16	4
4075	34	39	2	2026-06-17	6
4076	38	14	1	2026-06-18	4
4077	2	40	2	2026-06-18	1
4078	22	49	1	2026-06-18	2
4079	43	16	3	2026-06-19	2
4080	5	8	2	2026-06-19	6
4081	19	32	1	2026-06-19	7
4082	30	95	1	2026-06-20	2
4083	16	42	3	2026-06-20	1
4084	25	95	2	2026-06-20	4
4085	46	39	2	2026-06-20	7
4086	38	2	1	2026-06-21	1
4087	28	10	3	2026-06-21	2
4088	21	2	2	2026-06-21	5
4089	13	10	1	2026-06-22	2
4090	25	2	1	2026-06-22	2
4091	7	8	2	2026-06-22	2
4092	41	14	2	2026-06-24	1
4093	45	45	1	2026-06-25	7
4094	11	84	1	2026-06-25	2
4095	25	95	1	2026-06-26	6
4096	17	16	2	2026-06-26	1
4097	22	32	3	2026-06-27	6
4098	20	39	1	2026-06-28	5
4099	15	2	1	2026-06-28	7
4100	11	45	1	2026-06-28	1
4101	12	17	1	2026-06-28	6
4102	37	40	1	2026-06-29	5
4103	38	49	1	2026-06-30	6
4104	12	8	1	2026-06-30	5
4105	37	95	1	2026-06-30	7
4106	37	20	3	2026-06-30	5
4107	26	2	3	2026-06-30	6
4108	20	99	1	2026-07-01	4
4109	6	16	1	2026-07-01	5
4110	3	81	1	2026-07-01	7
4111	17	99	1	2026-07-02	5
4112	9	81	2	2026-07-03	7
4113	39	84	2	2026-07-03	7
4114	5	40	2	2026-07-03	4
4115	40	17	1	2026-07-04	6
4116	42	17	3	2026-07-04	6
4117	34	42	3	2026-07-04	6
4118	22	20	1	2026-07-04	2
4119	17	20	1	2026-07-05	2
4120	7	8	1	2026-07-05	3
4121	43	46	2	2026-07-05	1
4122	5	39	2	2026-07-05	4
4123	6	40	1	2026-07-05	3
4124	3	14	1	2026-07-06	1
4125	44	45	1	2026-07-06	4
4126	14	16	1	2026-07-08	7
4127	7	40	1	2026-07-08	5
4128	43	2	3	2026-07-08	3
4129	23	10	2	2026-07-08	6
4130	21	99	1	2026-07-08	1
4131	31	14	1	2026-07-08	7
4132	1	32	1	2026-07-09	2
4133	35	46	3	2026-07-09	4
4134	2	17	3	2026-07-09	7
4135	50	2	3	2026-07-09	6
4136	46	45	2	2026-07-09	7
4137	14	95	1	2026-07-09	6
4138	35	31	1	2026-07-10	1
4139	29	2	1	2026-07-10	6
4140	49	31	1	2026-07-11	2
4141	15	17	1	2026-07-11	2
4142	6	99	1	2026-07-12	2
4143	50	99	1	2026-07-12	4
4144	24	39	2	2026-07-12	4
4145	25	16	2	2026-07-12	5
4146	44	45	1	2026-07-12	4
4147	46	99	1	2026-07-13	1
4148	35	2	3	2026-07-13	1
4149	30	16	1	2026-07-14	5
4150	39	40	1	2026-07-14	3
4151	50	95	1	2026-07-14	1
4152	21	32	3	2026-07-14	4
4153	34	17	3	2026-07-14	1
4154	46	31	1	2026-07-15	7
4155	18	46	3	2026-07-15	2
4156	5	32	1	2026-07-15	1
4157	24	40	2	2026-07-16	6
4158	41	39	1	2026-07-18	3
4159	49	81	1	2026-07-18	1
4160	7	49	2	2026-07-18	3
4161	31	40	1	2026-07-18	2
4162	10	16	1	2026-07-19	5
4163	12	16	1	2026-07-19	6
4164	20	8	3	2026-07-20	2
4165	20	49	2	2026-07-20	2
4166	14	95	1	2026-07-20	3
4167	2	99	1	2026-07-21	6
4168	18	49	1	2026-07-21	2
4169	23	16	1	2026-07-22	4
4170	33	46	3	2026-07-22	5
4171	16	84	3	2026-07-22	2
4172	35	40	3	2026-07-22	1
4173	40	32	2	2026-07-22	1
4174	22	2	1	2026-07-22	7
4175	50	8	1	2026-07-23	2
4176	30	16	1	2026-07-24	1
4177	13	20	3	2026-07-24	3
4178	37	45	2	2026-07-24	2
4179	49	40	2	2026-07-24	3
4180	3	95	1	2026-07-25	5
4181	37	2	1	2026-07-26	5
4182	42	45	1	2026-07-26	6
4183	21	10	1	2026-07-26	5
4184	19	95	1	2026-07-27	6
4185	25	49	1	2026-07-27	4
4186	30	14	1	2026-07-27	4
4187	9	32	1	2026-07-28	5
4188	32	95	1	2026-07-28	1
4189	18	14	1	2026-07-28	6
4190	27	32	1	2026-07-28	5
4191	35	49	1	2026-07-28	6
4192	13	40	1	2026-07-28	6
4193	3	17	1	2026-07-28	2
4194	4	95	3	2026-07-29	1
4195	43	95	2	2026-07-29	1
4196	6	20	1	2026-07-30	5
4197	6	17	1	2026-07-30	1
4198	30	31	1	2026-07-30	7
4199	26	10	3	2026-07-30	2
4200	28	81	1	2026-07-31	7
4201	23	99	1	2026-07-31	6
4202	10	32	1	2026-07-31	5
4203	7	45	3	2026-07-31	5
4204	43	81	2	2026-07-31	3
4205	38	17	1	2026-08-01	3
4206	35	14	1	2026-08-01	5
4207	32	84	1	2026-08-01	1
4208	16	39	1	2026-08-02	6
4209	33	49	1	2026-08-02	4
4210	47	49	2	2026-08-02	7
4211	5	39	1	2026-08-02	2
4212	43	46	1	2026-08-02	7
4213	20	10	1	2026-08-03	4
4214	46	8	2	2026-08-03	5
4215	11	2	1	2026-08-03	4
4216	39	95	1	2026-08-04	2
4217	3	45	3	2026-08-04	6
4218	10	99	2	2026-08-04	1
4219	14	31	2	2026-08-04	7
4220	47	45	1	2026-08-04	2
4221	3	16	1	2026-08-05	2
4222	2	20	3	2026-08-05	5
4223	3	2	1	2026-08-06	1
4224	34	2	1	2026-08-06	4
4225	35	45	3	2026-08-06	2
4226	30	99	2	2026-08-06	4
4227	41	20	1	2026-08-07	2
4228	27	32	2	2026-08-07	3
4229	9	84	2	2026-08-07	4
4230	28	46	1	2026-08-07	7
4231	17	10	1	2026-08-08	3
4232	1	84	3	2026-08-08	6
4233	20	10	1	2026-08-08	7
4234	8	14	1	2026-08-09	7
4235	42	49	1	2026-08-09	3
4236	28	17	1	2026-08-10	2
4237	14	42	2	2026-08-12	7
4238	33	84	1	2026-08-13	2
4239	38	32	1	2026-08-13	7
4240	40	17	3	2026-08-13	5
4241	42	16	2	2026-08-13	1
4242	30	10	1	2026-08-14	2
4243	4	16	3	2026-08-14	6
4244	35	39	3	2026-08-14	6
4245	32	95	2	2026-08-14	3
4246	18	81	1	2026-08-14	3
4247	4	95	1	2026-08-15	6
4248	45	10	2	2026-08-15	1
4249	35	40	2	2026-08-16	2
4250	17	14	1	2026-08-16	4
4251	2	40	1	2026-08-17	3
4252	38	40	3	2026-08-17	2
4253	42	14	3	2026-08-17	3
4254	18	14	3	2026-08-17	7
4255	40	46	1	2026-08-17	1
4256	13	14	1	2026-08-18	4
4257	50	39	1	2026-08-18	3
4258	23	2	1	2026-08-18	3
4259	5	14	1	2026-08-20	6
4260	14	14	3	2026-08-20	7
4261	35	31	3	2026-08-20	5
4262	15	46	2	2026-08-20	6
4263	38	49	1	2026-08-21	6
4264	14	49	1	2026-08-21	3
4265	20	20	1	2026-08-22	2
4266	49	49	1	2026-08-22	1
4267	20	45	2	2026-08-22	2
4268	43	40	2	2026-08-22	2
4269	34	2	1	2026-08-22	7
4270	34	39	1	2026-08-22	6
4271	8	46	1	2026-08-24	4
4272	11	49	3	2026-08-24	1
4273	48	46	3	2026-08-24	5
4274	1	42	2	2026-08-24	4
4275	20	20	1	2026-08-25	5
4276	44	20	1	2026-08-25	2
4277	15	2	3	2026-08-25	6
4278	23	14	2	2026-08-25	6
4279	11	45	1	2026-08-25	6
4280	12	2	1	2026-08-27	5
4281	1	81	3	2026-08-27	7
4282	26	2	1	2026-08-27	6
4283	7	14	1	2026-08-28	1
4284	8	99	1	2026-08-28	3
4285	26	99	3	2026-08-28	1
4286	3	45	2	2026-08-28	5
4287	39	95	1	2026-08-29	3
4288	45	20	1	2026-08-29	1
4289	50	81	1	2026-08-29	3
4290	15	20	1	2026-08-30	7
4291	9	2	1	2026-08-30	5
4292	47	81	3	2026-08-30	1
4293	12	40	2	2026-08-30	2
4294	43	14	2	2026-08-31	2
4295	27	95	2	2026-08-31	3
4296	24	99	1	2026-09-01	6
4297	28	45	1	2026-09-02	1
4298	23	84	1	2026-09-02	7
4299	28	16	2	2026-09-02	7
4300	8	17	1	2026-09-02	6
4301	40	16	1	2026-09-04	6
4302	31	20	1	2026-09-05	5
4303	42	2	1	2026-09-05	4
4304	18	45	1	2026-09-05	4
4305	6	84	1	2026-09-06	3
4306	39	40	3	2026-09-06	7
4307	47	16	2	2026-09-06	6
4308	8	42	1	2026-09-07	4
4309	13	81	1	2026-09-07	5
4310	11	49	1	2026-09-08	6
4311	47	81	1	2026-09-09	1
4312	12	20	1	2026-09-09	7
4313	22	81	2	2026-09-09	1
4314	10	2	1	2026-09-10	3
4315	42	45	1	2026-09-10	5
4316	38	84	3	2026-09-10	1
4317	42	16	2	2026-09-10	7
4318	4	40	1	2026-09-11	4
4319	25	84	1	2026-09-11	4
4320	33	81	3	2026-09-11	6
4321	29	10	3	2026-09-11	7
4322	29	32	1	2026-09-12	7
4323	22	81	1	2026-09-12	6
4324	5	39	1	2026-09-12	5
4325	44	20	1	2026-09-13	3
4326	12	95	1	2026-09-13	2
4327	18	20	3	2026-09-14	5
4328	6	39	1	2026-09-14	3
4329	38	10	1	2026-09-15	3
4330	48	95	3	2026-09-15	4
4331	2	42	2	2026-09-15	1
4332	6	46	1	2026-09-15	4
4333	46	84	1	2026-09-16	2
4334	3	20	1	2026-09-16	1
4335	29	8	1	2026-09-16	1
4336	27	2	2	2026-09-16	5
4337	19	2	1	2026-09-16	3
4338	16	31	1	2026-09-16	3
4339	19	20	1	2026-09-16	5
4340	34	99	3	2026-09-17	5
4341	14	46	2	2026-09-18	2
4342	16	17	1	2026-09-19	1
4343	22	99	3	2026-09-19	4
4344	8	99	1	2026-09-20	4
4345	36	32	3	2026-09-20	1
4346	19	31	2	2026-09-20	5
4347	8	14	1	2026-09-20	3
4348	43	99	1	2026-09-20	6
4349	18	95	1	2026-09-21	1
4350	44	95	1	2026-09-21	5
4351	13	20	1	2026-09-22	7
4352	42	45	1	2026-09-22	3
4353	44	17	3	2026-09-22	2
4354	1	31	2	2026-09-22	6
4355	11	2	2	2026-09-22	2
4356	3	32	1	2026-09-23	4
4357	39	8	1	2026-09-23	7
4358	47	14	1	2026-09-23	5
4359	44	49	1	2026-09-23	4
4360	38	81	2	2026-09-23	7
4361	49	95	1	2026-09-23	4
4362	15	20	1	2026-09-24	6
4363	3	8	1	2026-09-24	2
4364	32	14	2	2026-09-24	5
4365	5	45	1	2026-09-24	5
4366	40	17	1	2026-09-25	1
4367	38	16	1	2026-09-26	5
4368	7	39	1	2026-09-29	5
4369	1	95	3	2026-09-29	4
4370	6	84	2	2026-09-29	3
4371	40	10	1	2026-09-30	4
4372	7	14	1	2026-09-30	7
4373	46	95	1	2026-10-01	4
4374	26	99	2	2026-10-01	7
4375	45	39	1	2026-10-02	5
4376	5	95	1	2026-10-03	1
4377	29	46	1	2026-10-03	1
4378	25	2	1	2026-10-03	3
4379	24	99	3	2026-10-04	7
4380	45	10	1	2026-10-05	4
4381	5	46	1	2026-10-06	2
4382	5	40	1	2026-10-06	2
4383	12	14	3	2026-10-06	7
4384	9	10	2	2026-10-06	3
4385	16	46	1	2026-10-06	7
4386	26	17	1	2026-10-06	3
4387	17	32	1	2026-10-07	7
4388	25	14	2	2026-10-07	7
4389	24	39	1	2026-10-08	1
4390	11	10	1	2026-10-09	5
4391	11	45	1	2026-10-09	2
4392	26	40	1	2026-10-10	6
4393	20	17	2	2026-10-10	1
4394	17	99	1	2026-10-11	7
4395	12	45	2	2026-10-11	6
4396	24	17	1	2026-10-11	4
4397	18	2	1	2026-10-12	3
4398	38	2	3	2026-10-12	3
4399	23	45	1	2026-10-13	4
4400	2	10	1	2026-10-13	7
4401	12	84	1	2026-10-13	3
4402	7	39	3	2026-10-13	5
4403	26	20	1	2026-10-14	5
4404	44	99	1	2026-10-14	5
4405	21	95	1	2026-10-15	4
4406	40	17	1	2026-10-15	1
4407	48	17	3	2026-10-15	3
4408	2	49	3	2026-10-15	7
4409	44	42	2	2026-10-15	4
4410	8	81	1	2026-10-15	6
4411	18	49	1	2026-10-16	1
4412	23	39	1	2026-10-17	4
4413	6	20	2	2026-10-17	4
4414	5	99	3	2026-10-20	6
4415	1	42	3	2026-10-20	7
4416	41	39	2	2026-10-21	1
4417	31	10	2	2026-10-21	4
4418	41	42	1	2026-10-22	5
4419	2	95	1	2026-10-22	1
4420	17	14	2	2026-10-22	2
4421	45	99	1	2026-10-22	1
4422	12	81	1	2026-10-23	5
4423	9	46	3	2026-10-23	3
4424	40	95	3	2026-10-23	1
4425	16	81	1	2026-10-24	7
4426	30	95	1	2026-10-24	2
4427	45	20	1	2026-10-25	2
4428	22	40	3	2026-10-25	7
4429	47	84	1	2026-10-26	5
4430	23	40	3	2026-10-26	1
4431	50	40	2	2026-10-26	6
4432	26	42	2	2026-10-26	5
4433	26	8	1	2026-10-26	2
4434	15	32	1	2026-10-27	2
4435	24	20	2	2026-10-27	7
4436	9	14	1	2026-10-28	5
4437	13	46	2	2026-10-28	1
4438	19	2	1	2026-10-28	4
4439	16	16	3	2026-10-29	3
4440	3	42	2	2026-10-30	5
4441	17	39	1	2026-10-31	3
4442	29	45	1	2026-10-31	4
4443	10	16	1	2026-10-31	4
4444	15	32	3	2026-10-31	2
4445	44	14	1	2026-10-31	1
4446	34	95	1	2026-11-01	4
4447	41	46	3	2026-11-01	6
4448	46	14	3	2026-11-01	4
4449	24	95	1	2026-11-01	5
4450	45	42	1	2026-11-02	1
4451	38	16	1	2026-11-02	2
4452	18	81	2	2026-11-02	5
4453	12	81	1	2026-11-02	6
4454	19	81	1	2026-11-03	3
4455	22	8	2	2026-11-03	1
4456	35	81	1	2026-11-03	4
4457	47	99	1	2026-11-04	7
4458	45	49	1	2026-11-04	3
4459	13	39	2	2026-11-04	4
4460	30	84	1	2026-11-05	2
4461	2	10	1	2026-11-05	5
4462	18	20	2	2026-11-05	6
4463	1	31	1	2026-11-06	5
4464	29	42	1	2026-11-06	5
4465	36	45	1	2026-11-06	5
4466	29	95	1	2026-11-07	4
4467	10	95	3	2026-11-07	7
4468	8	81	3	2026-11-08	7
4469	43	16	3	2026-11-08	7
4470	13	49	1	2026-11-09	5
4471	7	42	1	2026-11-09	7
4472	11	8	1	2026-11-09	5
4473	50	95	3	2026-11-10	1
4474	42	8	2	2026-11-10	5
4475	35	84	1	2026-11-11	7
4476	47	42	1	2026-11-11	7
4477	38	20	2	2026-11-11	4
4478	30	2	1	2026-11-11	6
4479	25	2	1	2026-11-12	2
4480	30	45	1	2026-11-12	5
4481	32	81	3	2026-11-12	5
4482	5	32	1	2026-11-12	2
4483	4	39	3	2026-11-13	1
4484	12	84	3	2026-11-14	6
4485	32	8	1	2026-11-14	6
4486	45	31	1	2026-11-15	7
4487	9	20	1	2026-11-15	2
4488	28	17	1	2026-11-15	6
4489	39	20	1	2026-11-16	4
4490	8	2	1	2026-11-16	1
4491	7	32	3	2026-11-16	2
4492	46	20	1	2026-11-17	3
4493	24	14	1	2026-11-18	4
4494	17	16	3	2026-11-18	4
4495	19	84	1	2026-11-18	3
4496	50	39	1	2026-11-19	7
4497	35	31	1	2026-11-20	3
4498	13	17	1	2026-11-21	6
4499	12	40	3	2026-11-22	6
4500	44	95	2	2026-11-22	2
4501	25	32	2	2026-11-22	7
4502	45	14	2	2026-11-22	5
4503	30	16	1	2026-11-23	2
4504	38	81	1	2026-11-24	4
4505	13	49	3	2026-11-24	1
4506	27	46	1	2026-11-25	3
4507	17	81	3	2026-11-25	6
4508	27	46	1	2026-11-26	3
4509	4	31	1	2026-11-27	2
4510	9	14	1	2026-11-27	5
4511	28	20	1	2026-11-28	2
4512	34	32	1	2026-11-28	2
4513	33	81	1	2026-11-28	6
4514	23	39	3	2026-11-28	3
4515	9	14	3	2026-11-28	6
4516	34	81	1	2026-11-28	6
4517	16	17	1	2026-11-29	3
4518	25	32	1	2026-11-29	5
4519	20	20	3	2026-11-29	4
4520	38	31	3	2026-11-29	3
4521	5	31	3	2026-11-30	7
4522	50	46	2	2026-12-01	5
4523	39	84	1	2026-12-02	3
4524	15	10	2	2026-12-02	2
4525	28	14	1	2026-12-03	2
4526	5	16	2	2026-12-03	7
4527	46	14	2	2026-12-03	5
4528	26	49	3	2026-12-03	5
4529	30	49	1	2026-12-03	1
4530	34	81	2	2026-12-04	2
4531	18	17	3	2026-12-04	2
4532	26	39	2	2026-12-05	4
4533	19	95	2	2026-12-05	5
4534	19	2	2	2026-12-05	1
4535	43	20	1	2026-12-06	6
4536	4	95	3	2026-12-07	1
4537	6	46	1	2026-12-07	3
4538	35	2	1	2026-12-08	5
4539	19	42	2	2026-12-08	7
4540	6	10	3	2026-12-09	5
4541	7	20	1	2026-12-10	6
4542	3	81	2	2026-12-10	3
4543	19	46	2	2026-12-11	4
4544	3	2	2	2026-12-11	6
4545	35	45	1	2026-12-12	4
4546	30	40	2	2026-12-12	1
4547	5	16	2	2026-12-12	2
4548	31	81	1	2026-12-12	6
4549	48	46	1	2026-12-12	6
4550	2	8	2	2026-12-13	2
4551	11	99	2	2026-12-13	2
4552	28	20	1	2026-12-14	6
4553	22	46	3	2026-12-14	5
4554	29	31	2	2026-12-14	7
4555	4	20	1	2026-12-14	1
4556	26	46	1	2026-12-14	4
4557	37	17	1	2026-12-15	5
4558	32	31	1	2026-12-15	5
4559	14	95	1	2026-12-16	3
4560	39	16	2	2026-12-16	2
4561	30	46	3	2026-12-16	1
4562	9	45	2	2026-12-16	2
4563	19	16	1	2026-12-16	1
4564	30	99	1	2026-12-17	3
4565	28	95	3	2026-12-17	4
4566	1	40	3	2026-12-17	2
4567	36	10	3	2026-12-17	7
4568	26	81	3	2026-12-17	6
4569	11	99	2	2026-12-17	6
4570	22	49	1	2026-12-18	5
4571	5	46	3	2026-12-18	4
4572	30	14	3	2026-12-18	1
4573	33	40	2	2026-12-18	5
4574	6	45	3	2026-12-19	6
4575	7	20	2	2026-12-19	3
4576	10	42	3	2026-12-20	5
4577	33	17	2	2026-12-20	4
4578	7	31	2	2026-12-20	4
4579	45	99	1	2026-12-20	4
4580	27	10	3	2026-12-21	4
4581	35	49	1	2026-12-22	3
4582	6	32	1	2026-12-22	5
4583	16	81	3	2026-12-22	7
4584	4	17	3	2026-12-22	4
4585	47	31	1	2026-12-22	7
4586	40	39	1	2026-12-23	2
4587	43	84	1	2026-12-24	3
4588	10	20	3	2026-12-24	2
4589	41	14	2	2026-12-24	6
4590	17	8	3	2026-12-25	7
4591	43	84	3	2026-12-26	1
4592	12	81	1	2026-12-26	5
4593	30	46	1	2026-12-26	6
4594	39	31	1	2026-12-27	6
4595	28	32	3	2026-12-27	7
4596	6	40	1	2026-12-28	4
4597	18	81	2	2026-12-28	1
4598	25	95	1	2026-12-29	4
4599	14	42	3	2026-12-29	5
4600	31	42	1	2026-12-30	6
4601	21	99	3	2026-12-30	1
4602	30	16	3	2026-12-30	6
4603	5	49	1	2026-12-30	6
4604	11	24	1	2026-01-02	6
4605	28	22	1	2026-01-02	3
4606	23	24	1	2026-01-04	6
4607	23	48	1	2026-01-05	5
4608	9	73	1	2026-01-05	1
4609	32	24	1	2026-01-06	2
4610	44	79	1	2026-01-06	7
4611	40	24	1	2026-01-07	1
4612	16	73	1	2026-01-07	7
4613	43	24	2	2026-01-08	6
4614	5	78	1	2026-01-08	7
4615	9	43	1	2026-01-09	6
4616	20	22	1	2026-01-11	4
4617	36	43	1	2026-01-11	1
4618	9	43	2	2026-01-11	1
4619	27	73	1	2026-01-12	3
4620	16	25	1	2026-01-12	1
4621	16	48	2	2026-01-12	5
4622	37	79	1	2026-01-13	3
4623	9	78	1	2026-01-14	3
4624	41	79	1	2026-01-14	6
4625	49	78	1	2026-01-15	5
4626	17	78	2	2026-01-17	1
4627	28	78	1	2026-01-18	7
4628	19	22	1	2026-01-18	4
4629	9	25	1	2026-01-18	6
4630	9	73	1	2026-01-19	3
4631	40	24	2	2026-01-19	4
4632	1	22	2	2026-01-20	4
4633	41	78	1	2026-01-22	5
4634	23	48	1	2026-01-23	4
4635	13	24	1	2026-01-23	6
4636	8	78	1	2026-01-26	1
4637	4	25	1	2026-01-30	2
4638	35	78	2	2026-01-30	3
4639	2	48	1	2026-02-03	1
4640	15	43	1	2026-02-04	1
4641	6	73	1	2026-02-04	3
4642	24	24	2	2026-02-04	4
4643	49	73	2	2026-02-05	5
4644	37	43	1	2026-02-06	3
4645	43	25	2	2026-02-06	2
4646	26	24	1	2026-02-07	3
4647	43	79	2	2026-02-09	4
4648	13	22	1	2026-02-10	1
4649	7	78	1	2026-02-11	6
4650	5	79	1	2026-02-11	7
4651	48	73	1	2026-02-12	1
4652	44	24	1	2026-02-14	3
4653	47	25	1	2026-02-15	1
4654	49	43	1	2026-02-15	2
4655	48	24	1	2026-02-16	7
4656	44	25	1	2026-02-17	4
4657	18	22	2	2026-02-17	5
4658	3	24	1	2026-02-17	7
4659	47	43	1	2026-02-19	1
4660	49	22	2	2026-02-19	1
4661	45	78	1	2026-02-20	6
4662	7	73	1	2026-02-20	6
4663	43	24	2	2026-02-20	4
4664	9	73	2	2026-02-21	7
4665	37	43	1	2026-02-22	7
4666	35	79	1	2026-02-22	2
4667	42	22	1	2026-02-22	4
4668	30	79	1	2026-02-22	6
4669	48	22	2	2026-02-24	4
4670	43	73	1	2026-02-25	7
4671	12	43	1	2026-02-25	6
4672	50	73	1	2026-02-27	7
4673	16	78	1	2026-02-28	7
4674	7	78	1	2026-02-28	5
4675	43	78	1	2026-03-01	4
4676	38	48	1	2026-03-02	2
4677	17	25	1	2026-03-02	7
4678	26	25	1	2026-03-03	4
4679	10	73	1	2026-03-04	2
4680	43	78	1	2026-03-04	4
4681	28	24	1	2026-03-06	6
4682	44	43	2	2026-03-06	6
4683	41	43	1	2026-03-08	7
4684	22	48	1	2026-03-09	5
4685	10	48	1	2026-03-09	7
4686	47	25	1	2026-03-10	7
4687	11	73	1	2026-03-10	1
4688	30	78	1	2026-03-10	3
4689	31	25	1	2026-03-13	3
4690	10	48	1	2026-03-14	4
4691	45	73	1	2026-03-14	1
4692	22	43	1	2026-03-14	5
4693	37	43	2	2026-03-15	6
4694	41	73	1	2026-03-15	4
4695	11	25	1	2026-03-15	5
4696	27	43	1	2026-03-16	4
4697	29	43	2	2026-03-16	4
4698	48	43	1	2026-03-17	2
4699	16	48	1	2026-03-17	3
4700	41	73	2	2026-03-18	6
4701	11	43	1	2026-03-18	3
4702	7	78	1	2026-03-19	4
4703	31	22	1	2026-03-20	4
4704	13	25	1	2026-03-20	3
4705	13	43	1	2026-03-21	3
4706	22	73	2	2026-03-21	5
4707	38	48	1	2026-03-21	6
4708	27	48	1	2026-03-23	5
4709	48	43	1	2026-03-24	1
4710	16	79	2	2026-03-25	1
4711	20	73	2	2026-03-26	5
4712	35	22	1	2026-03-27	1
4713	42	25	2	2026-03-27	3
4714	25	22	2	2026-03-28	3
4715	30	78	1	2026-03-29	1
4716	17	78	2	2026-03-29	2
4717	17	73	1	2026-03-30	7
4718	27	24	2	2026-03-30	5
4719	44	22	1	2026-03-31	3
4720	29	25	1	2026-04-04	1
4721	40	78	1	2026-04-05	5
4722	42	25	1	2026-04-05	1
4723	17	73	1	2026-04-06	2
4724	45	73	1	2026-04-06	7
4725	31	79	1	2026-04-07	1
4726	7	43	2	2026-04-07	3
4727	11	24	2	2026-04-08	1
4728	21	43	2	2026-04-09	4
4729	14	48	2	2026-04-09	4
4730	4	73	1	2026-04-10	3
4731	9	25	1	2026-04-11	2
4732	7	22	1	2026-04-11	5
4733	14	43	1	2026-04-13	4
4734	39	73	1	2026-04-14	7
4735	27	25	1	2026-04-14	2
4736	28	79	2	2026-04-14	4
4737	3	43	1	2026-04-15	4
4738	27	24	2	2026-04-19	2
4739	7	22	1	2026-04-20	4
4740	35	78	2	2026-04-20	2
4741	39	79	1	2026-04-20	5
4742	44	48	1	2026-04-22	7
4743	17	43	1	2026-04-25	4
4744	42	22	1	2026-04-25	3
4745	17	78	2	2026-04-27	3
4746	21	78	2	2026-04-27	6
4747	3	24	1	2026-04-30	5
4748	6	73	1	2026-05-02	1
4749	43	22	1	2026-05-03	3
4750	28	22	1	2026-05-04	5
4751	23	25	1	2026-05-04	5
4752	31	78	1	2026-05-04	4
4753	33	22	1	2026-05-07	5
4754	27	79	1	2026-05-07	4
4755	7	43	1	2026-05-07	6
4756	9	24	1	2026-05-08	5
4757	50	79	1	2026-05-08	3
4758	17	25	1	2026-05-09	2
4759	15	25	1	2026-05-09	5
4760	11	79	2	2026-05-10	6
4761	28	79	1	2026-05-12	3
4762	36	24	1	2026-05-15	4
4763	35	79	1	2026-05-16	5
4764	34	22	1	2026-05-17	3
4765	1	79	1	2026-05-18	7
4766	1	73	1	2026-05-19	6
4767	28	22	2	2026-05-20	1
4768	49	48	2	2026-05-22	5
4769	15	24	1	2026-05-23	4
4770	9	25	1	2026-05-27	7
4771	17	43	1	2026-05-28	6
4772	42	48	1	2026-05-28	1
4773	3	24	1	2026-05-28	5
4774	10	25	2	2026-05-28	3
4775	42	48	2	2026-05-29	7
4776	2	78	1	2026-05-29	6
4777	18	73	2	2026-06-01	7
4778	39	79	1	2026-06-02	5
4779	7	24	1	2026-06-03	1
4780	4	79	2	2026-06-03	6
4781	47	48	2	2026-06-03	1
4782	12	24	1	2026-06-08	2
4783	13	73	1	2026-06-08	4
4784	31	25	1	2026-06-08	2
4785	20	22	2	2026-06-08	1
4786	22	78	1	2026-06-09	7
4787	44	22	1	2026-06-09	4
4788	35	25	1	2026-06-11	4
4789	11	79	1	2026-06-11	6
4790	48	24	1	2026-06-13	7
4791	38	43	1	2026-06-13	4
4792	34	22	1	2026-06-13	6
4793	19	24	1	2026-06-14	3
4794	17	43	1	2026-06-17	7
4795	9	79	1	2026-06-18	6
4796	33	79	1	2026-06-18	4
4797	33	43	1	2026-06-18	5
4798	44	22	1	2026-06-19	6
4799	16	73	1	2026-06-21	3
4800	4	48	1	2026-06-22	7
4801	2	25	1	2026-06-23	4
4802	38	25	2	2026-06-23	5
4803	30	25	1	2026-06-25	2
4804	10	79	1	2026-06-25	5
4805	6	78	1	2026-06-26	7
4806	45	78	2	2026-06-26	6
4807	14	22	2	2026-06-26	7
4808	43	73	1	2026-06-27	6
4809	42	25	1	2026-06-30	5
4810	21	43	1	2026-06-30	6
4811	10	24	1	2026-07-01	2
4812	15	48	1	2026-07-02	7
4813	22	78	1	2026-07-02	5
4814	50	78	1	2026-07-02	6
4815	42	48	1	2026-07-03	6
4816	43	79	1	2026-07-05	2
4817	22	22	2	2026-07-05	5
4818	14	73	2	2026-07-05	1
4819	27	79	1	2026-07-06	5
4820	31	25	1	2026-07-06	6
4821	44	22	1	2026-07-11	3
4822	15	43	1	2026-07-12	4
4823	50	22	1	2026-07-13	7
4824	30	48	1	2026-07-13	4
4825	42	24	1	2026-07-13	1
4826	49	25	1	2026-07-14	3
4827	29	22	1	2026-07-15	2
4828	39	43	1	2026-07-15	6
4829	27	48	2	2026-07-15	3
4830	38	79	1	2026-07-17	5
4831	15	25	1	2026-07-21	4
4832	24	43	2	2026-07-21	7
4833	1	24	1	2026-07-24	7
4834	37	78	2	2026-07-24	1
4835	20	79	2	2026-07-25	5
4836	25	79	1	2026-07-26	5
4837	42	79	1	2026-07-26	2
4838	32	78	1	2026-07-26	6
4839	36	48	1	2026-07-26	5
4840	13	78	1	2026-07-27	6
4841	46	25	2	2026-07-27	7
4842	20	48	1	2026-08-01	1
4843	45	24	2	2026-08-03	1
4844	39	78	1	2026-08-04	4
4845	24	22	1	2026-08-07	6
4846	37	73	1	2026-08-07	6
4847	39	43	1	2026-08-09	2
4848	21	79	1	2026-08-10	2
4849	9	78	1	2026-08-10	4
4850	13	48	2	2026-08-11	3
4851	23	22	2	2026-08-13	4
4852	39	79	2	2026-08-13	7
4853	1	24	1	2026-08-14	7
4854	33	25	1	2026-08-15	3
4855	10	25	1	2026-08-16	4
4856	28	25	2	2026-08-16	3
4857	1	24	1	2026-08-17	1
4858	49	73	1	2026-08-19	2
4859	11	73	1	2026-08-19	6
4860	39	79	1	2026-08-20	4
4861	4	73	1	2026-08-21	6
4862	4	48	1	2026-08-22	6
4863	44	48	2	2026-08-23	5
4864	44	48	1	2026-08-24	5
4865	18	25	1	2026-08-26	4
4866	2	25	1	2026-08-26	3
4867	1	43	2	2026-08-26	4
4868	35	24	1	2026-08-26	7
4869	9	43	1	2026-08-27	5
4870	26	48	1	2026-08-27	6
4871	36	78	1	2026-08-27	7
4872	35	25	2	2026-08-30	3
4873	31	25	1	2026-08-30	5
4874	43	73	1	2026-08-31	6
4875	37	43	1	2026-08-31	6
4876	49	79	1	2026-09-01	6
4877	42	78	1	2026-09-03	5
4878	23	78	1	2026-09-05	6
4879	35	43	1	2026-09-05	4
4880	31	22	1	2026-09-06	5
4881	13	43	1	2026-09-08	5
4882	5	24	1	2026-09-08	1
4883	20	79	1	2026-09-10	1
4884	6	43	1	2026-09-10	4
4885	28	78	1	2026-09-11	3
4886	24	43	1	2026-09-11	2
4887	35	22	1	2026-09-11	6
4888	40	48	1	2026-09-12	5
4889	34	79	1	2026-09-12	4
4890	5	43	1	2026-09-13	3
4891	49	43	1	2026-09-13	5
4892	21	48	1	2026-09-14	4
4893	29	22	1	2026-09-15	4
4894	29	24	1	2026-09-16	4
4895	28	24	2	2026-09-16	4
4896	45	78	1	2026-09-16	4
4897	36	24	1	2026-09-18	6
4898	42	43	1	2026-09-19	5
4899	8	48	2	2026-09-19	2
4900	5	78	1	2026-09-21	4
4901	19	48	1	2026-09-22	7
4902	1	43	2	2026-09-22	1
4903	6	25	1	2026-09-24	2
4904	3	22	2	2026-09-24	5
4905	15	22	1	2026-09-29	1
4906	33	73	1	2026-09-29	3
4907	48	48	1	2026-09-29	3
4908	19	48	1	2026-09-29	1
4909	7	79	1	2026-09-29	1
4910	37	78	1	2026-10-01	2
4911	26	73	1	2026-10-06	5
4912	6	73	1	2026-10-06	3
4913	20	43	1	2026-10-07	5
4914	15	22	1	2026-10-08	4
4915	38	24	1	2026-10-08	5
4916	13	79	1	2026-10-08	5
4917	50	43	1	2026-10-08	4
4918	26	43	1	2026-10-08	4
4919	24	43	1	2026-10-08	4
4920	21	48	2	2026-10-09	6
4921	12	79	1	2026-10-10	6
4922	2	24	1	2026-10-10	4
4923	37	24	1	2026-10-11	7
4924	38	43	1	2026-10-12	6
4925	3	24	1	2026-10-12	1
4926	47	79	1	2026-10-13	7
4927	38	79	1	2026-10-15	3
4928	23	79	1	2026-10-16	5
4929	10	78	1	2026-10-19	3
4930	44	48	2	2026-10-19	4
4931	32	25	1	2026-10-21	4
4932	40	79	1	2026-10-21	6
4933	29	43	2	2026-10-23	6
4934	10	78	1	2026-10-25	7
4935	37	43	1	2026-10-25	6
4936	42	48	1	2026-10-26	2
4937	28	79	1	2026-10-26	7
4938	15	48	1	2026-10-26	7
4939	42	48	1	2026-10-27	6
4940	42	22	1	2026-10-27	1
4941	15	79	1	2026-10-28	3
4942	11	78	1	2026-10-30	1
4943	47	73	1	2026-10-30	3
4944	4	78	1	2026-11-01	3
4945	17	78	2	2026-11-05	5
4946	20	24	1	2026-11-06	4
4947	21	43	1	2026-11-06	5
4948	9	24	1	2026-11-06	4
4949	3	25	2	2026-11-07	3
4950	34	48	1	2026-11-08	5
4951	48	22	2	2026-11-08	6
4952	50	79	1	2026-11-09	5
4953	2	79	1	2026-11-10	1
4954	16	73	1	2026-11-14	1
4955	15	43	1	2026-11-15	7
4956	42	79	1	2026-11-15	5
4957	5	43	1	2026-11-15	4
4958	30	73	2	2026-11-18	7
4959	11	79	1	2026-11-20	6
4960	11	24	2	2026-11-20	3
4961	10	78	1	2026-11-22	2
4962	36	24	1	2026-11-24	7
4963	18	79	1	2026-11-27	4
4964	42	24	2	2026-11-27	6
4965	19	25	1	2026-11-27	5
4966	8	24	1	2026-12-01	1
4967	50	79	2	2026-12-01	5
4968	9	22	1	2026-12-02	2
4969	6	43	1	2026-12-03	3
4970	32	24	1	2026-12-04	6
4971	50	43	1	2026-12-05	3
4972	19	24	1	2026-12-05	1
4973	9	78	1	2026-12-06	5
4974	45	25	2	2026-12-06	3
4975	10	24	1	2026-12-07	5
4976	20	43	1	2026-12-07	4
4977	35	25	2	2026-12-07	2
4978	34	43	2	2026-12-07	7
4979	40	73	1	2026-12-09	3
4980	22	22	1	2026-12-09	7
4981	7	43	1	2026-12-11	1
4982	24	22	1	2026-12-11	7
4983	16	73	2	2026-12-12	3
4984	13	48	1	2026-12-14	4
4985	17	79	2	2026-12-15	5
4986	22	79	1	2026-12-15	2
4987	9	73	1	2026-12-17	4
4988	47	43	1	2026-12-17	5
4989	20	43	1	2026-12-19	4
4990	40	22	1	2026-12-21	2
4991	10	24	1	2026-12-21	3
4992	13	22	1	2026-12-22	6
4993	23	43	1	2026-12-22	2
4994	10	25	1	2026-12-23	7
4995	44	79	2	2026-12-28	4
4996	8	48	2	2026-12-29	2
4997	7	73	2	2026-12-29	6
4998	10	24	1	2026-12-29	3
4999	43	24	1	2026-12-30	4
5000	3	78	2	2026-12-31	1
