dno	uno	pno	sdate	ano	dino	edate	price	state
1	7	8	2026-01-01	810	17	2026-01-04	5000	2
2	38	10	2026-01-01	801	33	2026-01-04	3500	2
3	50	6	2026-01-01	402	49	2026-01-03	3000	2
4	2	9	2026-01-01	304	16	2026-01-05	11000	2
5	28	8	2026-01-01	1207	59	2026-01-04	9000	2
6	32	13	2026-01-01	1309	23	2026-01-03	6000	2
7	38	13	2026-01-01	402	41	2026-01-03	7500	2
8	38	2	2026-01-01	306	14	2026-01-08	20500	2
9	49	9	2026-01-01	501	45	2026-01-05	6000	2
10	50	17	2026-01-01	1605	4	2026-01-02	7000	2
11	50	9	2026-01-01	801	53	2026-01-05	7500	2
12	47	2	2026-01-01	502	49	2026-01-08	25000	2
13	17	7	2026-01-01	803	54	2026-01-03	4500	2
14	48	5	2026-01-01	1504	58	2026-01-04	8000	2
15	35	12	2026-01-01	1408	54	2026-01-03	8000	2
16	2	18	2026-01-01	1107	37	2026-01-02	11000	2
17	47	11	2026-01-01	1702	39	2026-01-03	3200	2
18	12	14	2026-01-01	1408	5	2026-01-06	17000	2
19	43	17	2026-01-01	112	60	2026-01-02	6500	2
20	49	20	2026-01-01	1303	3	2026-01-05	12000	2
21	30	9	2026-01-01	908	54	2026-01-05	9000	2
22	28	16	2026-01-01	1001	9	2026-01-02	7000	2
23	31	19	2026-01-01	905	49	2026-01-03	4200	2
24	10	1	2026-01-01	304	50	2026-01-03	5000	2
25	42	13	2026-01-01	701	2	2026-01-03	4500	2
26	35	15	2026-01-02	906	54	2026-01-07	16500	2
27	11	6	2026-01-02	401	15	2026-01-04	2500	2
28	35	16	2026-01-02	1303	53	2026-01-03	6500	2
29	36	15	2026-01-02	803	9	2026-01-07	20000	2
30	39	8	2026-01-02	803	43	2026-01-05	9000	2
31	13	11	2026-01-02	906	14	2026-01-04	5200	2
32	4	7	2026-01-02	1404	16	2026-01-04	8500	2
33	41	5	2026-01-02	1102	41	2026-01-05	12000	2
34	44	19	2026-01-02	703	46	2026-01-04	3700	2
35	12	12	2026-01-02	501	29	2026-01-04	4500	2
36	45	2	2026-01-02	701	31	2026-01-09	20000	2
37	21	16	2026-01-02	1605	7	2026-01-03	6000	2
38	49	2	2026-01-02	905	11	2026-01-09	20000	2
39	29	19	2026-01-02	1504	23	2026-01-04	7200	2
40	40	18	2026-01-02	607	20	2026-01-03	8500	2
41	42	12	2026-01-02	803	48	2026-01-04	5000	2
42	27	5	2026-01-02	905	46	2026-01-05	8500	2
43	30	2	2026-01-02	907	58	2026-01-09	22000	2
44	44	13	2026-01-02	1504	21	2026-01-04	5500	2
45	17	10	2026-01-03	701	32	2026-01-06	6500	2
46	27	15	2026-01-03	202	42	2026-01-08	16000	2
47	46	20	2026-01-03	304	40	2026-01-07	10000	2
48	13	3	2026-01-03	401	26	2026-01-05	4000	2
49	7	9	2026-01-03	401	52	2026-01-07	9000	2
50	6	11	2026-01-03	803	26	2026-01-05	3200	2
51	12	2	2026-01-03	1107	18	2026-01-10	20000	2
52	22	10	2026-01-03	1702	40	2026-01-06	5000	2
53	43	20	2026-01-03	1702	9	2026-01-07	12000	2
54	3	10	2026-01-03	906	20	2026-01-06	4000	2
55	8	11	2026-01-03	1702	22	2026-01-05	4200	2
56	26	9	2026-01-03	701	54	2026-01-07	11000	2
57	17	17	2026-01-03	907	12	2026-01-04	9000	2
58	31	19	2026-01-03	402	54	2026-01-05	4200	2
59	25	18	2026-01-03	803	16	2026-01-04	8500	2
60	25	10	2026-01-03	1408	43	2026-01-06	5500	2
61	34	16	2026-01-03	1408	13	2026-01-04	6500	2
62	2	2	2026-01-04	806	44	2026-01-11	20000	2
63	36	20	2026-01-04	906	25	2026-01-08	12000	2
64	22	3	2026-01-04	1202	21	2026-01-06	3500	2
65	25	11	2026-01-04	103	12	2026-01-06	4700	2
66	22	13	2026-01-04	701	35	2026-01-06	5000	2
67	47	15	2026-01-04	701	58	2026-01-09	15000	2
68	18	19	2026-01-04	703	36	2026-01-06	2700	2
69	9	7	2026-01-04	1202	8	2026-01-06	5000	2
70	10	17	2026-01-04	1702	50	2026-01-05	6000	2
71	34	9	2026-01-04	607	38	2026-01-08	7000	2
72	9	13	2026-01-04	905	35	2026-01-06	7500	2
73	10	14	2026-01-04	1001	24	2026-01-09	12000	2
74	36	8	2026-01-04	908	41	2026-01-07	4500	2
75	4	3	2026-01-04	1202	48	2026-01-06	4500	2
76	20	4	2026-01-04	202	10	2026-01-05	7000	2
77	42	10	2026-01-04	112	32	2026-01-07	4500	2
78	2	10	2026-01-04	1605	54	2026-01-07	3500	2
79	30	2	2026-01-04	607	27	2026-01-11	21500	2
80	23	11	2026-01-04	607	49	2026-01-06	6200	2
81	31	18	2026-01-04	103	32	2026-01-05	11000	2
82	24	13	2026-01-04	604	31	2026-01-06	6000	2
83	47	12	2026-01-04	1001	26	2026-01-06	8000	2
84	47	1	2026-01-04	801	18	2026-01-06	3500	2
85	26	2	2026-01-04	801	13	2026-01-11	22000	2
86	37	9	2026-01-04	906	30	2026-01-08	6000	2
87	45	9	2026-01-04	703	58	2026-01-08	8000	2
88	41	9	2026-01-05	905	46	2026-01-09	7500	2
89	8	13	2026-01-05	607	52	2026-01-07	6500	2
90	48	18	2026-01-05	402	7	2026-01-06	13000	2
91	13	20	2026-01-05	905	59	2026-01-09	12000	2
92	45	5	2026-01-05	1202	58	2026-01-08	8000	2
93	49	17	2026-01-05	701	4	2026-01-06	7000	2
94	28	10	2026-01-05	1107	21	2026-01-08	5500	2
95	10	16	2026-01-05	1504	45	2026-01-06	5500	2
96	19	18	2026-01-05	1701	21	2026-01-06	8000	2
97	40	18	2026-01-05	1309	51	2026-01-06	8000	2
98	15	4	2026-01-05	1001	35	2026-01-06	7000	2
99	48	19	2026-01-05	1105	43	2026-01-07	5200	2
100	3	20	2026-01-05	1403	47	2026-01-09	10500	2
101	2	7	2026-01-05	604	50	2026-01-07	4000	2
102	7	2	2026-01-05	1003	40	2026-01-12	22000	2
103	40	19	2026-01-05	1202	41	2026-01-07	3700	2
104	23	10	2026-01-06	604	35	2026-01-09	6500	2
105	24	8	2026-01-06	607	54	2026-01-09	7000	2
106	6	17	2026-01-06	501	5	2026-01-07	8000	2
107	9	4	2026-01-06	502	57	2026-01-07	5000	2
108	27	18	2026-01-06	806	23	2026-01-07	8500	2
109	6	15	2026-01-06	1303	3	2026-01-11	15500	2
110	48	10	2026-01-06	505	21	2026-01-09	8500	2
111	4	17	2026-01-06	906	8	2026-01-07	7000	2
112	38	4	2026-01-06	703	1	2026-01-07	5500	2
113	44	1	2026-01-06	1701	25	2026-01-08	4000	2
114	33	16	2026-01-06	906	58	2026-01-07	8000	2
115	37	1	2026-01-06	806	37	2026-01-08	5000	2
116	6	4	2026-01-06	1105	55	2026-01-07	7000	2
117	25	11	2026-01-06	202	14	2026-01-08	8200	2
118	16	2	2026-01-06	304	12	2026-01-13	20000	2
119	36	2	2026-01-06	1404	13	2026-01-13	21500	2
120	35	10	2026-01-06	1408	7	2026-01-09	4000	2
121	17	10	2026-01-07	202	16	2026-01-10	4500	2
122	29	4	2026-01-07	801	47	2026-01-08	4500	2
123	17	20	2026-01-07	1701	6	2026-01-11	11000	2
124	32	18	2026-01-07	803	16	2026-01-08	13000	2
125	44	3	2026-01-07	304	59	2026-01-09	7500	2
126	47	3	2026-01-07	202	55	2026-01-09	4500	2
127	36	2	2026-01-07	1607	13	2026-01-14	23000	2
128	36	13	2026-01-07	1303	8	2026-01-09	5500	2
129	8	19	2026-01-07	1504	20	2026-01-09	2200	2
130	12	1	2026-01-07	108	54	2026-01-09	8000	2
131	45	18	2026-01-07	908	12	2026-01-08	9500	2
132	21	16	2026-01-07	1107	22	2026-01-08	7000	2
133	5	18	2026-01-07	103	35	2026-01-08	8500	2
134	34	7	2026-01-07	907	45	2026-01-09	4000	2
135	17	11	2026-01-07	402	51	2026-01-09	3700	2
136	31	17	2026-01-07	801	46	2026-01-08	7000	2
137	26	12	2026-01-07	502	59	2026-01-09	4500	2
138	37	7	2026-01-07	906	5	2026-01-09	3500	2
139	42	18	2026-01-07	304	28	2026-01-08	9000	2
140	32	14	2026-01-07	1202	56	2026-01-12	17000	2
141	8	4	2026-01-07	1309	32	2026-01-08	5500	2
142	33	2	2026-01-07	1310	60	2026-01-14	20500	2
143	15	11	2026-01-07	1310	29	2026-01-09	8200	2
144	31	12	2026-01-07	1408	15	2026-01-09	5000	2
145	31	8	2026-01-07	301	12	2026-01-10	5000	2
146	11	3	2026-01-08	1607	20	2026-01-10	5500	2
147	31	18	2026-01-08	112	44	2026-01-09	13000	2
148	5	10	2026-01-08	701	55	2026-01-11	4500	2
149	40	20	2026-01-08	306	27	2026-01-12	11000	2
150	20	17	2026-01-08	604	20	2026-01-09	9000	2
151	19	3	2026-01-08	701	5	2026-01-10	3500	2
152	43	2	2026-01-08	607	33	2026-01-15	23000	2
153	37	2	2026-01-08	1303	32	2026-01-15	23000	2
154	37	19	2026-01-08	202	13	2026-01-10	5200	2
155	6	17	2026-01-08	801	58	2026-01-09	9000	2
156	8	1	2026-01-08	1207	1	2026-01-10	3000	2
157	8	14	2026-01-08	502	1	2026-01-13	12000	2
158	25	1	2026-01-08	502	9	2026-01-10	3000	2
159	17	12	2026-01-08	1605	53	2026-01-10	5000	2
160	43	9	2026-01-08	1105	13	2026-01-12	6500	2
161	23	17	2026-01-08	1303	11	2026-01-09	11000	2
162	31	20	2026-01-08	806	1	2026-01-12	9000	2
163	43	6	2026-01-08	1105	23	2026-01-10	2500	2
164	2	16	2026-01-08	907	16	2026-01-09	7000	2
165	40	14	2026-01-08	803	18	2026-01-13	13500	2
166	15	11	2026-01-08	1001	29	2026-01-10	5200	2
167	11	7	2026-01-08	1001	35	2026-01-10	3500	2
168	27	13	2026-01-08	701	54	2026-01-10	9500	2
169	21	10	2026-01-08	1702	27	2026-01-11	5500	2
170	39	5	2026-01-08	104	44	2026-01-11	10000	2
171	50	5	2026-01-09	1003	58	2026-01-12	8500	2
172	27	13	2026-01-09	907	58	2026-01-11	5000	2
173	21	6	2026-01-09	701	8	2026-01-11	5500	2
174	31	17	2026-01-09	1303	41	2026-01-10	11000	2
175	33	3	2026-01-09	905	25	2026-01-11	4500	2
176	31	5	2026-01-09	1607	47	2026-01-12	8000	2
177	13	7	2026-01-09	607	37	2026-01-11	3500	2
178	14	6	2026-01-09	402	39	2026-01-11	3000	2
179	22	17	2026-01-09	906	25	2026-01-10	9000	2
180	14	16	2026-01-09	402	6	2026-01-10	5000	2
181	47	17	2026-01-09	103	31	2026-01-10	7000	2
182	50	18	2026-01-09	607	7	2026-01-10	9000	2
183	27	4	2026-01-09	402	31	2026-01-10	6000	2
184	32	14	2026-01-09	1701	27	2026-01-14	17000	2
185	10	5	2026-01-10	306	45	2026-01-13	12000	2
186	8	16	2026-01-10	108	38	2026-01-11	7000	2
187	45	4	2026-01-10	1605	18	2026-01-11	5500	2
188	48	6	2026-01-10	501	6	2026-01-12	4500	2
189	43	14	2026-01-10	1202	21	2026-01-15	15000	2
190	13	17	2026-01-10	1309	28	2026-01-11	6000	2
191	40	11	2026-01-10	905	22	2026-01-12	6200	2
192	12	7	2026-01-10	1105	36	2026-01-12	4500	2
193	25	7	2026-01-10	1309	11	2026-01-12	3500	2
194	6	8	2026-01-10	1107	54	2026-01-13	9000	2
195	38	1	2026-01-10	1207	31	2026-01-12	8000	2
196	16	15	2026-01-10	103	26	2026-01-15	16500	2
197	15	14	2026-01-10	108	47	2026-01-15	13000	2
198	18	7	2026-01-10	1607	21	2026-01-12	5500	2
199	8	3	2026-01-10	1607	15	2026-01-12	5500	2
200	35	5	2026-01-10	505	27	2026-01-13	9000	2
201	22	6	2026-01-10	304	49	2026-01-12	2500	2
202	12	12	2026-01-10	108	11	2026-01-12	8000	2
203	48	3	2026-01-10	1105	10	2026-01-12	4500	2
204	5	8	2026-01-10	1102	22	2026-01-13	4000	2
205	1	14	2026-01-10	703	41	2026-01-15	17000	2
206	21	11	2026-01-10	905	5	2026-01-12	8200	2
207	33	12	2026-01-10	1001	2	2026-01-12	8000	2
208	17	11	2026-01-10	401	14	2026-01-12	4700	2
209	41	11	2026-01-10	301	10	2026-01-12	3200	2
210	48	6	2026-01-10	301	31	2026-01-12	5500	2
211	21	10	2026-01-11	204	8	2026-01-14	4500	2
212	46	16	2026-01-11	1605	36	2026-01-12	5500	2
213	31	4	2026-01-11	1105	22	2026-01-12	7000	2
214	18	5	2026-01-11	1207	53	2026-01-14	8000	2
215	7	17	2026-01-11	1202	55	2026-01-12	8000	2
216	48	8	2026-01-11	703	17	2026-01-14	5000	2
217	14	15	2026-01-11	1105	7	2026-01-16	18000	2
218	16	18	2026-01-11	1107	40	2026-01-12	9500	2
219	32	3	2026-01-11	306	47	2026-01-13	3500	2
220	29	1	2026-01-11	103	15	2026-01-13	6000	2
221	3	1	2026-01-11	1702	54	2026-01-13	4000	2
222	16	3	2026-01-11	1701	28	2026-01-13	3500	2
223	30	9	2026-01-11	1001	31	2026-01-15	7500	2
224	27	17	2026-01-11	1105	6	2026-01-12	8000	2
225	36	13	2026-01-11	108	53	2026-01-13	6500	2
226	17	10	2026-01-11	301	46	2026-01-14	4500	2
227	36	6	2026-01-11	301	32	2026-01-13	2500	2
228	50	9	2026-01-12	1404	44	2026-01-16	11000	2
229	31	19	2026-01-12	905	40	2026-01-14	3700	2
230	11	9	2026-01-12	501	39	2026-01-16	8000	2
231	29	20	2026-01-12	905	60	2026-01-16	14000	2
232	21	5	2026-01-12	604	21	2026-01-15	8500	2
233	48	14	2026-01-12	1001	37	2026-01-17	12500	2
234	22	6	2026-01-12	803	12	2026-01-14	5500	2
235	3	7	2026-01-12	502	54	2026-01-14	4500	2
236	15	15	2026-01-12	703	30	2026-01-17	18000	2
237	28	14	2026-01-12	908	20	2026-01-17	15000	2
238	48	2	2026-01-12	401	50	2026-01-19	25000	2
239	14	4	2026-01-12	112	58	2026-01-13	5000	2
240	7	5	2026-01-12	1303	21	2026-01-15	9000	2
241	16	1	2026-01-12	1102	56	2026-01-14	4000	2
242	35	12	2026-01-12	202	39	2026-01-14	5000	2
243	16	11	2026-01-12	1701	34	2026-01-14	3200	2
244	35	19	2026-01-12	304	12	2026-01-14	2700	2
245	45	11	2026-01-12	905	43	2026-01-14	4700	2
246	28	10	2026-01-12	112	39	2026-01-15	3500	2
247	5	9	2026-01-12	906	30	2026-01-16	11000	2
248	42	16	2026-01-13	801	17	2026-01-14	5500	2
249	13	10	2026-01-13	401	20	2026-01-16	3500	2
250	27	10	2026-01-13	1303	15	2026-01-16	5000	2
251	47	5	2026-01-13	803	30	2026-01-16	12000	2
252	6	8	2026-01-13	908	1	2026-01-16	5500	2
253	17	12	2026-01-13	1607	16	2026-01-15	4000	2
254	37	7	2026-01-13	505	40	2026-01-15	8500	2
255	46	1	2026-01-13	1504	60	2026-01-15	3500	2
256	18	2	2026-01-13	501	41	2026-01-20	22000	2
257	37	20	2026-01-13	202	36	2026-01-17	9500	2
258	14	2	2026-01-13	103	6	2026-01-20	20000	2
259	36	12	2026-01-13	1607	44	2026-01-15	3500	2
260	18	7	2026-01-13	1001	56	2026-01-15	4500	2
261	4	15	2026-01-13	1605	35	2026-01-18	15500	2
262	38	1	2026-01-13	607	48	2026-01-15	8000	2
263	23	16	2026-01-13	1702	44	2026-01-14	10000	2
264	34	1	2026-01-13	1605	7	2026-01-15	3000	2
265	10	6	2026-01-13	1701	42	2026-01-15	3000	2
266	21	14	2026-01-14	602	38	2026-01-19	13000	2
267	50	19	2026-01-14	1001	25	2026-01-16	3700	2
268	29	3	2026-01-14	907	39	2026-01-16	3000	2
269	38	6	2026-01-14	505	32	2026-01-16	2500	2
270	5	19	2026-01-14	1105	24	2026-01-16	3200	2
271	17	9	2026-01-14	1105	37	2026-01-18	7000	2
272	12	12	2026-01-14	908	17	2026-01-16	4000	2
273	48	4	2026-01-14	112	25	2026-01-15	7000	2
274	24	3	2026-01-14	604	40	2026-01-16	3000	2
275	26	6	2026-01-14	906	49	2026-01-16	2500	2
276	44	6	2026-01-14	908	49	2026-01-16	4000	2
277	15	19	2026-01-14	502	42	2026-01-16	3200	2
278	33	12	2026-01-14	505	25	2026-01-16	3500	2
279	14	15	2026-01-14	607	36	2026-01-19	15000	2
280	9	17	2026-01-14	803	14	2026-01-15	6000	2
281	12	18	2026-01-14	1607	56	2026-01-15	11000	2
282	25	11	2026-01-14	905	10	2026-01-16	3700	2
283	48	19	2026-01-14	907	31	2026-01-16	7200	2
284	31	10	2026-01-14	501	10	2026-01-17	4000	2
285	18	11	2026-01-14	1605	40	2026-01-16	8200	2
286	36	16	2026-01-14	801	33	2026-01-15	7000	2
287	40	7	2026-01-14	306	13	2026-01-16	5000	2
288	38	7	2026-01-14	401	47	2026-01-16	5000	2
289	7	14	2026-01-14	402	14	2026-01-19	13500	2
290	1	18	2026-01-14	202	51	2026-01-15	9500	2
291	34	12	2026-01-14	202	17	2026-01-16	6000	2
292	20	5	2026-01-14	1702	56	2026-01-17	8000	2
293	2	15	2026-01-14	501	43	2026-01-19	17000	2
294	29	9	2026-01-14	806	47	2026-01-18	7000	2
295	26	9	2026-01-14	908	31	2026-01-18	7000	2
296	8	19	2026-01-14	501	17	2026-01-16	2700	2
297	47	9	2026-01-14	1702	11	2026-01-18	6000	2
298	4	19	2026-01-14	401	44	2026-01-16	2200	2
299	39	20	2026-01-14	1310	31	2026-01-18	10000	2
300	20	6	2026-01-14	1310	41	2026-01-16	3000	2
301	15	17	2026-01-15	1001	13	2026-01-16	9000	2
302	31	16	2026-01-15	1303	21	2026-01-16	6000	2
303	16	10	2026-01-15	1202	45	2026-01-18	4000	2
304	46	7	2026-01-15	1403	1	2026-01-17	6500	2
305	41	12	2026-01-15	701	56	2026-01-17	3500	2
306	25	15	2026-01-15	801	25	2026-01-20	17000	2
307	26	2	2026-01-15	103	41	2026-01-22	20000	2
308	6	11	2026-01-15	1202	10	2026-01-17	4200	2
309	46	10	2026-01-15	1403	41	2026-01-18	4500	2
310	24	2	2026-01-15	402	12	2026-01-22	20500	2
311	14	14	2026-01-15	1504	41	2026-01-20	12500	2
312	49	1	2026-01-15	505	29	2026-01-17	8000	2
313	3	18	2026-01-15	1003	6	2026-01-16	13000	2
314	28	20	2026-01-15	604	4	2026-01-19	9000	2
315	38	13	2026-01-15	505	12	2026-01-17	5000	2
316	31	7	2026-01-15	905	9	2026-01-17	4000	2
317	36	10	2026-01-15	701	21	2026-01-18	4000	2
318	36	1	2026-01-15	908	60	2026-01-17	4500	2
319	16	13	2026-01-15	1003	5	2026-01-17	6500	2
320	5	12	2026-01-15	803	40	2026-01-17	3000	2
321	48	4	2026-01-15	905	18	2026-01-16	7000	2
322	9	16	2026-01-15	202	14	2026-01-16	6500	2
323	12	4	2026-01-15	1702	12	2026-01-16	5500	2
324	25	18	2026-01-15	701	53	2026-01-16	11000	2
325	30	14	2026-01-15	906	25	2026-01-20	13000	2
326	31	8	2026-01-15	1102	41	2026-01-18	9000	2
327	23	12	2026-01-16	1701	7	2026-01-18	3500	2
328	21	4	2026-01-16	607	20	2026-01-17	5500	2
329	33	15	2026-01-16	112	23	2026-01-21	15000	2
330	25	14	2026-01-16	1702	26	2026-01-21	13000	2
331	39	7	2026-01-16	108	46	2026-01-18	3500	2
332	19	7	2026-01-16	1001	54	2026-01-18	5500	2
333	10	1	2026-01-16	501	24	2026-01-18	8000	2
334	43	13	2026-01-16	1309	23	2026-01-18	9500	2
335	22	20	2026-01-16	604	45	2026-01-20	9500	2
336	30	1	2026-01-16	1001	6	2026-01-18	8000	2
337	23	11	2026-01-16	803	37	2026-01-18	4700	2
338	28	9	2026-01-16	905	42	2026-01-20	7000	2
339	15	9	2026-01-16	803	46	2026-01-20	7500	2
340	2	2	2026-01-16	505	27	2026-01-23	20500	2
341	27	15	2026-01-16	1702	30	2026-01-21	18000	2
342	41	8	2026-01-16	1701	17	2026-01-19	4000	2
343	48	6	2026-01-16	1605	48	2026-01-18	5500	2
344	26	6	2026-01-16	701	38	2026-01-18	2500	2
345	22	11	2026-01-16	1107	6	2026-01-18	4700	2
346	46	4	2026-01-16	1309	35	2026-01-17	9000	2
347	24	17	2026-01-16	1701	29	2026-01-17	9000	2
348	23	15	2026-01-16	505	44	2026-01-21	16500	2
349	15	9	2026-01-16	1003	51	2026-01-20	7000	2
350	39	13	2026-01-16	1504	13	2026-01-18	5500	2
351	21	6	2026-01-17	603	34	2026-01-19	2500	2
352	31	13	2026-01-17	503	30	2026-01-19	4500	2
353	45	12	2026-01-17	505	16	2026-01-19	4500	2
354	6	15	2026-01-17	701	14	2026-01-22	20000	2
355	14	10	2026-01-17	907	9	2026-01-20	4000	2
356	43	1	2026-01-17	803	34	2026-01-19	8000	2
357	1	18	2026-01-17	1605	24	2026-01-18	11000	2
358	45	6	2026-01-17	505	59	2026-01-19	5500	2
359	34	16	2026-01-17	502	50	2026-01-18	8000	2
360	31	14	2026-01-17	607	9	2026-01-22	12500	2
361	8	8	2026-01-17	108	49	2026-01-20	4000	2
362	28	15	2026-01-17	906	48	2026-01-22	16500	2
363	4	17	2026-01-17	1105	52	2026-01-18	6500	2
364	11	2	2026-01-17	501	15	2026-01-24	23000	2
365	27	10	2026-01-17	905	14	2026-01-20	3500	2
366	29	18	2026-01-17	1701	41	2026-01-18	9000	2
367	25	15	2026-01-17	1105	19	2026-01-22	16000	2
368	13	10	2026-01-17	202	49	2026-01-20	5000	2
369	9	1	2026-01-17	607	17	2026-01-19	4000	2
370	7	18	2026-01-17	1102	14	2026-01-18	9500	2
371	23	13	2026-01-17	607	9	2026-01-19	9500	2
372	37	1	2026-01-17	1207	53	2026-01-19	3000	2
373	32	10	2026-01-17	1310	6	2026-01-20	5000	2
374	43	4	2026-01-18	803	20	2026-01-19	7000	2
375	42	11	2026-01-18	1003	7	2026-01-20	4700	2
376	37	20	2026-01-18	1105	6	2026-01-22	10000	2
377	40	8	2026-01-18	202	53	2026-01-21	5500	2
378	37	6	2026-01-18	908	48	2026-01-20	2500	2
379	45	19	2026-01-18	402	42	2026-01-20	3200	2
380	38	2	2026-01-18	402	25	2026-01-25	25000	2
381	37	5	2026-01-18	906	21	2026-01-21	12000	2
382	6	2	2026-01-18	1102	44	2026-01-25	20500	2
383	11	10	2026-01-18	1105	16	2026-01-21	8500	2
384	8	4	2026-01-18	505	17	2026-01-19	4000	2
385	4	12	2026-01-18	1207	49	2026-01-20	4500	2
386	13	9	2026-01-18	1107	16	2026-01-22	9000	2
387	34	14	2026-01-18	103	28	2026-01-23	15000	2
388	26	11	2026-01-18	1001	24	2026-01-20	4200	2
389	36	2	2026-01-18	1105	46	2026-01-25	21500	2
390	32	13	2026-01-18	202	30	2026-01-20	5500	2
391	39	13	2026-01-18	1202	22	2026-01-20	6500	2
392	37	16	2026-01-18	1701	31	2026-01-19	5500	2
393	1	13	2026-01-18	1202	14	2026-01-20	7500	2
394	36	12	2026-01-18	1001	54	2026-01-20	5000	2
395	18	18	2026-01-18	1309	48	2026-01-19	8500	2
396	33	12	2026-01-18	1310	3	2026-01-20	5000	2
397	41	12	2026-01-19	503	44	2026-01-21	4500	2
398	26	2	2026-01-19	604	25	2026-01-26	21000	2
399	27	19	2026-01-19	604	26	2026-01-21	2700	2
400	50	20	2026-01-19	502	10	2026-01-23	9500	2
401	42	16	2026-01-19	401	60	2026-01-20	5000	2
402	19	4	2026-01-19	1105	58	2026-01-20	5500	2
403	13	9	2026-01-19	703	9	2026-01-23	7500	2
404	6	16	2026-01-19	1701	44	2026-01-20	6000	2
405	15	7	2026-01-19	1309	10	2026-01-21	4000	2
406	27	7	2026-01-19	906	41	2026-01-21	5000	2
407	24	5	2026-01-19	202	54	2026-01-22	10000	2
408	49	5	2026-01-19	803	16	2026-01-22	7500	2
409	11	2	2026-01-19	905	47	2026-01-26	21500	2
410	8	7	2026-01-19	701	27	2026-01-21	5000	2
411	22	19	2026-01-19	1105	31	2026-01-21	5200	2
412	33	8	2026-01-19	1202	48	2026-01-22	6000	2
413	25	9	2026-01-19	703	35	2026-01-23	6500	2
414	8	5	2026-01-19	202	59	2026-01-22	8500	2
415	5	2	2026-01-19	907	15	2026-01-26	20500	2
416	18	9	2026-01-19	703	15	2026-01-23	7000	2
417	49	20	2026-01-19	1701	26	2026-01-23	9000	2
418	36	2	2026-01-19	1607	41	2026-01-26	20000	2
419	32	4	2026-01-19	1607	10	2026-01-20	4000	2
420	41	2	2026-01-19	103	4	2026-01-26	21000	2
421	19	9	2026-01-19	1001	46	2026-01-23	7000	2
422	50	2	2026-01-19	1702	58	2026-01-26	25000	2
423	40	8	2026-01-19	803	18	2026-01-22	7000	2
424	1	4	2026-01-19	112	16	2026-01-20	5000	2
425	24	15	2026-01-19	112	37	2026-01-24	20000	2
426	47	10	2026-01-19	1107	30	2026-01-22	6500	2
427	26	11	2026-01-19	1310	31	2026-01-21	8200	2
428	35	5	2026-01-19	301	54	2026-01-22	7000	2
429	43	16	2026-01-20	1105	47	2026-01-21	7000	2
430	10	16	2026-01-20	1605	38	2026-01-21	6000	2
431	26	2	2026-01-20	908	24	2026-01-27	22000	2
432	9	19	2026-01-20	1303	20	2026-01-22	5200	2
433	25	12	2026-01-20	502	41	2026-01-22	3500	2
434	2	20	2026-01-20	1102	52	2026-01-24	14000	2
435	15	19	2026-01-20	1605	16	2026-01-22	7200	2
436	17	18	2026-01-20	1207	9	2026-01-21	13000	2
437	15	19	2026-01-20	1702	32	2026-01-22	4200	2
438	11	13	2026-01-20	112	23	2026-01-22	6000	2
439	48	1	2026-01-20	304	47	2026-01-22	6000	2
440	17	17	2026-01-20	1605	57	2026-01-21	8000	2
441	37	1	2026-01-20	906	41	2026-01-22	4500	2
442	22	2	2026-01-20	306	54	2026-01-27	21500	2
443	46	9	2026-01-20	1003	32	2026-01-24	6000	2
444	42	5	2026-01-20	402	49	2026-01-23	7000	2
445	7	19	2026-01-20	803	9	2026-01-22	3200	2
446	2	4	2026-01-20	1701	41	2026-01-21	4000	2
447	28	3	2026-01-20	1003	32	2026-01-22	5500	2
448	27	9	2026-01-20	803	18	2026-01-24	11000	2
449	30	2	2026-01-20	301	50	2026-01-27	20500	2
450	4	2	2026-01-21	105	4	2026-01-28	22000	2
451	26	18	2026-01-21	907	1	2026-01-22	9000	2
452	34	14	2026-01-21	1207	57	2026-01-26	12500	2
453	36	12	2026-01-21	905	2	2026-01-23	6000	2
454	49	10	2026-01-21	607	18	2026-01-24	5000	2
455	17	6	2026-01-21	906	21	2026-01-23	4000	2
456	7	12	2026-01-21	1504	27	2026-01-23	4500	2
457	16	9	2026-01-21	1202	15	2026-01-25	9000	2
458	47	3	2026-01-21	1605	20	2026-01-23	2500	2
459	18	2	2026-01-21	306	58	2026-01-28	22000	2
460	5	17	2026-01-21	202	20	2026-01-22	9000	2
461	18	9	2026-01-21	703	29	2026-01-25	8000	2
462	36	13	2026-01-21	908	3	2026-01-23	5500	2
463	32	5	2026-01-21	1504	52	2026-01-24	7000	2
464	15	1	2026-01-21	401	14	2026-01-23	4500	2
465	21	9	2026-01-21	1207	40	2026-01-25	8000	2
466	30	9	2026-01-21	1310	52	2026-01-25	8000	2
467	45	10	2026-01-21	301	6	2026-01-24	4000	2
468	19	10	2026-01-22	105	48	2026-01-25	4500	2
469	16	14	2026-01-22	403	20	2026-01-27	17000	2
470	47	8	2026-01-22	1309	49	2026-01-25	7000	2
471	11	3	2026-01-22	703	16	2026-01-24	3500	2
472	22	12	2026-01-22	703	14	2026-01-24	4500	2
473	18	15	2026-01-22	103	4	2026-01-27	16500	2
474	48	20	2026-01-22	703	40	2026-01-26	14000	2
475	35	19	2026-01-22	906	34	2026-01-24	2700	2
476	8	4	2026-01-22	306	58	2026-01-23	4500	2
477	12	17	2026-01-22	501	11	2026-01-23	11000	2
478	30	2	2026-01-22	1102	27	2026-01-29	22000	2
479	30	7	2026-01-22	905	60	2026-01-24	5500	2
480	13	5	2026-01-22	905	50	2026-01-25	9000	2
481	2	10	2026-01-22	501	33	2026-01-25	5500	2
482	22	17	2026-01-22	701	31	2026-01-23	6500	2
483	24	11	2026-01-22	803	40	2026-01-24	5200	2
484	34	12	2026-01-22	604	19	2026-01-24	5000	2
485	3	10	2026-01-22	1001	51	2026-01-25	8500	2
486	20	10	2026-01-22	505	16	2026-01-25	4000	2
487	8	20	2026-01-22	301	19	2026-01-26	10000	2
488	31	20	2026-01-22	301	18	2026-01-26	12000	2
489	39	18	2026-01-23	902	11	2026-01-24	8000	2
490	41	18	2026-01-23	1605	40	2026-01-24	10000	2
491	37	14	2026-01-23	1105	49	2026-01-28	13500	2
492	26	9	2026-01-23	703	29	2026-01-27	9000	2
493	46	5	2026-01-23	1202	6	2026-01-26	8500	2
494	12	10	2026-01-23	907	16	2026-01-26	8500	2
495	18	18	2026-01-23	1105	2	2026-01-24	10000	2
496	31	20	2026-01-23	1702	3	2026-01-27	14000	2
497	32	7	2026-01-23	806	15	2026-01-25	3500	2
498	14	18	2026-01-23	1202	42	2026-01-24	11000	2
499	33	4	2026-01-23	108	44	2026-01-24	5000	2
500	18	2	2026-01-23	803	38	2026-01-30	22000	2
501	9	6	2026-01-23	1701	42	2026-01-25	4000	2
502	14	8	2026-01-23	607	29	2026-01-26	6000	2
503	32	19	2026-01-23	604	11	2026-01-25	3200	2
504	50	2	2026-01-23	1504	8	2026-01-30	21500	2
505	26	2	2026-01-23	1207	44	2026-01-30	21500	2
506	23	10	2026-01-23	908	27	2026-01-26	5000	2
507	13	18	2026-01-23	1310	22	2026-01-24	9500	2
508	41	15	2026-01-23	301	56	2026-01-28	18000	2
509	43	20	2026-01-24	1101	9	2026-01-28	10500	2
510	50	17	2026-01-24	502	32	2026-01-25	6000	2
511	47	4	2026-01-24	607	57	2026-01-25	5000	2
512	34	9	2026-01-24	103	35	2026-01-28	8000	2
513	48	15	2026-01-24	1207	56	2026-01-29	16500	2
514	44	16	2026-01-24	906	2	2026-01-25	6500	2
515	45	3	2026-01-24	505	11	2026-01-26	3500	2
516	4	10	2026-01-24	1403	9	2026-01-27	5000	2
517	21	14	2026-01-24	1001	16	2026-01-29	12000	2
518	35	18	2026-01-24	806	38	2026-01-25	8500	2
519	35	4	2026-01-24	501	39	2026-01-25	5500	2
520	42	15	2026-01-24	607	12	2026-01-29	17000	2
521	49	11	2026-01-24	1105	26	2026-01-26	3700	2
522	21	12	2026-01-24	1701	44	2026-01-26	3500	2
523	42	19	2026-01-24	905	6	2026-01-26	3200	2
524	19	2	2026-01-24	806	39	2026-01-31	22000	2
525	39	20	2026-01-24	1309	10	2026-01-28	12000	2
526	29	3	2026-01-24	1504	49	2026-01-26	4500	2
527	9	1	2026-01-24	1003	23	2026-01-26	4000	2
528	46	17	2026-01-24	108	55	2026-01-25	7000	2
529	42	15	2026-01-24	1403	38	2026-01-29	17000	2
530	39	11	2026-01-24	1309	4	2026-01-26	8200	2
531	35	12	2026-01-24	1607	2	2026-01-26	8000	2
532	30	7	2026-01-24	1404	58	2026-01-26	4000	2
533	27	3	2026-01-24	1310	3	2026-01-26	3000	2
534	34	18	2026-01-25	1101	33	2026-01-26	9000	2
535	40	8	2026-01-25	501	29	2026-01-28	5500	2
536	18	7	2026-01-25	1404	23	2026-01-27	5000	2
537	40	18	2026-01-25	402	35	2026-01-26	9000	2
538	38	8	2026-01-25	604	51	2026-01-28	6000	2
539	47	2	2026-01-25	701	52	2026-02-01	23000	2
540	32	3	2026-01-25	1504	60	2026-01-27	2500	2
541	38	12	2026-01-25	1403	50	2026-01-27	6000	2
542	34	11	2026-01-25	103	8	2026-01-27	3200	2
543	18	13	2026-01-25	1202	15	2026-01-27	5500	2
544	41	17	2026-01-25	402	45	2026-01-26	7000	2
545	42	4	2026-01-25	112	12	2026-01-26	9000	2
546	46	8	2026-01-25	112	50	2026-01-28	7000	2
547	20	10	2026-01-25	701	42	2026-01-28	5000	2
548	43	3	2026-01-25	1003	21	2026-01-27	7500	2
549	11	3	2026-01-25	108	57	2026-01-27	3000	2
550	2	16	2026-01-25	108	32	2026-01-26	5500	2
551	5	8	2026-01-25	907	4	2026-01-28	6000	2
552	27	15	2026-01-25	1102	30	2026-01-30	20000	2
553	1	16	2026-01-25	304	12	2026-01-26	10000	2
554	47	19	2026-01-25	112	8	2026-01-27	2200	2
555	38	5	2026-01-25	806	43	2026-01-28	10000	2
556	23	19	2026-01-25	1107	26	2026-01-27	3200	2
557	16	20	2026-01-25	1102	28	2026-01-29	12000	2
558	43	12	2026-01-25	1605	36	2026-01-27	6000	2
559	4	16	2026-01-25	1702	56	2026-01-26	5000	2
560	24	10	2026-01-25	607	43	2026-01-28	3500	2
561	37	11	2026-01-26	502	16	2026-01-28	4200	2
562	11	16	2026-01-26	1003	17	2026-01-27	7000	2
563	38	17	2026-01-26	703	34	2026-01-27	9000	2
564	37	9	2026-01-26	905	37	2026-01-30	7500	2
565	16	12	2026-01-26	803	34	2026-01-28	4000	2
566	1	14	2026-01-26	1702	21	2026-01-31	13500	2
567	27	19	2026-01-26	607	38	2026-01-28	5200	2
568	4	16	2026-01-26	103	5	2026-01-27	6000	2
569	49	5	2026-01-26	806	15	2026-01-29	10000	2
570	1	4	2026-01-26	803	7	2026-01-27	9000	2
571	31	17	2026-01-26	604	45	2026-01-27	8000	2
572	8	9	2026-01-26	401	17	2026-01-30	9000	2
573	45	10	2026-01-26	701	6	2026-01-29	6500	2
574	8	20	2026-01-26	505	12	2026-01-30	9000	2
575	32	14	2026-01-26	607	53	2026-01-31	17000	2
576	36	3	2026-01-26	801	3	2026-01-28	4500	2
577	3	6	2026-01-26	1404	60	2026-01-28	4500	2
578	45	8	2026-01-26	701	23	2026-01-29	7000	2
579	42	18	2026-01-26	1701	52	2026-01-27	10000	2
580	7	10	2026-01-26	108	24	2026-01-29	5000	2
581	43	10	2026-01-26	1207	44	2026-01-29	8500	2
582	12	17	2026-01-27	810	6	2026-01-28	6500	2
583	38	19	2026-01-27	607	14	2026-01-29	5200	2
584	3	5	2026-01-27	1102	34	2026-01-30	8500	2
585	36	15	2026-01-27	803	26	2026-02-01	16000	2
586	7	4	2026-01-27	402	56	2026-01-28	6000	2
587	15	2	2026-01-27	1504	27	2026-02-03	20500	2
588	19	16	2026-01-27	306	43	2026-01-28	5500	2
589	49	18	2026-01-27	607	2	2026-01-28	10000	2
590	3	19	2026-01-27	1303	46	2026-01-29	3700	2
591	38	10	2026-01-27	801	42	2026-01-30	6500	2
592	17	16	2026-01-27	908	53	2026-01-28	6000	2
593	47	13	2026-01-27	304	52	2026-01-29	9500	2
594	47	20	2026-01-27	604	12	2026-01-31	10000	2
595	29	9	2026-01-27	906	24	2026-01-31	7500	2
596	45	11	2026-01-27	806	19	2026-01-29	6200	2
597	14	1	2026-01-27	501	22	2026-01-29	8000	2
598	34	11	2026-01-27	1105	55	2026-01-29	5200	2
599	48	3	2026-01-27	607	55	2026-01-29	4000	2
600	37	10	2026-01-27	401	2	2026-01-30	4500	2
601	37	2	2026-01-27	703	15	2026-02-03	21000	2
602	36	16	2026-01-27	1310	44	2026-01-28	8000	2
603	2	16	2026-01-27	1302	57	2026-01-28	6000	2
604	11	16	2026-01-28	103	54	2026-01-29	8000	2
605	45	9	2026-01-28	1504	13	2026-02-01	6000	2
606	44	10	2026-01-28	907	7	2026-01-31	8500	2
607	49	19	2026-01-28	304	44	2026-01-30	4200	2
608	49	5	2026-01-28	306	35	2026-01-31	7000	2
609	28	5	2026-01-28	1309	12	2026-01-31	8500	2
610	8	1	2026-01-28	1207	45	2026-01-30	4500	2
611	35	19	2026-01-28	1504	53	2026-01-30	2200	2
612	45	13	2026-01-28	1605	54	2026-01-30	9500	2
613	22	2	2026-01-28	905	15	2026-02-04	22000	2
614	20	20	2026-01-28	501	37	2026-02-01	14000	2
615	3	4	2026-01-28	703	24	2026-01-29	4000	2
616	26	5	2026-01-28	907	29	2026-01-31	7500	2
617	2	7	2026-01-28	306	50	2026-01-30	5500	2
618	37	15	2026-01-28	401	60	2026-02-02	15000	2
619	1	2	2026-01-28	908	40	2026-02-04	21000	2
620	43	20	2026-01-28	801	24	2026-02-01	10500	2
621	28	18	2026-01-28	701	49	2026-01-29	9500	2
622	7	18	2026-01-28	908	7	2026-01-29	10000	2
623	3	5	2026-01-28	401	23	2026-01-31	12000	2
624	47	13	2026-01-28	1105	54	2026-01-30	7500	2
625	16	1	2026-01-28	401	2	2026-01-30	5000	2
626	18	19	2026-01-28	604	57	2026-01-30	5200	2
627	29	20	2026-01-28	906	11	2026-02-01	14000	2
628	49	5	2026-01-28	908	25	2026-01-31	9000	2
629	38	20	2026-01-28	401	55	2026-02-01	9000	2
630	32	4	2026-01-28	505	23	2026-01-29	5500	2
631	49	5	2026-01-28	806	13	2026-01-31	7500	2
632	38	14	2026-01-28	1302	4	2026-02-02	14000	2
633	26	9	2026-01-29	112	57	2026-02-02	9000	2
634	19	8	2026-01-29	1102	58	2026-02-01	6000	2
635	16	1	2026-01-29	604	29	2026-01-31	8000	2
636	44	8	2026-01-29	607	23	2026-02-01	6000	2
637	32	16	2026-01-29	1504	52	2026-01-30	6000	2
638	9	3	2026-01-29	501	10	2026-01-31	3500	2
639	19	2	2026-01-29	806	33	2026-02-05	22000	2
640	7	5	2026-01-29	401	53	2026-02-01	7500	2
641	2	12	2026-01-29	1207	59	2026-01-31	3000	2
642	6	10	2026-01-29	108	35	2026-02-01	4000	2
643	13	13	2026-01-29	1202	13	2026-01-31	6000	2
644	48	10	2026-01-29	1309	53	2026-02-01	4000	2
645	13	20	2026-01-29	202	50	2026-02-02	9000	2
646	5	5	2026-01-29	402	15	2026-02-01	10000	2
647	30	17	2026-01-29	1607	5	2026-01-30	7000	2
648	23	13	2026-01-29	1309	23	2026-01-31	6500	2
649	29	10	2026-01-29	1702	1	2026-02-01	8500	2
650	17	19	2026-01-29	1202	19	2026-01-31	5200	2
651	46	2	2026-01-29	906	35	2026-02-05	20000	2
652	30	4	2026-01-29	806	29	2026-01-30	7000	2
653	42	14	2026-01-29	905	57	2026-02-03	12000	2
654	50	7	2026-01-29	202	15	2026-01-31	4500	2
655	16	2	2026-01-29	1404	37	2026-02-05	20500	2
656	42	5	2026-01-29	1302	41	2026-02-01	10000	2
657	18	10	2026-01-29	1302	33	2026-02-01	3500	2
658	24	10	2026-01-30	906	57	2026-02-02	5500	2
659	5	2	2026-01-30	1504	9	2026-02-06	25000	2
660	24	2	2026-01-30	1303	29	2026-02-06	22000	2
661	46	19	2026-01-30	703	38	2026-02-01	4200	2
662	8	14	2026-01-30	202	53	2026-02-04	12500	2
663	33	19	2026-01-30	402	49	2026-02-01	2200	2
664	19	5	2026-01-30	803	52	2026-02-02	8500	2
665	32	11	2026-01-30	1003	34	2026-02-01	6200	2
666	49	17	2026-01-30	906	4	2026-01-31	7000	2
667	17	16	2026-01-30	803	10	2026-01-31	6000	2
668	18	11	2026-01-30	1701	12	2026-02-01	5200	2
669	45	14	2026-01-30	906	56	2026-02-04	17000	2
670	25	7	2026-01-30	701	1	2026-02-01	4000	2
671	11	16	2026-01-30	908	19	2026-01-31	10000	2
672	18	9	2026-01-30	306	33	2026-02-03	6500	2
673	40	10	2026-01-30	202	39	2026-02-02	8500	2
674	50	1	2026-01-30	1001	6	2026-02-01	4000	2
675	15	12	2026-01-30	1001	19	2026-02-01	3000	2
676	18	1	2026-01-30	806	54	2026-02-01	5000	2
677	18	3	2026-01-30	908	29	2026-02-01	4500	2
678	26	16	2026-01-30	908	2	2026-01-31	6500	2
679	14	14	2026-01-30	905	25	2026-02-04	12000	2
680	48	18	2026-01-30	1303	1	2026-01-31	10000	2
681	31	6	2026-01-30	1302	38	2026-02-01	3000	2
682	42	19	2026-01-30	301	38	2026-02-01	3700	2
683	38	3	2026-01-30	301	31	2026-02-01	3500	2
684	45	16	2026-01-31	1001	52	2026-02-01	5500	2
685	15	15	2026-01-31	908	39	2026-02-05	16500	2
686	34	2	2026-01-31	306	26	2026-02-07	21000	2
687	31	4	2026-01-31	1207	55	2026-02-01	4500	2
688	35	5	2026-01-31	1607	29	2026-02-03	10000	2
689	39	7	2026-01-31	306	27	2026-02-02	4000	2
690	11	17	2026-01-31	1107	58	2026-02-01	9000	2
691	8	15	2026-01-31	1202	3	2026-02-05	15000	2
692	8	10	2026-01-31	701	22	2026-02-03	6500	2
693	10	14	2026-01-31	1309	6	2026-02-05	17000	2
694	11	6	2026-01-31	801	1	2026-02-02	5500	2
695	44	5	2026-01-31	306	36	2026-02-03	10000	2
696	45	11	2026-01-31	906	48	2026-02-02	5200	2
697	17	3	2026-01-31	1607	24	2026-02-02	3500	2
698	34	4	2026-01-31	907	44	2026-02-01	7000	2
699	44	10	2026-01-31	112	44	2026-02-03	4000	2
700	21	8	2026-01-31	1303	38	2026-02-03	7000	2
701	21	10	2026-01-31	108	45	2026-02-03	3500	2
702	38	20	2026-01-31	306	10	2026-02-04	14000	2
703	40	15	2026-01-31	1504	17	2026-02-05	17000	2
704	30	4	2026-01-31	502	45	2026-02-01	6000	2
705	27	4	2026-01-31	906	39	2026-02-01	4500	2
706	36	5	2026-01-31	806	10	2026-02-03	7500	2
707	40	18	2026-01-31	103	2	2026-02-01	10000	2
708	12	6	2026-01-31	1302	9	2026-02-02	2500	2
709	38	16	2026-02-01	501	4	2026-02-02	7000	2
710	4	3	2026-02-01	905	32	2026-02-03	4500	2
711	20	9	2026-02-01	1202	26	2026-02-05	11000	2
712	30	18	2026-02-01	908	9	2026-02-02	11000	2
713	31	14	2026-02-01	1607	42	2026-02-06	17000	2
714	32	5	2026-02-01	108	20	2026-02-04	10000	2
715	40	8	2026-02-01	1701	40	2026-02-04	5500	2
716	30	8	2026-02-01	1605	23	2026-02-04	7000	2
717	46	19	2026-02-01	108	37	2026-02-03	2200	2
718	4	10	2026-02-01	1309	24	2026-02-04	3500	2
719	27	5	2026-02-01	1105	2	2026-02-04	8500	2
720	28	10	2026-02-01	1605	48	2026-02-04	4000	2
721	28	4	2026-02-01	1701	54	2026-02-02	5000	2
722	31	10	2026-02-01	112	14	2026-02-04	4500	2
723	41	17	2026-02-01	304	22	2026-02-02	7500	2
724	44	5	2026-02-01	1404	48	2026-02-04	7000	2
725	35	16	2026-02-01	1202	24	2026-02-02	6500	2
726	48	11	2026-02-01	103	46	2026-02-03	4200	2
727	32	4	2026-02-01	1403	31	2026-02-02	5500	2
728	13	13	2026-02-01	301	31	2026-02-03	6500	2
729	20	7	2026-02-02	810	54	2026-02-04	6500	2
730	37	6	2026-02-02	907	40	2026-02-04	4000	2
731	20	10	2026-02-02	905	41	2026-02-05	4000	2
732	28	3	2026-02-02	1701	51	2026-02-04	3000	2
733	33	14	2026-02-02	1504	2	2026-02-07	12500	2
734	32	12	2026-02-02	112	7	2026-02-04	4500	2
735	8	8	2026-02-02	906	37	2026-02-05	5000	2
736	33	6	2026-02-02	502	58	2026-02-04	4500	2
737	2	18	2026-02-02	1202	23	2026-02-03	9500	2
738	35	2	2026-02-02	505	34	2026-02-09	25000	2
739	15	7	2026-02-02	502	28	2026-02-04	5000	2
740	21	8	2026-02-02	1303	20	2026-02-05	4500	2
741	4	9	2026-02-02	1701	55	2026-02-06	6500	2
742	49	12	2026-02-02	1607	37	2026-02-04	8000	2
743	30	6	2026-02-02	1107	37	2026-02-04	3000	2
744	22	18	2026-02-02	1107	28	2026-02-03	10000	2
745	23	14	2026-02-02	1605	33	2026-02-07	14000	2
746	8	6	2026-02-02	1403	14	2026-02-04	4000	2
747	47	3	2026-02-02	801	30	2026-02-04	2500	2
748	33	5	2026-02-03	1309	11	2026-02-06	8500	2
749	21	10	2026-02-03	401	35	2026-02-06	5500	2
750	20	11	2026-02-03	907	11	2026-02-05	3700	2
751	12	8	2026-02-03	103	22	2026-02-06	9000	2
752	11	6	2026-02-03	1001	7	2026-02-05	3000	2
753	32	10	2026-02-03	304	27	2026-02-06	3500	2
754	17	18	2026-02-03	607	6	2026-02-04	8000	2
755	14	4	2026-02-03	1504	7	2026-02-04	5000	2
756	20	20	2026-02-03	907	22	2026-02-07	9000	2
757	46	9	2026-02-03	703	33	2026-02-07	9000	2
758	35	18	2026-02-03	401	12	2026-02-04	8000	2
759	42	20	2026-02-03	1107	45	2026-02-07	9500	2
760	13	14	2026-02-03	607	31	2026-02-08	13500	2
761	14	7	2026-02-03	1302	12	2026-02-05	8500	2
762	39	13	2026-02-04	810	1	2026-02-06	5500	2
763	1	1	2026-02-04	1107	19	2026-02-06	3000	2
764	30	9	2026-02-04	604	52	2026-02-08	7500	2
765	46	15	2026-02-04	1504	6	2026-02-09	15500	2
766	39	7	2026-02-04	112	36	2026-02-06	4500	2
767	47	3	2026-02-04	505	25	2026-02-06	3000	2
768	49	9	2026-02-04	1003	33	2026-02-08	11000	2
769	38	9	2026-02-04	1309	3	2026-02-08	8000	2
770	1	10	2026-02-04	112	53	2026-02-07	5000	2
771	11	5	2026-02-04	1403	31	2026-02-07	7000	2
772	28	18	2026-02-04	108	35	2026-02-05	9500	2
773	10	13	2026-02-04	1309	43	2026-02-06	7500	2
774	26	19	2026-02-04	502	25	2026-02-06	4200	2
775	12	14	2026-02-05	1202	51	2026-02-10	13500	2
776	37	4	2026-02-05	1001	21	2026-02-06	5500	2
777	42	13	2026-02-05	304	34	2026-02-07	5500	2
778	3	7	2026-02-05	1107	2	2026-02-07	4500	2
779	25	10	2026-02-05	401	58	2026-02-08	5500	2
780	14	12	2026-02-05	306	49	2026-02-07	5000	2
781	33	18	2026-02-05	501	49	2026-02-06	11000	2
782	26	14	2026-02-05	806	5	2026-02-10	13000	2
783	40	2	2026-02-05	701	12	2026-02-12	23000	2
784	19	4	2026-02-05	1102	39	2026-02-06	6000	2
785	18	7	2026-02-05	1309	22	2026-02-07	8500	2
786	2	16	2026-02-05	1403	42	2026-02-06	5500	2
787	3	16	2026-02-05	1607	13	2026-02-06	6000	2
788	16	17	2026-02-05	703	59	2026-02-06	6500	2
789	27	9	2026-02-05	1105	47	2026-02-09	11000	2
790	22	1	2026-02-05	801	52	2026-02-07	3500	2
791	43	1	2026-02-05	401	21	2026-02-07	8000	2
792	2	13	2026-02-05	1607	45	2026-02-07	6000	2
793	27	12	2026-02-05	402	40	2026-02-07	5000	2
794	1	14	2026-02-05	1607	57	2026-02-10	13500	2
795	1	5	2026-02-05	502	13	2026-02-08	12000	2
796	38	6	2026-02-05	1003	24	2026-02-07	3500	2
797	13	10	2026-02-05	501	50	2026-02-08	6500	2
798	3	19	2026-02-06	112	27	2026-02-08	4200	2
799	5	11	2026-02-06	1309	26	2026-02-08	8200	2
800	40	13	2026-02-06	701	23	2026-02-08	9500	2
801	6	9	2026-02-06	1605	13	2026-02-10	9000	2
802	43	16	2026-02-06	1504	3	2026-02-07	10000	2
803	39	16	2026-02-06	1003	20	2026-02-07	5500	2
804	33	10	2026-02-06	505	46	2026-02-09	8500	2
805	44	8	2026-02-06	1003	1	2026-02-09	4000	2
806	8	2	2026-02-06	505	11	2026-02-13	23000	2
807	22	8	2026-02-06	1404	10	2026-02-09	9000	2
808	13	16	2026-02-06	502	41	2026-02-07	8000	2
809	24	3	2026-02-06	1605	20	2026-02-08	5500	2
810	16	15	2026-02-06	304	18	2026-02-11	16000	2
811	5	5	2026-02-06	806	44	2026-02-09	8000	2
812	3	14	2026-02-06	604	18	2026-02-11	12000	2
813	10	4	2026-02-06	202	31	2026-02-07	7000	2
814	13	8	2026-02-06	1202	11	2026-02-09	4500	2
815	50	8	2026-02-06	1504	38	2026-02-09	4500	2
816	20	3	2026-02-06	1605	19	2026-02-08	4000	2
817	27	13	2026-02-06	202	57	2026-02-08	5000	2
818	42	13	2026-02-06	1309	50	2026-02-08	6000	2
819	13	17	2026-02-06	1102	4	2026-02-07	6500	2
820	45	8	2026-02-07	803	52	2026-02-10	4000	2
821	16	4	2026-02-07	304	9	2026-02-08	4000	2
822	45	6	2026-02-07	112	26	2026-02-09	7500	2
823	37	8	2026-02-07	402	52	2026-02-10	4500	2
824	20	17	2026-02-07	607	8	2026-02-08	9000	2
825	35	10	2026-02-07	1309	52	2026-02-10	6500	2
826	19	3	2026-02-07	1403	8	2026-02-09	5500	2
827	12	15	2026-02-07	1504	56	2026-02-12	16500	2
828	13	18	2026-02-07	1701	9	2026-02-08	8500	2
829	19	3	2026-02-07	908	43	2026-02-09	5500	2
830	1	16	2026-02-07	1303	5	2026-02-08	5000	2
831	39	14	2026-02-07	1702	19	2026-02-12	13000	2
832	11	17	2026-02-07	701	13	2026-02-08	7500	2
833	11	7	2026-02-07	502	54	2026-02-09	4000	2
834	9	9	2026-02-07	604	18	2026-02-11	7000	2
835	7	11	2026-02-07	607	7	2026-02-09	3700	2
836	15	10	2026-02-07	905	21	2026-02-10	3500	2
837	35	7	2026-02-07	701	47	2026-02-09	5000	2
838	15	8	2026-02-07	1404	43	2026-02-10	5000	2
839	8	2	2026-02-07	604	11	2026-02-14	21000	2
840	16	3	2026-02-07	806	58	2026-02-09	4500	2
841	25	6	2026-02-07	505	47	2026-02-09	3000	2
842	14	8	2026-02-07	1702	57	2026-02-10	9000	2
843	9	19	2026-02-07	301	17	2026-02-09	3700	2
844	1	19	2026-02-08	810	14	2026-02-10	4200	2
845	8	17	2026-02-08	810	7	2026-02-09	8000	2
846	43	7	2026-02-08	701	15	2026-02-10	6500	2
847	22	18	2026-02-08	1105	30	2026-02-09	9000	2
848	39	1	2026-02-08	1701	35	2026-02-10	4000	2
849	21	12	2026-02-08	202	35	2026-02-10	4000	2
850	30	7	2026-02-08	502	21	2026-02-10	8500	2
851	30	18	2026-02-08	304	60	2026-02-09	8000	2
852	7	4	2026-02-08	401	50	2026-02-09	9000	2
853	44	13	2026-02-08	806	43	2026-02-10	9500	2
854	4	11	2026-02-08	108	13	2026-02-10	4700	2
855	49	14	2026-02-08	803	26	2026-02-13	12500	2
856	11	4	2026-02-08	401	42	2026-02-09	4500	2
857	41	12	2026-02-08	103	4	2026-02-10	8000	2
858	45	1	2026-02-08	703	51	2026-02-10	4500	2
859	5	8	2026-02-08	1107	22	2026-02-11	5500	2
860	28	17	2026-02-08	1202	37	2026-02-09	6000	2
861	40	11	2026-02-08	1001	5	2026-02-10	4700	2
862	4	1	2026-02-08	501	20	2026-02-10	4500	2
863	17	8	2026-02-08	1504	37	2026-02-11	4500	2
864	39	5	2026-02-08	501	40	2026-02-11	12000	2
865	7	15	2026-02-08	1207	36	2026-02-13	15000	2
866	32	12	2026-02-08	1403	25	2026-02-10	3500	2
867	33	16	2026-02-08	803	7	2026-02-09	6500	2
868	21	1	2026-02-08	1309	40	2026-02-10	5000	2
869	45	9	2026-02-09	810	58	2026-02-13	7500	2
870	21	1	2026-02-09	103	9	2026-02-11	6000	2
871	44	2	2026-02-09	1105	55	2026-02-16	21500	2
872	3	5	2026-02-09	1107	60	2026-02-12	8500	2
873	29	15	2026-02-09	1605	48	2026-02-14	16500	2
874	43	9	2026-02-09	1003	36	2026-02-13	7500	2
875	29	7	2026-02-09	108	49	2026-02-11	5000	2
876	47	12	2026-02-09	908	30	2026-02-11	4000	2
877	35	12	2026-02-09	108	2	2026-02-11	6000	2
878	9	2	2026-02-09	803	5	2026-02-16	25000	2
879	30	1	2026-02-09	908	10	2026-02-11	6000	2
880	20	4	2026-02-09	306	16	2026-02-10	5000	2
881	25	8	2026-02-09	905	21	2026-02-12	7000	2
882	12	14	2026-02-09	112	9	2026-02-14	13500	2
883	11	13	2026-02-09	1605	24	2026-02-11	5500	2
884	48	7	2026-02-09	1302	54	2026-02-11	6500	2
885	50	5	2026-02-10	402	20	2026-02-13	12000	2
886	46	5	2026-02-10	801	36	2026-02-13	8500	2
887	45	9	2026-02-10	1404	37	2026-02-14	8000	2
888	25	7	2026-02-10	112	28	2026-02-12	8500	2
889	15	17	2026-02-10	1504	2	2026-02-11	8000	2
890	14	6	2026-02-10	908	55	2026-02-12	7500	2
891	17	6	2026-02-10	906	58	2026-02-12	4000	2
892	9	9	2026-02-10	803	5	2026-02-14	11000	2
893	26	2	2026-02-10	906	52	2026-02-17	25000	2
894	49	13	2026-02-10	1105	57	2026-02-12	6500	2
895	43	18	2026-02-10	1309	52	2026-02-11	10000	2
896	7	19	2026-02-10	1107	12	2026-02-12	7200	2
897	34	18	2026-02-10	1607	11	2026-02-11	8500	2
898	45	8	2026-02-10	607	24	2026-02-13	9000	2
899	10	8	2026-02-10	905	29	2026-02-13	4500	2
900	46	19	2026-02-10	1702	44	2026-02-12	7200	2
901	2	17	2026-02-10	1102	43	2026-02-11	7500	2
902	9	5	2026-02-10	1403	17	2026-02-13	10000	2
903	23	3	2026-02-10	1701	47	2026-02-12	4000	2
904	30	15	2026-02-10	1302	6	2026-02-15	20000	2
905	34	7	2026-02-11	1003	11	2026-02-13	3500	2
906	19	9	2026-02-11	906	14	2026-02-15	11000	2
907	15	17	2026-02-11	1607	32	2026-02-12	11000	2
908	46	5	2026-02-11	501	6	2026-02-14	8000	2
909	33	2	2026-02-11	1001	41	2026-02-18	23000	2
910	11	10	2026-02-11	1207	16	2026-02-14	3500	2
911	19	9	2026-02-11	103	54	2026-02-15	11000	2
912	50	11	2026-02-11	1504	45	2026-02-13	3200	2
913	19	6	2026-02-11	1605	21	2026-02-13	4000	2
914	34	19	2026-02-11	108	57	2026-02-13	3700	2
915	5	14	2026-02-11	1105	40	2026-02-16	15000	2
916	49	9	2026-02-11	701	22	2026-02-15	6000	2
917	42	6	2026-02-11	108	24	2026-02-13	2500	2
918	21	19	2026-02-11	108	16	2026-02-13	4200	2
919	26	7	2026-02-11	607	27	2026-02-13	6500	2
920	33	11	2026-02-11	801	30	2026-02-13	4200	2
921	23	5	2026-02-11	607	26	2026-02-14	7000	2
922	20	5	2026-02-11	202	31	2026-02-14	7000	2
923	34	10	2026-02-11	905	28	2026-02-14	4500	2
924	4	6	2026-02-11	801	43	2026-02-13	3500	2
925	5	20	2026-02-11	1105	13	2026-02-15	9000	2
926	8	18	2026-02-11	1303	46	2026-02-12	10000	2
927	31	18	2026-02-11	801	47	2026-02-12	11000	2
928	12	11	2026-02-11	1504	19	2026-02-13	6200	2
929	32	15	2026-02-11	1504	59	2026-02-16	16000	2
930	14	12	2026-02-11	306	30	2026-02-13	5000	2
931	46	12	2026-02-11	401	45	2026-02-13	4500	2
932	7	15	2026-02-11	1302	26	2026-02-16	20000	2
933	22	10	2026-02-11	303	50	2026-02-14	5000	2
934	15	5	2026-02-12	703	49	2026-02-15	7000	2
935	2	20	2026-02-12	1107	12	2026-02-16	10000	2
936	32	6	2026-02-12	1105	34	2026-02-14	2500	2
937	5	3	2026-02-12	908	36	2026-02-14	3500	2
938	2	8	2026-02-12	304	41	2026-02-15	5000	2
939	7	4	2026-02-12	502	38	2026-02-13	9000	2
940	2	1	2026-02-12	607	10	2026-02-14	4000	2
941	31	8	2026-02-12	905	53	2026-02-15	4000	2
942	42	3	2026-02-12	905	34	2026-02-14	3500	2
943	37	7	2026-02-12	1309	58	2026-02-14	5000	2
944	21	18	2026-02-12	1303	38	2026-02-13	8500	2
945	44	4	2026-02-12	1207	26	2026-02-13	9000	2
946	26	13	2026-02-12	1605	50	2026-02-14	6000	2
947	37	3	2026-02-12	604	14	2026-02-14	4500	2
948	1	5	2026-02-12	908	26	2026-02-15	8000	2
949	50	13	2026-02-12	806	7	2026-02-14	5000	2
950	21	16	2026-02-12	1309	29	2026-02-13	5000	2
951	43	20	2026-02-12	401	22	2026-02-16	11000	2
952	5	8	2026-02-12	907	59	2026-02-15	7000	2
953	12	13	2026-02-12	502	30	2026-02-14	6500	2
954	4	6	2026-02-12	1302	15	2026-02-14	7500	2
955	10	19	2026-02-13	810	41	2026-02-15	2200	2
956	26	10	2026-02-13	202	11	2026-02-16	5000	2
957	34	5	2026-02-13	1701	59	2026-02-16	7500	2
958	31	17	2026-02-13	1303	60	2026-02-14	7500	2
959	17	6	2026-02-13	801	8	2026-02-15	4000	2
960	14	14	2026-02-13	502	7	2026-02-18	15000	2
961	44	5	2026-02-13	1202	55	2026-02-16	10000	2
962	1	2	2026-02-13	1605	57	2026-02-20	21000	2
963	16	12	2026-02-13	202	29	2026-02-15	3000	2
964	25	14	2026-02-13	1605	45	2026-02-18	14000	2
965	9	13	2026-02-13	607	53	2026-02-15	7500	2
966	38	16	2026-02-13	304	43	2026-02-14	6000	2
967	29	9	2026-02-13	1403	49	2026-02-17	8000	2
968	43	3	2026-02-13	1202	17	2026-02-15	4500	2
969	3	7	2026-02-13	306	2	2026-02-15	8500	2
970	45	4	2026-02-13	202	29	2026-02-14	5500	2
971	8	3	2026-02-13	1701	14	2026-02-15	7500	2
972	34	4	2026-02-13	304	12	2026-02-14	4500	2
973	35	9	2026-02-13	1605	4	2026-02-17	6500	2
974	39	2	2026-02-13	701	30	2026-02-20	22000	2
975	36	12	2026-02-13	1107	46	2026-02-15	8000	2
976	39	15	2026-02-13	908	15	2026-02-18	16000	2
977	47	2	2026-02-13	1309	56	2026-02-20	20500	2
978	50	5	2026-02-14	810	46	2026-02-17	7000	2
979	41	2	2026-02-14	810	23	2026-02-21	20500	2
980	16	13	2026-02-14	1607	19	2026-02-16	7500	2
981	45	9	2026-02-14	306	26	2026-02-18	9000	2
982	38	16	2026-02-14	1003	6	2026-02-15	7000	2
983	19	14	2026-02-14	607	34	2026-02-19	14000	2
984	6	15	2026-02-14	103	4	2026-02-19	16500	2
985	26	4	2026-02-14	1107	14	2026-02-15	4500	2
986	35	1	2026-02-14	1207	34	2026-02-16	4500	2
987	3	12	2026-02-14	202	4	2026-02-16	4500	2
988	27	19	2026-02-14	502	18	2026-02-16	4200	2
989	17	15	2026-02-14	803	31	2026-02-19	15500	2
990	50	8	2026-02-14	908	4	2026-02-17	6000	2
991	32	10	2026-02-14	1701	19	2026-02-17	3500	2
992	13	6	2026-02-14	1702	59	2026-02-16	3000	2
993	29	20	2026-02-14	401	1	2026-02-18	10000	2
994	7	5	2026-02-14	806	60	2026-02-17	12000	2
995	6	3	2026-02-14	1105	39	2026-02-16	5500	2
996	34	18	2026-02-15	1404	2	2026-02-16	9500	2
997	46	19	2026-02-15	1207	24	2026-02-17	3200	2
998	41	20	2026-02-15	604	53	2026-02-19	12000	2
999	45	12	2026-02-15	1309	11	2026-02-17	5000	2
1000	10	6	2026-02-15	1701	50	2026-02-17	5500	2
1001	32	4	2026-02-15	112	32	2026-02-16	6000	2
1002	3	16	2026-02-15	1001	28	2026-02-16	5500	2
1003	6	17	2026-02-15	505	54	2026-02-16	7500	2
1004	1	8	2026-02-15	1102	39	2026-02-18	7000	2
1005	49	10	2026-02-15	908	41	2026-02-18	3500	2
1006	18	8	2026-02-15	1607	9	2026-02-18	5500	2
1007	1	4	2026-02-15	1107	34	2026-02-16	4000	2
1008	1	20	2026-02-15	112	24	2026-02-19	11000	2
1009	32	1	2026-02-15	1001	42	2026-02-17	6000	2
1010	26	2	2026-02-15	1202	22	2026-02-22	20500	2
1011	18	14	2026-02-15	1001	49	2026-02-20	15000	2
1012	4	13	2026-02-15	501	26	2026-02-17	6500	2
1013	49	19	2026-02-15	1504	15	2026-02-17	2200	2
1014	34	5	2026-02-15	402	50	2026-02-18	8000	2
1015	50	3	2026-02-15	1303	25	2026-02-17	3500	2
1016	32	12	2026-02-15	1107	42	2026-02-17	3500	2
1017	38	14	2026-02-15	604	23	2026-02-20	14000	2
1018	37	14	2026-02-15	1404	29	2026-02-20	14000	2
1019	49	8	2026-02-15	1701	48	2026-02-18	6000	2
1020	6	19	2026-02-15	303	48	2026-02-17	7200	2
1021	45	15	2026-02-15	303	41	2026-02-20	15000	2
1022	42	15	2026-02-16	810	34	2026-02-21	16500	2
1023	34	7	2026-02-16	810	52	2026-02-18	5500	2
1024	21	2	2026-02-16	905	14	2026-02-23	25000	2
1025	38	10	2026-02-16	906	35	2026-02-19	8500	2
1026	13	18	2026-02-16	402	21	2026-02-17	13000	2
1027	46	3	2026-02-16	1605	49	2026-02-18	4500	2
1028	49	17	2026-02-16	607	46	2026-02-17	7500	2
1029	41	2	2026-02-16	1105	2	2026-02-23	23000	2
1030	29	12	2026-02-16	1702	21	2026-02-18	6000	2
1031	17	3	2026-02-16	103	10	2026-02-18	3500	2
1032	15	11	2026-02-16	1202	41	2026-02-18	4700	2
1033	15	12	2026-02-16	1605	28	2026-02-18	4500	2
1034	8	17	2026-02-16	1403	25	2026-02-17	6000	2
1035	9	15	2026-02-16	1607	27	2026-02-21	16000	2
1036	37	19	2026-02-16	502	51	2026-02-18	2200	2
1037	30	17	2026-02-16	103	14	2026-02-17	7500	2
1038	32	16	2026-02-16	906	1	2026-02-17	7000	2
1039	30	12	2026-02-16	703	43	2026-02-18	4000	2
1040	12	13	2026-02-16	505	17	2026-02-18	7500	2
1041	13	3	2026-02-16	1303	16	2026-02-18	4000	2
1042	4	4	2026-02-16	803	10	2026-02-17	4000	2
1043	39	5	2026-02-16	1302	58	2026-02-19	7000	2
1044	36	11	2026-02-16	303	2	2026-02-18	5200	2
1045	36	7	2026-02-17	810	37	2026-02-19	8500	2
1046	26	10	2026-02-17	1605	27	2026-02-20	6500	2
1047	44	19	2026-02-17	501	3	2026-02-19	2700	2
1048	12	16	2026-02-17	703	60	2026-02-18	10000	2
1049	24	1	2026-02-17	803	18	2026-02-19	8000	2
1050	39	17	2026-02-17	1102	46	2026-02-18	7000	2
1051	8	8	2026-02-17	1701	20	2026-02-20	4500	2
1052	40	10	2026-02-17	1403	4	2026-02-20	5000	2
1053	40	11	2026-02-17	1607	11	2026-02-19	3200	2
1054	43	19	2026-02-17	306	37	2026-02-19	2200	2
1055	29	16	2026-02-17	1605	16	2026-02-18	6000	2
1056	9	1	2026-02-17	1403	11	2026-02-19	6000	2
1057	49	1	2026-02-17	502	10	2026-02-19	3500	2
1058	14	9	2026-02-17	1702	39	2026-02-21	9000	2
1059	27	15	2026-02-17	703	56	2026-02-22	16000	2
1060	31	12	2026-02-17	1309	31	2026-02-19	4000	2
1061	10	14	2026-02-17	1302	59	2026-02-22	12500	2
1062	7	2	2026-02-18	1102	16	2026-02-25	20500	2
1063	45	14	2026-02-18	1202	59	2026-02-23	12000	2
1064	35	14	2026-02-18	304	36	2026-02-23	12000	2
1065	47	10	2026-02-18	1303	2	2026-02-21	5500	2
1066	23	3	2026-02-18	906	42	2026-02-20	3000	2
1067	30	11	2026-02-18	907	55	2026-02-20	3700	2
1068	5	18	2026-02-18	1102	47	2026-02-19	9500	2
1069	22	15	2026-02-18	1607	17	2026-02-23	18000	2
1070	13	9	2026-02-18	1303	19	2026-02-22	7000	2
1071	6	20	2026-02-18	1605	60	2026-02-22	10000	2
1072	43	6	2026-02-18	1003	36	2026-02-20	2500	2
1073	50	20	2026-02-18	1605	13	2026-02-22	12000	2
1074	34	19	2026-02-18	803	20	2026-02-20	2700	2
1075	39	17	2026-02-18	1702	22	2026-02-19	7500	2
1076	22	10	2026-02-18	1001	44	2026-02-21	6500	2
1077	34	11	2026-02-18	604	19	2026-02-20	8200	2
1078	7	6	2026-02-18	1303	48	2026-02-20	4500	2
1079	50	5	2026-02-18	607	40	2026-02-21	9000	2
1080	48	10	2026-02-18	505	15	2026-02-21	5000	2
1081	23	17	2026-02-18	1702	47	2026-02-19	7000	2
1082	15	11	2026-02-18	502	7	2026-02-20	4700	2
1083	21	11	2026-02-18	701	40	2026-02-20	4700	2
1084	11	16	2026-02-18	303	1	2026-02-19	8000	2
1085	13	1	2026-02-19	810	12	2026-02-21	3500	2
1086	36	18	2026-02-19	304	58	2026-02-20	10000	2
1087	45	16	2026-02-19	1207	36	2026-02-20	10000	2
1088	38	10	2026-02-19	1207	14	2026-02-22	4000	2
1089	3	14	2026-02-19	701	29	2026-02-24	13000	2
1090	50	5	2026-02-19	1207	39	2026-02-22	8000	2
1091	13	3	2026-02-19	402	47	2026-02-21	3000	2
1092	44	19	2026-02-19	1605	17	2026-02-21	7200	2
1093	18	4	2026-02-19	803	22	2026-02-20	4000	2
1094	31	7	2026-02-19	1202	36	2026-02-21	6500	2
1095	46	18	2026-02-19	1504	16	2026-02-20	11000	2
1096	3	12	2026-02-19	905	53	2026-02-21	5000	2
1097	22	8	2026-02-19	1001	45	2026-02-22	4000	2
1098	14	16	2026-02-19	1504	15	2026-02-20	5500	2
1099	12	5	2026-02-19	502	43	2026-02-22	10000	2
1100	43	4	2026-02-19	502	44	2026-02-20	4000	2
1101	26	13	2026-02-20	806	35	2026-02-22	6000	2
1102	9	16	2026-02-20	1404	45	2026-02-21	5000	2
1103	26	20	2026-02-20	112	1	2026-02-24	9500	2
1104	13	7	2026-02-20	604	53	2026-02-22	3500	2
1105	48	2	2026-02-20	1001	20	2026-02-27	21500	2
1106	26	17	2026-02-20	1605	2	2026-02-21	6500	2
1107	40	9	2026-02-20	306	5	2026-02-24	11000	2
1108	21	5	2026-02-20	703	37	2026-02-23	8000	2
1109	1	6	2026-02-20	505	7	2026-02-22	5500	2
1110	35	17	2026-02-20	604	33	2026-02-21	11000	2
1111	23	13	2026-02-20	1303	7	2026-02-22	6000	2
1112	14	8	2026-02-20	1309	32	2026-02-23	4500	2
1113	32	8	2026-02-20	1207	37	2026-02-23	5000	2
1114	23	17	2026-02-20	801	52	2026-02-21	11000	2
1115	31	3	2026-02-20	1302	47	2026-02-22	3500	2
1116	8	15	2026-02-21	1701	60	2026-02-26	18000	2
1117	29	2	2026-02-21	202	50	2026-02-28	23000	2
1118	12	20	2026-02-21	108	53	2026-02-25	10500	2
1119	8	8	2026-02-21	502	41	2026-02-24	9000	2
1120	10	10	2026-02-21	1309	49	2026-02-24	3500	2
1121	39	9	2026-02-21	402	35	2026-02-25	6000	2
1122	12	7	2026-02-21	1202	59	2026-02-23	3500	2
1123	46	9	2026-02-21	1001	35	2026-02-25	9000	2
1124	44	3	2026-02-21	1504	60	2026-02-23	5500	2
1125	48	9	2026-02-21	907	8	2026-02-25	11000	2
1126	41	19	2026-02-21	502	33	2026-02-23	5200	2
1127	44	16	2026-02-21	604	1	2026-02-22	7000	2
1128	29	13	2026-02-21	1202	41	2026-02-23	4500	2
1129	26	18	2026-02-21	1403	56	2026-02-22	9000	2
1130	49	8	2026-02-21	908	24	2026-02-24	7000	2
1131	23	8	2026-02-21	801	41	2026-02-24	9000	2
1132	10	1	2026-02-21	906	19	2026-02-23	5000	2
1133	41	3	2026-02-21	112	1	2026-02-23	7500	2
1134	12	7	2026-02-21	1504	24	2026-02-23	3500	2
1135	2	19	2026-02-21	306	21	2026-02-23	2700	2
1136	46	4	2026-02-21	1605	2	2026-02-22	5500	2
1137	44	16	2026-02-21	1003	5	2026-02-22	6500	2
1138	20	6	2026-02-21	1302	47	2026-02-23	2500	2
1139	37	13	2026-02-21	303	48	2026-02-23	4500	2
1140	29	5	2026-02-22	1202	30	2026-02-25	7500	2
1141	44	6	2026-02-22	1202	40	2026-02-24	7500	2
1142	29	2	2026-02-22	1605	27	2026-03-01	21500	2
1143	48	3	2026-02-22	1001	4	2026-02-24	3000	2
1144	6	10	2026-02-22	1105	17	2026-02-25	4000	2
1145	32	15	2026-02-22	1303	19	2026-02-27	15500	2
1146	7	3	2026-02-22	1207	4	2026-02-24	2500	2
1147	14	17	2026-02-22	1207	45	2026-02-23	8000	2
1148	43	8	2026-02-22	905	31	2026-02-25	9000	2
1149	39	14	2026-02-22	801	29	2026-02-27	13000	2
1150	18	5	2026-02-22	906	53	2026-02-25	7500	2
1151	1	12	2026-02-22	502	21	2026-02-24	3000	2
1152	18	18	2026-02-22	803	8	2026-02-23	13000	2
1153	25	10	2026-02-22	801	40	2026-02-25	5000	2
1154	50	7	2026-02-22	1404	20	2026-02-24	5500	2
1155	7	19	2026-02-22	402	16	2026-02-24	5200	2
1156	12	4	2026-02-22	1202	33	2026-02-23	4500	2
1157	45	10	2026-02-22	304	30	2026-02-25	4000	2
1158	12	19	2026-02-22	1202	41	2026-02-24	2700	2
1159	18	19	2026-02-22	703	28	2026-02-24	5200	2
1160	41	15	2026-02-22	505	49	2026-02-27	16000	2
1161	30	20	2026-02-22	505	2	2026-02-26	12000	2
1162	16	8	2026-02-22	108	48	2026-02-25	6000	2
1163	45	4	2026-02-22	303	20	2026-02-23	7000	2
1164	15	11	2026-02-22	303	1	2026-02-24	3200	2
1165	1	3	2026-02-23	1702	27	2026-02-25	4000	2
1166	12	2	2026-02-23	905	34	2026-03-02	22000	2
1167	48	7	2026-02-23	202	28	2026-02-25	4500	2
1168	40	10	2026-02-23	1607	46	2026-02-26	6500	2
1169	48	19	2026-02-23	801	50	2026-02-25	2700	2
1170	17	20	2026-02-23	806	8	2026-02-27	9500	2
1171	47	19	2026-02-23	1701	28	2026-02-25	5200	2
1172	5	10	2026-02-23	806	53	2026-02-26	4000	2
1173	7	11	2026-02-23	906	6	2026-02-25	3700	2
1174	25	20	2026-02-23	1504	15	2026-02-27	11000	2
1175	45	18	2026-02-23	1309	43	2026-02-24	8000	2
1176	38	10	2026-02-23	1404	47	2026-02-26	3500	2
1177	7	11	2026-02-23	103	25	2026-02-25	8200	2
1178	42	10	2026-02-23	402	51	2026-02-26	8500	2
1179	45	9	2026-02-23	202	32	2026-02-27	7500	2
1180	47	2	2026-02-23	1202	18	2026-03-02	21500	2
1181	22	6	2026-02-23	303	59	2026-02-25	7500	2
1182	38	18	2026-02-24	304	1	2026-02-25	8000	2
1183	4	20	2026-02-24	703	50	2026-02-28	14000	2
1184	25	10	2026-02-24	306	12	2026-02-27	6500	2
1185	12	16	2026-02-24	1309	3	2026-02-25	10000	2
1186	36	3	2026-02-24	1003	8	2026-02-26	4000	2
1187	14	5	2026-02-24	1105	51	2026-02-27	7500	2
1188	39	16	2026-02-24	1207	18	2026-02-25	6500	2
1189	44	12	2026-02-24	505	44	2026-02-26	4000	2
1190	39	1	2026-02-24	1207	58	2026-02-26	4000	2
1191	40	15	2026-02-24	202	57	2026-03-01	16000	2
1192	15	3	2026-02-24	1403	40	2026-02-26	5500	2
1193	20	13	2026-02-24	1105	22	2026-02-26	5500	2
1194	29	8	2026-02-24	1309	58	2026-02-27	6000	2
1195	24	8	2026-02-24	806	45	2026-02-27	5000	2
1196	9	1	2026-02-24	907	30	2026-02-26	5000	2
1197	23	7	2026-02-24	1207	58	2026-02-26	4500	2
1198	8	20	2026-02-24	1105	46	2026-02-28	9500	2
1199	25	19	2026-02-24	1701	13	2026-02-26	5200	2
1200	14	5	2026-02-24	303	34	2026-02-27	7500	2
1201	45	11	2026-02-25	810	7	2026-02-27	6200	2
1202	50	5	2026-02-25	1701	34	2026-02-28	9000	2
1203	33	1	2026-02-25	1702	44	2026-02-27	3500	2
1204	33	14	2026-02-25	906	24	2026-03-02	13000	2
1205	50	12	2026-02-25	703	45	2026-02-27	3000	2
1206	10	9	2026-02-25	502	43	2026-03-01	11000	2
1207	40	8	2026-02-25	1309	33	2026-02-28	4000	2
1208	28	12	2026-02-25	905	45	2026-02-27	3500	2
1209	35	3	2026-02-25	401	37	2026-02-27	4500	2
1210	19	8	2026-02-25	103	51	2026-02-28	5000	2
1211	31	5	2026-02-25	505	12	2026-02-28	12000	2
1212	48	17	2026-02-25	501	40	2026-02-26	11000	2
1213	24	16	2026-02-25	108	23	2026-02-26	10000	2
1214	38	10	2026-02-25	108	53	2026-02-28	5500	2
1215	45	5	2026-02-25	502	14	2026-02-28	9000	2
1216	25	17	2026-02-25	306	24	2026-02-26	7500	2
1217	4	16	2026-02-25	1302	24	2026-02-26	5500	2
1218	31	17	2026-02-25	1302	16	2026-02-26	9000	2
1219	5	11	2026-02-26	1207	39	2026-02-28	6200	2
1220	39	13	2026-02-26	401	31	2026-02-28	5000	2
1221	10	2	2026-02-26	905	8	2026-03-05	20000	2
1222	22	18	2026-02-26	1207	1	2026-02-27	9000	2
1223	46	18	2026-02-26	502	46	2026-02-27	8000	2
1224	13	10	2026-02-26	1605	49	2026-03-01	4000	2
1225	48	5	2026-02-26	502	43	2026-03-01	9000	2
1226	6	1	2026-02-26	906	55	2026-02-28	3000	2
1227	3	4	2026-02-26	1701	30	2026-02-27	9000	2
1228	24	18	2026-02-26	1003	3	2026-02-27	9000	2
1229	21	19	2026-02-26	1202	56	2026-02-28	7200	2
1230	35	15	2026-02-26	1207	22	2026-03-03	17000	2
1231	42	12	2026-02-26	402	60	2026-02-28	3500	2
1232	1	14	2026-02-26	701	57	2026-03-03	13500	2
1233	26	2	2026-02-26	1309	28	2026-03-05	20000	2
1234	4	18	2026-02-26	803	33	2026-02-27	10000	2
1235	35	5	2026-02-26	1605	29	2026-03-01	7500	2
1236	49	12	2026-02-26	502	29	2026-02-28	4500	2
1237	3	8	2026-02-26	502	4	2026-03-01	6000	2
1238	6	8	2026-02-26	1607	23	2026-03-01	7000	2
1239	17	13	2026-02-26	103	3	2026-02-28	6000	2
1240	48	12	2026-02-26	1202	24	2026-02-28	3000	2
1241	6	3	2026-02-26	303	55	2026-02-28	2500	2
1242	5	15	2026-02-27	306	3	2026-03-04	20000	2
1243	45	7	2026-02-27	607	26	2026-03-01	4500	2
1244	26	3	2026-02-27	1105	40	2026-03-01	3000	2
1245	42	9	2026-02-27	1701	11	2026-03-03	7000	2
1246	32	14	2026-02-27	907	42	2026-03-04	17000	2
1247	10	9	2026-02-27	701	23	2026-03-03	7500	2
1248	6	11	2026-02-27	1404	2	2026-03-01	8200	2
1249	36	5	2026-02-27	1202	28	2026-03-02	8500	2
1250	16	13	2026-02-27	108	6	2026-03-01	5500	2
1251	35	7	2026-02-27	908	18	2026-03-01	5000	2
1252	23	15	2026-02-27	1504	29	2026-03-04	15500	2
1253	35	2	2026-02-27	108	30	2026-03-06	20500	2
1254	24	13	2026-02-27	1605	6	2026-03-01	6000	2
1255	34	15	2026-02-27	501	52	2026-03-04	17000	2
1256	36	11	2026-02-27	1202	22	2026-03-01	3200	2
1257	18	2	2026-02-27	607	56	2026-03-06	22000	2
1258	46	9	2026-02-27	1202	28	2026-03-03	6000	2
1259	11	11	2026-02-27	806	25	2026-03-01	4200	2
1260	39	15	2026-02-27	1105	10	2026-03-04	16500	2
1261	50	3	2026-02-27	1204	35	2026-03-01	5500	2
1262	5	10	2026-02-27	1204	60	2026-03-02	3500	2
1263	7	17	2026-02-27	1204	3	2026-02-28	6500	2
1264	25	15	2026-02-27	303	55	2026-03-04	15000	2
1265	25	19	2026-02-27	303	26	2026-03-01	4200	2
1266	37	2	2026-02-28	1105	43	2026-03-07	21000	2
1267	46	16	2026-02-28	1309	58	2026-03-01	5000	2
1268	5	9	2026-02-28	505	44	2026-03-04	8000	2
1269	43	14	2026-02-28	401	13	2026-03-05	13000	2
1270	15	9	2026-02-28	1001	35	2026-03-04	11000	2
1271	28	4	2026-02-28	501	45	2026-03-01	5000	2
1272	30	1	2026-02-28	806	50	2026-03-02	3000	2
1273	22	4	2026-02-28	1003	47	2026-03-01	5500	2
1274	38	15	2026-02-28	1202	12	2026-03-05	16500	2
1275	29	7	2026-02-28	1605	39	2026-03-02	5500	2
1276	23	13	2026-02-28	304	43	2026-03-02	9500	2
1277	2	16	2026-02-28	806	46	2026-03-01	10000	2
1278	27	14	2026-02-28	806	3	2026-03-05	15000	2
1279	12	13	2026-02-28	1605	22	2026-03-02	5500	2
1280	50	18	2026-02-28	108	45	2026-03-01	8000	2
1281	1	14	2026-02-28	1001	48	2026-03-05	13500	2
1282	2	18	2026-02-28	501	22	2026-03-01	9500	2
1283	7	16	2026-02-28	501	9	2026-03-01	6500	2
1284	18	17	2026-03-01	703	6	2026-03-02	8000	2
1285	8	4	2026-03-01	1303	13	2026-03-02	9000	2
1286	40	11	2026-03-01	905	9	2026-03-03	3200	2
1287	7	20	2026-03-01	604	32	2026-03-05	12000	2
1288	10	1	2026-03-01	103	40	2026-03-03	4500	2
1289	28	15	2026-03-01	505	24	2026-03-06	20000	2
1290	34	17	2026-03-01	1701	7	2026-03-02	7000	2
1291	23	12	2026-03-01	908	52	2026-03-03	3000	2
1292	25	19	2026-03-01	1701	49	2026-03-03	5200	2
1293	46	12	2026-03-01	502	31	2026-03-03	4500	2
1294	12	9	2026-03-01	703	30	2026-03-05	9000	2
1295	50	3	2026-03-01	1202	9	2026-03-03	2500	2
1296	18	3	2026-03-01	1303	52	2026-03-03	4500	2
1297	19	15	2026-03-01	1001	32	2026-03-06	16000	2
1298	2	9	2026-03-01	607	35	2026-03-05	8000	2
1299	11	20	2026-03-01	401	29	2026-03-05	14000	2
1300	31	16	2026-03-01	1102	52	2026-03-02	7000	2
1301	1	18	2026-03-01	1204	48	2026-03-02	9500	2
1302	50	19	2026-03-02	907	10	2026-03-04	2700	2
1303	45	15	2026-03-02	801	44	2026-03-07	18000	2
1304	16	13	2026-03-02	803	57	2026-03-04	6000	2
1305	47	13	2026-03-02	103	18	2026-03-04	4500	2
1306	20	4	2026-03-02	703	4	2026-03-03	6000	2
1307	19	4	2026-03-02	701	27	2026-03-03	5500	2
1308	3	2	2026-03-02	1303	37	2026-03-09	21000	2
1309	27	9	2026-03-02	1403	5	2026-03-06	6500	2
1310	1	10	2026-03-02	1102	22	2026-03-05	8500	2
1311	30	7	2026-03-02	1403	9	2026-03-04	5000	2
1312	35	3	2026-03-02	401	42	2026-03-04	4500	2
1313	15	2	2026-03-02	1003	56	2026-03-09	20000	2
1314	30	13	2026-03-02	502	1	2026-03-04	6000	2
1315	3	14	2026-03-02	1403	13	2026-03-07	12500	2
1316	23	1	2026-03-02	1204	15	2026-03-04	4500	2
1317	41	19	2026-03-03	810	15	2026-03-05	2700	2
1318	43	13	2026-03-03	1504	56	2026-03-05	7500	2
1319	27	6	2026-03-03	1605	57	2026-03-05	3500	2
1320	22	18	2026-03-03	103	31	2026-03-04	8500	2
1321	43	14	2026-03-03	1001	57	2026-03-08	12500	2
1322	38	13	2026-03-03	1702	50	2026-03-05	5000	2
1323	15	3	2026-03-03	402	19	2026-03-05	4500	2
1324	50	16	2026-03-03	502	25	2026-03-04	7000	2
1325	12	17	2026-03-03	905	40	2026-03-04	6000	2
1326	23	7	2026-03-03	1701	20	2026-03-05	8500	2
1327	30	12	2026-03-03	607	24	2026-03-05	3000	2
1328	48	1	2026-03-03	108	55	2026-03-05	6000	2
1329	44	11	2026-03-03	306	55	2026-03-05	4200	2
1330	49	1	2026-03-03	1701	5	2026-03-05	4000	2
1331	16	14	2026-03-03	502	19	2026-03-08	17000	2
1332	39	2	2026-03-03	1207	43	2026-03-10	21000	2
1333	23	3	2026-03-03	1001	35	2026-03-05	5500	2
1334	46	9	2026-03-03	502	17	2026-03-07	8000	2
1335	49	14	2026-03-03	908	43	2026-03-08	13500	2
1336	34	11	2026-03-03	402	58	2026-03-05	6200	2
1337	40	8	2026-03-03	1102	34	2026-03-06	7000	2
1338	3	17	2026-03-03	112	33	2026-03-04	7500	2
1339	30	10	2026-03-04	908	10	2026-03-07	4000	2
1340	50	18	2026-03-04	1504	14	2026-03-05	11000	2
1341	7	7	2026-03-04	304	22	2026-03-06	4500	2
1342	8	17	2026-03-04	304	17	2026-03-05	7500	2
1343	33	4	2026-03-04	607	36	2026-03-05	7000	2
1344	19	5	2026-03-04	112	48	2026-03-07	10000	2
1345	1	5	2026-03-04	1701	10	2026-03-07	8500	2
1346	37	7	2026-03-04	907	16	2026-03-06	4500	2
1347	28	20	2026-03-04	1003	36	2026-03-08	9000	2
1348	13	13	2026-03-04	502	37	2026-03-06	5500	2
1349	38	10	2026-03-04	1404	41	2026-03-07	3500	2
1350	6	3	2026-03-04	1207	60	2026-03-06	7500	2
1351	36	6	2026-03-04	1202	1	2026-03-06	7500	2
1352	4	9	2026-03-04	908	49	2026-03-08	9000	2
1353	46	8	2026-03-04	907	23	2026-03-07	7000	2
1354	45	20	2026-03-04	906	31	2026-03-08	12000	2
1355	16	7	2026-03-04	304	17	2026-03-06	5000	2
1356	48	12	2026-03-04	1003	21	2026-03-06	4500	2
1357	22	13	2026-03-04	1204	26	2026-03-06	6500	2
1358	24	4	2026-03-04	501	2	2026-03-05	6000	2
1359	4	5	2026-03-04	501	19	2026-03-07	12000	2
1360	6	14	2026-03-05	505	53	2026-03-10	12500	2
1361	9	16	2026-03-05	801	24	2026-03-06	6500	2
1362	29	18	2026-03-05	112	48	2026-03-06	9500	2
1363	23	2	2026-03-05	306	41	2026-03-12	20000	2
1364	21	6	2026-03-05	806	1	2026-03-07	4000	2
1365	40	16	2026-03-05	1607	40	2026-03-06	6500	2
1366	46	5	2026-03-05	806	47	2026-03-08	10000	2
1367	40	17	2026-03-05	806	4	2026-03-06	8000	2
1368	24	1	2026-03-05	505	21	2026-03-07	5000	2
1369	10	5	2026-03-05	1702	43	2026-03-08	8000	2
1370	45	3	2026-03-05	1202	49	2026-03-07	3000	2
1371	49	2	2026-03-05	1207	27	2026-03-12	25000	2
1372	35	8	2026-03-05	1607	21	2026-03-08	7000	2
1373	40	10	2026-03-05	108	10	2026-03-08	8500	2
1374	4	5	2026-03-05	703	2	2026-03-08	10000	2
1375	42	7	2026-03-05	1309	4	2026-03-07	8500	2
1376	10	3	2026-03-05	906	5	2026-03-07	3000	2
1377	13	18	2026-03-05	701	40	2026-03-06	9000	2
1378	47	13	2026-03-05	1504	17	2026-03-07	9500	2
1379	36	11	2026-03-06	801	20	2026-03-08	4200	2
1380	7	7	2026-03-06	112	43	2026-03-08	3500	2
1381	24	7	2026-03-06	905	55	2026-03-08	4500	2
1382	8	3	2026-03-06	905	33	2026-03-08	4500	2
1383	10	13	2026-03-06	401	6	2026-03-08	4500	2
1384	19	15	2026-03-06	505	40	2026-03-11	15000	2
1385	26	19	2026-03-06	1404	31	2026-03-08	3700	2
1386	30	13	2026-03-06	703	22	2026-03-08	5000	2
1387	48	8	2026-03-06	1404	13	2026-03-09	5500	2
1388	19	4	2026-03-06	703	43	2026-03-07	5000	2
1389	45	1	2026-03-06	103	10	2026-03-08	4000	2
1390	9	14	2026-03-06	604	60	2026-03-11	17000	2
1391	32	14	2026-03-06	103	56	2026-03-11	13000	2
1392	38	20	2026-03-06	103	12	2026-03-10	11000	2
1393	1	11	2026-03-06	701	59	2026-03-08	4700	2
1394	20	16	2026-03-06	108	48	2026-03-07	5000	2
1395	50	19	2026-03-06	1701	6	2026-03-08	3200	2
1396	25	6	2026-03-06	701	48	2026-03-08	5500	2
1397	10	10	2026-03-06	1105	31	2026-03-09	4500	2
1398	46	11	2026-03-06	1702	27	2026-03-08	3700	2
1399	41	18	2026-03-06	1404	15	2026-03-07	13000	2
1400	39	2	2026-03-07	112	14	2026-03-14	25000	2
1401	28	4	2026-03-07	1309	4	2026-03-08	5000	2
1402	36	6	2026-03-07	1102	15	2026-03-09	3500	2
1403	47	7	2026-03-07	905	44	2026-03-09	3500	2
1404	26	20	2026-03-07	1702	22	2026-03-11	11000	2
1405	39	9	2026-03-07	1309	14	2026-03-11	6500	2
1406	22	7	2026-03-07	604	30	2026-03-09	5000	2
1407	20	1	2026-03-07	1303	37	2026-03-09	3500	2
1408	25	3	2026-03-07	907	51	2026-03-09	5500	2
1409	49	11	2026-03-07	907	8	2026-03-09	3700	2
1410	17	4	2026-03-07	908	49	2026-03-08	9000	2
1411	31	2	2026-03-07	905	57	2026-03-14	21500	2
1412	25	12	2026-03-07	701	58	2026-03-09	4500	2
1413	40	8	2026-03-07	703	7	2026-03-10	5500	2
1414	41	6	2026-03-07	1204	4	2026-03-09	5500	2
1415	27	12	2026-03-07	501	27	2026-03-09	3500	2
1416	12	18	2026-03-08	1403	27	2026-03-09	9500	2
1417	7	8	2026-03-08	1607	42	2026-03-11	6000	2
1418	2	16	2026-03-08	306	59	2026-03-09	5000	2
1419	26	11	2026-03-08	1702	48	2026-03-10	4700	2
1420	48	14	2026-03-08	202	2	2026-03-13	13500	2
1421	37	8	2026-03-08	1003	29	2026-03-11	7000	2
1422	5	19	2026-03-08	604	1	2026-03-10	3700	2
1423	13	10	2026-03-08	806	22	2026-03-11	3500	2
1424	9	18	2026-03-08	703	51	2026-03-09	11000	2
1425	10	18	2026-03-08	202	41	2026-03-09	11000	2
1426	43	11	2026-03-08	306	18	2026-03-10	5200	2
1427	13	1	2026-03-08	1001	14	2026-03-10	4000	2
1428	33	11	2026-03-08	801	44	2026-03-10	8200	2
1429	30	19	2026-03-08	501	26	2026-03-10	7200	2
1430	49	6	2026-03-08	502	19	2026-03-10	4000	2
1431	29	14	2026-03-08	1701	47	2026-03-13	13000	2
1432	47	1	2026-03-08	806	54	2026-03-10	5000	2
1433	35	14	2026-03-08	1105	52	2026-03-13	12500	2
1434	45	2	2026-03-08	607	22	2026-03-15	20500	2
1435	23	12	2026-03-08	1702	44	2026-03-10	5000	2
1436	44	4	2026-03-08	1303	8	2026-03-09	4000	2
1437	26	17	2026-03-08	1107	37	2026-03-09	7500	2
1438	27	14	2026-03-08	502	44	2026-03-13	13000	2
1439	32	7	2026-03-08	803	24	2026-03-10	4000	2
1440	33	20	2026-03-08	1702	7	2026-03-12	11000	2
1441	7	1	2026-03-08	801	40	2026-03-10	6000	2
1442	18	3	2026-03-08	1204	22	2026-03-10	4000	2
1443	47	5	2026-03-09	810	46	2026-03-12	8500	2
1444	15	14	2026-03-09	908	40	2026-03-14	15000	2
1445	42	13	2026-03-09	501	45	2026-03-11	6000	2
1446	25	18	2026-03-09	703	44	2026-03-10	9500	2
1447	9	19	2026-03-09	1701	11	2026-03-11	3700	2
1448	35	20	2026-03-09	502	43	2026-03-13	9000	2
1449	21	17	2026-03-09	905	25	2026-03-10	8000	2
1450	37	9	2026-03-09	103	6	2026-03-13	11000	2
1451	36	7	2026-03-09	1404	28	2026-03-11	6500	2
1452	18	19	2026-03-09	1607	5	2026-03-11	2700	2
1453	50	10	2026-03-09	906	54	2026-03-12	3500	2
1454	9	11	2026-03-09	1207	13	2026-03-11	6200	2
1455	2	19	2026-03-09	1102	8	2026-03-11	4200	2
1456	4	1	2026-03-09	505	55	2026-03-11	3500	2
1457	15	4	2026-03-09	402	50	2026-03-10	6000	2
1458	28	19	2026-03-09	202	37	2026-03-11	4200	2
1459	21	17	2026-03-09	1001	48	2026-03-10	6000	2
1460	33	15	2026-03-09	306	10	2026-03-14	16500	2
1461	18	13	2026-03-09	1701	9	2026-03-11	5000	2
1462	32	9	2026-03-09	1403	15	2026-03-13	6000	2
1463	18	17	2026-03-09	112	20	2026-03-10	7500	2
1464	12	12	2026-03-09	1404	36	2026-03-11	6000	2
1465	15	6	2026-03-09	108	29	2026-03-11	7500	2
1466	5	9	2026-03-09	1204	32	2026-03-13	7500	2
1467	33	10	2026-03-10	701	24	2026-03-13	5500	2
1468	1	8	2026-03-10	1207	25	2026-03-13	4500	2
1469	49	15	2026-03-10	402	60	2026-03-15	17000	2
1470	21	13	2026-03-10	112	46	2026-03-12	6000	2
1471	8	5	2026-03-10	801	30	2026-03-13	7000	2
1472	46	1	2026-03-10	1701	39	2026-03-12	4500	2
1473	42	9	2026-03-10	108	36	2026-03-14	6500	2
1474	43	18	2026-03-10	1309	31	2026-03-11	9500	2
1475	25	5	2026-03-10	1404	15	2026-03-13	7500	2
1476	26	5	2026-03-10	108	14	2026-03-13	8500	2
1477	34	19	2026-03-10	402	19	2026-03-12	2700	2
1478	11	19	2026-03-10	502	50	2026-03-12	7200	2
1479	13	19	2026-03-10	505	26	2026-03-12	3700	2
1480	6	15	2026-03-10	803	2	2026-03-15	18000	2
1481	50	5	2026-03-10	1404	51	2026-03-13	8500	2
1482	30	6	2026-03-10	703	35	2026-03-12	7500	2
1483	36	19	2026-03-10	1107	12	2026-03-12	2700	2
1484	7	19	2026-03-10	803	49	2026-03-12	4200	2
1485	2	16	2026-03-10	907	23	2026-03-11	6000	2
1486	18	3	2026-03-10	806	6	2026-03-12	4500	2
1487	10	16	2026-03-11	810	49	2026-03-12	6500	2
1488	3	4	2026-03-11	810	30	2026-03-12	6000	2
1489	36	5	2026-03-11	1605	20	2026-03-14	8000	2
1490	30	9	2026-03-11	1504	58	2026-03-15	7000	2
1491	33	5	2026-03-11	806	38	2026-03-14	9000	2
1492	14	14	2026-03-11	703	56	2026-03-16	13000	2
1493	8	13	2026-03-11	801	46	2026-03-13	5500	2
1494	43	3	2026-03-11	806	32	2026-03-13	3500	2
1495	4	1	2026-03-11	103	44	2026-03-13	3500	2
1496	4	6	2026-03-11	604	23	2026-03-13	7500	2
1497	19	12	2026-03-11	1309	8	2026-03-13	4000	2
1498	37	16	2026-03-11	401	26	2026-03-12	6500	2
1499	48	14	2026-03-11	1207	47	2026-03-16	12500	2
1500	16	19	2026-03-11	304	30	2026-03-13	2200	2
1501	8	18	2026-03-11	806	46	2026-03-12	11000	2
1502	9	3	2026-03-11	1202	30	2026-03-13	5500	2
1503	2	18	2026-03-11	402	14	2026-03-12	11000	2
1504	5	10	2026-03-11	112	9	2026-03-14	5500	2
1505	49	8	2026-03-11	1105	12	2026-03-14	4000	2
1506	2	14	2026-03-11	1702	30	2026-03-16	15000	2
1507	35	13	2026-03-11	907	51	2026-03-13	6000	2
1508	39	10	2026-03-11	1403	50	2026-03-14	8500	2
1509	22	8	2026-03-11	502	41	2026-03-14	5500	2
1510	9	8	2026-03-11	1701	29	2026-03-14	9000	2
1511	31	3	2026-03-11	1202	3	2026-03-13	7500	2
1512	43	8	2026-03-11	501	56	2026-03-14	5500	2
1513	10	5	2026-03-12	1102	37	2026-03-15	8500	2
1514	16	8	2026-03-12	803	37	2026-03-15	5500	2
1515	41	9	2026-03-12	1303	9	2026-03-16	6500	2
1516	42	9	2026-03-12	1107	52	2026-03-16	6000	2
1517	4	3	2026-03-12	1105	6	2026-03-14	7500	2
1518	47	3	2026-03-12	108	50	2026-03-14	7500	2
1519	30	18	2026-03-12	103	33	2026-03-13	9000	2
1520	2	16	2026-03-12	1403	54	2026-03-13	10000	2
1521	18	3	2026-03-12	908	37	2026-03-14	4000	2
1522	41	7	2026-03-12	501	11	2026-03-14	5500	2
1523	49	9	2026-03-12	1404	49	2026-03-16	7000	2
1524	28	16	2026-03-12	401	11	2026-03-13	6500	2
1525	23	13	2026-03-12	907	35	2026-03-14	6000	2
1526	3	8	2026-03-12	701	3	2026-03-15	7000	2
1527	2	18	2026-03-12	1605	31	2026-03-13	9000	2
1528	28	19	2026-03-12	908	56	2026-03-14	4200	2
1529	23	6	2026-03-12	501	13	2026-03-14	4500	2
1530	46	16	2026-03-13	1003	53	2026-03-14	7000	2
1531	2	2	2026-03-13	701	29	2026-03-20	21500	2
1532	42	12	2026-03-13	304	48	2026-03-15	5000	2
1533	24	3	2026-03-13	1003	29	2026-03-15	3500	2
1534	27	15	2026-03-13	905	25	2026-03-18	16500	2
1535	35	15	2026-03-13	1309	4	2026-03-18	15500	2
1536	12	7	2026-03-13	1701	37	2026-03-15	4000	2
1537	16	5	2026-03-13	908	21	2026-03-16	12000	2
1538	28	10	2026-03-13	402	20	2026-03-16	6500	2
1539	24	10	2026-03-13	202	14	2026-03-16	8500	2
1540	6	19	2026-03-13	607	48	2026-03-15	3700	2
1541	49	20	2026-03-13	1504	12	2026-03-17	9500	2
1542	37	10	2026-03-13	1001	41	2026-03-16	4500	2
1543	17	13	2026-03-13	1605	11	2026-03-15	7500	2
1544	43	14	2026-03-13	1202	5	2026-03-18	13500	2
1545	34	5	2026-03-14	810	25	2026-03-17	10000	2
1546	25	7	2026-03-14	1404	56	2026-03-16	3500	2
1547	32	7	2026-03-14	1105	10	2026-03-16	3500	2
1548	48	12	2026-03-14	1003	10	2026-03-16	3500	2
1549	48	14	2026-03-14	1701	2	2026-03-19	17000	2
1550	8	13	2026-03-14	1403	49	2026-03-16	6000	2
1551	11	13	2026-03-14	907	44	2026-03-16	6000	2
1552	40	7	2026-03-14	1504	45	2026-03-16	5500	2
1553	48	19	2026-03-14	502	16	2026-03-16	5200	2
1554	15	6	2026-03-14	1303	53	2026-03-16	4500	2
1555	38	4	2026-03-14	202	5	2026-03-15	6000	2
1556	13	16	2026-03-14	1107	59	2026-03-15	6500	2
1557	39	1	2026-03-14	1605	55	2026-03-16	8000	2
1558	31	11	2026-03-14	505	45	2026-03-16	5200	2
1559	3	9	2026-03-14	1102	2	2026-03-18	7500	2
1560	8	2	2026-03-14	1107	20	2026-03-21	21000	2
1561	31	10	2026-03-14	112	55	2026-03-17	5000	2
1562	48	5	2026-03-14	1105	43	2026-03-17	7000	2
1563	34	19	2026-03-14	304	4	2026-03-16	3700	2
1564	37	20	2026-03-14	1607	7	2026-03-18	14000	2
1565	8	13	2026-03-14	1607	12	2026-03-16	5000	2
1566	16	10	2026-03-14	803	51	2026-03-17	5500	2
1567	45	17	2026-03-14	1605	43	2026-03-15	7000	2
1568	12	9	2026-03-14	908	16	2026-03-18	7000	2
1569	38	18	2026-03-14	501	21	2026-03-15	8000	2
1570	20	3	2026-03-15	701	49	2026-03-17	4000	2
1571	5	6	2026-03-15	1107	20	2026-03-17	4000	2
1572	42	8	2026-03-15	306	5	2026-03-18	4500	2
1573	45	3	2026-03-15	501	30	2026-03-17	4500	2
1574	37	10	2026-03-15	701	6	2026-03-18	4000	2
1575	16	19	2026-03-15	907	39	2026-03-17	3200	2
1576	34	9	2026-03-15	1702	29	2026-03-19	8000	2
1577	21	3	2026-03-15	1504	49	2026-03-17	3500	2
1578	38	15	2026-03-15	1605	56	2026-03-20	15500	2
1579	17	16	2026-03-15	1202	26	2026-03-16	5500	2
1580	15	2	2026-03-15	401	39	2026-03-22	21000	2
1581	50	3	2026-03-15	103	8	2026-03-17	4000	2
1582	28	3	2026-03-15	103	15	2026-03-17	3500	2
1583	10	13	2026-03-15	1607	44	2026-03-17	5000	2
1584	27	15	2026-03-15	905	20	2026-03-20	20000	2
1585	48	1	2026-03-15	907	16	2026-03-17	4500	2
1586	18	2	2026-03-15	505	20	2026-03-22	23000	2
1587	37	14	2026-03-15	1504	42	2026-03-20	14000	2
1588	30	2	2026-03-15	1202	39	2026-03-22	21500	2
1589	38	2	2026-03-15	907	15	2026-03-22	20500	2
1590	40	16	2026-03-15	505	2	2026-03-16	6500	2
1591	49	18	2026-03-15	501	24	2026-03-16	10000	2
1592	48	4	2026-03-15	1105	27	2026-03-16	9000	2
1593	29	10	2026-03-15	401	58	2026-03-18	4000	2
1594	8	3	2026-03-15	501	3	2026-03-17	4000	2
1595	46	9	2026-03-16	1207	16	2026-03-20	7500	2
1596	28	11	2026-03-16	103	10	2026-03-18	6200	2
1597	44	20	2026-03-16	701	12	2026-03-20	9500	2
1598	22	2	2026-03-16	401	8	2026-03-23	21500	2
1599	5	7	2026-03-16	1003	53	2026-03-18	4500	2
1600	4	4	2026-03-16	1207	4	2026-03-17	4000	2
1601	13	2	2026-03-16	703	3	2026-03-23	21000	2
1602	17	6	2026-03-16	801	29	2026-03-18	2500	2
1603	34	19	2026-03-16	505	21	2026-03-18	3700	2
1604	30	6	2026-03-16	1107	2	2026-03-18	2500	2
1605	8	8	2026-03-16	505	53	2026-03-19	6000	2
1606	27	5	2026-03-16	1207	37	2026-03-19	10000	2
1607	5	6	2026-03-16	607	3	2026-03-18	7500	2
1608	27	1	2026-03-16	1105	26	2026-03-18	3500	2
1609	36	12	2026-03-16	1607	56	2026-03-18	5000	2
1610	17	20	2026-03-16	1202	3	2026-03-20	14000	2
1611	22	2	2026-03-16	1202	42	2026-03-23	25000	2
1612	34	14	2026-03-16	1504	5	2026-03-21	12500	2
1613	33	6	2026-03-16	1105	26	2026-03-18	4000	2
1614	28	15	2026-03-16	1702	13	2026-03-21	20000	2
1615	16	4	2026-03-16	112	56	2026-03-17	5000	2
1616	16	10	2026-03-17	906	27	2026-03-20	6500	2
1617	34	20	2026-03-17	1102	57	2026-03-21	12000	2
1618	22	16	2026-03-17	1303	59	2026-03-18	10000	2
1619	47	4	2026-03-17	103	30	2026-03-18	5000	2
1620	40	15	2026-03-17	1702	52	2026-03-22	15000	2
1621	31	10	2026-03-17	703	49	2026-03-20	5000	2
1622	38	1	2026-03-17	1404	33	2026-03-19	6000	2
1623	24	11	2026-03-17	401	19	2026-03-19	5200	2
1624	47	2	2026-03-17	1607	59	2026-03-24	21500	2
1625	39	18	2026-03-17	1001	6	2026-03-18	13000	2
1626	21	13	2026-03-17	501	16	2026-03-19	5000	2
1627	49	11	2026-03-17	1202	48	2026-03-19	6200	2
1628	49	9	2026-03-17	604	57	2026-03-21	7000	2
1629	34	9	2026-03-17	1202	14	2026-03-21	11000	2
1630	39	17	2026-03-17	1107	36	2026-03-18	8000	2
1631	39	8	2026-03-17	607	39	2026-03-20	6000	2
1632	30	13	2026-03-17	304	17	2026-03-19	5000	2
1633	29	9	2026-03-17	502	42	2026-03-21	8000	2
1634	13	15	2026-03-17	1001	2	2026-03-22	16500	2
1635	44	7	2026-03-17	1102	34	2026-03-19	6500	2
1636	47	3	2026-03-17	604	58	2026-03-19	4500	2
1637	28	19	2026-03-17	907	54	2026-03-19	3700	2
1638	32	18	2026-03-17	202	37	2026-03-18	13000	2
1639	35	20	2026-03-17	1702	14	2026-03-21	10500	2
1640	9	7	2026-03-17	905	57	2026-03-19	5000	2
1641	35	4	2026-03-17	501	45	2026-03-18	7000	2
1642	40	14	2026-03-18	810	23	2026-03-23	14000	2
1643	18	20	2026-03-18	304	46	2026-03-22	10000	2
1644	5	3	2026-03-18	907	28	2026-03-20	2500	2
1645	25	14	2026-03-18	1102	24	2026-03-23	13000	2
1646	49	2	2026-03-18	1404	15	2026-03-25	25000	2
1647	41	3	2026-03-18	505	4	2026-03-20	3000	2
1648	42	12	2026-03-18	908	10	2026-03-20	3000	2
1649	45	14	2026-03-18	1605	19	2026-03-23	12500	2
1650	25	14	2026-03-18	401	52	2026-03-23	17000	2
1651	44	5	2026-03-18	701	60	2026-03-21	7500	2
1652	37	14	2026-03-18	112	13	2026-03-23	13500	2
1653	19	7	2026-03-18	1404	54	2026-03-20	6500	2
1654	11	1	2026-03-18	1701	18	2026-03-20	3000	2
1655	3	9	2026-03-18	1202	30	2026-03-22	9000	2
1656	29	19	2026-03-18	401	12	2026-03-20	3200	2
1657	18	3	2026-03-18	1105	49	2026-03-20	3000	2
1658	32	12	2026-03-18	402	26	2026-03-20	3000	2
1659	6	9	2026-03-18	1605	2	2026-03-22	6000	2
1660	45	17	2026-03-19	906	16	2026-03-20	11000	2
1661	23	8	2026-03-19	202	49	2026-03-22	4000	2
1662	49	19	2026-03-19	908	31	2026-03-21	2700	2
1663	20	17	2026-03-19	1309	38	2026-03-20	6000	2
1664	46	10	2026-03-19	1701	49	2026-03-22	4000	2
1665	8	8	2026-03-19	505	1	2026-03-22	4500	2
1666	36	4	2026-03-19	905	20	2026-03-20	5500	2
1667	12	16	2026-03-19	907	23	2026-03-20	6500	2
1668	36	6	2026-03-19	502	2	2026-03-21	3000	2
1669	34	19	2026-03-19	1404	9	2026-03-21	3700	2
1670	36	16	2026-03-19	1504	44	2026-03-20	7000	2
1671	9	7	2026-03-19	1605	36	2026-03-21	4000	2
1672	29	14	2026-03-19	103	18	2026-03-24	13500	2
1673	12	12	2026-03-19	801	17	2026-03-21	6000	2
1674	43	20	2026-03-19	1102	20	2026-03-23	11000	2
1675	37	4	2026-03-19	604	23	2026-03-20	7000	2
1676	41	12	2026-03-19	908	39	2026-03-21	8000	2
1677	50	2	2026-03-19	502	17	2026-03-26	21000	2
1678	8	14	2026-03-19	1309	48	2026-03-24	12000	2
1679	41	10	2026-03-19	604	28	2026-03-22	5000	2
1680	6	7	2026-03-19	1607	49	2026-03-21	4000	2
1681	49	18	2026-03-19	806	9	2026-03-20	8500	2
1682	27	20	2026-03-20	1701	56	2026-03-24	9500	2
1683	31	17	2026-03-20	905	12	2026-03-21	8000	2
1684	35	2	2026-03-20	401	39	2026-03-27	23000	2
1685	43	9	2026-03-20	1105	12	2026-03-24	7000	2
1686	38	10	2026-03-20	202	20	2026-03-23	4500	2
1687	36	14	2026-03-20	401	53	2026-03-25	14000	2
1688	21	16	2026-03-20	1701	55	2026-03-21	8000	2
1689	1	18	2026-03-20	502	5	2026-03-21	11000	2
1690	25	14	2026-03-20	906	17	2026-03-25	12000	2
1691	17	5	2026-03-20	1102	23	2026-03-23	8500	2
1692	32	4	2026-03-20	907	26	2026-03-21	6000	2
1693	4	17	2026-03-20	502	57	2026-03-21	6000	2
1694	32	6	2026-03-20	501	35	2026-03-22	2500	2
1695	24	8	2026-03-20	701	42	2026-03-23	9000	2
1696	38	19	2026-03-20	803	14	2026-03-22	3700	2
1697	38	17	2026-03-20	306	25	2026-03-21	7500	2
1698	36	16	2026-03-20	1309	57	2026-03-21	5500	2
1699	48	7	2026-03-20	202	34	2026-03-22	3500	2
1700	18	11	2026-03-20	1001	51	2026-03-22	4700	2
1701	39	6	2026-03-20	112	28	2026-03-22	3500	2
1702	5	18	2026-03-20	401	16	2026-03-21	9000	2
1703	20	1	2026-03-20	501	55	2026-03-22	4000	2
1704	38	17	2026-03-20	501	28	2026-03-21	6000	2
1705	45	8	2026-03-21	604	55	2026-03-24	9000	2
1706	4	4	2026-03-21	1701	11	2026-03-22	4500	2
1707	45	19	2026-03-21	1107	60	2026-03-23	2200	2
1708	45	5	2026-03-21	1701	54	2026-03-24	7500	2
1709	4	18	2026-03-21	908	19	2026-03-22	11000	2
1710	28	1	2026-03-21	905	44	2026-03-23	4000	2
1711	32	4	2026-03-21	306	39	2026-03-22	7000	2
1712	8	13	2026-03-21	304	54	2026-03-23	5500	2
1713	28	14	2026-03-21	801	51	2026-03-26	15000	2
1714	23	13	2026-03-21	202	47	2026-03-23	5500	2
1715	46	5	2026-03-21	505	29	2026-03-24	8500	2
1716	21	6	2026-03-21	304	34	2026-03-23	2500	2
1717	9	4	2026-03-21	505	3	2026-03-22	7000	2
1718	43	12	2026-03-21	103	4	2026-03-23	8000	2
1719	36	6	2026-03-21	1504	6	2026-03-23	4500	2
1720	43	18	2026-03-21	801	38	2026-03-22	9000	2
1721	15	16	2026-03-21	304	18	2026-03-22	8000	2
1722	25	11	2026-03-21	908	49	2026-03-23	3700	2
1723	10	17	2026-03-21	908	33	2026-03-22	7500	2
1724	41	1	2026-03-22	604	10	2026-03-24	6000	2
1725	13	15	2026-03-22	1504	54	2026-03-27	20000	2
1726	20	19	2026-03-22	1404	20	2026-03-24	4200	2
1727	36	14	2026-03-22	112	4	2026-03-27	15000	2
1728	44	1	2026-03-22	1207	25	2026-03-24	8000	2
1729	16	11	2026-03-22	401	30	2026-03-24	4200	2
1730	13	1	2026-03-22	803	7	2026-03-24	4000	2
1731	6	16	2026-03-22	1607	14	2026-03-23	8000	2
1732	39	2	2026-03-22	906	7	2026-03-29	20500	2
1733	35	4	2026-03-22	1403	36	2026-03-23	9000	2
1734	4	6	2026-03-22	304	4	2026-03-24	3000	2
1735	30	4	2026-03-22	907	12	2026-03-23	5500	2
1736	24	1	2026-03-22	505	50	2026-03-24	4500	2
1737	20	18	2026-03-22	907	28	2026-03-23	9500	2
1738	7	5	2026-03-22	1001	28	2026-03-25	7000	2
1739	48	15	2026-03-22	801	19	2026-03-27	17000	2
1740	2	13	2026-03-22	1207	7	2026-03-24	5500	2
1741	48	19	2026-03-22	108	25	2026-03-24	7200	2
1742	22	20	2026-03-22	1207	10	2026-03-26	10500	2
1743	25	6	2026-03-22	1102	29	2026-03-24	7500	2
1744	10	12	2026-03-22	1204	30	2026-03-24	6000	2
1745	43	18	2026-03-22	1204	5	2026-03-23	8500	2
1746	39	17	2026-03-23	801	39	2026-03-24	7500	2
1747	29	16	2026-03-23	907	2	2026-03-24	10000	2
1748	14	6	2026-03-23	1107	57	2026-03-25	3000	2
1749	12	17	2026-03-23	604	28	2026-03-24	7000	2
1750	43	11	2026-03-23	401	14	2026-03-25	8200	2
1751	35	18	2026-03-23	1701	26	2026-03-24	8500	2
1752	35	11	2026-03-23	1003	54	2026-03-25	5200	2
1753	33	17	2026-03-23	701	46	2026-03-24	8000	2
1754	36	20	2026-03-23	501	46	2026-03-27	11000	2
1755	27	4	2026-03-23	401	19	2026-03-24	4000	2
1756	18	2	2026-03-23	108	46	2026-03-30	25000	2
1757	27	5	2026-03-23	1202	48	2026-03-26	7500	2
1758	9	8	2026-03-23	1605	18	2026-03-26	5500	2
1759	16	10	2026-03-23	502	31	2026-03-26	6500	2
1760	30	12	2026-03-23	505	40	2026-03-25	5000	2
1761	47	4	2026-03-23	1702	45	2026-03-24	6000	2
1762	37	18	2026-03-23	1105	21	2026-03-24	13000	2
1763	14	4	2026-03-23	803	43	2026-03-24	5500	2
1764	29	6	2026-03-23	1107	28	2026-03-25	3000	2
1765	31	18	2026-03-23	1303	5	2026-03-24	13000	2
1766	38	1	2026-03-23	1204	27	2026-03-25	3000	2
1767	27	20	2026-03-23	1204	45	2026-03-27	10000	2
1768	3	5	2026-03-24	809	25	2026-03-27	12000	2
1769	26	16	2026-03-24	1107	50	2026-03-25	6500	2
1770	23	14	2026-03-24	607	12	2026-03-29	12000	2
1771	26	2	2026-03-24	1105	3	2026-03-31	21000	2
1772	14	4	2026-03-24	806	10	2026-03-25	5000	2
1773	17	7	2026-03-24	1001	1	2026-03-26	4000	2
1774	16	3	2026-03-24	402	55	2026-03-26	2500	2
1775	21	13	2026-03-24	1303	26	2026-03-26	6000	2
1776	42	17	2026-03-24	703	15	2026-03-25	9000	2
1777	38	14	2026-03-24	607	19	2026-03-29	12500	2
1778	23	19	2026-03-24	401	59	2026-03-26	2700	2
1779	6	20	2026-03-24	1607	30	2026-03-28	9500	2
1780	50	19	2026-03-24	505	9	2026-03-26	7200	2
1781	40	11	2026-03-24	1309	51	2026-03-26	4200	2
1782	43	6	2026-03-24	401	9	2026-03-26	5500	2
1783	48	2	2026-03-24	607	56	2026-03-31	22000	2
1784	30	16	2026-03-24	1303	42	2026-03-25	10000	2
1785	6	16	2026-03-24	1001	3	2026-03-25	6000	2
1786	49	19	2026-03-24	402	6	2026-03-26	3200	2
1787	50	6	2026-03-24	607	33	2026-03-26	5500	2
1788	38	9	2026-03-24	1204	11	2026-03-28	7000	2
1789	46	2	2026-03-24	501	57	2026-03-31	21500	2
1790	31	13	2026-03-25	809	49	2026-03-27	6500	2
1791	23	8	2026-03-25	1303	17	2026-03-28	7000	2
1792	18	6	2026-03-25	1207	48	2026-03-27	7500	2
1793	42	3	2026-03-25	502	25	2026-03-27	4000	2
1794	45	12	2026-03-25	703	38	2026-03-27	3000	2
1795	22	4	2026-03-25	801	11	2026-03-26	6000	2
1796	42	6	2026-03-25	505	4	2026-03-27	2500	2
1797	48	6	2026-03-25	1607	23	2026-03-27	5500	2
1798	21	15	2026-03-25	1702	26	2026-03-30	20000	2
1799	25	18	2026-03-25	502	49	2026-03-26	9000	2
1800	26	10	2026-03-25	1504	49	2026-03-28	5500	2
1801	45	10	2026-03-25	502	57	2026-03-28	5000	2
1802	25	8	2026-03-25	906	59	2026-03-28	6000	2
1803	5	12	2026-03-25	401	5	2026-03-27	4000	2
1804	12	9	2026-03-25	505	1	2026-03-29	6000	2
1805	40	1	2026-03-25	1001	45	2026-03-27	4000	2
1806	45	7	2026-03-25	701	5	2026-03-27	5000	2
1807	17	10	2026-03-25	108	13	2026-03-28	6500	2
1808	18	15	2026-03-25	501	30	2026-03-30	17000	2
1809	29	1	2026-03-25	502	27	2026-03-27	4000	2
1810	41	13	2026-03-25	1204	14	2026-03-27	5000	2
1811	3	13	2026-03-26	103	23	2026-03-28	9500	2
1812	29	18	2026-03-26	1404	7	2026-03-27	8000	2
1813	35	6	2026-03-26	1403	19	2026-03-28	3000	2
1814	44	16	2026-03-26	908	40	2026-03-27	6000	2
1815	34	14	2026-03-26	112	40	2026-03-31	12000	2
1816	11	17	2026-03-26	1404	32	2026-03-27	8000	2
1817	33	10	2026-03-26	806	52	2026-03-29	4000	2
1818	47	4	2026-03-26	703	9	2026-03-27	6000	2
1819	27	4	2026-03-26	112	47	2026-03-27	5500	2
1820	15	9	2026-03-26	803	33	2026-03-30	6500	2
1821	12	1	2026-03-26	401	45	2026-03-28	6000	2
1822	20	6	2026-03-26	1403	36	2026-03-28	3000	2
1823	40	20	2026-03-26	1702	14	2026-03-30	10500	2
1824	14	13	2026-03-26	202	40	2026-03-28	7500	2
1825	21	4	2026-03-26	501	46	2026-03-27	5000	2
1826	18	19	2026-03-27	809	19	2026-03-29	5200	2
1827	21	3	2026-03-27	801	23	2026-03-29	3000	2
1828	31	15	2026-03-27	1607	32	2026-04-01	17000	2
1829	12	6	2026-03-27	306	43	2026-03-29	5500	2
1830	41	20	2026-03-27	1403	36	2026-03-31	14000	2
1831	15	11	2026-03-27	112	41	2026-03-29	8200	2
1832	34	15	2026-03-27	1107	54	2026-04-01	17000	2
1833	24	20	2026-03-27	202	17	2026-03-31	12000	2
1834	33	10	2026-03-27	202	1	2026-03-30	4000	2
1835	5	3	2026-03-27	202	54	2026-03-29	2500	2
1836	23	12	2026-03-27	1701	50	2026-03-29	4500	2
1837	25	7	2026-03-27	1207	10	2026-03-29	5500	2
1838	10	5	2026-03-27	1303	57	2026-03-30	12000	2
1839	13	16	2026-03-27	806	40	2026-03-28	5500	2
1840	24	9	2026-03-27	1003	31	2026-03-31	6500	2
1841	26	11	2026-03-27	103	25	2026-03-29	4200	2
1842	34	8	2026-03-27	1702	18	2026-03-30	4000	2
1843	45	13	2026-03-27	1102	26	2026-03-29	5500	2
1844	25	20	2026-03-27	701	55	2026-03-31	10000	2
1845	49	2	2026-03-27	501	8	2026-04-03	21500	2
1846	20	6	2026-03-28	809	34	2026-03-30	4500	2
1847	50	13	2026-03-28	1404	43	2026-03-30	9500	2
1848	8	12	2026-03-28	806	58	2026-03-30	4500	2
1849	9	8	2026-03-28	703	24	2026-03-31	6000	2
1850	10	2	2026-03-28	607	4	2026-04-04	25000	2
1851	22	18	2026-03-28	1702	43	2026-03-29	11000	2
1852	30	17	2026-03-28	1207	47	2026-03-29	7000	2
1853	20	6	2026-03-28	908	22	2026-03-30	4000	2
1854	27	3	2026-03-28	108	14	2026-03-30	5500	2
1855	50	18	2026-03-28	1404	31	2026-03-29	11000	2
1856	20	5	2026-03-28	1001	5	2026-03-31	10000	2
1857	24	9	2026-03-28	1202	9	2026-04-01	6000	2
1858	14	14	2026-03-28	1702	55	2026-04-02	13000	2
1859	7	14	2026-03-28	1504	38	2026-04-02	17000	2
1860	33	3	2026-03-28	1105	51	2026-03-30	3500	2
1861	30	7	2026-03-28	306	55	2026-03-30	5000	2
1862	23	3	2026-03-28	103	30	2026-03-30	4500	2
1863	44	16	2026-03-28	1102	5	2026-03-29	6000	2
1864	40	17	2026-03-28	1605	36	2026-03-29	8000	2
1865	23	14	2026-03-28	505	47	2026-04-02	14000	2
1866	31	1	2026-03-28	1204	52	2026-03-30	5000	2
1867	48	2	2026-03-28	501	55	2026-04-04	25000	2
1868	50	14	2026-03-29	809	56	2026-04-03	12000	2
1869	31	19	2026-03-29	1607	11	2026-03-31	7200	2
1870	14	16	2026-03-29	1702	1	2026-03-30	8000	2
1871	1	2	2026-03-29	502	34	2026-04-05	20500	2
1872	42	8	2026-03-29	108	13	2026-04-01	4000	2
1873	15	14	2026-03-29	1702	11	2026-04-03	13000	2
1874	33	7	2026-03-29	806	9	2026-03-31	6500	2
1875	8	7	2026-03-29	1001	2	2026-03-31	5500	2
1876	2	7	2026-03-29	801	16	2026-03-31	6500	2
1877	14	10	2026-03-29	803	50	2026-04-01	5500	2
1878	34	20	2026-03-29	402	8	2026-04-02	9000	2
1879	2	19	2026-03-29	803	15	2026-03-31	2700	2
1880	37	12	2026-03-29	906	11	2026-03-31	8000	2
1881	4	3	2026-03-29	1403	60	2026-03-31	5500	2
1882	45	18	2026-03-29	1607	31	2026-03-30	11000	2
1883	7	9	2026-03-29	1504	28	2026-04-02	8000	2
1884	8	12	2026-03-29	1204	32	2026-03-31	3500	2
1885	19	17	2026-03-29	205	1	2026-03-30	7000	2
1886	5	4	2026-03-30	809	39	2026-03-31	7000	2
1887	29	19	2026-03-30	809	46	2026-04-01	2700	2
1888	15	11	2026-03-30	906	53	2026-04-01	3200	2
1889	14	18	2026-03-30	1303	26	2026-03-31	11000	2
1890	42	3	2026-03-30	1102	25	2026-04-01	3500	2
1891	36	1	2026-03-30	907	40	2026-04-01	6000	2
1892	31	12	2026-03-30	401	53	2026-04-01	4500	2
1893	12	9	2026-03-30	401	20	2026-04-03	6000	2
1894	29	9	2026-03-30	402	42	2026-04-03	7500	2
1895	5	8	2026-03-30	1404	41	2026-04-02	6000	2
1896	25	5	2026-03-30	306	34	2026-04-02	12000	2
1897	22	9	2026-03-30	906	5	2026-04-03	6000	2
1898	12	1	2026-03-30	1202	10	2026-04-01	5000	2
1899	48	4	2026-03-30	1003	37	2026-03-31	6000	2
1900	15	1	2026-03-30	1001	22	2026-04-01	4500	2
1901	39	1	2026-03-30	1107	10	2026-04-01	8000	2
1902	2	3	2026-03-30	703	40	2026-04-01	4500	2
1903	12	14	2026-03-30	103	18	2026-04-04	12500	2
1904	40	10	2026-03-30	1607	44	2026-04-02	5500	2
1905	33	6	2026-03-30	701	51	2026-04-01	3000	2
1906	47	20	2026-03-30	112	15	2026-04-03	14000	2
1907	19	18	2026-03-30	501	36	2026-03-31	8000	2
1908	40	6	2026-03-30	1204	4	2026-04-01	2500	2
1909	37	7	2026-03-31	103	11	2026-04-02	5500	2
1910	40	9	2026-03-31	701	43	2026-04-04	11000	2
1911	26	19	2026-03-31	1001	13	2026-04-02	3200	2
1912	45	19	2026-03-31	1403	24	2026-04-02	2700	2
1913	20	6	2026-03-31	505	20	2026-04-02	5500	2
1914	5	10	2026-03-31	1102	2	2026-04-03	5500	2
1915	42	6	2026-03-31	905	1	2026-04-02	4000	2
1916	8	2	2026-03-31	1702	38	2026-04-07	20500	2
1917	44	5	2026-03-31	401	55	2026-04-03	9000	2
1918	12	8	2026-03-31	1105	53	2026-04-03	6000	2
1919	28	20	2026-03-31	1105	23	2026-04-04	10500	2
1920	22	20	2026-03-31	1701	41	2026-04-04	14000	2
1921	3	15	2026-03-31	304	19	2026-04-05	17000	2
1922	26	6	2026-03-31	402	35	2026-04-02	3500	2
1923	22	4	2026-03-31	108	59	2026-04-01	9000	2
1924	36	11	2026-03-31	1202	43	2026-04-02	4200	2
1925	20	14	2026-03-31	112	47	2026-04-05	12500	2
1926	19	10	2026-03-31	401	28	2026-04-03	8500	2
1927	13	1	2026-03-31	1701	55	2026-04-02	6000	2
1928	13	6	2026-03-31	907	5	2026-04-02	7500	2
1929	21	19	2026-03-31	801	54	2026-04-02	2200	2
1930	6	8	2026-03-31	906	33	2026-04-03	4500	2
1931	34	8	2026-03-31	1303	44	2026-04-03	4500	2
1932	45	10	2026-03-31	401	57	2026-04-03	4000	2
1933	33	9	2026-04-01	1607	57	2026-04-05	6500	2
1934	47	4	2026-04-01	1003	50	2026-04-02	4000	2
1935	20	3	2026-04-01	112	35	2026-04-03	3500	2
1936	27	6	2026-04-01	1003	57	2026-04-03	4000	2
1937	29	5	2026-04-01	1003	45	2026-04-04	10000	2
1938	21	1	2026-04-01	701	1	2026-04-03	6000	2
1939	12	18	2026-04-01	1404	43	2026-04-02	8500	2
1940	22	6	2026-04-01	112	33	2026-04-03	3000	2
1941	44	4	2026-04-01	1607	28	2026-04-02	4500	2
1942	6	14	2026-04-01	401	12	2026-04-06	13500	2
1943	29	3	2026-04-01	501	38	2026-04-03	4500	2
1944	47	8	2026-04-01	906	55	2026-04-04	5500	2
1945	6	2	2026-04-01	1701	28	2026-04-08	22000	2
1946	49	10	2026-04-01	1303	27	2026-04-04	5000	2
1947	37	10	2026-04-01	806	26	2026-04-04	6500	2
1948	24	2	2026-04-01	1701	2	2026-04-08	20000	2
1949	1	7	2026-04-01	306	38	2026-04-03	6500	2
1950	50	13	2026-04-01	1003	49	2026-04-03	5000	2
1951	43	17	2026-04-01	803	2	2026-04-02	6000	2
1952	3	3	2026-04-01	1309	32	2026-04-03	7500	2
1953	8	3	2026-04-01	806	15	2026-04-03	7500	2
1954	50	11	2026-04-01	905	17	2026-04-03	5200	2
1955	11	14	2026-04-01	202	46	2026-04-06	17000	2
1956	50	14	2026-04-01	505	53	2026-04-06	12000	2
1957	25	14	2026-04-01	501	8	2026-04-06	12000	2
1958	28	12	2026-04-01	306	19	2026-04-03	3500	2
1959	46	3	2026-04-01	1504	23	2026-04-03	4500	2
1960	7	18	2026-04-01	806	10	2026-04-02	9000	2
1961	45	14	2026-04-01	1204	7	2026-04-06	13000	2
1962	27	18	2026-04-02	809	38	2026-04-03	8000	2
1963	5	6	2026-04-02	809	47	2026-04-04	4000	2
1964	16	3	2026-04-02	1107	25	2026-04-04	5500	2
1965	17	6	2026-04-02	1404	36	2026-04-04	2500	2
1966	28	7	2026-04-02	402	46	2026-04-04	4500	2
1967	22	2	2026-04-02	1102	51	2026-04-09	20500	2
1968	42	4	2026-04-02	502	53	2026-04-03	5000	2
1969	2	8	2026-04-02	306	25	2026-04-05	7000	2
1970	10	18	2026-04-02	1702	21	2026-04-03	13000	2
1971	29	1	2026-04-02	103	57	2026-04-04	4500	2
1972	4	11	2026-04-02	1207	49	2026-04-04	8200	2
1973	21	4	2026-04-02	1605	43	2026-04-03	4500	2
1974	35	14	2026-04-02	1504	48	2026-04-07	13500	2
1975	19	19	2026-04-02	304	50	2026-04-04	2200	2
1976	11	2	2026-04-02	112	32	2026-04-09	20000	2
1977	50	1	2026-04-02	505	21	2026-04-04	3000	2
1978	10	6	2026-04-02	1207	1	2026-04-04	2500	2
1979	33	4	2026-04-02	1101	54	2026-04-03	9000	2
1980	15	15	2026-04-03	809	36	2026-04-08	15500	2
1981	19	12	2026-04-03	809	28	2026-04-05	8000	2
1982	32	3	2026-04-03	108	10	2026-04-05	3000	2
1983	20	19	2026-04-03	703	29	2026-04-05	4200	2
1984	38	13	2026-04-03	1607	21	2026-04-05	4500	2
1985	3	18	2026-04-03	1701	39	2026-04-04	11000	2
1986	28	1	2026-04-03	1403	9	2026-04-05	5000	2
1987	12	16	2026-04-03	907	23	2026-04-04	7000	2
1988	16	11	2026-04-03	1607	45	2026-04-05	3700	2
1989	33	16	2026-04-03	607	52	2026-04-04	10000	2
1990	32	16	2026-04-03	304	26	2026-04-04	6500	2
1991	48	16	2026-04-03	402	23	2026-04-04	6500	2
1992	42	17	2026-04-03	1202	60	2026-04-04	6000	2
1993	23	17	2026-04-03	1607	35	2026-04-04	9000	2
1994	3	8	2026-04-03	806	52	2026-04-06	6000	2
1995	11	6	2026-04-03	1404	26	2026-04-05	4500	2
1996	31	5	2026-04-03	906	45	2026-04-06	7500	2
1997	17	2	2026-04-03	1701	7	2026-04-10	20000	2
1998	22	13	2026-04-03	402	22	2026-04-05	5500	2
1999	46	8	2026-04-03	1309	6	2026-04-06	4500	2
2000	16	5	2026-04-03	1101	5	2026-04-06	12000	2
2001	10	15	2026-04-04	905	47	2026-04-09	17000	2
2002	49	1	2026-04-04	306	48	2026-04-06	4500	2
2003	18	5	2026-04-04	806	47	2026-04-07	10000	2
2004	4	9	2026-04-04	701	32	2026-04-08	6500	2
2005	18	17	2026-04-04	908	58	2026-04-05	8000	2
2006	46	20	2026-04-04	501	47	2026-04-08	14000	2
2007	30	20	2026-04-04	908	35	2026-04-08	14000	2
2008	45	8	2026-04-04	1105	47	2026-04-07	6000	2
2009	45	8	2026-04-04	501	51	2026-04-07	7000	2
2010	35	6	2026-04-04	907	4	2026-04-06	7500	2
2011	49	18	2026-04-04	801	23	2026-04-05	13000	2
2012	1	19	2026-04-04	1605	32	2026-04-06	7200	2
2013	37	4	2026-04-04	1207	29	2026-04-05	4500	2
2014	40	9	2026-04-04	806	19	2026-04-08	6500	2
2015	26	15	2026-04-04	1404	5	2026-04-09	20000	2
2016	10	14	2026-04-04	1001	3	2026-04-09	12500	2
2017	4	13	2026-04-04	502	18	2026-04-06	4500	2
2018	35	5	2026-04-04	1101	20	2026-04-07	7500	2
2019	25	9	2026-04-04	205	30	2026-04-08	6500	2
2020	23	20	2026-04-05	1107	5	2026-04-09	12000	2
2021	15	8	2026-04-05	1607	18	2026-04-08	4500	2
2022	26	14	2026-04-05	604	3	2026-04-10	14000	2
2023	21	4	2026-04-05	1001	26	2026-04-06	5500	2
2024	33	8	2026-04-05	906	29	2026-04-08	9000	2
2025	40	20	2026-04-05	604	58	2026-04-09	10500	2
2026	5	4	2026-04-05	906	4	2026-04-06	5000	2
2027	19	10	2026-04-05	306	14	2026-04-08	3500	2
2028	25	5	2026-04-05	402	9	2026-04-08	7500	2
2029	34	12	2026-04-05	1001	12	2026-04-07	8000	2
2030	11	4	2026-04-05	1303	10	2026-04-06	6000	2
2031	20	4	2026-04-05	908	58	2026-04-06	4500	2
2032	15	15	2026-04-05	806	28	2026-04-10	15000	2
2033	43	12	2026-04-05	1102	48	2026-04-07	8000	2
2034	35	6	2026-04-05	1105	23	2026-04-07	4500	2
2035	14	4	2026-04-05	1105	37	2026-04-06	4500	2
2036	46	18	2026-04-05	306	46	2026-04-06	13000	2
2037	37	13	2026-04-05	103	12	2026-04-07	9500	2
2038	29	14	2026-04-05	1403	59	2026-04-10	12500	2
2039	14	6	2026-04-05	801	31	2026-04-07	7500	2
2040	17	17	2026-04-05	607	36	2026-04-06	6500	2
2041	3	6	2026-04-06	1202	54	2026-04-08	4000	2
2042	24	19	2026-04-06	905	11	2026-04-08	2700	2
2043	6	5	2026-04-06	803	56	2026-04-09	9000	2
2044	20	20	2026-04-06	1607	54	2026-04-10	10000	2
2045	10	9	2026-04-06	112	45	2026-04-10	7000	2
2046	31	18	2026-04-06	1702	11	2026-04-07	13000	2
2047	28	8	2026-04-06	806	40	2026-04-09	7000	2
2048	24	10	2026-04-06	607	44	2026-04-09	5000	2
2049	10	5	2026-04-06	607	25	2026-04-09	12000	2
2050	43	3	2026-04-06	607	28	2026-04-08	4000	2
2051	49	1	2026-04-06	306	58	2026-04-08	4000	2
2052	44	5	2026-04-06	604	3	2026-04-09	12000	2
2053	28	13	2026-04-06	803	50	2026-04-08	5000	2
2054	37	5	2026-04-06	108	12	2026-04-09	10000	2
2055	27	14	2026-04-06	905	25	2026-04-11	14000	2
2056	46	2	2026-04-06	1107	51	2026-04-13	21500	2
2057	44	7	2026-04-06	1701	33	2026-04-08	4500	2
2058	1	11	2026-04-06	1003	28	2026-04-08	3200	2
2059	1	10	2026-04-06	905	33	2026-04-09	4500	2
2060	26	10	2026-04-06	1101	7	2026-04-09	5500	2
2061	42	16	2026-04-06	205	43	2026-04-07	8000	2
2062	36	2	2026-04-07	907	17	2026-04-14	21000	2
2063	22	6	2026-04-07	801	41	2026-04-09	3000	2
2064	18	12	2026-04-07	801	26	2026-04-09	6000	2
2065	42	20	2026-04-07	1702	44	2026-04-11	10000	2
2066	40	3	2026-04-07	1207	44	2026-04-09	5500	2
2067	45	8	2026-04-07	505	31	2026-04-10	7000	2
2068	40	19	2026-04-07	1309	37	2026-04-09	3700	2
2069	27	13	2026-04-07	1303	54	2026-04-09	5500	2
2070	47	3	2026-04-07	1102	38	2026-04-09	3000	2
2071	33	3	2026-04-07	505	12	2026-04-09	3500	2
2072	6	14	2026-04-07	202	20	2026-04-12	13500	2
2073	26	19	2026-04-07	304	49	2026-04-09	4200	2
2074	48	20	2026-04-07	908	14	2026-04-11	10000	2
2075	42	16	2026-04-07	1102	55	2026-04-08	6000	2
2076	16	7	2026-04-07	501	9	2026-04-09	4000	2
2077	29	17	2026-04-07	304	11	2026-04-08	6500	2
2078	10	7	2026-04-07	401	44	2026-04-09	5000	2
2079	24	17	2026-04-07	304	37	2026-04-08	8000	2
2080	31	5	2026-04-07	1309	23	2026-04-10	7000	2
2081	27	4	2026-04-07	1303	22	2026-04-08	9000	2
2082	4	6	2026-04-07	1101	45	2026-04-09	3000	2
2083	6	16	2026-04-08	809	8	2026-04-09	5500	2
2084	25	7	2026-04-08	809	53	2026-04-10	3500	2
2085	45	18	2026-04-08	607	41	2026-04-09	8500	2
2086	28	2	2026-04-08	402	51	2026-04-15	23000	2
2087	46	14	2026-04-08	703	39	2026-04-13	15000	2
2088	40	5	2026-04-08	607	10	2026-04-11	8500	2
2089	7	3	2026-04-08	402	42	2026-04-10	2500	2
2090	43	19	2026-04-08	502	8	2026-04-10	3200	2
2091	42	8	2026-04-08	1107	45	2026-04-11	6000	2
2092	25	16	2026-04-08	1107	38	2026-04-09	6500	2
2093	50	2	2026-04-08	1702	41	2026-04-15	20000	2
2094	23	6	2026-04-08	1105	29	2026-04-10	4000	2
2095	10	14	2026-04-08	1309	43	2026-04-13	17000	2
2096	21	2	2026-04-08	1202	16	2026-04-15	22000	2
2097	46	13	2026-04-08	304	20	2026-04-10	4500	2
2098	34	16	2026-04-08	501	13	2026-04-09	10000	2
2099	36	10	2026-04-08	803	1	2026-04-11	4000	2
2100	13	17	2026-04-08	803	54	2026-04-09	8000	2
2101	7	18	2026-04-08	1101	53	2026-04-09	9500	2
2102	15	4	2026-04-08	205	16	2026-04-09	7000	2
2103	34	3	2026-04-09	803	15	2026-04-11	3500	2
2104	21	17	2026-04-09	1202	5	2026-04-10	11000	2
2105	3	8	2026-04-09	1107	35	2026-04-12	5500	2
2106	6	16	2026-04-09	801	11	2026-04-10	6000	2
2107	49	8	2026-04-09	703	27	2026-04-12	5000	2
2108	12	4	2026-04-09	306	14	2026-04-10	6000	2
2109	42	16	2026-04-09	103	55	2026-04-10	7000	2
2110	37	8	2026-04-09	1105	35	2026-04-12	7000	2
2111	3	2	2026-04-09	202	38	2026-04-16	21000	2
2112	39	6	2026-04-09	906	24	2026-04-11	5500	2
2113	15	6	2026-04-09	907	55	2026-04-11	3000	2
2114	34	14	2026-04-09	1702	10	2026-04-14	12000	2
2115	36	9	2026-04-09	905	53	2026-04-13	11000	2
2116	12	12	2026-04-09	501	8	2026-04-11	8000	2
2117	47	18	2026-04-09	306	31	2026-04-10	10000	2
2118	50	11	2026-04-09	806	9	2026-04-11	3700	2
2119	7	1	2026-04-09	801	1	2026-04-11	8000	2
2120	14	3	2026-04-09	103	34	2026-04-11	2500	2
2121	8	16	2026-04-09	202	54	2026-04-10	5000	2
2122	22	3	2026-04-09	1101	36	2026-04-11	4000	2
2123	14	2	2026-04-09	1101	15	2026-04-16	23000	2
2124	25	15	2026-04-09	205	25	2026-04-14	15500	2
2125	31	13	2026-04-10	809	45	2026-04-12	6000	2
2126	15	20	2026-04-10	809	1	2026-04-14	12000	2
2127	29	9	2026-04-10	1207	13	2026-04-14	11000	2
2128	15	20	2026-04-10	1001	31	2026-04-14	9000	2
2129	32	12	2026-04-10	306	47	2026-04-12	3000	2
2130	30	9	2026-04-10	1105	55	2026-04-14	11000	2
2131	12	9	2026-04-10	1404	60	2026-04-14	7000	2
2132	32	14	2026-04-10	1403	33	2026-04-15	12500	2
2133	49	2	2026-04-10	1003	49	2026-04-17	20000	2
2134	13	14	2026-04-10	1105	39	2026-04-15	13500	2
2135	10	16	2026-04-10	1107	30	2026-04-11	8000	2
2136	7	7	2026-04-10	1001	19	2026-04-12	3500	2
2137	40	11	2026-04-10	703	53	2026-04-12	4200	2
2138	36	14	2026-04-10	906	56	2026-04-15	17000	2
2139	18	3	2026-04-10	1107	34	2026-04-12	7500	2
2140	24	17	2026-04-10	806	24	2026-04-11	9000	2
2141	27	17	2026-04-10	806	54	2026-04-11	6000	2
2142	18	8	2026-04-10	906	51	2026-04-13	9000	2
2143	42	17	2026-04-10	1605	51	2026-04-11	7500	2
2144	26	3	2026-04-10	1702	22	2026-04-12	5500	2
2145	28	16	2026-04-10	108	33	2026-04-11	5000	2
2146	12	19	2026-04-10	701	59	2026-04-12	5200	2
2147	9	15	2026-04-10	1001	23	2026-04-15	15500	2
2148	2	9	2026-04-10	1105	1	2026-04-14	9000	2
2149	37	11	2026-04-10	1101	22	2026-04-12	3700	2
2150	19	10	2026-04-10	205	3	2026-04-13	4500	2
2151	9	6	2026-04-11	808	7	2026-04-13	4000	2
2152	7	5	2026-04-11	808	40	2026-04-14	10000	2
2153	42	5	2026-04-11	1207	22	2026-04-14	9000	2
2154	24	17	2026-04-11	703	7	2026-04-12	11000	2
2155	4	12	2026-04-11	505	19	2026-04-13	8000	2
2156	17	12	2026-04-11	1003	23	2026-04-13	8000	2
2157	26	3	2026-04-11	1403	15	2026-04-13	3500	2
2158	50	19	2026-04-11	1105	26	2026-04-13	3700	2
2159	1	4	2026-04-11	801	48	2026-04-12	9000	2
2160	5	3	2026-04-11	103	2	2026-04-13	4000	2
2161	7	15	2026-04-11	1403	5	2026-04-16	20000	2
2162	41	7	2026-04-11	1202	1	2026-04-13	4000	2
2163	36	9	2026-04-11	1605	10	2026-04-15	11000	2
2164	43	1	2026-04-11	108	7	2026-04-13	8000	2
2165	19	3	2026-04-11	1105	41	2026-04-13	4500	2
2166	50	11	2026-04-11	401	51	2026-04-13	5200	2
2167	4	3	2026-04-11	1101	1	2026-04-13	4500	2
2168	4	10	2026-04-12	808	47	2026-04-15	5500	2
2169	45	1	2026-04-12	402	15	2026-04-14	3500	2
2170	4	11	2026-04-12	1102	36	2026-04-14	6200	2
2171	47	16	2026-04-12	1403	11	2026-04-13	5500	2
2172	7	19	2026-04-12	701	48	2026-04-14	4200	2
2173	43	10	2026-04-12	1309	19	2026-04-15	5000	2
2174	39	2	2026-04-12	906	17	2026-04-19	22000	2
2175	10	4	2026-04-12	907	56	2026-04-13	5000	2
2176	39	14	2026-04-12	806	23	2026-04-17	15000	2
2177	24	5	2026-04-12	604	2	2026-04-15	10000	2
2178	9	9	2026-04-12	1207	33	2026-04-16	6500	2
2179	30	15	2026-04-12	1001	9	2026-04-17	15000	2
2180	15	18	2026-04-12	401	57	2026-04-13	8500	2
2181	3	13	2026-04-12	306	39	2026-04-14	4500	2
2182	10	2	2026-04-12	202	7	2026-04-19	20000	2
2183	36	5	2026-04-12	607	50	2026-04-15	12000	2
2184	22	11	2026-04-12	306	60	2026-04-14	3200	2
2185	7	6	2026-04-12	112	51	2026-04-14	3000	2
2186	7	2	2026-04-12	1702	43	2026-04-19	20500	2
2187	9	20	2026-04-12	907	33	2026-04-16	10000	2
2188	34	20	2026-04-12	108	24	2026-04-16	9000	2
2189	15	3	2026-04-12	1107	38	2026-04-14	2500	2
2190	37	2	2026-04-12	205	60	2026-04-19	22000	2
2191	34	19	2026-04-13	1202	57	2026-04-15	7200	2
2192	25	18	2026-04-13	103	29	2026-04-14	9500	2
2193	10	16	2026-04-13	1202	43	2026-04-14	5000	2
2194	36	9	2026-04-13	1605	58	2026-04-17	8000	2
2195	1	11	2026-04-13	906	33	2026-04-15	8200	2
2196	30	16	2026-04-13	1702	22	2026-04-14	6000	2
2197	34	16	2026-04-13	1001	9	2026-04-14	10000	2
2198	9	11	2026-04-13	501	60	2026-04-15	3700	2
2199	22	19	2026-04-13	905	22	2026-04-15	2200	2
2200	3	6	2026-04-13	501	8	2026-04-15	7500	2
2201	12	1	2026-04-13	1403	16	2026-04-15	4000	2
2202	46	13	2026-04-13	401	7	2026-04-15	7500	2
2203	18	13	2026-04-13	607	28	2026-04-15	7500	2
2204	46	10	2026-04-13	905	58	2026-04-16	8500	2
2205	6	16	2026-04-13	803	54	2026-04-14	6000	2
2206	37	16	2026-04-13	905	28	2026-04-14	6000	2
2207	43	6	2026-04-13	803	51	2026-04-15	4000	2
2208	42	1	2026-04-13	906	56	2026-04-15	4000	2
2209	27	9	2026-04-13	701	39	2026-04-17	6500	2
2210	39	5	2026-04-13	402	45	2026-04-16	8500	2
2211	42	13	2026-04-13	803	56	2026-04-15	6500	2
2212	34	6	2026-04-14	808	56	2026-04-16	3500	2
2213	48	2	2026-04-14	1605	14	2026-04-21	22000	2
2214	38	19	2026-04-14	304	59	2026-04-16	2200	2
2215	32	8	2026-04-14	1404	27	2026-04-17	6000	2
2216	33	3	2026-04-14	1107	9	2026-04-16	4500	2
2217	45	4	2026-04-14	304	25	2026-04-15	5500	2
2218	29	12	2026-04-14	1207	32	2026-04-16	4000	2
2219	19	7	2026-04-14	1001	31	2026-04-16	5000	2
2220	41	3	2026-04-14	112	36	2026-04-16	4000	2
2221	40	3	2026-04-14	108	32	2026-04-16	4500	2
2222	48	10	2026-04-14	801	23	2026-04-17	5500	2
2223	31	2	2026-04-14	1105	59	2026-04-21	23000	2
2224	15	1	2026-04-14	1607	9	2026-04-16	6000	2
2225	40	7	2026-04-14	306	56	2026-04-16	4500	2
2226	19	20	2026-04-14	1702	53	2026-04-18	12000	2
2227	49	3	2026-04-14	906	14	2026-04-16	4500	2
2228	44	17	2026-04-14	1101	15	2026-04-15	9000	2
2229	24	5	2026-04-15	906	36	2026-04-18	9000	2
2230	42	1	2026-04-15	803	23	2026-04-17	5000	2
2231	12	5	2026-04-15	1607	10	2026-04-18	12000	2
2232	36	7	2026-04-15	1102	35	2026-04-17	3500	2
2233	33	9	2026-04-15	1102	35	2026-04-19	6000	2
2234	16	15	2026-04-15	806	47	2026-04-20	17000	2
2235	2	14	2026-04-15	103	6	2026-04-20	12500	2
2236	24	15	2026-04-15	1607	46	2026-04-20	16000	2
2237	12	5	2026-04-15	112	34	2026-04-18	8000	2
2238	16	3	2026-04-15	202	47	2026-04-17	2500	2
2239	19	9	2026-04-15	401	25	2026-04-19	6500	2
2240	27	4	2026-04-15	108	10	2026-04-16	9000	2
2241	22	20	2026-04-15	401	17	2026-04-19	11000	2
2242	9	13	2026-04-15	1003	19	2026-04-17	5500	2
2243	27	12	2026-04-15	502	18	2026-04-17	4500	2
2244	11	14	2026-04-15	701	50	2026-04-20	13000	2
2245	34	10	2026-04-15	306	42	2026-04-18	4500	2
2246	22	5	2026-04-15	1404	60	2026-04-18	10000	2
2247	10	16	2026-04-15	1303	6	2026-04-16	5000	2
2248	40	5	2026-04-15	202	56	2026-04-18	8000	2
2249	42	13	2026-04-16	1102	7	2026-04-18	4500	2
2250	35	6	2026-04-16	306	37	2026-04-18	3500	2
2251	6	16	2026-04-16	701	51	2026-04-17	6500	2
2252	27	9	2026-04-16	703	39	2026-04-20	7500	2
2253	28	8	2026-04-16	1207	23	2026-04-19	6000	2
2254	46	9	2026-04-16	908	58	2026-04-20	7000	2
2255	12	13	2026-04-16	502	5	2026-04-18	5000	2
2256	18	18	2026-04-16	905	12	2026-04-17	9000	2
2257	25	14	2026-04-16	1605	25	2026-04-21	17000	2
2258	3	5	2026-04-16	401	43	2026-04-19	9000	2
2259	10	12	2026-04-16	1309	47	2026-04-18	5000	2
2260	44	12	2026-04-16	701	40	2026-04-18	4500	2
2261	5	11	2026-04-16	108	18	2026-04-18	8200	2
2262	15	12	2026-04-16	907	45	2026-04-18	3500	2
2263	30	5	2026-04-16	806	49	2026-04-19	10000	2
2264	49	2	2026-04-16	701	38	2026-04-23	20500	2
2265	24	8	2026-04-16	907	44	2026-04-19	7000	2
2266	18	19	2026-04-16	1303	38	2026-04-18	3200	2
2267	3	1	2026-04-16	1202	26	2026-04-18	5000	2
2268	22	10	2026-04-17	112	48	2026-04-20	3500	2
2269	7	5	2026-04-17	1504	22	2026-04-20	12000	2
2270	40	7	2026-04-17	1605	46	2026-04-19	4000	2
2271	3	2	2026-04-17	1207	8	2026-04-24	22000	2
2272	8	15	2026-04-17	502	38	2026-04-22	16500	2
2273	5	16	2026-04-17	1003	18	2026-04-18	6000	2
2274	20	8	2026-04-17	1404	9	2026-04-20	6000	2
2275	22	14	2026-04-17	908	1	2026-04-22	12000	2
2276	47	17	2026-04-17	801	5	2026-04-18	7000	2
2277	44	10	2026-04-17	1504	14	2026-04-20	3500	2
2278	49	7	2026-04-17	1504	52	2026-04-19	3500	2
2279	7	10	2026-04-17	906	30	2026-04-20	5000	2
2280	10	5	2026-04-17	701	21	2026-04-20	8500	2
2281	1	2	2026-04-17	1701	24	2026-04-24	23000	2
2282	1	3	2026-04-17	112	21	2026-04-19	3500	2
2283	26	2	2026-04-17	1702	43	2026-04-24	25000	2
2284	18	10	2026-04-17	1309	14	2026-04-20	4000	2
2285	25	17	2026-04-17	1003	17	2026-04-18	6000	2
2286	29	13	2026-04-17	806	11	2026-04-19	5000	2
2287	33	16	2026-04-17	112	36	2026-04-18	7000	2
2288	34	9	2026-04-17	905	22	2026-04-21	7500	2
2289	36	5	2026-04-17	1701	15	2026-04-20	10000	2
2290	48	9	2026-04-17	1003	55	2026-04-21	8000	2
2291	10	2	2026-04-18	402	46	2026-04-25	20000	2
2292	34	3	2026-04-18	103	10	2026-04-20	2500	2
2293	26	6	2026-04-18	1605	27	2026-04-20	4000	2
2294	14	5	2026-04-18	306	2	2026-04-21	12000	2
2295	24	9	2026-04-18	1202	57	2026-04-22	8000	2
2296	17	9	2026-04-18	703	8	2026-04-22	7500	2
2297	1	9	2026-04-18	1102	38	2026-04-22	7000	2
2298	1	13	2026-04-18	306	14	2026-04-20	7500	2
2299	7	5	2026-04-18	103	17	2026-04-21	7000	2
2300	19	5	2026-04-18	604	13	2026-04-21	12000	2
2301	36	4	2026-04-18	1504	59	2026-04-19	4000	2
2302	32	3	2026-04-18	501	3	2026-04-20	3500	2
2303	9	9	2026-04-18	205	47	2026-04-22	11000	2
2304	22	4	2026-04-19	808	16	2026-04-20	5000	2
2305	36	16	2026-04-19	108	45	2026-04-20	5500	2
2306	50	9	2026-04-19	1207	23	2026-04-23	11000	2
2307	40	2	2026-04-19	401	42	2026-04-26	22000	2
2308	1	5	2026-04-19	803	8	2026-04-22	10000	2
2309	28	16	2026-04-19	907	33	2026-04-20	5500	2
2310	5	3	2026-04-19	701	16	2026-04-21	2500	2
2311	18	11	2026-04-19	502	60	2026-04-21	6200	2
2312	3	8	2026-04-19	803	19	2026-04-22	4500	2
2313	12	1	2026-04-19	1202	37	2026-04-21	8000	2
2314	32	1	2026-04-19	1202	48	2026-04-21	6000	2
2315	14	19	2026-04-19	607	5	2026-04-21	3200	2
2316	6	11	2026-04-19	1207	12	2026-04-21	4200	2
2317	26	5	2026-04-19	1605	41	2026-04-22	8000	2
2318	31	15	2026-04-19	505	31	2026-04-24	15500	2
2319	15	7	2026-04-19	905	17	2026-04-21	5500	2
2320	40	11	2026-04-19	1101	32	2026-04-21	3700	2
2321	39	17	2026-04-19	205	11	2026-04-20	9000	2
2322	13	7	2026-04-20	1202	56	2026-04-22	5500	2
2323	6	14	2026-04-20	701	2	2026-04-25	17000	2
2324	48	8	2026-04-20	112	7	2026-04-23	4500	2
2325	6	16	2026-04-20	801	53	2026-04-21	10000	2
2326	7	13	2026-04-20	1003	27	2026-04-22	5000	2
2327	19	6	2026-04-20	306	22	2026-04-22	4000	2
2328	23	19	2026-04-20	501	54	2026-04-22	2700	2
2329	9	11	2026-04-20	908	18	2026-04-22	6200	2
2330	38	8	2026-04-20	1105	17	2026-04-23	7000	2
2331	17	17	2026-04-20	906	56	2026-04-21	11000	2
2332	44	16	2026-04-20	607	22	2026-04-21	10000	2
2333	23	16	2026-04-20	401	37	2026-04-21	6000	2
2334	48	5	2026-04-20	103	14	2026-04-23	8000	2
2335	34	13	2026-04-20	703	60	2026-04-22	5500	2
2336	40	17	2026-04-20	1504	15	2026-04-21	6500	2
2337	37	20	2026-04-20	908	14	2026-04-24	9500	2
2338	19	3	2026-04-21	808	51	2026-04-23	5500	2
2339	29	17	2026-04-21	701	15	2026-04-22	6000	2
2340	44	19	2026-04-21	801	50	2026-04-23	3700	2
2341	16	1	2026-04-21	907	50	2026-04-23	4500	2
2342	44	20	2026-04-21	108	4	2026-04-25	10000	2
2343	32	20	2026-04-21	907	13	2026-04-25	11000	2
2344	13	18	2026-04-21	801	9	2026-04-22	8000	2
2345	17	10	2026-04-21	202	60	2026-04-24	4500	2
2346	21	19	2026-04-21	905	24	2026-04-23	2700	2
2347	34	6	2026-04-21	703	43	2026-04-23	7500	2
2348	33	4	2026-04-21	505	7	2026-04-22	5500	2
2349	7	17	2026-04-21	607	29	2026-04-22	6500	2
2350	22	9	2026-04-21	1607	13	2026-04-25	9000	2
2351	40	1	2026-04-21	1303	58	2026-04-23	4500	2
2352	14	20	2026-04-21	604	53	2026-04-25	11000	2
2353	35	5	2026-04-21	1403	15	2026-04-24	10000	2
2354	36	5	2026-04-21	607	27	2026-04-24	12000	2
2355	11	11	2026-04-21	1504	11	2026-04-23	6200	2
2356	48	3	2026-04-21	1105	27	2026-04-23	4000	2
2357	36	1	2026-04-21	1605	47	2026-04-23	4000	2
2358	15	1	2026-04-21	1107	15	2026-04-23	4500	2
2359	19	2	2026-04-21	604	29	2026-04-28	25000	2
2360	21	16	2026-04-21	1105	57	2026-04-22	6500	2
2361	6	11	2026-04-22	1309	46	2026-04-24	3200	2
2362	39	16	2026-04-22	402	14	2026-04-23	5500	2
2363	47	8	2026-04-22	604	13	2026-04-25	6000	2
2364	3	15	2026-04-22	1107	56	2026-04-27	15500	2
2365	6	6	2026-04-22	907	21	2026-04-24	4500	2
2366	42	19	2026-04-22	801	50	2026-04-24	5200	2
2367	43	13	2026-04-22	502	38	2026-04-24	9500	2
2368	37	2	2026-04-22	202	46	2026-04-29	21000	2
2369	46	18	2026-04-22	607	52	2026-04-23	9500	2
2370	42	8	2026-04-22	1001	9	2026-04-25	7000	2
2371	3	15	2026-04-22	1607	49	2026-04-27	18000	2
2372	20	18	2026-04-22	1607	12	2026-04-23	8500	2
2373	42	17	2026-04-22	306	1	2026-04-23	7500	2
2374	46	2	2026-04-22	604	17	2026-04-29	22000	2
2375	30	8	2026-04-22	1003	21	2026-04-25	7000	2
2376	49	11	2026-04-23	801	58	2026-04-25	5200	2
2377	16	18	2026-04-23	1309	53	2026-04-24	13000	2
2378	49	18	2026-04-23	604	31	2026-04-24	9000	2
2379	42	3	2026-04-23	1001	44	2026-04-25	2500	2
2380	7	11	2026-04-23	905	6	2026-04-25	3700	2
2381	37	12	2026-04-23	701	32	2026-04-25	6000	2
2382	45	4	2026-04-23	1003	10	2026-04-24	4000	2
2383	15	15	2026-04-23	703	6	2026-04-28	18000	2
2384	43	10	2026-04-23	908	49	2026-04-26	5500	2
2385	15	18	2026-04-23	701	12	2026-04-24	10000	2
2386	31	11	2026-04-23	304	29	2026-04-25	3200	2
2387	4	17	2026-04-23	108	24	2026-04-24	7000	2
2388	15	11	2026-04-23	1207	47	2026-04-25	3200	2
2389	25	18	2026-04-23	1701	2	2026-04-24	11000	2
2390	11	8	2026-04-23	402	50	2026-04-26	7000	2
2391	17	20	2026-04-23	1101	41	2026-04-27	9000	2
2392	33	6	2026-04-24	803	26	2026-04-26	3000	2
2393	35	10	2026-04-24	1701	44	2026-04-27	8500	2
2394	32	5	2026-04-24	108	35	2026-04-27	10000	2
2395	36	18	2026-04-24	701	21	2026-04-25	13000	2
2396	32	18	2026-04-24	1504	57	2026-04-25	9500	2
2397	27	4	2026-04-24	607	30	2026-04-25	4000	2
2398	10	8	2026-04-24	1605	3	2026-04-27	5000	2
2399	23	15	2026-04-24	801	14	2026-04-29	17000	2
2400	39	14	2026-04-24	108	54	2026-04-29	14000	2
2401	1	16	2026-04-24	907	37	2026-04-25	10000	2
2402	1	18	2026-04-24	1303	19	2026-04-25	9000	2
2403	3	11	2026-04-24	803	36	2026-04-26	3700	2
2404	36	10	2026-04-24	112	13	2026-04-27	8500	2
2405	25	13	2026-04-24	801	50	2026-04-26	6500	2
2406	29	1	2026-04-24	703	16	2026-04-26	6000	2
2407	45	9	2026-04-24	906	56	2026-04-28	7500	2
2408	36	8	2026-04-24	1607	48	2026-04-27	5500	2
2409	10	19	2026-04-24	801	30	2026-04-26	3200	2
2410	16	11	2026-04-24	1404	59	2026-04-26	5200	2
2411	10	15	2026-04-24	205	25	2026-04-29	20000	2
2412	23	3	2026-04-25	808	2	2026-04-27	4000	2
2413	8	5	2026-04-25	806	51	2026-04-28	8000	2
2414	8	19	2026-04-25	703	6	2026-04-27	7200	2
2415	24	17	2026-04-25	1404	32	2026-04-26	6000	2
2416	34	19	2026-04-25	401	7	2026-04-27	2700	2
2417	30	13	2026-04-25	806	26	2026-04-27	4500	2
2418	8	10	2026-04-25	505	40	2026-04-28	3500	2
2419	4	1	2026-04-25	1607	47	2026-04-27	4000	2
2420	17	1	2026-04-25	1303	27	2026-04-27	4500	2
2421	33	14	2026-04-25	304	57	2026-04-30	13000	2
2422	24	20	2026-04-25	1607	26	2026-04-29	14000	2
2423	33	7	2026-04-25	703	39	2026-04-27	4000	2
2424	12	12	2026-04-25	607	19	2026-04-27	3000	2
2425	39	5	2026-04-25	202	36	2026-04-28	7500	2
2426	13	14	2026-04-25	103	37	2026-04-30	13000	2
2427	8	3	2026-04-26	808	3	2026-04-28	2500	2
2428	48	8	2026-04-26	1403	25	2026-04-29	9000	2
2429	8	15	2026-04-26	112	2	2026-05-01	15000	2
2430	30	3	2026-04-26	703	35	2026-04-28	2500	2
2431	24	5	2026-04-26	502	26	2026-04-29	9000	2
2432	15	6	2026-04-26	1702	18	2026-04-28	4500	2
2433	24	12	2026-04-26	806	29	2026-04-28	3500	2
2434	46	13	2026-04-26	112	39	2026-04-28	4500	2
2435	7	11	2026-04-26	1207	25	2026-04-28	4200	2
2436	21	13	2026-04-26	607	54	2026-04-28	9500	2
2437	44	19	2026-04-26	202	46	2026-04-28	7200	2
2438	13	3	2026-04-26	604	26	2026-04-28	3000	2
2439	26	11	2026-04-26	1403	52	2026-04-28	4700	2
2440	40	14	2026-04-26	1309	52	2026-05-01	13500	2
2441	42	17	2026-04-26	906	13	2026-04-27	6500	2
2442	29	13	2026-04-26	112	31	2026-04-28	4500	2
2443	45	14	2026-04-26	1504	52	2026-05-01	13500	2
2444	37	9	2026-04-26	1001	38	2026-04-30	11000	2
2445	29	4	2026-04-26	108	53	2026-04-27	9000	2
2446	20	10	2026-04-26	905	35	2026-04-29	3500	2
2447	10	15	2026-04-26	402	49	2026-05-01	16500	2
2448	40	8	2026-04-26	1101	60	2026-04-29	5500	2
2449	22	6	2026-04-26	1101	41	2026-04-28	7500	2
2450	23	17	2026-04-27	103	24	2026-04-28	6500	2
2451	18	4	2026-04-27	1001	52	2026-04-28	5500	2
2452	25	10	2026-04-27	112	16	2026-04-30	5000	2
2453	1	3	2026-04-27	1107	56	2026-04-29	2500	2
2454	46	19	2026-04-27	108	32	2026-04-29	3200	2
2455	45	14	2026-04-27	108	9	2026-05-02	17000	2
2456	44	12	2026-04-27	1607	30	2026-04-29	4500	2
2457	21	7	2026-04-27	908	41	2026-04-29	6500	2
2458	23	18	2026-04-27	906	14	2026-04-28	9000	2
2459	47	9	2026-04-27	103	22	2026-05-01	7500	2
2460	50	16	2026-04-27	701	58	2026-04-28	6500	2
2461	4	18	2026-04-27	1202	57	2026-04-28	8000	2
2462	12	12	2026-04-27	304	29	2026-04-29	6000	2
2463	32	9	2026-04-27	112	60	2026-05-01	9000	2
2464	37	11	2026-04-27	1309	33	2026-04-29	3200	2
2465	47	1	2026-04-27	701	31	2026-04-29	3500	2
2466	4	17	2026-04-27	701	25	2026-04-28	11000	2
2467	4	5	2026-04-27	1207	37	2026-04-30	12000	2
2468	34	12	2026-04-27	907	57	2026-04-29	8000	2
2469	49	3	2026-04-27	1105	13	2026-04-29	2500	2
2470	13	14	2026-04-28	908	17	2026-05-03	15000	2
2471	38	4	2026-04-28	1102	5	2026-04-29	6000	2
2472	6	15	2026-04-28	1207	41	2026-05-03	16000	2
2473	44	15	2026-04-28	1303	10	2026-05-03	16500	2
2474	13	2	2026-04-28	1701	9	2026-05-05	20000	2
2475	7	2	2026-04-28	604	25	2026-05-05	21500	2
2476	31	7	2026-04-28	703	46	2026-04-30	4000	2
2477	45	7	2026-04-28	1605	51	2026-04-30	6500	2
2478	1	4	2026-04-28	1309	19	2026-04-29	5500	2
2479	17	14	2026-04-28	703	10	2026-05-03	12000	2
2480	42	8	2026-04-28	1702	42	2026-05-01	9000	2
2481	27	8	2026-04-28	1605	34	2026-05-01	7000	2
2482	47	6	2026-04-28	1607	51	2026-04-30	2500	2
2483	28	10	2026-04-28	202	47	2026-05-01	5500	2
2484	33	17	2026-04-28	906	32	2026-04-29	6000	2
2485	49	14	2026-04-28	1107	41	2026-05-03	15000	2
2486	9	14	2026-04-28	202	55	2026-05-03	17000	2
2487	34	11	2026-04-28	304	49	2026-04-30	8200	2
2488	40	19	2026-04-28	703	50	2026-04-30	2700	2
2489	40	13	2026-04-28	1404	18	2026-04-30	5500	2
2490	22	13	2026-04-29	1403	59	2026-05-01	5000	2
2491	5	7	2026-04-29	801	6	2026-05-01	5000	2
2492	20	14	2026-04-29	1105	13	2026-05-04	13500	2
2493	41	4	2026-04-29	1207	52	2026-04-30	4000	2
2494	22	13	2026-04-29	806	53	2026-05-01	4500	2
2495	42	17	2026-04-29	1001	37	2026-04-30	8000	2
2496	27	15	2026-04-29	701	34	2026-05-04	15500	2
2497	45	2	2026-04-29	202	39	2026-05-06	23000	2
2498	33	1	2026-04-29	1107	42	2026-05-01	4000	2
2499	30	9	2026-04-29	1303	43	2026-05-03	9000	2
2500	41	15	2026-04-29	1701	35	2026-05-04	16000	2
2501	19	6	2026-04-29	103	24	2026-05-01	5500	2
2502	15	7	2026-04-29	907	21	2026-05-01	6500	2
2503	5	14	2026-04-29	108	6	2026-05-04	15000	2
2504	2	12	2026-04-29	604	47	2026-05-01	5000	2
2505	15	18	2026-04-29	401	11	2026-04-30	8500	2
2506	14	7	2026-04-29	1207	58	2026-05-01	6500	2
2507	35	4	2026-04-29	907	16	2026-04-30	6000	2
2508	37	1	2026-04-29	801	40	2026-05-01	4500	2
2509	4	9	2026-04-29	1003	4	2026-05-03	6000	2
2510	10	3	2026-04-29	108	54	2026-05-01	3500	2
2511	16	1	2026-04-29	1309	27	2026-05-01	3000	2
2512	11	7	2026-04-29	801	37	2026-05-01	5000	2
2513	11	5	2026-04-29	1701	10	2026-05-02	7500	2
2514	44	9	2026-04-29	306	57	2026-05-03	8000	2
2515	12	8	2026-04-29	1702	9	2026-05-02	5500	2
2516	14	12	2026-04-29	1001	48	2026-05-01	3000	2
2517	33	19	2026-04-29	801	11	2026-05-01	3700	2
2518	7	6	2026-04-29	907	34	2026-05-01	4500	2
2519	42	7	2026-04-30	1404	7	2026-05-02	4000	2
2520	46	12	2026-04-30	1404	11	2026-05-02	4500	2
2521	29	5	2026-04-30	905	7	2026-05-03	7000	2
2522	37	16	2026-04-30	1701	5	2026-05-01	6500	2
2523	31	13	2026-04-30	1105	28	2026-05-02	7500	2
2524	47	12	2026-04-30	402	38	2026-05-02	3000	2
2525	7	18	2026-04-30	908	18	2026-05-01	8000	2
2526	42	17	2026-04-30	1107	16	2026-05-01	6500	2
2527	36	3	2026-04-30	1504	17	2026-05-02	3500	2
2528	21	1	2026-04-30	1105	24	2026-05-02	3500	2
2529	32	15	2026-04-30	607	9	2026-05-05	15000	2
2530	37	14	2026-04-30	1107	49	2026-05-05	13500	2
2531	26	2	2026-04-30	1403	16	2026-05-07	20000	2
2532	41	19	2026-04-30	906	52	2026-05-02	4200	2
2533	48	14	2026-04-30	1101	27	2026-05-05	17000	2
2534	29	15	2026-05-01	808	36	2026-05-06	18000	2
2535	18	12	2026-05-01	808	26	2026-05-03	4000	2
2536	1	9	2026-05-01	1202	59	2026-05-05	6000	2
2537	9	6	2026-05-01	103	22	2026-05-03	4000	2
2538	2	6	2026-05-01	304	57	2026-05-03	4000	2
2539	43	7	2026-05-01	604	41	2026-05-03	6500	2
2540	27	17	2026-05-01	112	31	2026-05-02	11000	2
2541	23	20	2026-05-01	1404	45	2026-05-05	9000	2
2542	28	9	2026-05-01	1202	27	2026-05-05	7000	2
2543	17	2	2026-05-01	306	34	2026-05-08	22000	2
2544	45	15	2026-05-01	402	54	2026-05-06	20000	2
2545	21	6	2026-05-01	604	60	2026-05-03	2500	2
2546	25	1	2026-05-01	1102	11	2026-05-03	4500	2
2547	28	4	2026-05-01	1403	36	2026-05-02	5000	2
2548	50	11	2026-05-02	808	9	2026-05-04	6200	2
2549	50	17	2026-05-02	108	18	2026-05-03	7500	2
2550	14	15	2026-05-02	1102	18	2026-05-07	20000	2
2551	41	5	2026-05-02	502	21	2026-05-05	10000	2
2552	33	17	2026-05-02	502	60	2026-05-03	11000	2
2553	15	8	2026-05-02	1309	58	2026-05-05	4500	2
2554	43	18	2026-05-02	701	60	2026-05-03	9500	2
2555	23	11	2026-05-02	906	18	2026-05-04	6200	2
2556	27	7	2026-05-02	1403	45	2026-05-04	5500	2
2557	47	10	2026-05-02	1504	16	2026-05-05	8500	2
2558	48	10	2026-05-02	806	14	2026-05-05	5000	2
2559	14	14	2026-05-02	803	21	2026-05-07	12500	2
2560	29	16	2026-05-02	905	23	2026-05-03	10000	2
2561	42	18	2026-05-02	304	29	2026-05-03	13000	2
2562	44	13	2026-05-02	304	59	2026-05-04	5500	2
2563	2	3	2026-05-02	1101	15	2026-05-04	4000	2
2564	38	13	2026-05-02	1101	10	2026-05-04	5500	2
2565	6	16	2026-05-03	202	50	2026-05-04	5500	2
2566	6	13	2026-05-03	402	9	2026-05-05	6000	2
2567	38	20	2026-05-03	108	28	2026-05-07	11000	2
2568	1	4	2026-05-03	401	29	2026-05-04	4000	2
2569	46	4	2026-05-03	202	27	2026-05-04	6000	2
2570	7	2	2026-05-03	1504	27	2026-05-10	20000	2
2571	39	10	2026-05-03	1701	36	2026-05-06	6500	2
2572	15	1	2026-05-03	1105	36	2026-05-05	3500	2
2573	12	12	2026-05-03	701	25	2026-05-05	4000	2
2574	29	10	2026-05-03	202	33	2026-05-06	8500	2
2575	1	12	2026-05-03	1605	57	2026-05-05	6000	2
2576	2	17	2026-05-03	108	32	2026-05-04	8000	2
2577	30	13	2026-05-03	1201	32	2026-05-05	5500	2
2578	11	6	2026-05-03	1201	2	2026-05-05	4000	2
2579	6	19	2026-05-04	808	51	2026-05-06	3700	2
2580	40	20	2026-05-04	502	40	2026-05-08	9500	2
2581	16	7	2026-05-04	501	40	2026-05-06	4500	2
2582	9	10	2026-05-04	1003	6	2026-05-07	8500	2
2583	1	17	2026-05-04	1701	16	2026-05-05	8000	2
2584	22	18	2026-05-04	701	28	2026-05-05	10000	2
2585	28	3	2026-05-04	306	53	2026-05-06	4500	2
2586	24	11	2026-05-04	402	50	2026-05-06	8200	2
2587	43	3	2026-05-04	1202	25	2026-05-06	4500	2
2588	7	13	2026-05-04	1403	38	2026-05-06	9500	2
2589	2	4	2026-05-04	806	20	2026-05-05	6000	2
2590	9	9	2026-05-04	502	24	2026-05-08	9000	2
2591	31	18	2026-05-04	1403	52	2026-05-05	8000	2
2592	21	19	2026-05-04	1701	7	2026-05-06	7200	2
2593	6	6	2026-05-04	801	13	2026-05-06	5500	2
2594	41	15	2026-05-04	505	16	2026-05-09	20000	2
2595	13	2	2026-05-04	607	3	2026-05-11	20500	2
2596	45	2	2026-05-04	501	20	2026-05-11	21000	2
2597	4	6	2026-05-04	505	7	2026-05-06	7500	2
2598	18	1	2026-05-04	205	16	2026-05-06	3500	2
2599	12	10	2026-05-05	304	44	2026-05-08	4000	2
2600	21	9	2026-05-05	1003	42	2026-05-09	6000	2
2601	39	15	2026-05-05	607	21	2026-05-10	20000	2
2602	19	7	2026-05-05	1309	4	2026-05-07	5000	2
2603	4	1	2026-05-05	402	56	2026-05-07	6000	2
2604	3	13	2026-05-05	402	33	2026-05-07	4500	2
2605	34	1	2026-05-05	607	20	2026-05-07	3000	2
2606	30	18	2026-05-05	604	8	2026-05-06	11000	2
2607	40	16	2026-05-05	1701	21	2026-05-06	6500	2
2608	7	5	2026-05-05	401	47	2026-05-08	12000	2
2609	20	11	2026-05-05	304	49	2026-05-07	3200	2
2610	26	3	2026-05-05	1207	50	2026-05-07	4500	2
2611	3	1	2026-05-05	108	43	2026-05-07	8000	2
2612	33	17	2026-05-05	1605	29	2026-05-06	8000	2
2613	49	8	2026-05-05	202	60	2026-05-08	5000	2
2614	35	5	2026-05-05	108	52	2026-05-08	8500	2
2615	4	13	2026-05-05	1403	34	2026-05-07	6000	2
2616	12	7	2026-05-05	906	14	2026-05-07	5000	2
2617	32	19	2026-05-05	1309	40	2026-05-07	7200	2
2618	18	18	2026-05-06	808	51	2026-05-07	8000	2
2619	43	12	2026-05-06	502	19	2026-05-08	4000	2
2620	37	12	2026-05-06	801	57	2026-05-08	3000	2
2621	32	18	2026-05-06	905	3	2026-05-07	9000	2
2622	46	20	2026-05-06	1504	53	2026-05-10	12000	2
2623	32	15	2026-05-06	1403	59	2026-05-11	16000	2
2624	45	6	2026-05-06	1404	39	2026-05-08	4000	2
2625	17	14	2026-05-06	1107	41	2026-05-11	12500	2
2626	22	17	2026-05-06	202	28	2026-05-07	9000	2
2627	49	20	2026-05-06	1102	21	2026-05-10	10000	2
2628	49	14	2026-05-06	1404	14	2026-05-11	12500	2
2629	44	6	2026-05-06	806	1	2026-05-08	7500	2
2630	46	5	2026-05-06	1605	34	2026-05-09	9000	2
2631	26	7	2026-05-06	306	32	2026-05-08	4000	2
2632	1	19	2026-05-06	1605	45	2026-05-08	2700	2
2633	33	14	2026-05-06	1102	59	2026-05-11	15000	2
2634	16	19	2026-05-06	1105	59	2026-05-08	5200	2
2635	19	13	2026-05-06	1207	51	2026-05-08	6500	2
2636	35	4	2026-05-06	803	18	2026-05-07	4500	2
2637	24	20	2026-05-06	108	37	2026-05-10	11000	2
2638	20	15	2026-05-06	306	27	2026-05-11	16000	2
2639	11	4	2026-05-07	808	57	2026-05-08	7000	2
2640	4	9	2026-05-07	502	3	2026-05-11	11000	2
2641	45	18	2026-05-07	402	32	2026-05-08	8500	2
2642	45	12	2026-05-07	806	57	2026-05-09	4000	2
2643	5	11	2026-05-07	1207	10	2026-05-09	3700	2
2644	24	5	2026-05-07	1702	1	2026-05-10	9000	2
2645	12	12	2026-05-07	202	43	2026-05-09	4000	2
2646	1	20	2026-05-07	1207	1	2026-05-11	10500	2
2647	19	16	2026-05-07	108	39	2026-05-08	6000	2
2648	33	15	2026-05-07	701	10	2026-05-12	20000	2
2649	24	13	2026-05-07	703	56	2026-05-09	6500	2
2650	2	19	2026-05-07	401	38	2026-05-09	4200	2
2651	8	19	2026-05-07	1207	36	2026-05-09	4200	2
2652	48	2	2026-05-07	1202	53	2026-05-14	20500	2
2653	21	14	2026-05-07	1102	37	2026-05-12	17000	2
2654	34	17	2026-05-07	1701	4	2026-05-08	7000	2
2655	8	19	2026-05-07	304	1	2026-05-09	2700	2
2656	49	11	2026-05-07	806	56	2026-05-09	3700	2
2657	10	7	2026-05-07	1003	12	2026-05-09	3500	2
2658	15	12	2026-05-07	402	60	2026-05-09	3500	2
2659	13	18	2026-05-07	1607	25	2026-05-08	13000	2
2660	6	13	2026-05-08	808	37	2026-05-10	6500	2
2661	10	8	2026-05-08	1701	5	2026-05-11	5500	2
2662	21	16	2026-05-08	604	43	2026-05-09	10000	2
2663	26	3	2026-05-08	108	6	2026-05-10	5500	2
2664	24	9	2026-05-08	108	39	2026-05-12	8000	2
2665	30	11	2026-05-08	1504	33	2026-05-10	4200	2
2666	37	8	2026-05-08	1001	42	2026-05-11	6000	2
2667	31	8	2026-05-08	304	49	2026-05-11	5500	2
2668	7	18	2026-05-08	1102	4	2026-05-09	10000	2
2669	28	10	2026-05-08	907	57	2026-05-11	5000	2
2670	12	11	2026-05-08	401	17	2026-05-10	3700	2
2671	46	18	2026-05-08	402	13	2026-05-09	13000	2
2672	9	2	2026-05-08	502	8	2026-05-15	20000	2
2673	47	18	2026-05-08	907	18	2026-05-09	9000	2
2674	9	15	2026-05-08	112	4	2026-05-13	18000	2
2675	7	6	2026-05-08	108	2	2026-05-10	5500	2
2676	33	11	2026-05-08	103	20	2026-05-10	8200	2
2677	40	4	2026-05-08	1003	59	2026-05-09	7000	2
2678	34	12	2026-05-08	1201	36	2026-05-10	4000	2
2679	30	3	2026-05-08	205	51	2026-05-10	7500	2
2680	9	5	2026-05-08	205	40	2026-05-11	9000	2
2681	45	2	2026-05-09	808	4	2026-05-16	21000	2
2682	27	17	2026-05-09	1504	59	2026-05-10	6500	2
2683	9	7	2026-05-09	1309	1	2026-05-11	5000	2
2684	46	17	2026-05-09	801	8	2026-05-10	6500	2
2685	28	17	2026-05-09	906	17	2026-05-10	9000	2
2686	9	2	2026-05-09	905	20	2026-05-16	22000	2
2687	30	14	2026-05-09	806	24	2026-05-14	17000	2
2688	33	18	2026-05-09	907	10	2026-05-10	11000	2
2689	24	16	2026-05-09	402	22	2026-05-10	5500	2
2690	40	13	2026-05-09	908	42	2026-05-11	7500	2
2691	26	11	2026-05-09	703	49	2026-05-11	4700	2
2692	4	15	2026-05-09	1202	13	2026-05-14	20000	2
2693	33	5	2026-05-09	806	43	2026-05-12	12000	2
2694	5	5	2026-05-09	501	13	2026-05-12	10000	2
2695	40	4	2026-05-09	604	51	2026-05-10	6000	2
2696	11	15	2026-05-09	1202	11	2026-05-14	15500	2
2697	17	16	2026-05-09	1003	58	2026-05-10	5000	2
2698	25	7	2026-05-09	1605	53	2026-05-11	4000	2
2699	43	1	2026-05-09	906	44	2026-05-11	6000	2
2700	43	8	2026-05-09	1309	56	2026-05-12	5500	2
2701	13	20	2026-05-10	808	6	2026-05-14	9000	2
2702	14	9	2026-05-10	703	58	2026-05-14	11000	2
2703	37	8	2026-05-10	1701	28	2026-05-13	4000	2
2704	24	1	2026-05-10	607	13	2026-05-12	3000	2
2705	47	18	2026-05-10	607	45	2026-05-11	8000	2
2706	46	10	2026-05-10	304	49	2026-05-13	6500	2
2707	25	20	2026-05-10	604	54	2026-05-14	14000	2
2708	1	17	2026-05-10	1303	20	2026-05-11	6500	2
2709	7	11	2026-05-10	103	53	2026-05-12	6200	2
2710	41	18	2026-05-10	806	1	2026-05-11	9000	2
2711	9	12	2026-05-10	1504	54	2026-05-12	3500	2
2712	19	2	2026-05-10	202	25	2026-05-17	21000	2
2713	41	13	2026-05-10	806	14	2026-05-12	6500	2
2714	46	7	2026-05-10	1701	3	2026-05-12	6500	2
2715	17	11	2026-05-10	402	25	2026-05-12	3200	2
2716	23	17	2026-05-10	205	26	2026-05-11	7000	2
2717	2	18	2026-05-11	808	35	2026-05-12	9000	2
2718	27	7	2026-05-11	1201	35	2026-05-13	8500	2
2719	30	12	2026-05-11	103	25	2026-05-13	8000	2
2720	23	15	2026-05-11	1309	56	2026-05-16	15500	2
2721	14	11	2026-05-11	401	10	2026-05-13	4700	2
2722	50	20	2026-05-11	905	41	2026-05-15	10500	2
2723	18	4	2026-05-11	907	47	2026-05-12	4000	2
2724	16	13	2026-05-11	703	24	2026-05-13	9500	2
2725	21	18	2026-05-11	306	22	2026-05-12	11000	2
2726	23	10	2026-05-11	703	27	2026-05-14	4500	2
2727	49	8	2026-05-11	1207	35	2026-05-14	4500	2
2728	14	7	2026-05-11	1607	54	2026-05-13	5500	2
2729	18	19	2026-05-11	108	12	2026-05-13	4200	2
2730	10	2	2026-05-11	607	5	2026-05-18	21500	2
2731	26	17	2026-05-11	604	29	2026-05-12	6000	2
2732	43	7	2026-05-11	1003	31	2026-05-13	8500	2
2733	23	18	2026-05-11	108	55	2026-05-12	9500	2
2734	17	14	2026-05-11	502	38	2026-05-16	12500	2
2735	20	3	2026-05-11	1504	40	2026-05-13	3500	2
2736	22	12	2026-05-11	1702	9	2026-05-13	6000	2
2737	20	15	2026-05-12	808	24	2026-05-17	20000	2
2738	24	3	2026-05-12	808	60	2026-05-14	4000	2
2739	35	7	2026-05-12	505	43	2026-05-14	4500	2
2740	20	19	2026-05-12	604	46	2026-05-14	2700	2
2741	45	16	2026-05-12	1702	25	2026-05-13	6000	2
2742	18	14	2026-05-12	202	9	2026-05-17	13000	2
2743	34	16	2026-05-12	801	19	2026-05-13	8000	2
2744	31	12	2026-05-12	502	1	2026-05-14	4000	2
2745	23	3	2026-05-12	1404	35	2026-05-14	5500	2
2746	10	12	2026-05-12	306	59	2026-05-14	6000	2
2747	43	17	2026-05-12	1607	8	2026-05-13	8000	2
2748	6	19	2026-05-12	1309	49	2026-05-14	2200	2
2749	32	20	2026-05-12	607	13	2026-05-16	9500	2
2750	11	11	2026-05-12	701	38	2026-05-14	4200	2
2751	13	16	2026-05-12	108	2	2026-05-13	6000	2
2752	40	12	2026-05-12	806	37	2026-05-14	8000	2
2753	39	13	2026-05-12	907	33	2026-05-14	6000	2
2754	7	3	2026-05-12	1107	6	2026-05-14	3500	2
2755	8	16	2026-05-12	1607	10	2026-05-13	5000	2
2756	49	5	2026-05-12	1504	51	2026-05-15	8500	2
2757	16	1	2026-05-12	905	59	2026-05-14	3000	2
2758	39	1	2026-05-12	1702	60	2026-05-14	6000	2
2759	28	3	2026-05-12	108	29	2026-05-14	5500	2
2760	50	9	2026-05-12	202	18	2026-05-16	9000	2
2761	36	16	2026-05-12	1001	56	2026-05-13	5500	2
2762	38	14	2026-05-12	1107	15	2026-05-17	12500	2
2763	47	1	2026-05-12	205	50	2026-05-14	4500	2
2764	35	14	2026-05-13	905	18	2026-05-18	17000	2
2765	20	18	2026-05-13	1102	43	2026-05-14	11000	2
2766	12	7	2026-05-13	703	15	2026-05-15	4000	2
2767	44	6	2026-05-13	1702	12	2026-05-15	4500	2
2768	30	20	2026-05-13	1107	32	2026-05-17	9500	2
2769	5	16	2026-05-13	401	1	2026-05-14	8000	2
2770	50	5	2026-05-13	502	51	2026-05-16	8000	2
2771	28	7	2026-05-13	806	28	2026-05-15	5500	2
2772	5	14	2026-05-13	306	2	2026-05-18	13000	2
2773	10	9	2026-05-13	1202	3	2026-05-17	7000	2
2774	34	17	2026-05-13	1105	35	2026-05-14	6500	2
2775	41	14	2026-05-13	505	6	2026-05-18	13500	2
2776	49	20	2026-05-13	108	44	2026-05-17	9000	2
2777	48	12	2026-05-13	1107	42	2026-05-15	3000	2
2778	34	4	2026-05-13	505	55	2026-05-14	5000	2
2779	22	4	2026-05-13	1504	37	2026-05-14	4000	2
2780	36	14	2026-05-13	103	1	2026-05-18	12500	2
2781	14	3	2026-05-13	1303	57	2026-05-15	7500	2
2782	50	11	2026-05-13	1303	53	2026-05-15	4700	2
2783	25	14	2026-05-13	505	1	2026-05-18	12500	2
2784	1	6	2026-05-13	1605	48	2026-05-15	7500	2
2785	17	20	2026-05-13	907	2	2026-05-17	14000	2
2786	36	11	2026-05-13	1105	50	2026-05-15	4200	2
2787	45	1	2026-05-13	505	29	2026-05-15	3500	2
2788	26	20	2026-05-14	803	2	2026-05-18	10000	2
2789	22	10	2026-05-14	1201	17	2026-05-17	6500	2
2790	29	12	2026-05-14	1107	9	2026-05-16	3000	2
2791	12	17	2026-05-14	108	46	2026-05-15	6000	2
2792	17	8	2026-05-14	401	50	2026-05-17	9000	2
2793	1	10	2026-05-14	1701	57	2026-05-17	6500	2
2794	27	18	2026-05-14	1207	59	2026-05-15	11000	2
2795	38	5	2026-05-14	112	12	2026-05-17	8000	2
2796	5	16	2026-05-14	1003	59	2026-05-15	7000	2
2797	5	6	2026-05-14	1102	34	2026-05-16	7500	2
2798	13	9	2026-05-14	1605	12	2026-05-18	11000	2
2799	43	5	2026-05-14	306	39	2026-05-17	7500	2
2800	7	20	2026-05-14	1001	22	2026-05-18	14000	2
2801	21	9	2026-05-14	1105	25	2026-05-18	7000	2
2802	26	16	2026-05-14	304	24	2026-05-15	6000	2
2803	26	11	2026-05-14	1607	23	2026-05-16	3200	2
2804	36	2	2026-05-14	505	11	2026-05-21	23000	2
2805	49	5	2026-05-14	502	51	2026-05-17	10000	2
2806	39	8	2026-05-14	1001	7	2026-05-17	6000	2
2807	4	5	2026-05-14	1107	13	2026-05-17	8000	2
2808	28	8	2026-05-14	1504	37	2026-05-17	4500	2
2809	23	4	2026-05-14	908	27	2026-05-15	4500	2
2810	44	3	2026-05-14	1404	57	2026-05-16	4500	2
2811	29	13	2026-05-14	302	28	2026-05-16	6500	2
2812	35	13	2026-05-15	803	32	2026-05-17	5500	2
2813	4	15	2026-05-15	801	7	2026-05-20	20000	2
2814	18	17	2026-05-15	806	37	2026-05-16	6000	2
2815	1	8	2026-05-15	306	16	2026-05-18	4000	2
2816	48	9	2026-05-15	1702	50	2026-05-19	8000	2
2817	43	5	2026-05-15	112	4	2026-05-18	9000	2
2818	35	8	2026-05-15	103	28	2026-05-18	4000	2
2819	13	18	2026-05-15	1202	11	2026-05-16	9000	2
2820	47	3	2026-05-15	1207	38	2026-05-17	7500	2
2821	9	18	2026-05-15	801	60	2026-05-16	9000	2
2822	49	12	2026-05-15	1003	6	2026-05-17	5000	2
2823	1	6	2026-05-15	1202	28	2026-05-17	3500	2
2824	30	19	2026-05-15	906	15	2026-05-17	3200	2
2825	12	20	2026-05-16	202	50	2026-05-20	12000	2
2826	24	17	2026-05-16	1403	10	2026-05-17	11000	2
2827	36	9	2026-05-16	402	48	2026-05-20	8000	2
2828	17	5	2026-05-16	505	5	2026-05-19	8500	2
2829	13	13	2026-05-16	906	32	2026-05-18	6000	2
2830	25	4	2026-05-16	1207	42	2026-05-17	9000	2
2831	15	1	2026-05-16	907	9	2026-05-18	5000	2
2832	27	3	2026-05-16	906	57	2026-05-18	3000	2
2833	20	8	2026-05-16	703	3	2026-05-19	5000	2
2834	26	13	2026-05-16	304	31	2026-05-18	7500	2
2835	1	19	2026-05-16	1001	46	2026-05-18	4200	2
2836	5	7	2026-05-16	112	41	2026-05-18	5500	2
2837	46	19	2026-05-16	1107	50	2026-05-18	2700	2
2838	50	19	2026-05-16	1701	6	2026-05-18	3700	2
2839	20	7	2026-05-16	607	25	2026-05-18	4000	2
2840	35	10	2026-05-16	907	18	2026-05-19	6500	2
2841	17	13	2026-05-16	1605	43	2026-05-18	5500	2
2842	23	11	2026-05-16	701	12	2026-05-18	4700	2
2843	8	11	2026-05-16	103	30	2026-05-18	8200	2
2844	2	18	2026-05-16	806	19	2026-05-17	9500	2
2845	24	15	2026-05-17	202	9	2026-05-22	17000	2
2846	14	6	2026-05-17	703	8	2026-05-19	4500	2
2847	42	8	2026-05-17	801	33	2026-05-20	6000	2
2848	22	15	2026-05-17	905	54	2026-05-22	15500	2
2849	36	10	2026-05-17	806	20	2026-05-20	5000	2
2850	4	15	2026-05-17	703	8	2026-05-22	16000	2
2851	40	16	2026-05-17	1605	10	2026-05-18	6000	2
2852	26	16	2026-05-17	604	44	2026-05-18	8000	2
2853	8	18	2026-05-17	1202	27	2026-05-18	9500	2
2854	10	6	2026-05-17	1105	37	2026-05-19	2500	2
2855	15	11	2026-05-17	112	27	2026-05-19	5200	2
2856	45	3	2026-05-17	703	14	2026-05-19	3000	2
2857	13	14	2026-05-17	112	41	2026-05-22	14000	2
2858	17	18	2026-05-17	103	35	2026-05-18	13000	2
2859	23	11	2026-05-17	1001	24	2026-05-19	3200	2
2860	5	18	2026-05-17	1003	58	2026-05-18	10000	2
2861	19	2	2026-05-17	302	19	2026-05-24	20500	2
2862	2	5	2026-05-17	302	23	2026-05-20	8500	2
2863	38	3	2026-05-17	302	24	2026-05-19	3000	2
2864	37	8	2026-05-18	502	40	2026-05-21	4000	2
2865	27	9	2026-05-18	907	2	2026-05-22	9000	2
2866	19	12	2026-05-18	505	16	2026-05-20	5000	2
2867	47	3	2026-05-18	801	55	2026-05-20	2500	2
2868	7	3	2026-05-18	1403	11	2026-05-20	5500	2
2869	34	10	2026-05-18	502	50	2026-05-21	8500	2
2870	32	15	2026-05-18	604	18	2026-05-23	17000	2
2871	27	3	2026-05-18	1001	41	2026-05-20	3000	2
2872	22	1	2026-05-18	304	25	2026-05-20	5000	2
2873	14	6	2026-05-18	906	52	2026-05-20	7500	2
2874	2	19	2026-05-18	604	38	2026-05-20	7200	2
2875	39	16	2026-05-18	505	44	2026-05-19	5000	2
2876	5	19	2026-05-18	908	35	2026-05-20	2700	2
2877	18	15	2026-05-18	1303	30	2026-05-23	16000	2
2878	18	4	2026-05-18	1702	28	2026-05-19	6000	2
2879	25	19	2026-05-18	907	22	2026-05-20	4200	2
2880	32	18	2026-05-18	1303	12	2026-05-19	10000	2
2881	15	11	2026-05-18	1105	54	2026-05-20	3700	2
2882	12	13	2026-05-18	1701	51	2026-05-20	5500	2
2883	16	12	2026-05-18	401	23	2026-05-20	8000	2
2884	36	16	2026-05-18	1202	31	2026-05-19	10000	2
2885	4	1	2026-05-18	1607	9	2026-05-20	8000	2
2886	42	11	2026-05-18	1701	56	2026-05-20	4200	2
2887	34	19	2026-05-18	304	51	2026-05-20	2700	2
2888	21	1	2026-05-18	402	16	2026-05-20	3500	2
2889	36	1	2026-05-18	908	46	2026-05-20	5000	2
2890	22	13	2026-05-18	1701	58	2026-05-20	5000	2
2891	28	11	2026-05-19	402	59	2026-05-21	3200	2
2892	19	19	2026-05-19	803	16	2026-05-21	3700	2
2893	30	9	2026-05-19	502	11	2026-05-23	6000	2
2894	48	13	2026-05-19	607	40	2026-05-21	7500	2
2895	13	18	2026-05-19	401	10	2026-05-20	9000	2
2896	7	18	2026-05-19	1404	11	2026-05-20	11000	2
2897	18	4	2026-05-19	501	32	2026-05-20	5000	2
2898	9	19	2026-05-19	1605	48	2026-05-21	2200	2
2899	15	3	2026-05-19	1107	24	2026-05-21	2500	2
2900	48	2	2026-05-19	112	10	2026-05-26	22000	2
2901	27	5	2026-05-19	501	14	2026-05-22	7000	2
2902	44	4	2026-05-19	1003	39	2026-05-20	6000	2
2903	9	14	2026-05-19	1607	55	2026-05-24	15000	2
2904	4	13	2026-05-19	108	56	2026-05-21	9500	2
2905	37	2	2026-05-19	607	36	2026-05-26	25000	2
2906	9	1	2026-05-19	1105	23	2026-05-21	5000	2
2907	26	9	2026-05-19	1001	35	2026-05-23	8000	2
2908	32	13	2026-05-19	1605	12	2026-05-21	5000	2
2909	11	7	2026-05-19	701	23	2026-05-21	8500	2
2910	26	10	2026-05-19	803	50	2026-05-22	8500	2
2911	46	9	2026-05-19	108	59	2026-05-23	6000	2
2912	12	7	2026-05-20	803	45	2026-05-22	5500	2
2913	19	4	2026-05-20	1105	3	2026-05-21	7000	2
2914	31	18	2026-05-20	1403	4	2026-05-21	9500	2
2915	50	13	2026-05-20	1001	11	2026-05-22	6000	2
2916	34	10	2026-05-20	806	56	2026-05-23	4500	2
2917	2	9	2026-05-20	1607	6	2026-05-24	11000	2
2918	35	13	2026-05-20	202	44	2026-05-22	5500	2
2919	5	5	2026-05-20	1605	10	2026-05-23	12000	2
2920	31	8	2026-05-20	1102	15	2026-05-23	5500	2
2921	4	12	2026-05-20	908	54	2026-05-22	4500	2
2922	27	18	2026-05-20	1001	22	2026-05-21	9500	2
2923	28	20	2026-05-20	701	37	2026-05-24	14000	2
2924	46	2	2026-05-20	906	34	2026-05-27	23000	2
2925	14	1	2026-05-20	1303	10	2026-05-22	8000	2
2926	4	17	2026-05-20	302	54	2026-05-21	6500	2
2927	13	1	2026-05-21	1701	9	2026-05-23	4500	2
2928	8	9	2026-05-21	703	41	2026-05-25	7000	2
2929	20	15	2026-05-21	1001	14	2026-05-26	18000	2
2930	22	20	2026-05-21	801	57	2026-05-25	10000	2
2931	11	8	2026-05-21	1105	19	2026-05-24	4000	2
2932	10	18	2026-05-21	112	23	2026-05-22	11000	2
2933	22	12	2026-05-21	1605	37	2026-05-23	4500	2
2934	1	15	2026-05-21	1107	16	2026-05-26	16000	2
2935	23	8	2026-05-21	108	41	2026-05-24	7000	2
2936	29	17	2026-05-21	1404	22	2026-05-22	6500	2
2937	46	11	2026-05-21	304	48	2026-05-23	4200	2
2938	43	19	2026-05-21	1207	44	2026-05-23	5200	2
2939	43	3	2026-05-21	1207	48	2026-05-23	4000	2
2940	49	7	2026-05-21	1207	31	2026-05-23	8500	2
2941	26	7	2026-05-21	304	45	2026-05-23	5500	2
2942	44	16	2026-05-22	803	31	2026-05-23	5500	2
2943	28	5	2026-05-22	801	4	2026-05-25	8000	2
2944	45	3	2026-05-22	1607	7	2026-05-24	4000	2
2945	41	5	2026-05-22	1403	27	2026-05-25	10000	2
2946	17	1	2026-05-22	701	12	2026-05-24	5000	2
2947	3	6	2026-05-22	1105	5	2026-05-24	3500	2
2948	6	10	2026-05-22	1105	36	2026-05-25	6500	2
2949	45	10	2026-05-22	1003	29	2026-05-25	8500	2
2950	46	12	2026-05-22	103	24	2026-05-24	4000	2
2951	11	16	2026-05-22	906	7	2026-05-23	5000	2
2952	31	8	2026-05-22	703	4	2026-05-25	4500	2
2953	41	18	2026-05-22	402	16	2026-05-23	13000	2
2954	25	3	2026-05-22	1105	2	2026-05-24	3000	2
2955	8	10	2026-05-22	505	4	2026-05-25	8500	2
2956	31	3	2026-05-22	1003	7	2026-05-24	4000	2
2957	2	2	2026-05-22	1607	54	2026-05-29	21000	2
2958	13	2	2026-05-22	501	8	2026-05-29	20000	2
2959	6	9	2026-05-22	306	52	2026-05-26	7000	2
2960	6	11	2026-05-22	202	5	2026-05-24	8200	2
2961	41	9	2026-05-22	801	52	2026-05-26	6500	2
2962	39	11	2026-05-23	1201	53	2026-05-25	8200	2
2963	7	15	2026-05-23	803	3	2026-05-28	16000	2
2964	25	7	2026-05-23	1701	52	2026-05-25	3500	2
2965	30	20	2026-05-23	1309	30	2026-05-27	11000	2
2966	3	5	2026-05-23	401	52	2026-05-26	10000	2
2967	37	13	2026-05-23	803	53	2026-05-25	4500	2
2968	22	2	2026-05-23	703	52	2026-05-30	22000	2
2969	38	4	2026-05-23	1403	27	2026-05-24	7000	2
2970	32	4	2026-05-23	304	40	2026-05-24	9000	2
2971	8	17	2026-05-23	112	24	2026-05-24	7000	2
2972	41	11	2026-05-23	806	35	2026-05-25	8200	2
2973	25	10	2026-05-23	304	2	2026-05-26	4500	2
2974	45	11	2026-05-23	401	17	2026-05-25	3200	2
2975	33	15	2026-05-23	112	2	2026-05-28	20000	2
2976	1	19	2026-05-23	306	29	2026-05-25	3700	2
2977	8	5	2026-05-23	306	51	2026-05-26	7500	2
2978	6	15	2026-05-23	402	19	2026-05-28	15500	2
2979	42	7	2026-05-23	906	16	2026-05-25	4500	2
2980	38	4	2026-05-23	1105	59	2026-05-24	5000	2
2981	25	18	2026-05-23	907	45	2026-05-24	8000	2
2982	37	19	2026-05-24	1107	3	2026-05-26	7200	2
2983	36	3	2026-05-24	502	56	2026-05-26	4000	2
2984	35	10	2026-05-24	505	34	2026-05-27	3500	2
2985	17	3	2026-05-24	908	4	2026-05-26	3500	2
2986	16	16	2026-05-24	402	4	2026-05-25	6000	2
2987	8	17	2026-05-24	401	11	2026-05-25	7500	2
2988	36	20	2026-05-24	202	31	2026-05-28	10000	2
2989	30	9	2026-05-24	103	42	2026-05-28	6500	2
2990	3	20	2026-05-24	401	43	2026-05-28	10000	2
2991	11	8	2026-05-24	202	48	2026-05-27	4000	2
2992	4	11	2026-05-24	108	50	2026-05-26	8200	2
2993	21	12	2026-05-24	1702	3	2026-05-26	5000	2
2994	46	7	2026-05-24	112	59	2026-05-26	5000	2
2995	26	18	2026-05-24	1003	57	2026-05-25	9500	2
2996	35	18	2026-05-24	1504	1	2026-05-25	8000	2
2997	5	19	2026-05-24	302	22	2026-05-26	2700	2
2998	33	8	2026-05-25	803	20	2026-05-28	5500	2
2999	19	17	2026-05-25	803	25	2026-05-26	7500	2
3000	22	3	2026-05-25	1702	15	2026-05-27	7500	2
3001	44	8	2026-05-25	304	15	2026-05-28	5500	2
3002	27	11	2026-05-25	801	27	2026-05-27	6200	2
3003	37	13	2026-05-25	1105	25	2026-05-27	9500	2
3004	43	6	2026-05-25	1504	45	2026-05-27	2500	2
3005	34	14	2026-05-25	401	48	2026-05-30	12000	2
3006	12	6	2026-05-25	304	52	2026-05-27	5500	2
3007	18	13	2026-05-25	1309	44	2026-05-27	7500	2
3008	27	6	2026-05-25	1102	57	2026-05-27	3500	2
3009	4	12	2026-05-25	1504	21	2026-05-27	8000	2
3010	4	9	2026-05-25	1309	32	2026-05-29	6000	2
3011	50	20	2026-05-25	701	37	2026-05-29	12000	2
3012	38	13	2026-05-25	502	51	2026-05-27	5500	2
3013	17	12	2026-05-25	1404	26	2026-05-27	4500	2
3014	41	18	2026-05-25	1202	50	2026-05-26	8000	2
3015	5	7	2026-05-25	907	59	2026-05-27	6500	2
3016	20	5	2026-05-25	801	46	2026-05-28	9000	2
3017	17	8	2026-05-25	906	2	2026-05-28	4000	2
3018	7	10	2026-05-25	306	34	2026-05-28	5500	2
3019	15	14	2026-05-25	1003	48	2026-05-30	15000	2
3020	6	13	2026-05-25	108	53	2026-05-27	5000	2
3021	18	19	2026-05-25	1003	2	2026-05-27	3700	2
3022	38	19	2026-05-25	505	7	2026-05-27	3200	2
3023	4	8	2026-05-25	604	1	2026-05-28	4500	2
3024	20	9	2026-05-25	905	36	2026-05-29	8000	2
3025	24	20	2026-05-25	701	5	2026-05-29	11000	2
3026	48	6	2026-05-25	908	41	2026-05-27	5500	2
3027	19	19	2026-05-25	1404	43	2026-05-27	4200	2
3028	8	6	2026-05-25	304	32	2026-05-27	4500	2
3029	13	11	2026-05-25	1309	5	2026-05-27	4700	2
3030	37	7	2026-05-25	302	41	2026-05-27	8500	2
3031	11	15	2026-05-26	1504	13	2026-05-31	18000	2
3032	8	19	2026-05-26	604	28	2026-05-28	3200	2
3033	36	20	2026-05-26	1607	43	2026-05-30	11000	2
3034	11	2	2026-05-26	103	54	2026-06-02	23000	2
3035	14	2	2026-05-26	1202	5	2026-06-02	20000	2
3036	23	18	2026-05-26	801	8	2026-05-27	13000	2
3037	45	7	2026-05-26	1003	8	2026-05-28	4500	2
3038	46	9	2026-05-26	402	51	2026-05-30	11000	2
3039	33	7	2026-05-26	806	5	2026-05-28	4500	2
3040	9	14	2026-05-26	505	9	2026-05-31	12000	2
3041	26	13	2026-05-26	604	23	2026-05-28	5500	2
3042	10	20	2026-05-26	108	25	2026-05-30	11000	2
3043	21	11	2026-05-26	112	20	2026-05-28	3700	2
3044	3	13	2026-05-26	103	41	2026-05-28	6000	2
3045	47	7	2026-05-26	108	54	2026-05-28	6500	2
3046	31	16	2026-05-26	1702	13	2026-05-27	6500	2
3047	23	10	2026-05-26	505	20	2026-05-29	4500	2
3048	16	18	2026-05-26	803	43	2026-05-27	9500	2
3049	8	14	2026-05-26	1702	54	2026-05-31	13500	2
3050	32	18	2026-05-26	1107	37	2026-05-27	8000	2
3051	6	4	2026-05-26	701	52	2026-05-27	4000	2
3052	39	2	2026-05-26	907	3	2026-06-02	20000	2
3053	40	20	2026-05-26	1605	8	2026-05-30	9500	2
3054	20	15	2026-05-26	1202	42	2026-05-31	16000	2
3055	43	18	2026-05-26	1404	40	2026-05-27	11000	2
3056	18	13	2026-05-26	701	16	2026-05-28	6500	2
3057	7	19	2026-05-26	1309	47	2026-05-28	3200	2
3058	30	20	2026-05-26	302	49	2026-05-30	10500	2
3059	34	6	2026-05-27	1201	21	2026-05-29	4500	2
3060	27	6	2026-05-27	1303	9	2026-05-29	7500	2
3061	8	3	2026-05-27	803	3	2026-05-29	3000	2
3062	31	18	2026-05-27	703	59	2026-05-28	10000	2
3063	13	5	2026-05-27	505	44	2026-05-30	8500	2
3064	6	11	2026-05-27	803	58	2026-05-29	4700	2
3065	25	14	2026-05-27	402	24	2026-06-01	13000	2
3066	36	10	2026-05-27	1309	5	2026-05-30	3500	2
3067	49	4	2026-05-27	202	24	2026-05-28	4000	2
3068	29	18	2026-05-27	1403	22	2026-05-28	10000	2
3069	40	10	2026-05-27	108	41	2026-05-30	4000	2
3070	40	11	2026-05-27	1107	4	2026-05-29	3200	2
3071	31	4	2026-05-27	402	48	2026-05-28	4000	2
3072	44	1	2026-05-27	905	44	2026-05-29	6000	2
3073	20	18	2026-05-27	1202	42	2026-05-28	8500	2
3074	5	2	2026-05-27	607	16	2026-06-03	20500	2
3075	12	20	2026-05-27	402	27	2026-05-31	11000	2
3076	43	9	2026-05-27	803	8	2026-05-31	11000	2
3077	33	9	2026-05-27	302	9	2026-05-31	6000	2
3078	42	4	2026-05-27	302	30	2026-05-28	6000	2
3079	39	14	2026-05-28	607	39	2026-06-02	14000	2
3080	28	11	2026-05-28	103	6	2026-05-30	3700	2
3081	25	9	2026-05-28	1001	39	2026-06-01	6500	2
3082	18	19	2026-05-28	1701	6	2026-05-30	5200	2
3083	49	19	2026-05-28	505	17	2026-05-30	3700	2
3084	44	12	2026-05-28	907	48	2026-05-30	3000	2
3085	38	19	2026-05-28	1003	48	2026-05-30	5200	2
3086	49	4	2026-05-28	703	44	2026-05-29	6000	2
3087	38	1	2026-05-28	604	25	2026-05-30	4000	2
3088	19	8	2026-05-28	801	39	2026-05-31	5000	2
3089	26	17	2026-05-28	1105	5	2026-05-29	6500	2
3090	29	4	2026-05-28	103	37	2026-05-29	4500	2
3091	27	8	2026-05-28	1202	59	2026-05-31	5500	2
3092	45	4	2026-05-28	304	38	2026-05-29	9000	2
3093	49	13	2026-05-28	401	56	2026-05-30	7500	2
3094	22	7	2026-05-28	304	9	2026-05-30	8500	2
3095	12	9	2026-05-28	1607	52	2026-06-01	6500	2
3096	9	11	2026-05-28	1003	9	2026-05-30	5200	2
3097	35	12	2026-05-29	803	35	2026-05-31	3500	2
3098	1	2	2026-05-29	1201	36	2026-06-05	23000	2
3099	19	13	2026-05-29	1201	43	2026-05-31	5500	2
3100	30	12	2026-05-29	1105	38	2026-05-31	6000	2
3101	23	10	2026-05-29	806	39	2026-06-01	6500	2
3102	27	2	2026-05-29	1404	16	2026-06-05	21500	2
3103	14	3	2026-05-29	607	12	2026-05-31	4000	2
3104	12	14	2026-05-29	803	53	2026-06-03	13000	2
3105	45	5	2026-05-29	1001	24	2026-06-01	7000	2
3106	23	11	2026-05-29	304	18	2026-05-31	4200	2
3107	6	17	2026-05-29	112	14	2026-05-30	7500	2
3108	23	15	2026-05-29	1403	1	2026-06-03	18000	2
3109	24	19	2026-05-29	1107	16	2026-05-31	3700	2
3110	43	7	2026-05-29	1701	10	2026-05-31	6500	2
3111	7	20	2026-05-29	1102	1	2026-06-02	10000	2
3112	14	7	2026-05-29	1003	45	2026-05-31	3500	2
3113	26	10	2026-05-29	1207	60	2026-06-01	8500	2
3114	40	4	2026-05-29	202	1	2026-05-30	5000	2
3115	41	17	2026-05-29	604	40	2026-05-30	6500	2
3116	48	20	2026-05-29	806	34	2026-06-02	10500	2
3117	23	8	2026-05-29	1504	24	2026-06-01	5000	2
3118	41	20	2026-05-30	703	1	2026-06-03	11000	2
3119	4	4	2026-05-30	1202	55	2026-05-31	5000	2
3120	48	14	2026-05-30	401	44	2026-06-04	15000	2
3121	30	1	2026-05-30	906	28	2026-06-01	8000	2
3122	19	8	2026-05-30	1403	11	2026-06-02	6000	2
3123	40	4	2026-05-30	103	35	2026-05-31	7000	2
3124	45	1	2026-05-30	906	24	2026-06-01	5000	2
3125	10	15	2026-05-30	703	11	2026-06-04	15500	2
3126	8	15	2026-05-30	1607	14	2026-06-04	20000	2
3127	31	10	2026-05-30	1605	40	2026-06-02	3500	2
3128	26	12	2026-05-30	907	52	2026-06-01	5000	2
3129	47	1	2026-05-30	1107	48	2026-06-01	8000	2
3130	35	13	2026-05-30	905	27	2026-06-01	6000	2
3131	32	7	2026-05-30	1403	32	2026-06-01	4500	2
3132	5	10	2026-05-30	803	4	2026-06-02	6500	2
3133	6	4	2026-05-30	1404	43	2026-05-31	4000	2
3134	5	14	2026-05-30	1702	42	2026-06-04	13000	2
3135	15	18	2026-05-30	607	16	2026-05-31	9500	2
3136	30	16	2026-05-30	302	56	2026-05-31	7000	2
3137	23	14	2026-05-31	803	41	2026-06-05	12000	2
3138	11	15	2026-05-31	1105	40	2026-06-05	20000	2
3139	8	15	2026-05-31	1701	56	2026-06-05	18000	2
3140	4	6	2026-05-31	501	26	2026-06-02	2500	2
3141	23	9	2026-05-31	402	4	2026-06-04	7500	2
3142	9	15	2026-05-31	1202	37	2026-06-05	18000	2
3143	14	16	2026-05-31	907	52	2026-06-01	8000	2
3144	18	15	2026-05-31	1504	8	2026-06-05	15000	2
3145	31	3	2026-05-31	1001	57	2026-06-02	7500	2
3146	21	2	2026-05-31	701	9	2026-06-07	23000	2
3147	20	3	2026-05-31	502	44	2026-06-02	4000	2
3148	9	1	2026-05-31	1309	30	2026-06-02	3000	2
3149	26	11	2026-05-31	502	6	2026-06-02	4700	2
3150	44	8	2026-05-31	801	60	2026-06-03	9000	2
3151	10	10	2026-05-31	604	44	2026-06-03	4000	2
3152	24	15	2026-05-31	1309	10	2026-06-05	15500	2
3153	33	9	2026-05-31	202	1	2026-06-04	9000	2
3154	44	10	2026-05-31	112	42	2026-06-03	4000	2
3155	5	15	2026-06-01	908	4	2026-06-06	18000	2
3156	43	16	2026-06-01	604	12	2026-06-02	6500	2
3157	37	16	2026-06-01	1404	37	2026-06-02	5000	2
3158	47	11	2026-06-01	202	24	2026-06-03	3200	2
3159	48	11	2026-06-01	401	36	2026-06-03	5200	2
3160	20	11	2026-06-01	604	49	2026-06-03	4700	2
3161	45	19	2026-06-01	1107	8	2026-06-03	7200	2
3162	43	11	2026-06-01	1309	24	2026-06-03	4700	2
3163	30	11	2026-06-01	304	46	2026-06-03	6200	2
3164	30	20	2026-06-01	1702	48	2026-06-05	14000	2
3165	11	16	2026-06-01	402	50	2026-06-02	8000	2
3166	26	3	2026-06-01	1001	15	2026-06-03	2500	2
3167	46	16	2026-06-01	1102	58	2026-06-02	6000	2
3168	28	9	2026-06-01	1607	34	2026-06-05	6000	2
3169	27	13	2026-06-01	803	2	2026-06-03	5500	2
3170	2	14	2026-06-01	1107	33	2026-06-06	13000	2
3171	24	8	2026-06-01	1504	32	2026-06-04	5500	2
3172	14	3	2026-06-01	604	10	2026-06-03	4500	2
3173	20	3	2026-06-01	1303	57	2026-06-03	3500	2
3174	41	1	2026-06-01	905	57	2026-06-03	3500	2
3175	39	13	2026-06-01	1702	23	2026-06-03	5000	2
3176	1	20	2026-06-01	1607	33	2026-06-05	14000	2
3177	31	6	2026-06-01	1309	14	2026-06-03	5500	2
3178	5	14	2026-06-01	1403	40	2026-06-06	15000	2
3179	28	2	2026-06-02	803	46	2026-06-09	20500	2
3180	16	6	2026-06-02	604	60	2026-06-04	5500	2
3181	47	11	2026-06-02	1105	14	2026-06-04	5200	2
3182	40	4	2026-06-02	1001	34	2026-06-03	5000	2
3183	21	12	2026-06-02	1207	31	2026-06-04	4000	2
3184	10	7	2026-06-02	401	58	2026-06-04	4000	2
3185	16	12	2026-06-02	501	57	2026-06-04	4000	2
3186	37	6	2026-06-02	306	44	2026-06-04	3000	2
3187	27	17	2026-06-02	604	51	2026-06-03	7500	2
3188	29	14	2026-06-02	908	13	2026-06-07	13500	2
3189	45	14	2026-06-02	202	17	2026-06-07	15000	2
3190	38	9	2026-06-02	1403	43	2026-06-06	7500	2
3191	5	6	2026-06-02	202	6	2026-06-04	4000	2
3192	48	20	2026-06-02	604	35	2026-06-06	14000	2
3193	27	3	2026-06-02	1003	5	2026-06-04	3500	2
3194	20	20	2026-06-02	801	32	2026-06-06	9500	2
3195	12	13	2026-06-02	202	32	2026-06-04	9500	2
3196	7	18	2026-06-02	103	37	2026-06-03	9500	2
3197	26	4	2026-06-02	1403	36	2026-06-03	6000	2
3198	17	2	2026-06-02	302	46	2026-06-09	20000	2
3199	26	5	2026-06-02	302	24	2026-06-05	7500	2
3200	11	7	2026-06-02	302	10	2026-06-04	3500	2
3201	8	1	2026-06-03	803	56	2026-06-05	3000	2
3202	4	16	2026-06-03	1201	16	2026-06-04	5500	2
3203	43	9	2026-06-03	202	41	2026-06-07	6500	2
3204	18	5	2026-06-03	906	51	2026-06-06	8000	2
3205	26	3	2026-06-03	806	37	2026-06-05	3000	2
3206	34	17	2026-06-03	1309	28	2026-06-04	9000	2
3207	41	17	2026-06-03	1202	40	2026-06-04	11000	2
3208	3	19	2026-06-03	604	34	2026-06-05	4200	2
3209	37	13	2026-06-03	906	23	2026-06-05	9500	2
3210	44	6	2026-06-03	1309	12	2026-06-05	2500	2
3211	1	13	2026-06-03	1003	42	2026-06-05	9500	2
3212	15	1	2026-06-03	1607	39	2026-06-05	8000	2
3213	34	20	2026-06-03	908	49	2026-06-07	10000	2
3214	37	15	2026-06-03	103	55	2026-06-08	17000	2
3215	49	6	2026-06-03	806	7	2026-06-05	2500	2
3216	1	17	2026-06-03	1003	60	2026-06-04	7000	2
3217	20	5	2026-06-03	1504	16	2026-06-06	8500	2
3218	47	13	2026-06-03	1001	10	2026-06-05	5000	2
3219	8	2	2026-06-03	1207	34	2026-06-10	20500	2
3220	13	16	2026-06-04	803	32	2026-06-05	5000	2
3221	19	9	2026-06-04	806	48	2026-06-08	6000	2
3222	24	19	2026-06-04	801	1	2026-06-06	3700	2
3223	46	13	2026-06-04	908	52	2026-06-06	5000	2
3224	41	3	2026-06-04	1003	55	2026-06-06	2500	2
3225	24	14	2026-06-04	1202	52	2026-06-09	13000	2
3226	18	14	2026-06-04	1504	53	2026-06-09	13500	2
3227	47	2	2026-06-04	505	44	2026-06-11	25000	2
3228	41	4	2026-06-04	604	16	2026-06-05	6000	2
3229	22	6	2026-06-04	703	16	2026-06-06	4000	2
3230	5	13	2026-06-04	112	8	2026-06-06	6500	2
3231	6	2	2026-06-04	306	34	2026-06-11	21000	2
3232	41	14	2026-06-04	1105	9	2026-06-09	12000	2
3233	12	3	2026-06-04	304	50	2026-06-06	4000	2
3234	21	7	2026-06-04	401	30	2026-06-06	6500	2
3235	35	11	2026-06-04	1105	13	2026-06-06	8200	2
3236	36	13	2026-06-04	401	20	2026-06-06	4500	2
3237	27	3	2026-06-04	1202	23	2026-06-06	4500	2
3238	18	5	2026-06-05	803	6	2026-06-08	8000	2
3239	29	20	2026-06-05	1404	54	2026-06-09	11000	2
3240	32	3	2026-06-05	1607	22	2026-06-07	3500	2
3241	29	2	2026-06-05	1107	9	2026-06-12	21000	2
3242	25	18	2026-06-05	103	46	2026-06-06	9500	2
3243	29	6	2026-06-05	905	52	2026-06-07	5500	2
3244	4	17	2026-06-05	108	4	2026-06-06	6000	2
3245	37	9	2026-06-05	108	38	2026-06-09	6500	2
3246	25	16	2026-06-05	502	49	2026-06-06	5500	2
3247	5	8	2026-06-05	1403	4	2026-06-08	4000	2
3248	5	12	2026-06-05	1207	15	2026-06-07	4500	2
3249	35	13	2026-06-05	1202	35	2026-06-07	4500	2
3250	47	2	2026-06-05	806	24	2026-06-12	21500	2
3251	38	11	2026-06-05	801	50	2026-06-07	8200	2
3252	10	4	2026-06-05	1303	19	2026-06-06	7000	2
3253	29	16	2026-06-05	505	46	2026-06-06	7000	2
3254	19	17	2026-06-05	402	18	2026-06-06	7000	2
3255	4	11	2026-06-05	502	49	2026-06-07	5200	2
3256	19	7	2026-06-05	604	19	2026-06-07	3500	2
3257	1	3	2026-06-05	1605	29	2026-06-07	3500	2
3258	21	9	2026-06-05	1403	40	2026-06-09	9000	2
3259	12	3	2026-06-05	306	2	2026-06-07	5500	2
3260	29	7	2026-06-05	806	45	2026-06-07	8500	2
3261	36	12	2026-06-05	803	53	2026-06-07	3500	2
3262	9	11	2026-06-05	1207	59	2026-06-07	4700	2
3263	14	13	2026-06-05	1003	4	2026-06-07	5000	2
3264	16	7	2026-06-05	108	29	2026-06-07	3500	2
3265	50	5	2026-06-06	803	18	2026-06-09	8500	2
3266	11	8	2026-06-06	1003	10	2026-06-09	9000	2
3267	37	9	2026-06-06	1303	48	2026-06-10	6500	2
3268	27	17	2026-06-06	108	15	2026-06-07	7000	2
3269	47	15	2026-06-06	703	11	2026-06-11	20000	2
3270	27	2	2026-06-06	505	11	2026-06-13	20000	2
3271	3	5	2026-06-06	907	22	2026-06-09	7000	2
3272	3	2	2026-06-06	1701	55	2026-06-13	23000	2
3273	47	1	2026-06-06	1202	47	2026-06-08	6000	2
3274	46	9	2026-06-06	304	19	2026-06-10	6500	2
3275	41	7	2026-06-06	1701	29	2026-06-08	8500	2
3276	44	20	2026-06-06	1605	59	2026-06-10	9500	2
3277	28	19	2026-06-06	1207	49	2026-06-08	7200	2
3278	42	16	2026-06-06	905	33	2026-06-07	7000	2
3279	41	9	2026-06-06	505	19	2026-06-10	7000	2
3280	26	20	2026-06-06	1504	53	2026-06-10	10000	2
3281	24	15	2026-06-06	801	39	2026-06-11	17000	2
3282	27	9	2026-06-06	1309	19	2026-06-10	6000	2
3283	46	17	2026-06-06	1701	26	2026-06-07	9000	2
3284	40	11	2026-06-07	108	10	2026-06-09	4700	2
3285	34	12	2026-06-07	401	38	2026-06-09	3000	2
3286	6	13	2026-06-07	1309	27	2026-06-09	5000	2
3287	17	11	2026-06-07	1202	12	2026-06-09	3200	2
3288	20	13	2026-06-07	607	27	2026-06-09	5500	2
3289	16	10	2026-06-07	1105	5	2026-06-10	4000	2
3290	21	4	2026-06-07	1003	33	2026-06-08	4500	2
3291	13	3	2026-06-07	907	1	2026-06-09	4000	2
3292	36	8	2026-06-07	905	18	2026-06-10	9000	2
3293	38	4	2026-06-07	1202	8	2026-06-08	9000	2
3294	23	12	2026-06-07	1105	8	2026-06-09	4500	2
3295	40	20	2026-06-07	1702	10	2026-06-11	9000	2
3296	31	14	2026-06-07	1607	20	2026-06-12	14000	2
3297	13	5	2026-06-07	505	41	2026-06-10	10000	2
3298	9	12	2026-06-07	1102	38	2026-06-09	4000	2
3299	21	3	2026-06-07	803	59	2026-06-09	3500	2
3300	40	3	2026-06-08	1201	60	2026-06-10	3000	2
3301	16	2	2026-06-08	701	20	2026-06-15	20500	2
3302	5	5	2026-06-08	112	30	2026-06-11	8000	2
3303	16	7	2026-06-08	1001	2	2026-06-10	3500	2
3304	31	13	2026-06-08	202	15	2026-06-10	5500	2
3305	13	13	2026-06-08	1403	40	2026-06-10	7500	2
3306	43	8	2026-06-08	703	28	2026-06-11	4000	2
3307	36	15	2026-06-08	1605	48	2026-06-13	15500	2
3308	8	13	2026-06-08	501	57	2026-06-10	6500	2
3309	17	3	2026-06-08	304	8	2026-06-10	3500	2
3310	27	3	2026-06-08	1404	31	2026-06-10	3000	2
3311	14	7	2026-06-08	906	2	2026-06-10	5500	2
3312	36	15	2026-06-08	112	34	2026-06-13	16500	2
3313	14	10	2026-06-08	1404	20	2026-06-11	8500	2
3314	13	18	2026-06-08	1607	19	2026-06-09	9000	2
3315	50	19	2026-06-08	907	17	2026-06-10	7200	2
3316	3	9	2026-06-08	112	59	2026-06-12	7000	2
3317	36	7	2026-06-08	703	41	2026-06-10	5000	2
3318	48	14	2026-06-08	1105	33	2026-06-13	12000	2
3319	39	2	2026-06-08	1605	16	2026-06-15	21000	2
3320	26	14	2026-06-08	302	33	2026-06-13	15000	2
3321	28	15	2026-06-09	803	4	2026-06-14	15000	2
3322	21	6	2026-06-09	803	26	2026-06-11	3000	2
3323	8	3	2026-06-09	1701	3	2026-06-11	7500	2
3324	44	11	2026-06-09	701	55	2026-06-11	8200	2
3325	7	13	2026-06-09	501	8	2026-06-11	5000	2
3326	35	9	2026-06-09	803	53	2026-06-13	7000	2
3327	24	16	2026-06-09	1303	25	2026-06-10	5500	2
3328	21	15	2026-06-09	1403	20	2026-06-14	15000	2
3329	41	16	2026-06-09	304	48	2026-06-10	5500	2
3330	48	16	2026-06-09	502	15	2026-06-10	10000	2
3331	32	1	2026-06-09	1403	14	2026-06-11	3500	2
3332	1	1	2026-06-09	501	30	2026-06-11	4500	2
3333	31	6	2026-06-09	1404	22	2026-06-11	3500	2
3334	30	3	2026-06-09	1403	4	2026-06-11	5500	2
3335	13	2	2026-06-09	502	20	2026-06-16	21000	2
3336	39	10	2026-06-09	306	15	2026-06-12	5500	2
3337	30	18	2026-06-09	1701	50	2026-06-10	8500	2
3338	28	15	2026-06-09	402	40	2026-06-14	15000	2
3339	8	16	2026-06-09	302	1	2026-06-10	8000	2
3340	4	16	2026-06-10	803	39	2026-06-11	5500	2
3341	23	5	2026-06-10	1201	34	2026-06-13	10000	2
3342	20	11	2026-06-10	1504	56	2026-06-12	3700	2
3343	22	4	2026-06-10	1404	57	2026-06-11	6000	2
3344	32	10	2026-06-10	908	4	2026-06-13	5000	2
3345	13	4	2026-06-10	401	55	2026-06-11	5000	2
3346	44	13	2026-06-10	806	58	2026-06-12	5500	2
3347	40	12	2026-06-10	1303	28	2026-06-12	3000	2
3348	40	10	2026-06-10	502	38	2026-06-13	5000	2
3349	31	18	2026-06-10	401	47	2026-06-11	10000	2
3350	38	4	2026-06-10	905	28	2026-06-11	9000	2
3351	32	11	2026-06-10	1102	35	2026-06-12	6200	2
3352	3	11	2026-06-10	1309	33	2026-06-12	8200	2
3353	36	11	2026-06-10	502	48	2026-06-12	5200	2
3354	40	9	2026-06-10	907	20	2026-06-14	6500	2
3355	32	6	2026-06-10	906	12	2026-06-12	4500	2
3356	6	14	2026-06-10	402	28	2026-06-15	12000	2
3357	22	2	2026-06-10	1309	15	2026-06-17	20000	2
3358	44	9	2026-06-10	402	3	2026-06-14	11000	2
3359	10	8	2026-06-10	905	45	2026-06-13	4000	2
3360	10	5	2026-06-10	803	26	2026-06-13	8000	2
3361	5	1	2026-06-11	1309	7	2026-06-13	3000	2
3362	15	8	2026-06-11	1303	22	2026-06-14	5000	2
3363	12	10	2026-06-11	1207	48	2026-06-14	4500	2
3364	29	11	2026-06-11	803	10	2026-06-13	5200	2
3365	26	13	2026-06-11	1105	43	2026-06-13	5000	2
3366	19	5	2026-06-11	103	10	2026-06-14	8000	2
3367	46	4	2026-06-11	1403	15	2026-06-12	4000	2
3368	35	15	2026-06-11	907	47	2026-06-16	15000	2
3369	28	7	2026-06-11	1303	12	2026-06-13	5500	2
3370	25	16	2026-06-11	1202	46	2026-06-12	7000	2
3371	48	2	2026-06-11	402	25	2026-06-18	23000	2
3372	7	4	2026-06-11	1303	36	2026-06-12	9000	2
3373	50	5	2026-06-11	806	51	2026-06-14	12000	2
3374	13	6	2026-06-11	1303	12	2026-06-13	7500	2
3375	20	8	2026-06-11	907	55	2026-06-14	9000	2
3376	24	14	2026-06-11	803	5	2026-06-16	13000	2
3377	14	13	2026-06-11	1102	32	2026-06-13	5000	2
3378	22	1	2026-06-11	306	13	2026-06-13	3500	2
3379	46	6	2026-06-11	1701	15	2026-06-13	2500	2
3380	28	4	2026-06-11	1303	45	2026-06-12	6000	2
3381	39	10	2026-06-11	905	40	2026-06-14	8500	2
3382	32	7	2026-06-11	906	48	2026-06-13	6500	2
3383	50	11	2026-06-11	112	32	2026-06-13	3200	2
3384	14	9	2026-06-11	306	41	2026-06-15	8000	2
3385	30	6	2026-06-11	1702	23	2026-06-13	2500	2
3386	15	10	2026-06-12	907	6	2026-06-15	5000	2
3387	20	14	2026-06-12	402	18	2026-06-17	14000	2
3388	36	13	2026-06-12	1404	45	2026-06-14	7500	2
3389	33	11	2026-06-12	1102	49	2026-06-14	6200	2
3390	16	11	2026-06-12	112	39	2026-06-14	4200	2
3391	17	4	2026-06-12	505	12	2026-06-13	4000	2
3392	44	9	2026-06-12	502	9	2026-06-16	6000	2
3393	20	11	2026-06-12	1702	10	2026-06-14	6200	2
3394	6	2	2026-06-12	701	7	2026-06-19	21500	2
3395	35	8	2026-06-12	202	42	2026-06-15	4500	2
3396	50	6	2026-06-12	905	44	2026-06-14	7500	2
3397	28	5	2026-06-12	306	46	2026-06-15	9000	2
3398	48	3	2026-06-12	501	35	2026-06-14	4000	2
3399	2	8	2026-06-12	908	50	2026-06-15	4000	2
3400	10	17	2026-06-12	1105	1	2026-06-13	7500	2
3401	42	20	2026-06-12	1105	1	2026-06-16	10500	2
3402	24	14	2026-06-12	1403	17	2026-06-17	12000	2
3403	30	2	2026-06-12	803	20	2026-06-19	25000	2
3404	35	8	2026-06-12	202	20	2026-06-15	7000	2
3405	31	15	2026-06-13	803	42	2026-06-18	16000	2
3406	41	15	2026-06-13	1701	12	2026-06-18	18000	2
3407	22	6	2026-06-13	103	8	2026-06-15	7500	2
3408	49	14	2026-06-13	607	16	2026-06-18	14000	2
3409	33	3	2026-06-13	505	51	2026-06-15	4000	2
3410	37	20	2026-06-13	1102	4	2026-06-17	9000	2
3411	32	16	2026-06-13	1003	46	2026-06-14	6500	2
3412	2	18	2026-06-13	103	54	2026-06-14	13000	2
3413	37	15	2026-06-13	1303	56	2026-06-18	20000	2
3414	9	11	2026-06-13	401	55	2026-06-15	4700	2
3415	10	4	2026-06-13	604	37	2026-06-14	5500	2
3416	34	6	2026-06-13	402	23	2026-06-15	3000	2
3417	44	13	2026-06-13	1003	45	2026-06-15	6000	2
3418	29	1	2026-06-13	907	38	2026-06-15	8000	2
3419	41	16	2026-06-13	1504	2	2026-06-14	6000	2
3420	13	10	2026-06-13	1309	57	2026-06-16	6500	2
3421	42	15	2026-06-13	1701	55	2026-06-18	15000	2
3422	42	13	2026-06-13	803	46	2026-06-15	4500	2
3423	16	10	2026-06-13	806	16	2026-06-16	5500	2
3424	32	12	2026-06-13	1001	31	2026-06-15	8000	2
3425	47	15	2026-06-13	304	26	2026-06-18	18000	2
3426	37	14	2026-06-13	906	18	2026-06-18	14000	2
3427	39	3	2026-06-13	1303	38	2026-06-15	7500	2
3428	15	7	2026-06-13	703	57	2026-06-15	5500	2
3429	11	4	2026-06-13	1202	36	2026-06-14	7000	2
3430	10	14	2026-06-13	203	57	2026-06-18	13000	2
3431	7	20	2026-06-13	203	27	2026-06-17	12000	2
3432	22	20	2026-06-14	803	31	2026-06-18	14000	2
3433	33	2	2026-06-14	803	41	2026-06-21	20000	2
3434	30	19	2026-06-14	604	2	2026-06-16	3700	2
3435	5	17	2026-06-14	701	33	2026-06-15	6500	2
3436	21	19	2026-06-14	607	49	2026-06-16	2700	2
3437	25	17	2026-06-14	908	53	2026-06-15	8000	2
3438	38	4	2026-06-14	1702	3	2026-06-15	6000	2
3439	25	2	2026-06-14	1403	37	2026-06-21	25000	2
3440	49	1	2026-06-14	402	25	2026-06-16	3000	2
3441	38	17	2026-06-14	1701	38	2026-06-15	8000	2
3442	9	5	2026-06-14	306	15	2026-06-17	8000	2
3443	6	17	2026-06-14	806	13	2026-06-15	6500	2
3444	17	12	2026-06-14	1504	46	2026-06-16	8000	2
3445	35	3	2026-06-14	908	56	2026-06-16	5500	2
3446	25	18	2026-06-14	1309	59	2026-06-15	9500	2
3447	11	7	2026-06-14	908	23	2026-06-16	3500	2
3448	45	19	2026-06-14	1001	15	2026-06-16	3700	2
3449	50	15	2026-06-14	806	19	2026-06-19	18000	2
3450	49	8	2026-06-14	502	53	2026-06-17	9000	2
3451	32	4	2026-06-14	806	23	2026-06-15	7000	2
3452	12	7	2026-06-14	1003	60	2026-06-16	6500	2
3453	38	2	2026-06-14	907	29	2026-06-21	21000	2
3454	9	18	2026-06-14	1404	59	2026-06-15	8500	2
3455	16	17	2026-06-14	801	2	2026-06-15	6000	2
3456	24	2	2026-06-14	501	58	2026-06-21	25000	2
3457	9	8	2026-06-14	202	45	2026-06-17	9000	2
3458	41	14	2026-06-14	1504	35	2026-06-19	14000	2
3459	10	6	2026-06-14	1207	4	2026-06-16	2500	2
3460	16	14	2026-06-14	701	32	2026-06-19	17000	2
3461	39	9	2026-06-14	1701	27	2026-06-18	7000	2
3462	1	10	2026-06-14	1107	55	2026-06-17	3500	2
3463	47	8	2026-06-14	703	25	2026-06-17	4000	2
3464	7	3	2026-06-14	203	23	2026-06-16	2500	2
3465	44	18	2026-06-15	304	3	2026-06-16	8000	2
3466	49	1	2026-06-15	801	28	2026-06-17	5000	2
3467	22	15	2026-06-15	505	9	2026-06-20	16000	2
3468	3	18	2026-06-15	1003	21	2026-06-16	8500	2
3469	18	5	2026-06-15	306	16	2026-06-18	7500	2
3470	47	17	2026-06-15	505	26	2026-06-16	7500	2
3471	48	5	2026-06-15	1202	53	2026-06-18	8000	2
3472	8	18	2026-06-15	703	22	2026-06-16	13000	2
3473	14	18	2026-06-15	505	15	2026-06-16	8500	2
3474	28	11	2026-06-15	401	34	2026-06-17	6200	2
3475	35	6	2026-06-15	1001	36	2026-06-17	7500	2
3476	18	18	2026-06-15	1001	7	2026-06-16	10000	2
3477	30	9	2026-06-15	1403	33	2026-06-19	11000	2
3478	8	2	2026-06-15	108	21	2026-06-22	20000	2
3479	4	1	2026-06-15	1105	27	2026-06-17	4500	2
3480	31	6	2026-06-15	402	36	2026-06-17	4500	2
3481	29	2	2026-06-15	1207	60	2026-06-22	22000	2
3482	13	7	2026-06-15	1003	28	2026-06-17	3500	2
3483	16	1	2026-06-15	1105	55	2026-06-17	3000	2
3484	26	18	2026-06-15	103	58	2026-06-16	8500	2
3485	43	13	2026-06-15	1001	6	2026-06-17	6500	2
3486	31	4	2026-06-15	703	26	2026-06-16	9000	2
3487	11	2	2026-06-15	703	2	2026-06-22	20500	2
3488	29	12	2026-06-15	1207	2	2026-06-17	6000	2
3489	16	13	2026-06-15	202	29	2026-06-17	5000	2
3490	33	17	2026-06-15	908	35	2026-06-16	8000	2
3491	43	20	2026-06-15	401	14	2026-06-19	10000	2
3492	4	1	2026-06-15	907	43	2026-06-17	8000	2
3493	8	1	2026-06-15	203	13	2026-06-17	8000	2
3494	33	4	2026-06-15	203	25	2026-06-16	5500	2
3495	25	14	2026-06-16	304	6	2026-06-21	17000	2
3496	44	1	2026-06-16	401	39	2026-06-18	4500	2
3497	10	2	2026-06-16	906	18	2026-06-23	25000	2
3498	16	6	2026-06-16	604	15	2026-06-18	3500	2
3499	41	13	2026-06-16	202	6	2026-06-18	5000	2
3500	4	12	2026-06-16	1003	32	2026-06-18	4000	2
3501	3	9	2026-06-16	304	20	2026-06-20	11000	2
3502	15	5	2026-06-16	1309	57	2026-06-19	8500	2
3503	39	17	2026-06-16	1303	25	2026-06-17	7000	2
3504	36	6	2026-06-16	905	42	2026-06-18	4000	2
3505	45	7	2026-06-16	1003	7	2026-06-18	5500	2
3506	7	4	2026-06-16	701	60	2026-06-17	6000	2
3507	47	8	2026-06-16	907	34	2026-06-19	4000	2
3508	14	18	2026-06-16	906	25	2026-06-17	13000	2
3509	34	10	2026-06-16	803	53	2026-06-19	6500	2
3510	12	16	2026-06-17	1607	22	2026-06-18	6000	2
3511	45	4	2026-06-17	908	28	2026-06-18	5500	2
3512	21	9	2026-06-17	701	48	2026-06-21	6500	2
3513	47	12	2026-06-17	1605	33	2026-06-19	5000	2
3514	35	17	2026-06-17	801	18	2026-06-18	6000	2
3515	17	16	2026-06-17	701	33	2026-06-18	8000	2
3516	26	3	2026-06-17	607	40	2026-06-19	2500	2
3517	23	10	2026-06-17	502	47	2026-06-20	3500	2
3518	17	9	2026-06-17	703	15	2026-06-21	9000	2
3519	25	4	2026-06-17	306	37	2026-06-18	4000	2
3520	34	19	2026-06-17	1105	26	2026-06-19	7200	2
3521	46	16	2026-06-17	306	16	2026-06-18	7000	2
3522	31	2	2026-06-17	1403	13	2026-06-24	21000	2
3523	4	15	2026-06-17	907	28	2026-06-22	20000	2
3524	17	16	2026-06-17	402	54	2026-06-18	10000	2
3525	26	7	2026-06-17	906	46	2026-06-19	8500	2
3526	47	15	2026-06-17	806	34	2026-06-22	18000	2
3527	5	17	2026-06-17	112	31	2026-06-18	7500	2
3528	42	11	2026-06-17	908	27	2026-06-19	6200	2
3529	20	14	2026-06-17	1702	52	2026-06-22	14000	2
3530	42	13	2026-06-17	1309	2	2026-06-19	4500	2
3531	29	3	2026-06-17	907	29	2026-06-19	7500	2
3532	10	1	2026-06-17	1403	6	2026-06-19	6000	2
3533	18	6	2026-06-17	203	58	2026-06-19	3000	2
3534	9	1	2026-06-18	1201	36	2026-06-20	3000	2
3535	46	8	2026-06-18	501	55	2026-06-21	4000	2
3536	16	9	2026-06-18	907	36	2026-06-22	8000	2
3537	4	17	2026-06-18	908	26	2026-06-19	11000	2
3538	42	20	2026-06-18	1107	58	2026-06-22	11000	2
3539	17	6	2026-06-18	103	18	2026-06-20	4000	2
3540	23	3	2026-06-18	1107	22	2026-06-20	4000	2
3541	13	20	2026-06-18	1202	7	2026-06-22	9500	2
3542	30	15	2026-06-18	905	56	2026-06-23	18000	2
3543	37	6	2026-06-18	402	21	2026-06-20	5500	2
3544	44	17	2026-06-18	1701	10	2026-06-19	7500	2
3545	8	11	2026-06-18	1702	55	2026-06-20	8200	2
3546	50	8	2026-06-18	907	24	2026-06-21	4000	2
3547	11	7	2026-06-18	703	57	2026-06-20	5000	2
3548	18	17	2026-06-18	1001	33	2026-06-19	6000	2
3549	46	11	2026-06-18	1605	48	2026-06-20	6200	2
3550	9	5	2026-06-18	1702	3	2026-06-21	8000	2
3551	49	14	2026-06-18	1001	3	2026-06-23	14000	2
3552	40	3	2026-06-18	803	55	2026-06-20	2500	2
3553	12	17	2026-06-18	1504	10	2026-06-19	9000	2
3554	45	8	2026-06-19	803	15	2026-06-22	9000	2
3555	20	13	2026-06-19	1105	16	2026-06-21	9500	2
3556	32	7	2026-06-19	907	51	2026-06-21	6500	2
3557	46	7	2026-06-19	1303	3	2026-06-21	4000	2
3558	2	18	2026-06-19	304	47	2026-06-20	11000	2
3559	11	1	2026-06-19	905	42	2026-06-21	3000	2
3560	11	8	2026-06-19	401	22	2026-06-22	4000	2
3561	13	17	2026-06-19	202	18	2026-06-20	6500	2
3562	42	17	2026-06-19	906	53	2026-06-20	6500	2
3563	36	13	2026-06-19	306	24	2026-06-21	6000	2
3564	28	19	2026-06-19	1702	2	2026-06-21	3700	2
3565	19	10	2026-06-19	501	49	2026-06-22	3500	2
3566	37	6	2026-06-19	801	6	2026-06-21	2500	2
3567	4	14	2026-06-19	908	10	2026-06-24	17000	2
3568	26	12	2026-06-19	1102	55	2026-06-21	3000	2
3569	39	5	2026-06-19	1605	32	2026-06-22	7000	2
3570	5	14	2026-06-19	112	42	2026-06-24	13500	2
3571	32	2	2026-06-19	304	41	2026-06-26	23000	2
3572	4	11	2026-06-19	908	33	2026-06-21	8200	2
3573	19	3	2026-06-19	306	23	2026-06-21	7500	2
3574	36	14	2026-06-19	203	41	2026-06-24	12500	2
3575	16	9	2026-06-19	203	54	2026-06-23	6500	2
3576	35	1	2026-06-20	304	43	2026-06-22	3000	2
3577	50	18	2026-06-20	801	29	2026-06-21	13000	2
3578	5	7	2026-06-20	905	6	2026-06-22	8500	2
3579	38	6	2026-06-20	108	3	2026-06-22	4500	2
3580	1	14	2026-06-20	1003	56	2026-06-25	12000	2
3581	14	1	2026-06-20	1303	17	2026-06-22	8000	2
3582	29	4	2026-06-20	1701	18	2026-06-21	4000	2
3583	20	19	2026-06-20	703	48	2026-06-22	3700	2
3584	37	20	2026-06-20	1202	38	2026-06-24	9500	2
3585	14	5	2026-06-20	1404	27	2026-06-23	7000	2
3586	9	10	2026-06-20	304	12	2026-06-23	3500	2
3587	18	4	2026-06-20	1702	32	2026-06-21	7000	2
3588	22	8	2026-06-20	1404	2	2026-06-23	4500	2
3589	42	11	2026-06-20	604	16	2026-06-22	5200	2
3590	1	6	2026-06-20	1403	48	2026-06-22	5500	2
3591	17	10	2026-06-20	1107	28	2026-06-23	5000	2
3592	43	5	2026-06-20	1504	40	2026-06-23	10000	2
3593	16	20	2026-06-20	1102	44	2026-06-24	10000	2
3594	20	12	2026-06-20	906	39	2026-06-22	4000	2
3595	45	15	2026-06-20	112	35	2026-06-25	15000	2
3596	48	8	2026-06-21	1201	49	2026-06-24	7000	2
3597	48	17	2026-06-21	505	24	2026-06-22	6000	2
3598	31	12	2026-06-21	604	54	2026-06-23	8000	2
3599	23	5	2026-06-21	402	59	2026-06-24	7000	2
3600	14	11	2026-06-21	1303	18	2026-06-23	5200	2
3601	27	19	2026-06-21	202	12	2026-06-23	5200	2
3602	28	19	2026-06-21	108	14	2026-06-23	5200	2
3603	44	13	2026-06-21	1105	19	2026-06-23	9500	2
3604	4	14	2026-06-21	1001	31	2026-06-26	12500	2
3605	35	6	2026-06-21	1309	18	2026-06-23	4000	2
3606	34	8	2026-06-21	1701	52	2026-06-24	7000	2
3607	40	2	2026-06-21	505	17	2026-06-28	21500	2
3608	23	3	2026-06-21	806	14	2026-06-23	4500	2
3609	37	19	2026-06-21	1001	37	2026-06-23	3700	2
3610	31	2	2026-06-21	607	58	2026-06-28	25000	2
3611	7	5	2026-06-21	905	20	2026-06-24	9000	2
3612	44	16	2026-06-21	306	56	2026-06-22	6500	2
3613	35	8	2026-06-21	1605	49	2026-06-24	5000	2
3614	18	7	2026-06-21	1605	38	2026-06-23	6500	2
3615	22	11	2026-06-21	1607	44	2026-06-23	6200	2
3616	36	19	2026-06-21	905	25	2026-06-23	3700	2
3617	30	2	2026-06-21	203	41	2026-06-28	20500	2
3618	22	4	2026-06-22	701	14	2026-06-23	6000	2
3619	8	11	2026-06-22	1201	37	2026-06-24	4700	2
3620	43	4	2026-06-22	1201	28	2026-06-23	5000	2
3621	39	8	2026-06-22	1201	1	2026-06-25	5500	2
3622	38	9	2026-06-22	1702	18	2026-06-26	7500	2
3623	45	10	2026-06-22	1003	9	2026-06-25	3500	2
3624	14	5	2026-06-22	502	28	2026-06-25	7000	2
3625	35	2	2026-06-22	202	3	2026-06-29	21000	2
3626	11	13	2026-06-22	1605	20	2026-06-24	5500	2
3627	33	18	2026-06-22	801	24	2026-06-23	13000	2
3628	50	6	2026-06-22	1404	11	2026-06-24	5500	2
3629	44	6	2026-06-22	908	44	2026-06-24	2500	2
3630	48	19	2026-06-22	112	21	2026-06-24	3200	2
3631	2	15	2026-06-22	1504	5	2026-06-27	15000	2
3632	9	20	2026-06-22	112	23	2026-06-26	10000	2
3633	35	9	2026-06-22	1001	52	2026-06-26	11000	2
3634	19	15	2026-06-22	905	40	2026-06-27	15500	2
3635	13	12	2026-06-22	402	35	2026-06-24	3000	2
3636	50	16	2026-06-22	501	43	2026-06-23	6500	2
3637	33	9	2026-06-22	501	4	2026-06-26	6000	2
3638	17	16	2026-06-22	1702	14	2026-06-23	6000	2
3639	42	12	2026-06-22	1403	38	2026-06-24	4000	2
3640	41	5	2026-06-22	1303	15	2026-06-25	8000	2
3641	28	20	2026-06-22	112	22	2026-06-26	12000	2
3642	36	7	2026-06-22	604	30	2026-06-24	3500	2
3643	50	11	2026-06-22	801	48	2026-06-24	8200	2
3644	26	2	2026-06-22	505	55	2026-06-29	21000	2
3645	37	4	2026-06-22	806	60	2026-06-23	9000	2
3646	37	7	2026-06-22	203	9	2026-06-24	8500	2
3647	28	19	2026-06-22	203	6	2026-06-24	5200	2
3648	4	10	2026-06-23	701	35	2026-06-26	5500	2
3649	44	6	2026-06-23	1201	26	2026-06-25	4500	2
3650	31	8	2026-06-23	801	20	2026-06-26	9000	2
3651	3	11	2026-06-23	1404	53	2026-06-25	5200	2
3652	50	18	2026-06-23	304	50	2026-06-24	8500	2
3653	12	18	2026-06-23	501	47	2026-06-24	8500	2
3654	45	3	2026-06-23	1003	9	2026-06-25	5500	2
3655	4	5	2026-06-23	1107	3	2026-06-26	7500	2
3656	27	4	2026-06-23	1607	29	2026-06-24	5000	2
3657	18	3	2026-06-23	1102	8	2026-06-25	4000	2
3658	43	1	2026-06-23	1403	15	2026-06-25	3500	2
3659	12	1	2026-06-23	905	8	2026-06-25	3000	2
3660	16	13	2026-06-23	908	35	2026-06-25	6500	2
3661	37	16	2026-06-23	1504	50	2026-06-24	10000	2
3662	44	16	2026-06-23	1309	24	2026-06-24	5000	2
3663	45	6	2026-06-23	1701	3	2026-06-25	4500	2
3664	30	6	2026-06-23	906	37	2026-06-25	3000	2
3665	48	7	2026-06-23	1202	31	2026-06-25	6500	2
3666	27	10	2026-06-23	202	24	2026-06-26	5500	2
3667	21	5	2026-06-23	306	7	2026-06-26	8000	2
3668	28	12	2026-06-23	1504	10	2026-06-25	8000	2
3669	10	18	2026-06-23	1702	16	2026-06-24	8500	2
3670	36	12	2026-06-23	1105	21	2026-06-25	3000	2
3671	15	17	2026-06-24	701	50	2026-06-25	8000	2
3672	17	10	2026-06-24	701	28	2026-06-27	5500	2
3673	30	17	2026-06-24	908	44	2026-06-25	9000	2
3674	40	10	2026-06-24	703	8	2026-06-27	4000	2
3675	43	17	2026-06-24	1003	18	2026-06-25	6000	2
3676	3	8	2026-06-24	1303	20	2026-06-27	9000	2
3677	12	15	2026-06-24	401	36	2026-06-29	17000	2
3678	48	1	2026-06-24	1107	13	2026-06-26	3000	2
3679	17	10	2026-06-24	1404	55	2026-06-27	8500	2
3680	25	1	2026-06-24	112	4	2026-06-26	4500	2
3681	42	17	2026-06-24	502	46	2026-06-25	11000	2
3682	30	19	2026-06-24	1001	11	2026-06-26	3200	2
3683	29	12	2026-06-24	112	43	2026-06-26	5000	2
3684	19	2	2026-06-24	401	29	2026-07-01	25000	2
3685	33	16	2026-06-24	1001	52	2026-06-25	8000	2
3686	22	18	2026-06-24	1102	52	2026-06-25	9500	2
3687	2	11	2026-06-24	607	60	2026-06-26	3700	2
3688	3	1	2026-06-24	1605	17	2026-06-26	6000	2
3689	37	3	2026-06-24	906	53	2026-06-26	3500	2
3690	37	7	2026-06-25	701	1	2026-06-27	5500	2
3691	30	15	2026-06-25	701	19	2026-06-30	18000	2
3692	46	19	2026-06-25	1107	23	2026-06-27	3700	2
3693	16	20	2026-06-25	607	54	2026-06-29	11000	2
3694	23	16	2026-06-25	908	27	2026-06-26	5000	2
3695	17	4	2026-06-25	905	24	2026-06-26	9000	2
3696	11	16	2026-06-25	306	34	2026-06-26	5000	2
3697	38	12	2026-06-25	1001	20	2026-06-27	3500	2
3698	38	13	2026-06-25	1309	29	2026-06-27	5500	2
3699	7	2	2026-06-25	108	53	2026-07-02	22000	2
3700	4	4	2026-06-25	908	18	2026-06-26	7000	2
3701	18	3	2026-06-25	112	22	2026-06-27	4500	2
3702	7	19	2026-06-25	1202	29	2026-06-27	2200	2
3703	1	13	2026-06-25	604	43	2026-06-27	5000	2
3704	14	19	2026-06-25	304	11	2026-06-27	2200	2
3705	2	14	2026-06-25	304	44	2026-06-30	13500	2
3706	34	9	2026-06-25	1105	20	2026-06-29	11000	2
3707	14	13	2026-06-25	701	31	2026-06-27	7500	2
3708	14	18	2026-06-25	203	29	2026-06-26	8500	2
3709	23	6	2026-06-26	701	14	2026-06-28	4000	2
3710	43	1	2026-06-26	701	30	2026-06-28	3000	2
3711	24	3	2026-06-26	1201	20	2026-06-28	2500	2
3712	44	12	2026-06-26	1607	26	2026-06-28	4000	2
3713	24	6	2026-06-26	806	47	2026-06-28	5500	2
3714	50	3	2026-06-26	304	1	2026-06-28	3500	2
3715	16	4	2026-06-26	806	36	2026-06-27	9000	2
3716	35	10	2026-06-26	1207	15	2026-06-29	8500	2
3717	12	14	2026-06-26	1202	47	2026-07-01	13500	2
3718	21	15	2026-06-26	1605	39	2026-07-01	17000	2
3719	10	10	2026-06-26	905	57	2026-06-29	5000	2
3720	42	17	2026-06-26	1403	46	2026-06-27	7500	2
3721	21	9	2026-06-26	1207	24	2026-06-30	7000	2
3722	33	5	2026-06-26	703	41	2026-06-29	7500	2
3723	33	2	2026-06-26	1404	56	2026-07-03	20000	2
3724	4	2	2026-06-26	803	34	2026-07-03	21500	2
3725	23	18	2026-06-26	907	27	2026-06-27	10000	2
3726	19	8	2026-06-26	607	55	2026-06-29	9000	2
3727	29	5	2026-06-26	1003	2	2026-06-29	7500	2
3728	32	3	2026-06-26	304	10	2026-06-28	4500	2
3729	48	13	2026-06-26	1107	52	2026-06-28	4500	2
3730	43	14	2026-06-26	401	50	2026-07-01	14000	2
3731	33	17	2026-06-26	604	28	2026-06-27	9000	2
3732	28	17	2026-06-26	1102	35	2026-06-27	9000	2
3733	37	1	2026-06-26	1504	34	2026-06-28	4000	2
3734	44	7	2026-06-26	505	59	2026-06-28	5500	2
3735	29	5	2026-06-26	1702	3	2026-06-29	7500	2
3736	35	13	2026-06-27	701	31	2026-06-29	4500	2
3737	48	2	2026-06-27	1201	21	2026-07-04	22000	2
3738	12	3	2026-06-27	202	26	2026-06-29	2500	2
3739	28	5	2026-06-27	103	49	2026-06-30	8500	2
3740	28	13	2026-06-27	112	18	2026-06-29	9500	2
3741	20	12	2026-06-27	103	20	2026-06-29	3000	2
3742	47	1	2026-06-27	607	27	2026-06-29	4000	2
3743	22	7	2026-06-27	304	51	2026-06-29	5000	2
3744	11	18	2026-06-27	701	26	2026-06-28	9500	2
3745	12	11	2026-06-27	905	9	2026-06-29	6200	2
3746	9	17	2026-06-27	604	37	2026-06-28	11000	2
3747	21	19	2026-06-27	905	20	2026-06-29	5200	2
3748	10	1	2026-06-27	401	48	2026-06-29	6000	2
3749	24	18	2026-06-27	1303	27	2026-06-28	10000	2
3750	34	3	2026-06-27	103	5	2026-06-29	7500	2
3751	28	18	2026-06-27	202	30	2026-06-28	13000	2
3752	21	3	2026-06-27	502	51	2026-06-29	4000	2
3753	14	12	2026-06-27	1309	34	2026-06-29	3000	2
3754	43	1	2026-06-27	501	52	2026-06-29	6000	2
3755	11	18	2026-06-27	1001	51	2026-06-28	13000	2
3756	6	18	2026-06-27	607	14	2026-06-28	11000	2
3757	6	7	2026-06-27	202	7	2026-06-29	3500	2
3758	28	18	2026-06-28	701	53	2026-06-29	9500	2
3759	35	15	2026-06-28	1201	45	2026-07-03	16000	2
3760	2	10	2026-06-28	1201	59	2026-07-01	5000	2
3761	7	12	2026-06-28	908	8	2026-06-30	8000	2
3762	20	14	2026-06-28	1102	17	2026-07-03	14000	2
3763	46	6	2026-06-28	907	22	2026-06-30	5500	2
3764	14	14	2026-06-28	402	35	2026-07-03	17000	2
3765	2	7	2026-06-28	1404	53	2026-06-30	4000	2
3766	43	20	2026-06-28	505	41	2026-07-02	9000	2
3767	43	16	2026-06-28	803	49	2026-06-29	5000	2
3768	49	1	2026-06-28	1309	38	2026-06-30	5000	2
3769	28	9	2026-06-28	806	2	2026-07-02	6500	2
3770	45	18	2026-06-28	401	48	2026-06-29	9500	2
3771	11	16	2026-06-28	806	1	2026-06-29	7000	2
3772	40	19	2026-06-28	1702	18	2026-06-30	3700	2
3773	33	1	2026-06-28	607	41	2026-06-30	6000	2
3774	41	6	2026-06-28	905	55	2026-06-30	3500	2
3775	6	10	2026-06-28	1107	54	2026-07-01	4000	2
3776	34	7	2026-06-28	502	39	2026-06-30	4500	2
3777	13	9	2026-06-28	1303	52	2026-07-02	7000	2
3778	5	9	2026-06-28	1001	46	2026-07-02	11000	2
3779	13	19	2026-06-28	502	17	2026-06-30	5200	2
3780	16	7	2026-06-29	1201	54	2026-07-01	8500	2
3781	1	18	2026-06-29	402	17	2026-06-30	8000	2
3782	32	3	2026-06-29	401	31	2026-07-01	4500	2
3783	49	4	2026-06-29	701	14	2026-06-30	6000	2
3784	11	7	2026-06-29	505	39	2026-07-01	4000	2
3785	39	1	2026-06-29	1504	35	2026-07-01	6000	2
3786	23	12	2026-06-29	1105	34	2026-07-01	8000	2
3787	32	17	2026-06-29	1607	31	2026-06-30	7000	2
3788	26	1	2026-06-29	607	37	2026-07-01	5000	2
3789	16	16	2026-06-29	103	22	2026-06-30	8000	2
3790	6	10	2026-06-29	304	35	2026-07-02	4000	2
3791	1	19	2026-06-29	604	8	2026-07-01	7200	2
3792	27	11	2026-06-29	1702	49	2026-07-01	4700	2
3793	14	15	2026-06-29	1003	16	2026-07-04	15500	2
3794	18	19	2026-06-29	1303	36	2026-07-01	2700	2
3795	2	3	2026-06-29	701	45	2026-07-01	4500	2
3796	48	17	2026-06-29	505	17	2026-06-30	9000	2
3797	39	6	2026-06-29	801	54	2026-07-01	4000	2
3798	5	10	2026-06-29	1309	57	2026-07-02	3500	2
3799	3	7	2026-06-30	701	40	2026-07-02	6500	2
3800	45	20	2026-06-30	1403	3	2026-07-04	10500	2
3801	34	15	2026-06-30	112	32	2026-07-05	15000	2
3802	3	3	2026-06-30	906	51	2026-07-02	3500	2
3803	44	10	2026-06-30	907	49	2026-07-03	5000	2
3804	42	13	2026-06-30	604	46	2026-07-02	4500	2
3805	42	4	2026-06-30	1607	11	2026-07-01	5500	2
3806	41	11	2026-06-30	402	8	2026-07-02	3200	2
3807	8	4	2026-06-30	1605	48	2026-07-01	6000	2
3808	48	16	2026-06-30	1309	29	2026-07-01	6500	2
3809	46	11	2026-06-30	1107	30	2026-07-02	3700	2
3810	32	1	2026-06-30	401	7	2026-07-02	4500	2
3811	12	3	2026-06-30	306	43	2026-07-02	2500	2
3812	44	2	2026-06-30	806	33	2026-07-07	25000	2
3813	44	1	2026-06-30	908	14	2026-07-02	4000	2
3814	24	20	2026-06-30	703	32	2026-07-04	9000	2
3815	7	3	2026-06-30	905	28	2026-07-02	4000	2
3816	28	15	2026-06-30	1404	37	2026-07-05	18000	2
3817	30	17	2026-06-30	803	28	2026-07-01	7500	2
3818	24	14	2026-06-30	401	53	2026-07-05	12500	2
3819	1	17	2026-06-30	806	30	2026-07-01	7500	2
3820	12	15	2026-06-30	1105	35	2026-07-05	15500	2
3821	31	10	2026-06-30	203	46	2026-07-03	4500	2
3822	41	2	2026-07-01	1201	47	2026-07-08	20500	2
3823	20	16	2026-07-01	402	57	2026-07-02	7000	2
3824	8	1	2026-07-01	1504	51	2026-07-03	8000	2
3825	29	2	2026-07-01	1701	15	2026-07-08	20500	2
3826	48	3	2026-07-01	401	41	2026-07-03	7500	2
3827	21	17	2026-07-01	502	11	2026-07-02	9000	2
3828	49	3	2026-07-01	806	4	2026-07-03	4500	2
3829	26	1	2026-07-01	306	2	2026-07-03	6000	2
3830	34	9	2026-07-01	1303	14	2026-07-05	7500	2
3831	36	3	2026-07-01	501	6	2026-07-03	3500	2
3832	33	4	2026-07-01	112	52	2026-07-02	7000	2
3833	3	9	2026-07-01	108	3	2026-07-05	7500	2
3834	13	11	2026-07-01	1102	1	2026-07-03	5200	2
3835	7	7	2026-07-01	1504	2	2026-07-03	4000	2
3836	12	11	2026-07-01	202	12	2026-07-03	3200	2
3837	48	2	2026-07-01	1404	59	2026-07-08	25000	2
3838	24	1	2026-07-01	604	31	2026-07-03	3000	2
3839	31	6	2026-07-01	402	30	2026-07-03	3000	2
3840	39	8	2026-07-01	203	28	2026-07-04	5500	2
3841	37	14	2026-07-02	701	32	2026-07-07	13500	2
3842	3	14	2026-07-02	1101	37	2026-07-07	13500	2
3843	2	7	2026-07-02	1101	18	2026-07-04	6500	2
3844	5	12	2026-07-02	1101	13	2026-07-04	4500	2
3845	9	15	2026-07-02	501	39	2026-07-07	16000	2
3846	30	18	2026-07-02	1309	5	2026-07-03	9000	2
3847	8	14	2026-07-02	1605	5	2026-07-07	12500	2
3848	27	20	2026-07-02	905	6	2026-07-06	9000	2
3849	32	20	2026-07-02	501	24	2026-07-06	10000	2
3850	21	2	2026-07-02	1701	46	2026-07-09	20500	2
3851	41	8	2026-07-02	1309	19	2026-07-05	7000	2
3852	1	14	2026-07-02	501	44	2026-07-07	13500	2
3853	19	17	2026-07-02	907	24	2026-07-03	9000	2
3854	31	17	2026-07-02	803	56	2026-07-03	8000	2
3855	29	13	2026-07-02	1303	46	2026-07-04	5000	2
3856	46	5	2026-07-02	202	9	2026-07-05	7500	2
3857	43	18	2026-07-02	501	27	2026-07-03	8000	2
3858	3	19	2026-07-02	502	60	2026-07-04	3700	2
3859	18	19	2026-07-02	1309	30	2026-07-04	3700	2
3860	27	18	2026-07-02	1404	51	2026-07-03	10000	2
3861	7	9	2026-07-02	806	32	2026-07-06	11000	2
3862	18	14	2026-07-02	905	43	2026-07-07	12500	2
3863	38	14	2026-07-02	202	31	2026-07-07	14000	2
3864	49	4	2026-07-02	1605	10	2026-07-03	4000	2
3865	24	14	2026-07-02	703	4	2026-07-07	15000	2
3866	34	13	2026-07-02	108	48	2026-07-04	9500	2
3867	13	18	2026-07-02	103	41	2026-07-03	10000	2
3868	24	6	2026-07-03	701	29	2026-07-05	4000	2
3869	42	18	2026-07-03	701	18	2026-07-04	10000	2
3870	30	18	2026-07-03	701	57	2026-07-04	11000	2
3871	7	13	2026-07-03	801	11	2026-07-05	5500	2
3872	4	8	2026-07-03	801	59	2026-07-06	5000	2
3873	46	9	2026-07-03	604	30	2026-07-07	7000	2
3874	11	4	2026-07-03	906	7	2026-07-04	5500	2
3875	30	20	2026-07-03	202	25	2026-07-07	10500	2
3876	19	9	2026-07-03	806	57	2026-07-07	7500	2
3877	41	10	2026-07-03	401	56	2026-07-06	6500	2
3878	41	3	2026-07-03	1102	3	2026-07-05	3500	2
3879	28	17	2026-07-03	1303	12	2026-07-04	6500	2
3880	33	20	2026-07-03	803	11	2026-07-07	10000	2
3881	8	10	2026-07-03	402	44	2026-07-06	4000	2
3882	27	2	2026-07-03	1504	46	2026-07-10	21000	2
3883	45	3	2026-07-03	1403	25	2026-07-05	2500	2
3884	6	1	2026-07-03	1701	11	2026-07-05	8000	2
3885	15	11	2026-07-03	1309	58	2026-07-05	3700	2
3886	43	3	2026-07-03	604	26	2026-07-05	5500	2
3887	9	16	2026-07-03	801	57	2026-07-04	5500	2
3888	43	5	2026-07-03	1403	14	2026-07-06	8500	2
3889	44	3	2026-07-03	907	60	2026-07-05	7500	2
3890	5	18	2026-07-03	1309	54	2026-07-04	9500	2
3891	18	16	2026-07-03	906	17	2026-07-04	10000	2
3892	28	4	2026-07-03	304	41	2026-07-04	5500	2
3893	48	12	2026-07-03	1702	50	2026-07-05	8000	2
3894	15	20	2026-07-04	1101	60	2026-07-08	11000	2
3895	19	6	2026-07-04	505	9	2026-07-06	7500	2
3896	43	19	2026-07-04	1207	56	2026-07-06	2700	2
3897	33	15	2026-07-04	906	20	2026-07-09	16500	2
3898	35	7	2026-07-04	108	40	2026-07-06	5500	2
3899	17	8	2026-07-04	112	20	2026-07-07	4500	2
3900	34	6	2026-07-04	1403	44	2026-07-06	3000	2
3901	48	6	2026-07-04	604	20	2026-07-06	3000	2
3902	13	6	2026-07-04	1403	39	2026-07-06	4500	2
3903	11	3	2026-07-04	703	35	2026-07-06	7500	2
3904	15	17	2026-07-04	908	24	2026-07-05	7000	2
3905	13	20	2026-07-04	1504	40	2026-07-08	9000	2
3906	36	14	2026-07-04	1404	9	2026-07-09	12500	2
3907	45	7	2026-07-04	502	36	2026-07-06	8500	2
3908	14	5	2026-07-04	607	14	2026-07-07	12000	2
3909	47	20	2026-07-04	1701	16	2026-07-08	9000	2
3910	32	3	2026-07-04	1107	26	2026-07-06	5500	2
3911	16	13	2026-07-04	401	55	2026-07-06	7500	2
3912	17	4	2026-07-04	108	50	2026-07-05	9000	2
3913	22	5	2026-07-04	1102	47	2026-07-07	7500	2
3914	14	10	2026-07-04	203	39	2026-07-07	4000	2
3915	37	12	2026-07-04	203	25	2026-07-06	3000	2
3916	50	20	2026-07-04	203	51	2026-07-08	10500	2
3917	9	5	2026-07-05	1101	59	2026-07-08	9000	2
3918	9	9	2026-07-05	906	19	2026-07-09	9000	2
3919	16	19	2026-07-05	1202	34	2026-07-07	3200	2
3920	6	15	2026-07-05	401	35	2026-07-10	18000	2
3921	31	19	2026-07-05	1105	60	2026-07-07	7200	2
3922	28	3	2026-07-05	402	14	2026-07-07	4000	2
3923	25	10	2026-07-05	1702	29	2026-07-08	6500	2
3924	30	7	2026-07-05	1607	13	2026-07-07	4500	2
3925	32	4	2026-07-05	1102	19	2026-07-06	7000	2
3926	42	11	2026-07-05	505	41	2026-07-07	6200	2
3927	43	16	2026-07-05	607	15	2026-07-06	5000	2
3928	47	8	2026-07-05	1303	20	2026-07-08	4000	2
3929	31	15	2026-07-05	1605	1	2026-07-10	15000	2
3930	6	11	2026-07-05	1105	47	2026-07-07	4700	2
3931	20	1	2026-07-05	304	1	2026-07-07	4000	2
3932	38	3	2026-07-05	1001	32	2026-07-07	7500	2
3933	24	12	2026-07-05	1403	11	2026-07-07	4500	2
3934	35	14	2026-07-05	801	60	2026-07-10	12500	2
3935	17	19	2026-07-05	112	12	2026-07-07	3200	2
3936	33	14	2026-07-05	905	33	2026-07-10	12500	2
3937	50	13	2026-07-05	501	10	2026-07-07	6000	2
3938	16	20	2026-07-05	1403	47	2026-07-09	11000	2
3939	37	16	2026-07-05	1107	10	2026-07-06	7000	2
3940	29	2	2026-07-05	112	43	2026-07-12	20500	2
3941	38	8	2026-07-05	607	35	2026-07-08	4000	2
3942	50	9	2026-07-05	906	52	2026-07-09	9000	2
3943	22	19	2026-07-05	906	27	2026-07-07	2700	2
3944	18	18	2026-07-05	203	50	2026-07-06	9000	2
3945	21	4	2026-07-05	203	52	2026-07-06	4000	2
3946	10	1	2026-07-06	304	3	2026-07-08	4000	2
3947	34	10	2026-07-06	607	50	2026-07-09	8500	2
3948	24	13	2026-07-06	1504	23	2026-07-08	5500	2
3949	45	4	2026-07-06	1105	31	2026-07-07	7000	2
3950	32	10	2026-07-06	306	30	2026-07-09	3500	2
3951	8	17	2026-07-06	1702	7	2026-07-07	7500	2
3952	8	19	2026-07-06	103	3	2026-07-08	3200	2
3953	26	14	2026-07-06	906	13	2026-07-11	17000	2
3954	32	15	2026-07-06	905	60	2026-07-11	20000	2
3955	13	7	2026-07-06	1404	55	2026-07-08	4500	2
3956	11	13	2026-07-06	1701	1	2026-07-08	7500	2
3957	35	14	2026-07-06	907	4	2026-07-11	12000	2
3958	11	12	2026-07-06	306	35	2026-07-08	6000	2
3959	8	11	2026-07-06	607	14	2026-07-08	3200	2
3960	1	16	2026-07-06	906	36	2026-07-07	8000	2
3961	6	19	2026-07-06	112	17	2026-07-08	5200	2
3962	27	3	2026-07-06	402	45	2026-07-08	4000	2
3963	11	2	2026-07-06	202	56	2026-07-13	25000	2
3964	50	1	2026-07-06	402	3	2026-07-08	3500	2
3965	13	5	2026-07-06	1309	49	2026-07-09	12000	2
3966	20	3	2026-07-06	908	22	2026-07-08	3500	2
3967	47	16	2026-07-06	304	46	2026-07-07	10000	2
3968	31	3	2026-07-06	1702	2	2026-07-08	7500	2
3969	48	15	2026-07-06	803	54	2026-07-11	20000	2
3970	28	16	2026-07-07	701	23	2026-07-08	6500	2
3971	28	1	2026-07-07	1101	1	2026-07-09	5000	2
3972	28	6	2026-07-07	905	29	2026-07-09	2500	2
3973	39	10	2026-07-07	1001	14	2026-07-10	5500	2
3974	8	16	2026-07-07	1309	5	2026-07-08	10000	2
3975	24	9	2026-07-07	907	49	2026-07-11	6000	2
3976	7	1	2026-07-07	806	2	2026-07-09	5000	2
3977	13	19	2026-07-07	401	29	2026-07-09	2700	2
3978	44	5	2026-07-07	905	44	2026-07-10	8000	2
3979	11	2	2026-07-07	1701	16	2026-07-14	25000	2
3980	41	19	2026-07-07	1607	37	2026-07-09	5200	2
3981	1	20	2026-07-07	905	13	2026-07-11	10500	2
3982	47	19	2026-07-07	1605	8	2026-07-09	7200	2
3983	36	9	2026-07-07	1001	45	2026-07-11	7000	2
3984	37	7	2026-07-07	1607	55	2026-07-09	5500	2
3985	26	9	2026-07-07	801	2	2026-07-11	9000	2
3986	31	18	2026-07-08	103	56	2026-07-09	10000	2
3987	15	5	2026-07-08	103	60	2026-07-11	9000	2
3988	13	17	2026-07-08	604	20	2026-07-09	7500	2
3989	6	18	2026-07-08	908	23	2026-07-09	9000	2
3990	1	5	2026-07-08	1701	35	2026-07-11	8000	2
3991	9	5	2026-07-08	1403	26	2026-07-11	12000	2
3992	16	13	2026-07-08	1701	24	2026-07-10	9500	2
3993	48	19	2026-07-08	1107	54	2026-07-10	7200	2
3994	38	20	2026-07-08	703	32	2026-07-12	14000	2
3995	13	7	2026-07-08	806	53	2026-07-10	8500	2
3996	10	19	2026-07-08	1303	27	2026-07-10	3700	2
3997	43	4	2026-07-08	502	3	2026-07-09	5000	2
3998	31	5	2026-07-08	908	25	2026-07-11	9000	2
3999	7	5	2026-07-08	607	13	2026-07-11	8500	2
4000	20	20	2026-07-08	1001	60	2026-07-12	14000	2
4001	48	19	2026-07-08	1607	48	2026-07-10	4200	2
4002	37	8	2026-07-08	1303	15	2026-07-11	7000	2
4003	45	18	2026-07-08	203	47	2026-07-09	9500	2
4004	12	11	2026-07-08	203	59	2026-07-10	8200	2
4005	49	15	2026-07-08	203	45	2026-07-13	18000	2
4006	2	4	2026-07-09	103	38	2026-07-10	5000	2
4007	38	12	2026-07-09	908	23	2026-07-11	4500	2
4008	16	15	2026-07-09	1107	16	2026-07-14	15500	2
4009	41	8	2026-07-09	1607	9	2026-07-12	4000	2
4010	8	13	2026-07-09	1105	2	2026-07-11	6500	2
4011	16	6	2026-07-09	108	19	2026-07-11	5500	2
4012	31	4	2026-07-09	1001	44	2026-07-10	5000	2
4013	22	5	2026-07-09	501	1	2026-07-12	8000	2
4014	29	4	2026-07-09	1107	60	2026-07-10	5000	2
4015	23	16	2026-07-09	604	32	2026-07-10	10000	2
4016	48	11	2026-07-09	607	10	2026-07-11	6200	2
4017	1	5	2026-07-09	401	34	2026-07-12	7500	2
4018	48	16	2026-07-09	604	38	2026-07-10	10000	2
4019	26	5	2026-07-09	907	45	2026-07-12	8000	2
4020	32	3	2026-07-09	306	39	2026-07-11	3500	2
4021	17	9	2026-07-09	1605	9	2026-07-13	8000	2
4022	17	9	2026-07-09	1001	53	2026-07-13	9000	2
4023	43	20	2026-07-10	701	8	2026-07-14	14000	2
4024	3	5	2026-07-10	701	8	2026-07-13	8500	2
4025	34	14	2026-07-10	1101	36	2026-07-15	12000	2
4026	12	12	2026-07-10	907	55	2026-07-12	6000	2
4027	5	16	2026-07-10	1001	25	2026-07-11	7000	2
4028	16	12	2026-07-10	401	34	2026-07-12	8000	2
4029	37	16	2026-07-10	1202	2	2026-07-11	6000	2
4030	11	10	2026-07-10	103	11	2026-07-13	5000	2
4031	31	2	2026-07-10	112	36	2026-07-17	23000	2
4032	49	17	2026-07-10	502	5	2026-07-11	7500	2
4033	13	4	2026-07-10	1001	20	2026-07-11	4500	2
4034	37	6	2026-07-10	607	39	2026-07-12	3500	2
4035	45	15	2026-07-10	906	47	2026-07-15	16500	2
4036	34	11	2026-07-10	505	16	2026-07-12	4200	2
4037	42	10	2026-07-10	1701	33	2026-07-13	5000	2
4038	13	3	2026-07-10	203	6	2026-07-12	7500	2
4039	35	16	2026-07-11	1101	35	2026-07-12	6000	2
4040	18	20	2026-07-11	1101	51	2026-07-15	12000	2
4041	19	6	2026-07-11	1701	16	2026-07-13	2500	2
4042	49	11	2026-07-11	402	23	2026-07-13	4200	2
4043	30	14	2026-07-11	1404	18	2026-07-16	12000	2
4044	8	2	2026-07-11	701	20	2026-07-18	22000	2
4045	16	2	2026-07-11	1107	55	2026-07-18	22000	2
4046	12	13	2026-07-11	907	56	2026-07-13	9500	2
4047	4	11	2026-07-11	1105	29	2026-07-13	4200	2
4048	36	6	2026-07-11	604	28	2026-07-13	3000	2
4049	49	4	2026-07-11	1303	26	2026-07-12	6000	2
4050	13	13	2026-07-11	701	2	2026-07-13	4500	2
4051	12	2	2026-07-11	1207	16	2026-07-18	23000	2
4052	9	2	2026-07-11	1105	30	2026-07-18	20000	2
4053	20	4	2026-07-11	505	14	2026-07-12	5000	2
4054	44	11	2026-07-11	402	35	2026-07-13	5200	2
4055	41	19	2026-07-11	1001	47	2026-07-13	2200	2
4056	44	1	2026-07-11	1207	24	2026-07-13	6000	2
4057	11	8	2026-07-11	1701	23	2026-07-14	5000	2
4058	23	7	2026-07-11	1105	46	2026-07-13	3500	2
4059	20	5	2026-07-11	1102	31	2026-07-14	9000	2
4060	5	16	2026-07-11	907	46	2026-07-12	6000	2
4061	18	14	2026-07-11	1001	8	2026-07-16	15000	2
4062	39	7	2026-07-12	1101	12	2026-07-14	8500	2
4063	10	2	2026-07-12	1101	27	2026-07-19	25000	2
4064	24	12	2026-07-12	604	50	2026-07-14	4000	2
4065	42	10	2026-07-12	1107	42	2026-07-15	4500	2
4066	26	6	2026-07-12	401	46	2026-07-14	5500	2
4067	20	7	2026-07-12	1403	41	2026-07-14	4500	2
4068	5	12	2026-07-12	908	10	2026-07-14	4000	2
4069	32	1	2026-07-12	103	31	2026-07-14	4500	2
4070	9	15	2026-07-12	306	21	2026-07-17	16000	2
4071	22	17	2026-07-12	1504	39	2026-07-13	11000	2
4072	5	4	2026-07-12	801	55	2026-07-13	6000	2
4073	47	1	2026-07-12	502	28	2026-07-14	6000	2
4074	3	11	2026-07-12	908	14	2026-07-14	5200	2
4075	49	2	2026-07-12	202	7	2026-07-19	22000	2
4076	50	16	2026-07-12	801	21	2026-07-13	8000	2
4077	8	15	2026-07-12	1607	33	2026-07-17	18000	2
4078	31	16	2026-07-12	103	7	2026-07-13	7000	2
4079	42	2	2026-07-12	701	28	2026-07-19	21000	2
4080	25	10	2026-07-12	306	24	2026-07-15	5500	2
4081	11	20	2026-07-12	1504	26	2026-07-16	9500	2
4082	42	7	2026-07-12	502	52	2026-07-14	3500	2
4083	37	1	2026-07-12	1207	7	2026-07-14	5000	2
4084	25	8	2026-07-12	801	12	2026-07-15	7000	2
4085	19	9	2026-07-12	1003	33	2026-07-16	8000	2
4086	48	6	2026-07-13	907	33	2026-07-15	5500	2
4087	2	2	2026-07-13	1207	55	2026-07-20	25000	2
4088	29	10	2026-07-13	1107	4	2026-07-16	4500	2
4089	17	16	2026-07-13	1701	45	2026-07-14	8000	2
4090	23	20	2026-07-13	1605	7	2026-07-17	10500	2
4091	7	11	2026-07-13	202	35	2026-07-15	4700	2
4092	34	15	2026-07-13	1702	40	2026-07-18	18000	2
4093	45	5	2026-07-13	1504	31	2026-07-16	7000	2
4094	40	14	2026-07-13	908	17	2026-07-18	13500	2
4095	6	19	2026-07-13	1001	30	2026-07-15	5200	2
4096	46	14	2026-07-13	1504	39	2026-07-18	12500	2
4097	44	16	2026-07-13	703	23	2026-07-14	5000	2
4098	32	14	2026-07-13	908	40	2026-07-18	12500	2
4099	16	18	2026-07-13	906	13	2026-07-14	8000	2
4100	3	16	2026-07-13	803	43	2026-07-14	7000	2
4101	24	10	2026-07-13	1701	25	2026-07-16	4000	2
4102	43	11	2026-07-13	1605	2	2026-07-15	6200	2
4103	17	17	2026-07-13	806	44	2026-07-14	6500	2
4104	42	8	2026-07-13	505	48	2026-07-16	7000	2
4105	33	20	2026-07-13	501	13	2026-07-17	10000	2
4106	17	2	2026-07-13	401	35	2026-07-20	20500	2
4107	16	5	2026-07-13	112	32	2026-07-16	10000	2
4108	44	17	2026-07-13	203	5	2026-07-14	7000	2
4109	32	10	2026-07-13	101	26	2026-07-16	8500	2
4110	4	8	2026-07-14	701	5	2026-07-17	6000	2
4111	39	1	2026-07-14	103	52	2026-07-16	4000	2
4112	39	1	2026-07-14	1605	11	2026-07-16	3500	2
4113	5	18	2026-07-14	604	26	2026-07-15	9000	2
4114	47	11	2026-07-14	1702	35	2026-07-16	3200	2
4115	15	4	2026-07-14	1504	55	2026-07-15	5500	2
4116	37	12	2026-07-14	604	32	2026-07-16	4500	2
4117	14	7	2026-07-14	306	38	2026-07-16	6500	2
4118	11	1	2026-07-14	501	51	2026-07-16	4000	2
4119	9	15	2026-07-14	905	8	2026-07-19	16500	2
4120	38	19	2026-07-14	1001	8	2026-07-16	2200	2
4121	33	8	2026-07-14	908	37	2026-07-17	4000	2
4122	4	6	2026-07-14	1207	52	2026-07-16	5500	2
4123	32	8	2026-07-14	1309	11	2026-07-17	4000	2
4124	49	14	2026-07-14	1003	20	2026-07-19	14000	2
4125	47	17	2026-07-14	1001	25	2026-07-15	7500	2
4126	23	14	2026-07-14	701	26	2026-07-19	13500	2
4127	50	1	2026-07-14	1207	6	2026-07-16	6000	2
4128	21	19	2026-07-15	405	2	2026-07-17	3200	2
4129	20	18	2026-07-15	908	6	2026-07-16	8500	2
4130	48	1	2026-07-15	501	34	2026-07-17	3000	2
4131	44	13	2026-07-15	112	36	2026-07-17	9500	2
4132	11	19	2026-07-15	604	39	2026-07-17	2200	2
4133	47	17	2026-07-15	1303	37	2026-07-16	11000	2
4134	25	18	2026-07-15	604	55	2026-07-16	8000	2
4135	11	12	2026-07-15	103	33	2026-07-17	4000	2
4136	32	11	2026-07-15	501	41	2026-07-17	3200	2
4137	32	7	2026-07-15	304	50	2026-07-17	5500	2
4138	48	7	2026-07-15	803	55	2026-07-17	4000	2
4139	1	2	2026-07-15	402	20	2026-07-22	22000	2
4140	26	9	2026-07-15	306	50	2026-07-19	6000	2
4141	40	19	2026-07-15	202	13	2026-07-17	4200	2
4142	48	1	2026-07-15	304	46	2026-07-17	8000	2
4143	25	8	2026-07-15	1607	59	2026-07-18	6000	2
4144	4	13	2026-07-15	1003	16	2026-07-17	5000	2
4145	31	13	2026-07-15	1607	48	2026-07-17	7500	2
4146	31	16	2026-07-15	801	8	2026-07-16	10000	2
4147	23	1	2026-07-15	908	5	2026-07-17	4500	2
4148	4	1	2026-07-15	906	19	2026-07-17	3000	2
4149	44	5	2026-07-15	402	17	2026-07-18	10000	2
4150	45	5	2026-07-15	1404	46	2026-07-18	10000	2
4151	48	10	2026-07-16	1102	54	2026-07-19	5500	2
4152	40	5	2026-07-16	306	22	2026-07-19	10000	2
4153	16	20	2026-07-16	1102	18	2026-07-20	10000	2
4154	22	14	2026-07-16	1404	33	2026-07-21	17000	2
4155	21	17	2026-07-16	505	7	2026-07-17	9000	2
4156	16	6	2026-07-16	1404	52	2026-07-18	4500	2
4157	49	14	2026-07-16	803	60	2026-07-21	17000	2
4158	16	6	2026-07-16	1207	31	2026-07-18	2500	2
4159	33	14	2026-07-16	1102	23	2026-07-21	15000	2
4160	6	15	2026-07-16	202	25	2026-07-21	18000	2
4161	6	8	2026-07-16	905	45	2026-07-19	9000	2
4162	39	19	2026-07-16	401	46	2026-07-18	3200	2
4163	46	19	2026-07-16	101	22	2026-07-18	3200	2
4164	2	20	2026-07-17	1101	54	2026-07-21	9000	2
4165	34	10	2026-07-17	1101	45	2026-07-20	4500	2
4166	47	10	2026-07-17	112	39	2026-07-20	5000	2
4167	45	14	2026-07-17	905	55	2026-07-22	14000	2
4168	23	12	2026-07-17	1605	30	2026-07-19	3500	2
4169	17	6	2026-07-17	801	9	2026-07-19	2500	2
4170	7	16	2026-07-17	806	59	2026-07-18	6500	2
4171	20	19	2026-07-17	304	56	2026-07-19	2200	2
4172	32	1	2026-07-17	1404	32	2026-07-19	3500	2
4173	42	10	2026-07-17	1001	39	2026-07-20	6500	2
4174	32	9	2026-07-17	306	8	2026-07-21	9000	2
4175	29	9	2026-07-17	505	28	2026-07-21	11000	2
4176	25	13	2026-07-17	1107	40	2026-07-19	6000	2
4177	2	10	2026-07-17	202	19	2026-07-20	4000	2
4178	12	18	2026-07-17	112	40	2026-07-18	9500	2
4179	5	2	2026-07-17	108	57	2026-07-24	25000	2
4180	15	17	2026-07-17	402	58	2026-07-18	11000	2
4181	41	1	2026-07-17	1102	43	2026-07-19	3500	2
4182	41	14	2026-07-17	1003	16	2026-07-22	14000	2
4183	1	18	2026-07-17	306	10	2026-07-18	11000	2
4184	43	19	2026-07-17	101	16	2026-07-19	3700	2
4185	40	1	2026-07-18	1101	20	2026-07-20	4500	2
4186	34	7	2026-07-18	1101	48	2026-07-20	5500	2
4187	9	8	2026-07-18	103	14	2026-07-21	4500	2
4188	3	15	2026-07-18	1701	17	2026-07-23	16000	2
4189	47	17	2026-07-18	1207	60	2026-07-19	11000	2
4190	9	7	2026-07-18	604	36	2026-07-20	5000	2
4191	4	8	2026-07-18	1702	38	2026-07-21	4000	2
4192	33	2	2026-07-18	202	28	2026-07-25	20000	2
4193	24	8	2026-07-18	501	51	2026-07-21	4500	2
4194	49	6	2026-07-18	1403	26	2026-07-20	7500	2
4195	24	17	2026-07-18	502	22	2026-07-19	6500	2
4196	38	17	2026-07-18	1102	8	2026-07-19	7500	2
4197	18	19	2026-07-18	1105	10	2026-07-20	3200	2
4198	2	1	2026-07-18	607	46	2026-07-20	3000	2
4199	17	6	2026-07-18	1105	39	2026-07-20	5500	2
4200	48	16	2026-07-18	108	60	2026-07-19	6500	2
4201	37	11	2026-07-18	1701	19	2026-07-20	4700	2
4202	26	19	2026-07-18	1107	13	2026-07-20	3200	2
4203	12	11	2026-07-18	401	35	2026-07-20	6200	2
4204	17	13	2026-07-18	505	58	2026-07-20	5500	2
4205	16	11	2026-07-18	304	2	2026-07-20	8200	2
4206	43	15	2026-07-18	401	31	2026-07-23	15000	2
4207	44	7	2026-07-18	1001	32	2026-07-20	5500	2
4208	6	15	2026-07-18	502	52	2026-07-23	16000	2
4209	46	10	2026-07-18	101	39	2026-07-21	5000	2
4210	33	9	2026-07-19	906	57	2026-07-23	7500	2
4211	50	9	2026-07-19	103	58	2026-07-23	9000	2
4212	26	3	2026-07-19	905	34	2026-07-21	3000	2
4213	45	7	2026-07-19	908	35	2026-07-21	5000	2
4214	22	15	2026-07-19	103	18	2026-07-24	17000	2
4215	38	14	2026-07-19	401	55	2026-07-24	12000	2
4216	43	10	2026-07-19	905	4	2026-07-22	5500	2
4217	16	2	2026-07-19	905	59	2026-07-26	22000	2
4218	46	4	2026-07-19	1607	58	2026-07-20	9000	2
4219	30	7	2026-07-19	803	3	2026-07-21	4000	2
4220	31	14	2026-07-19	1102	9	2026-07-24	12500	2
4221	33	7	2026-07-19	306	48	2026-07-21	8500	2
4222	35	17	2026-07-19	306	11	2026-07-20	9000	2
4223	40	18	2026-07-19	502	53	2026-07-20	9500	2
4224	49	11	2026-07-19	1003	59	2026-07-21	6200	2
4225	45	4	2026-07-19	1504	50	2026-07-20	7000	2
4226	2	3	2026-07-19	101	45	2026-07-21	3000	2
4227	17	7	2026-07-20	405	5	2026-07-22	3500	2
4228	44	10	2026-07-20	1101	10	2026-07-23	5000	2
4229	19	13	2026-07-20	1309	16	2026-07-22	9500	2
4230	29	12	2026-07-20	801	45	2026-07-22	5000	2
4231	21	5	2026-07-20	505	42	2026-07-23	8000	2
4232	14	11	2026-07-20	803	24	2026-07-22	4700	2
4233	39	9	2026-07-20	907	11	2026-07-24	8000	2
4234	28	6	2026-07-20	907	25	2026-07-22	3000	2
4235	27	4	2026-07-20	1309	7	2026-07-21	7000	2
4236	42	19	2026-07-20	604	28	2026-07-22	2200	2
4237	36	17	2026-07-20	1303	30	2026-07-21	7000	2
4238	9	3	2026-07-20	1003	56	2026-07-22	3000	2
4239	2	16	2026-07-20	1309	54	2026-07-21	6500	2
4240	40	7	2026-07-20	1003	7	2026-07-22	6500	2
4241	10	3	2026-07-20	1404	24	2026-07-22	3500	2
4242	14	1	2026-07-20	1701	27	2026-07-22	3500	2
4243	46	4	2026-07-20	1403	3	2026-07-21	4500	2
4244	9	11	2026-07-20	1403	60	2026-07-22	8200	2
4245	29	1	2026-07-20	1303	41	2026-07-22	3500	2
4246	12	12	2026-07-20	906	24	2026-07-22	4500	2
4247	3	5	2026-07-20	906	35	2026-07-23	8000	2
4248	48	2	2026-07-20	505	24	2026-07-27	25000	2
4249	34	1	2026-07-20	1403	37	2026-07-22	5000	2
4250	8	3	2026-07-20	906	24	2026-07-22	7500	2
4251	4	18	2026-07-21	101	27	2026-07-22	8000	2
4252	16	2	2026-07-21	101	42	2026-07-28	20000	2
4253	14	18	2026-07-21	103	31	2026-07-22	10000	2
4254	24	13	2026-07-21	1102	30	2026-07-23	6000	2
4255	8	2	2026-07-21	801	31	2026-07-28	21000	2
4256	45	4	2026-07-21	703	6	2026-07-22	6000	2
4257	18	8	2026-07-21	701	24	2026-07-24	4000	2
4258	30	12	2026-07-21	803	40	2026-07-23	8000	2
4259	22	1	2026-07-21	103	11	2026-07-23	6000	2
4260	49	1	2026-07-21	1309	56	2026-07-23	4500	2
4261	7	10	2026-07-21	505	45	2026-07-24	8500	2
4262	25	4	2026-07-21	1404	50	2026-07-22	6000	2
4263	24	20	2026-07-21	112	31	2026-07-25	12000	2
4264	39	9	2026-07-21	1001	8	2026-07-25	8000	2
4265	48	13	2026-07-21	1309	38	2026-07-23	6000	2
4266	35	3	2026-07-21	202	17	2026-07-23	3500	2
4267	14	2	2026-07-21	1607	49	2026-07-28	23000	2
4268	39	12	2026-07-21	703	14	2026-07-23	3500	2
4269	38	7	2026-07-21	202	17	2026-07-23	4000	2
4270	7	8	2026-07-21	1309	17	2026-07-24	4500	2
4271	43	18	2026-07-21	1202	34	2026-07-22	8500	2
4272	16	12	2026-07-21	1607	39	2026-07-23	4500	2
4273	50	18	2026-07-22	101	1	2026-07-23	9500	2
4274	26	3	2026-07-22	101	27	2026-07-24	3000	2
4275	25	19	2026-07-22	502	44	2026-07-24	3700	2
4276	27	19	2026-07-22	108	39	2026-07-24	3700	2
4277	50	10	2026-07-22	801	42	2026-07-25	4500	2
4278	14	19	2026-07-22	1003	16	2026-07-24	2200	2
4279	25	20	2026-07-22	1107	31	2026-07-26	14000	2
4280	16	17	2026-07-22	502	39	2026-07-23	7500	2
4281	6	12	2026-07-22	908	30	2026-07-24	6000	2
4282	32	5	2026-07-22	908	26	2026-07-25	7000	2
4283	42	18	2026-07-22	402	24	2026-07-23	8000	2
4284	44	16	2026-07-22	103	12	2026-07-23	5500	2
4285	47	14	2026-07-22	607	16	2026-07-27	12500	2
4286	16	6	2026-07-22	1303	9	2026-07-24	3500	2
4287	35	18	2026-07-22	907	29	2026-07-23	10000	2
4288	2	11	2026-07-22	402	49	2026-07-24	3700	2
4289	13	17	2026-07-22	1102	16	2026-07-23	7000	2
4290	45	3	2026-07-22	401	48	2026-07-24	4500	2
4291	44	17	2026-07-22	1107	32	2026-07-23	9000	2
4292	40	20	2026-07-22	1105	27	2026-07-26	9000	2
4293	8	10	2026-07-22	803	52	2026-07-25	5000	2
4294	5	13	2026-07-22	1605	53	2026-07-24	5000	2
4295	8	11	2026-07-22	703	23	2026-07-24	4700	2
4296	33	15	2026-07-22	112	2	2026-07-27	15500	2
4297	15	20	2026-07-22	1702	43	2026-07-26	9500	2
4298	1	4	2026-07-22	101	7	2026-07-23	9000	2
4299	26	15	2026-07-23	405	15	2026-07-28	18000	2
4300	20	10	2026-07-23	505	39	2026-07-26	6500	2
4301	5	10	2026-07-23	1605	45	2026-07-26	8500	2
4302	21	12	2026-07-23	1107	40	2026-07-25	3500	2
4303	27	15	2026-07-23	1309	56	2026-07-28	18000	2
4304	41	1	2026-07-23	304	8	2026-07-25	4500	2
4305	25	13	2026-07-23	1107	5	2026-07-25	4500	2
4306	41	19	2026-07-23	905	30	2026-07-25	4200	2
4307	31	19	2026-07-23	604	44	2026-07-25	4200	2
4308	7	8	2026-07-23	306	52	2026-07-26	4500	2
4309	44	17	2026-07-23	1404	35	2026-07-24	9000	2
4310	14	5	2026-07-23	1403	2	2026-07-26	10000	2
4311	42	4	2026-07-23	906	26	2026-07-24	7000	2
4312	24	4	2026-07-23	1303	35	2026-07-24	4000	2
4313	17	18	2026-07-23	304	52	2026-07-24	9500	2
4314	38	8	2026-07-23	908	34	2026-07-26	4000	2
4315	28	1	2026-07-23	103	8	2026-07-25	5000	2
4316	48	9	2026-07-23	801	21	2026-07-27	7000	2
4317	4	20	2026-07-23	101	60	2026-07-27	10000	2
4318	4	8	2026-07-24	405	29	2026-07-27	4500	2
4319	27	4	2026-07-24	703	27	2026-07-25	5000	2
4320	25	13	2026-07-24	1105	42	2026-07-26	9500	2
4321	2	8	2026-07-24	1607	22	2026-07-27	4000	2
4322	34	15	2026-07-24	1504	38	2026-07-29	17000	2
4323	8	8	2026-07-24	905	48	2026-07-27	4000	2
4324	35	11	2026-07-24	1605	35	2026-07-26	4200	2
4325	4	19	2026-07-24	1605	47	2026-07-26	2700	2
4326	31	20	2026-07-24	1105	11	2026-07-28	11000	2
4327	13	7	2026-07-24	703	44	2026-07-26	4500	2
4328	34	19	2026-07-24	1309	28	2026-07-26	7200	2
4329	16	6	2026-07-24	401	51	2026-07-26	4500	2
4330	1	20	2026-07-24	1105	58	2026-07-28	14000	2
4331	38	10	2026-07-24	103	42	2026-07-27	3500	2
4332	41	15	2026-07-24	1403	50	2026-07-29	16000	2
4333	7	16	2026-07-24	803	34	2026-07-25	5000	2
4334	23	14	2026-07-24	1003	9	2026-07-29	15000	2
4335	19	2	2026-07-24	1309	34	2026-07-31	25000	2
4336	43	14	2026-07-24	1404	43	2026-07-29	15000	2
4337	12	8	2026-07-24	607	58	2026-07-27	4000	2
4338	46	16	2026-07-24	1607	25	2026-07-25	10000	2
4339	12	10	2026-07-25	405	20	2026-07-28	5500	2
4340	19	11	2026-07-25	101	57	2026-07-27	5200	2
4341	25	3	2026-07-25	306	57	2026-07-27	7500	2
4342	49	16	2026-07-25	1105	40	2026-07-26	5000	2
4343	15	18	2026-07-25	803	58	2026-07-26	13000	2
4344	38	8	2026-07-25	905	1	2026-07-28	7000	2
4345	26	13	2026-07-25	1303	1	2026-07-27	7500	2
4346	27	8	2026-07-25	1702	11	2026-07-28	5500	2
4347	8	1	2026-07-25	1303	14	2026-07-27	4500	2
4348	29	7	2026-07-25	1105	51	2026-07-27	5500	2
4349	23	4	2026-07-25	1607	26	2026-07-26	5000	2
4350	21	17	2026-07-25	1404	46	2026-07-26	7000	2
4351	7	19	2026-07-25	701	24	2026-07-27	4200	2
4352	20	20	2026-07-25	1309	39	2026-07-29	9500	2
4353	49	9	2026-07-25	703	51	2026-07-29	8000	2
4354	12	18	2026-07-25	801	49	2026-07-26	9000	2
4355	39	17	2026-07-25	202	14	2026-07-26	7000	2
4356	20	5	2026-07-25	604	8	2026-07-28	9000	2
4357	28	7	2026-07-25	1202	47	2026-07-27	8500	2
4358	20	5	2026-07-25	1403	48	2026-07-28	12000	2
4359	24	19	2026-07-25	801	4	2026-07-27	5200	2
4360	21	1	2026-07-25	1303	39	2026-07-27	5000	2
4361	31	4	2026-07-25	1105	5	2026-07-26	9000	2
4362	42	10	2026-07-25	907	21	2026-07-28	3500	2
4363	5	19	2026-07-26	202	60	2026-07-28	4200	2
4364	43	3	2026-07-26	1605	8	2026-07-28	4500	2
4365	44	2	2026-07-26	906	45	2026-08-02	25000	2
4366	17	20	2026-07-26	1001	22	2026-07-30	9000	2
4367	17	15	2026-07-26	1102	18	2026-07-31	18000	2
4368	17	16	2026-07-26	1403	55	2026-07-27	7000	2
4369	48	5	2026-07-26	1001	13	2026-07-29	12000	2
4370	44	12	2026-07-26	306	54	2026-07-28	3500	2
4371	40	12	2026-07-26	607	45	2026-07-28	3000	2
4372	40	9	2026-07-26	806	12	2026-07-30	7500	2
4373	49	12	2026-07-26	1702	35	2026-07-28	6000	2
4374	22	5	2026-07-26	604	59	2026-07-29	8500	2
4375	50	14	2026-07-26	1701	32	2026-07-31	13500	2
4376	34	2	2026-07-26	202	45	2026-08-02	23000	2
4377	7	10	2026-07-26	1102	57	2026-07-29	3500	2
4378	27	11	2026-07-26	907	14	2026-07-28	5200	2
4379	46	17	2026-07-26	1607	29	2026-07-27	9000	2
4380	28	17	2026-07-26	402	50	2026-07-27	7000	2
4381	12	2	2026-07-26	304	11	2026-08-02	20000	2
4382	14	19	2026-07-26	101	50	2026-07-28	2700	2
4383	39	9	2026-07-27	405	35	2026-07-31	6000	2
4384	43	4	2026-07-27	405	58	2026-07-28	4000	2
4385	28	1	2026-07-27	405	4	2026-07-29	8000	2
4386	18	18	2026-07-27	405	29	2026-07-28	8500	2
4387	4	13	2026-07-27	405	26	2026-07-29	5000	2
4388	48	4	2026-07-27	1403	7	2026-07-28	6000	2
4389	50	13	2026-07-27	1605	48	2026-07-29	5000	2
4390	37	15	2026-07-27	112	20	2026-08-01	17000	2
4391	30	5	2026-07-27	1404	8	2026-07-30	10000	2
4392	17	13	2026-07-27	108	38	2026-07-29	9500	2
4393	8	3	2026-07-27	604	46	2026-07-29	4500	2
4394	35	4	2026-07-27	908	5	2026-07-28	5000	2
4395	6	9	2026-07-27	1309	21	2026-07-31	6000	2
4396	39	9	2026-07-27	401	43	2026-07-31	9000	2
4397	33	12	2026-07-27	103	8	2026-07-29	4500	2
4398	47	20	2026-07-27	401	56	2026-07-31	14000	2
4399	32	13	2026-07-27	505	34	2026-07-29	7500	2
4400	50	17	2026-07-27	1701	12	2026-07-28	6000	2
4401	30	13	2026-07-27	1504	53	2026-07-29	9500	2
4402	4	2	2026-07-27	108	53	2026-08-03	20500	2
4403	38	1	2026-07-27	801	11	2026-07-29	6000	2
4404	26	5	2026-07-27	1605	5	2026-07-30	9000	2
4405	46	20	2026-07-27	1303	36	2026-07-31	9000	2
4406	30	8	2026-07-27	505	20	2026-07-30	4500	2
4407	2	14	2026-07-27	907	47	2026-08-01	13500	2
4408	36	11	2026-07-27	101	41	2026-07-29	8200	2
4409	10	9	2026-07-27	101	24	2026-07-31	9000	2
4410	49	11	2026-07-28	907	7	2026-07-30	4200	2
4411	27	2	2026-07-28	501	40	2026-08-04	25000	2
4412	29	10	2026-07-28	103	24	2026-07-31	5000	2
4413	26	19	2026-07-28	908	48	2026-07-30	4200	2
4414	31	12	2026-07-28	604	31	2026-07-30	3500	2
4415	49	20	2026-07-28	1303	19	2026-08-01	14000	2
4416	34	12	2026-07-28	304	30	2026-07-30	5000	2
4417	26	13	2026-07-28	906	42	2026-07-30	6000	2
4418	49	17	2026-07-28	1404	51	2026-07-29	7500	2
4419	30	8	2026-07-28	402	9	2026-07-31	5000	2
4420	43	5	2026-07-28	1107	39	2026-07-31	12000	2
4421	50	11	2026-07-28	701	37	2026-07-30	3700	2
4422	13	7	2026-07-28	202	19	2026-07-30	4500	2
4423	40	9	2026-07-28	1701	19	2026-08-01	11000	2
4424	3	14	2026-07-28	202	43	2026-08-02	13000	2
4425	33	16	2026-07-28	108	31	2026-07-29	5500	2
4426	20	15	2026-07-28	908	13	2026-08-02	17000	2
4427	23	13	2026-07-28	103	47	2026-07-30	4500	2
4428	35	2	2026-07-28	1001	21	2026-08-04	25000	2
4429	33	11	2026-07-28	304	55	2026-07-30	3700	2
4430	17	16	2026-07-28	304	47	2026-07-29	10000	2
4431	14	10	2026-07-28	1102	44	2026-07-31	3500	2
4432	50	9	2026-07-28	108	3	2026-08-01	8000	2
4433	41	1	2026-07-28	604	19	2026-07-30	4500	2
4434	36	17	2026-07-29	101	10	2026-07-30	6500	2
4435	10	6	2026-07-29	505	5	2026-07-31	4000	2
4436	16	16	2026-07-29	1003	7	2026-07-30	5000	2
4437	30	9	2026-07-29	701	11	2026-08-02	9000	2
4438	41	9	2026-07-29	905	15	2026-08-02	7000	2
4439	14	7	2026-07-29	906	23	2026-07-31	5500	2
4440	38	1	2026-07-29	1607	37	2026-07-31	3500	2
4441	1	18	2026-07-29	1303	57	2026-07-30	10000	2
4442	23	10	2026-07-29	1403	60	2026-08-01	4000	2
4443	6	2	2026-07-29	604	57	2026-08-05	25000	2
4444	33	12	2026-07-29	806	26	2026-07-31	6000	2
4445	3	4	2026-07-29	806	20	2026-07-30	7000	2
4446	29	10	2026-07-29	1605	39	2026-08-01	4500	2
4447	14	6	2026-07-29	801	30	2026-07-31	3500	2
4448	44	19	2026-07-29	1504	4	2026-07-31	5200	2
4449	22	8	2026-07-29	1701	53	2026-08-01	5500	2
4450	14	17	2026-07-29	1001	26	2026-07-30	7000	2
4451	6	12	2026-07-29	907	12	2026-07-31	4500	2
4452	36	5	2026-07-29	1105	37	2026-08-01	9000	2
4453	37	17	2026-07-29	1003	36	2026-07-30	8000	2
4454	2	17	2026-07-29	502	31	2026-07-30	6500	2
4455	1	2	2026-07-29	1001	46	2026-08-05	22000	2
4456	6	10	2026-07-29	1701	10	2026-08-01	4500	2
4457	4	14	2026-07-29	1605	54	2026-08-03	14000	2
4458	47	13	2026-07-29	1207	59	2026-07-31	9500	2
4459	7	12	2026-07-29	402	28	2026-07-31	4500	2
4460	28	9	2026-07-29	1702	15	2026-08-02	11000	2
4461	46	13	2026-07-29	1404	51	2026-07-31	5000	2
4462	9	13	2026-07-29	101	36	2026-07-31	9500	2
4463	3	6	2026-07-29	101	22	2026-07-31	4500	2
4464	37	13	2026-07-30	101	53	2026-08-01	5500	2
4465	27	2	2026-07-30	304	50	2026-08-06	21500	2
4466	31	2	2026-07-30	1403	24	2026-08-06	20000	2
4467	37	5	2026-07-30	112	6	2026-08-02	12000	2
4468	30	10	2026-07-30	401	17	2026-08-02	5500	2
4469	24	10	2026-07-30	1107	52	2026-08-02	6500	2
4470	34	6	2026-07-30	1003	12	2026-08-01	5500	2
4471	33	15	2026-07-30	402	1	2026-08-04	18000	2
4472	5	18	2026-07-30	1701	51	2026-07-31	9500	2
4473	32	9	2026-07-30	801	6	2026-08-03	9000	2
4474	35	8	2026-07-30	1404	13	2026-08-02	7000	2
4475	29	13	2026-07-30	1403	9	2026-08-01	6000	2
4476	50	7	2026-07-30	101	44	2026-08-01	4000	2
4477	2	6	2026-07-31	405	52	2026-08-02	2500	2
4478	29	20	2026-07-31	1607	32	2026-08-04	9500	2
4479	33	4	2026-07-31	1003	18	2026-08-01	9000	2
4480	8	14	2026-07-31	1701	38	2026-08-05	14000	2
4481	15	8	2026-07-31	1605	47	2026-08-03	4000	2
4482	40	2	2026-07-31	1403	55	2026-08-07	21500	2
4483	3	3	2026-07-31	803	14	2026-08-02	4500	2
4484	4	1	2026-07-31	908	8	2026-08-02	8000	2
4485	41	19	2026-07-31	401	2	2026-08-02	2700	2
4486	1	5	2026-07-31	1001	29	2026-08-03	7000	2
4487	47	10	2026-07-31	502	32	2026-08-03	5500	2
4488	3	12	2026-07-31	801	40	2026-08-02	5000	2
4489	36	18	2026-07-31	1403	58	2026-08-01	9500	2
4490	49	19	2026-07-31	1605	51	2026-08-02	3700	2
4491	5	2	2026-07-31	806	44	2026-08-07	22000	2
4492	27	15	2026-07-31	202	43	2026-08-05	16500	2
4493	33	18	2026-07-31	1202	5	2026-08-01	9000	2
4494	32	5	2026-07-31	701	52	2026-08-03	12000	2
4495	24	1	2026-07-31	701	14	2026-08-02	4500	2
4496	31	19	2026-07-31	1107	40	2026-08-02	2200	2
4497	42	5	2026-07-31	1605	44	2026-08-03	7500	2
4498	44	10	2026-07-31	604	20	2026-08-03	4500	2
4499	37	10	2026-07-31	202	46	2026-08-03	8500	2
4500	20	8	2026-07-31	501	54	2026-08-03	4500	2
4501	39	17	2026-07-31	607	32	2026-08-01	7500	2
4502	41	3	2026-07-31	801	34	2026-08-02	3000	2
4503	42	8	2026-07-31	104	49	2026-08-03	5000	2
4504	43	5	2026-08-01	101	12	2026-08-04	10000	2
4505	26	17	2026-08-01	1605	31	2026-08-02	8000	2
4506	36	4	2026-08-01	1001	40	2026-08-02	9000	2
4507	20	18	2026-08-01	801	58	2026-08-02	9500	2
4508	23	19	2026-08-01	1303	14	2026-08-03	3200	2
4509	32	18	2026-08-01	1702	32	2026-08-02	9000	2
4510	21	7	2026-08-01	1105	27	2026-08-03	8500	2
4511	18	16	2026-08-01	1001	48	2026-08-02	7000	2
4512	31	19	2026-08-01	306	59	2026-08-03	7200	2
4513	7	15	2026-08-01	1001	38	2026-08-06	15000	2
4514	46	11	2026-08-01	108	60	2026-08-03	5200	2
4515	38	1	2026-08-01	1404	44	2026-08-03	4500	2
4516	47	2	2026-08-01	306	19	2026-08-08	20500	2
4517	43	12	2026-08-01	104	28	2026-08-03	6000	2
4518	5	11	2026-08-01	104	48	2026-08-03	3700	2
4519	18	18	2026-08-02	405	60	2026-08-03	13000	2
4520	33	15	2026-08-02	803	2	2026-08-07	15000	2
4521	10	7	2026-08-02	108	19	2026-08-04	5000	2
4522	30	5	2026-08-02	505	8	2026-08-05	7500	2
4523	33	1	2026-08-02	502	45	2026-08-04	3500	2
4524	48	6	2026-08-02	908	28	2026-08-04	3000	2
4525	13	7	2026-08-02	1102	18	2026-08-04	5500	2
4526	23	11	2026-08-02	701	42	2026-08-04	4200	2
4527	47	18	2026-08-02	108	19	2026-08-03	11000	2
4528	14	15	2026-08-02	1303	47	2026-08-07	15500	2
4529	43	7	2026-08-02	701	38	2026-08-04	5000	2
4530	21	18	2026-08-02	1605	25	2026-08-03	8500	2
4531	33	14	2026-08-02	1701	16	2026-08-07	14000	2
4532	38	18	2026-08-02	1303	49	2026-08-03	9000	2
4533	17	12	2026-08-03	405	34	2026-08-05	8000	2
4534	22	6	2026-08-03	405	44	2026-08-05	4500	2
4535	43	6	2026-08-03	101	26	2026-08-05	5500	2
4536	3	11	2026-08-03	1701	18	2026-08-05	8200	2
4537	41	3	2026-08-03	1105	19	2026-08-05	3500	2
4538	26	7	2026-08-03	907	52	2026-08-05	3500	2
4539	41	11	2026-08-03	103	7	2026-08-05	4700	2
4540	24	11	2026-08-03	1107	56	2026-08-05	8200	2
4541	12	17	2026-08-03	803	53	2026-08-04	11000	2
4542	47	7	2026-08-03	505	32	2026-08-05	5500	2
4543	8	17	2026-08-03	108	31	2026-08-04	6500	2
4544	41	1	2026-08-03	501	48	2026-08-05	3500	2
4545	17	4	2026-08-03	908	1	2026-08-04	4000	2
4546	4	20	2026-08-03	1702	6	2026-08-07	12000	2
4547	9	16	2026-08-03	1107	9	2026-08-04	5500	2
4548	21	4	2026-08-03	1504	47	2026-08-04	9000	2
4549	24	20	2026-08-03	604	44	2026-08-07	10000	2
4550	1	1	2026-08-03	501	50	2026-08-05	8000	2
4551	48	16	2026-08-03	806	33	2026-08-04	6500	2
4552	1	10	2026-08-03	803	35	2026-08-06	4500	2
4553	50	19	2026-08-03	1102	10	2026-08-05	3200	2
4554	39	17	2026-08-03	304	54	2026-08-04	7000	2
4555	33	14	2026-08-03	401	56	2026-08-08	14000	2
4556	40	10	2026-08-04	101	23	2026-08-07	3500	2
4557	25	15	2026-08-04	108	26	2026-08-09	17000	2
4558	1	5	2026-08-04	1403	23	2026-08-07	8500	2
4559	40	1	2026-08-04	604	51	2026-08-06	4500	2
4560	22	7	2026-08-04	1102	20	2026-08-06	6500	2
4561	46	19	2026-08-04	501	43	2026-08-06	5200	2
4562	32	3	2026-08-04	1105	11	2026-08-06	5500	2
4563	8	18	2026-08-04	1003	36	2026-08-05	10000	2
4564	26	15	2026-08-04	801	10	2026-08-09	15500	2
4565	1	9	2026-08-04	803	25	2026-08-08	9000	2
4566	10	10	2026-08-04	806	24	2026-08-07	3500	2
4567	42	11	2026-08-04	1105	21	2026-08-06	4200	2
4568	15	10	2026-08-04	1701	26	2026-08-07	5500	2
4569	16	18	2026-08-04	607	42	2026-08-05	8000	2
4570	33	12	2026-08-04	604	56	2026-08-06	4500	2
4571	18	13	2026-08-04	202	47	2026-08-06	5500	2
4572	39	10	2026-08-05	101	44	2026-08-08	4500	2
4573	41	4	2026-08-05	1107	15	2026-08-06	4500	2
4574	16	9	2026-08-05	1605	30	2026-08-09	7000	2
4575	49	16	2026-08-05	502	26	2026-08-06	5500	2
4576	16	16	2026-08-05	1102	49	2026-08-06	10000	2
4577	9	14	2026-08-05	402	47	2026-08-10	14000	2
4578	28	19	2026-08-05	1404	45	2026-08-07	4200	2
4579	44	10	2026-08-05	1607	38	2026-08-08	3500	2
4580	49	14	2026-08-05	401	11	2026-08-10	13500	2
4581	38	5	2026-08-05	1504	3	2026-08-08	7000	2
4582	44	1	2026-08-05	1105	17	2026-08-07	6000	2
4583	50	20	2026-08-05	701	44	2026-08-09	11000	2
4584	5	3	2026-08-05	1105	32	2026-08-07	5500	2
4585	49	4	2026-08-05	1107	7	2026-08-06	4500	2
4586	27	2	2026-08-05	607	44	2026-08-12	21000	2
4587	21	12	2026-08-05	1202	26	2026-08-07	4000	2
4588	29	15	2026-08-05	604	49	2026-08-10	16500	2
4589	6	19	2026-08-05	1605	15	2026-08-07	5200	2
4590	13	10	2026-08-05	1003	22	2026-08-08	5000	2
4591	21	9	2026-08-05	604	59	2026-08-09	6500	2
4592	14	9	2026-08-05	306	57	2026-08-09	8000	2
4593	42	10	2026-08-05	306	38	2026-08-08	8500	2
4594	32	16	2026-08-05	104	7	2026-08-06	5500	2
4595	35	17	2026-08-06	405	7	2026-08-07	7500	2
4596	27	11	2026-08-06	1404	53	2026-08-08	3200	2
4597	38	12	2026-08-06	1605	59	2026-08-08	4000	2
4598	22	10	2026-08-06	1105	32	2026-08-09	4000	2
4599	41	10	2026-08-06	501	45	2026-08-09	3500	2
4600	18	8	2026-08-06	1303	60	2026-08-09	5500	2
4601	36	18	2026-08-06	607	49	2026-08-07	9000	2
4602	26	12	2026-08-06	505	10	2026-08-08	5000	2
4603	45	1	2026-08-06	1605	9	2026-08-08	3000	2
4604	49	4	2026-08-06	402	12	2026-08-07	4500	2
4605	24	5	2026-08-06	607	48	2026-08-09	7000	2
4606	38	2	2026-08-06	1102	26	2026-08-13	21000	2
4607	27	1	2026-08-06	1701	32	2026-08-08	6000	2
4608	50	1	2026-08-06	1107	40	2026-08-08	4500	2
4609	6	4	2026-08-06	1303	25	2026-08-07	4000	2
4610	40	16	2026-08-06	1303	7	2026-08-07	7000	2
4611	49	6	2026-08-07	505	18	2026-08-09	3000	2
4612	34	8	2026-08-07	1105	25	2026-08-10	9000	2
4613	12	16	2026-08-07	1605	41	2026-08-08	5000	2
4614	46	6	2026-08-07	1003	40	2026-08-09	4000	2
4615	28	13	2026-08-07	703	54	2026-08-09	6500	2
4616	6	12	2026-08-07	703	40	2026-08-09	5000	2
4617	47	19	2026-08-07	906	12	2026-08-09	4200	2
4618	34	7	2026-08-07	604	57	2026-08-09	5500	2
4619	12	13	2026-08-07	108	11	2026-08-09	6500	2
4620	2	18	2026-08-07	908	30	2026-08-08	9000	2
4621	9	5	2026-08-07	1404	16	2026-08-10	10000	2
4622	28	3	2026-08-07	607	7	2026-08-09	4500	2
4623	47	9	2026-08-07	1504	39	2026-08-11	7000	2
4624	20	15	2026-08-07	103	55	2026-08-12	15000	2
4625	17	16	2026-08-07	104	2	2026-08-08	5000	2
4626	17	6	2026-08-08	1102	37	2026-08-10	5500	2
4627	22	18	2026-08-08	1605	55	2026-08-09	9500	2
4628	1	7	2026-08-08	304	21	2026-08-10	4500	2
4629	24	10	2026-08-08	505	22	2026-08-11	5500	2
4630	17	20	2026-08-08	103	21	2026-08-12	10500	2
4631	24	13	2026-08-08	1403	29	2026-08-10	6000	2
4632	35	8	2026-08-08	907	46	2026-08-11	5500	2
4633	50	3	2026-08-08	607	58	2026-08-10	7500	2
4634	9	17	2026-08-08	1207	7	2026-08-09	6000	2
4635	25	6	2026-08-08	202	28	2026-08-10	4500	2
4636	45	9	2026-08-08	1702	43	2026-08-12	6500	2
4637	23	14	2026-08-08	801	60	2026-08-13	17000	2
4638	39	18	2026-08-08	1303	39	2026-08-09	8000	2
4639	42	14	2026-08-08	401	50	2026-08-13	12500	2
4640	50	13	2026-08-08	1202	3	2026-08-10	6000	2
4641	10	18	2026-08-08	1404	43	2026-08-09	9000	2
4642	36	19	2026-08-08	112	55	2026-08-10	3700	2
4643	32	4	2026-08-08	1107	55	2026-08-09	5500	2
4644	25	13	2026-08-08	304	39	2026-08-10	5000	2
4645	23	3	2026-08-08	1003	20	2026-08-10	7500	2
4646	12	17	2026-08-08	1702	50	2026-08-09	9000	2
4647	44	8	2026-08-08	1701	40	2026-08-11	6000	2
4648	29	4	2026-08-08	801	25	2026-08-09	4000	2
4649	3	12	2026-08-09	1702	23	2026-08-11	8000	2
4650	16	7	2026-08-09	501	53	2026-08-11	4500	2
4651	44	13	2026-08-09	1701	41	2026-08-11	5500	2
4652	8	8	2026-08-09	1102	31	2026-08-12	7000	2
4653	10	16	2026-08-09	1003	16	2026-08-10	8000	2
4654	46	2	2026-08-09	607	10	2026-08-16	21000	2
4655	37	5	2026-08-09	604	48	2026-08-12	7500	2
4656	8	12	2026-08-09	401	19	2026-08-11	4500	2
4657	37	1	2026-08-09	906	35	2026-08-11	3500	2
4658	10	16	2026-08-09	108	21	2026-08-10	7000	2
4659	19	18	2026-08-09	505	47	2026-08-10	10000	2
4660	24	18	2026-08-09	501	15	2026-08-10	10000	2
4661	50	1	2026-08-09	501	38	2026-08-11	4500	2
4662	48	2	2026-08-09	1105	44	2026-08-16	22000	2
4663	20	11	2026-08-09	401	49	2026-08-11	4700	2
4664	23	2	2026-08-09	806	59	2026-08-16	20000	2
4665	43	14	2026-08-09	806	37	2026-08-14	13500	2
4666	5	17	2026-08-09	607	26	2026-08-10	7500	2
4667	18	6	2026-08-09	1504	12	2026-08-11	4500	2
4668	23	19	2026-08-09	1003	2	2026-08-11	3700	2
4669	23	12	2026-08-09	112	57	2026-08-11	8000	2
4670	45	16	2026-08-09	905	2	2026-08-10	8000	2
4671	44	4	2026-08-09	801	50	2026-08-10	4000	2
4672	6	20	2026-08-09	1404	25	2026-08-13	14000	2
4673	11	4	2026-08-09	502	37	2026-08-10	5500	2
4674	5	9	2026-08-09	1403	37	2026-08-13	7000	2
4675	33	16	2026-08-09	1702	14	2026-08-10	6500	2
4676	43	20	2026-08-09	108	31	2026-08-13	12000	2
4677	10	18	2026-08-09	104	30	2026-08-10	8500	2
4678	21	19	2026-08-10	101	46	2026-08-12	5200	2
4679	26	12	2026-08-10	201	38	2026-08-12	5000	2
4680	13	1	2026-08-10	201	9	2026-08-12	6000	2
4681	11	11	2026-08-10	703	43	2026-08-12	4700	2
4682	31	12	2026-08-10	402	47	2026-08-12	6000	2
4683	39	13	2026-08-10	607	47	2026-08-12	4500	2
4684	43	12	2026-08-10	803	54	2026-08-12	6000	2
4685	42	11	2026-08-10	402	43	2026-08-12	3200	2
4686	29	8	2026-08-10	1003	55	2026-08-13	5500	2
4687	1	2	2026-08-10	1702	18	2026-08-17	20500	2
4688	15	1	2026-08-10	1001	35	2026-08-12	5000	2
4689	35	2	2026-08-10	803	35	2026-08-17	25000	2
4690	6	4	2026-08-10	1403	56	2026-08-11	5500	2
4691	12	17	2026-08-10	1202	57	2026-08-11	6000	2
4692	9	11	2026-08-10	701	56	2026-08-12	4200	2
4693	42	8	2026-08-10	1303	54	2026-08-13	5500	2
4694	26	15	2026-08-10	806	9	2026-08-15	16000	2
4695	8	19	2026-08-10	1207	4	2026-08-12	4200	2
4696	32	9	2026-08-10	1607	55	2026-08-14	8000	2
4697	37	17	2026-08-10	607	28	2026-08-11	6500	2
4698	50	17	2026-08-10	1102	45	2026-08-11	7500	2
4699	11	7	2026-08-10	607	22	2026-08-12	6500	2
4700	18	7	2026-08-10	1003	43	2026-08-12	8500	2
4701	33	13	2026-08-10	108	32	2026-08-12	5500	2
4702	10	16	2026-08-10	1107	39	2026-08-11	8000	2
4703	39	13	2026-08-10	1102	3	2026-08-12	7500	2
4704	39	2	2026-08-10	1001	60	2026-08-17	20500	2
4705	48	2	2026-08-10	1607	17	2026-08-17	21000	2
4706	8	14	2026-08-11	505	19	2026-08-16	14000	2
4707	42	6	2026-08-11	304	11	2026-08-13	5500	2
4708	32	20	2026-08-11	1207	35	2026-08-15	9000	2
4709	32	6	2026-08-11	1309	46	2026-08-13	3500	2
4710	23	8	2026-08-11	803	50	2026-08-14	6000	2
4711	15	19	2026-08-11	806	1	2026-08-13	4200	2
4712	49	13	2026-08-11	1303	6	2026-08-13	7500	2
4713	26	11	2026-08-11	1303	30	2026-08-13	3200	2
4714	20	2	2026-08-11	1607	45	2026-08-18	25000	2
4715	44	6	2026-08-11	1001	15	2026-08-13	4500	2
4716	5	15	2026-08-11	703	21	2026-08-16	15500	2
4717	28	6	2026-08-11	803	47	2026-08-13	7500	2
4718	26	20	2026-08-11	104	12	2026-08-15	14000	2
4719	27	16	2026-08-12	1702	42	2026-08-13	8000	2
4720	31	4	2026-08-12	202	41	2026-08-13	9000	2
4721	33	2	2026-08-12	401	10	2026-08-19	23000	2
4722	16	10	2026-08-12	703	28	2026-08-15	5000	2
4723	33	1	2026-08-12	1105	2	2026-08-14	4000	2
4724	37	5	2026-08-12	1404	23	2026-08-15	8500	2
4725	6	5	2026-08-12	1309	34	2026-08-15	10000	2
4726	45	8	2026-08-12	1105	9	2026-08-15	4000	2
4727	44	9	2026-08-12	1403	4	2026-08-16	6000	2
4728	7	3	2026-08-12	304	60	2026-08-14	4500	2
4729	31	1	2026-08-12	906	26	2026-08-14	4500	2
4730	3	8	2026-08-12	1404	45	2026-08-15	7000	2
4731	4	1	2026-08-12	1102	21	2026-08-14	8000	2
4732	42	13	2026-08-12	1504	59	2026-08-14	5000	2
4733	10	20	2026-08-12	1207	51	2026-08-16	12000	2
4734	23	3	2026-08-12	803	59	2026-08-14	3500	2
4735	50	2	2026-08-12	907	46	2026-08-19	20500	2
4736	38	18	2026-08-12	304	30	2026-08-13	8000	2
4737	11	15	2026-08-13	102	2	2026-08-18	16000	2
4738	22	6	2026-08-13	102	21	2026-08-15	4500	2
4739	43	13	2026-08-13	102	30	2026-08-15	6500	2
4740	45	9	2026-08-13	803	25	2026-08-17	11000	2
4741	10	2	2026-08-13	1001	7	2026-08-20	21000	2
4742	44	2	2026-08-13	604	6	2026-08-20	21500	2
4743	10	16	2026-08-13	1001	59	2026-08-14	7000	2
4744	38	1	2026-08-13	502	50	2026-08-15	3500	2
4745	15	11	2026-08-13	803	59	2026-08-15	6200	2
4746	4	15	2026-08-13	905	38	2026-08-18	16500	2
4747	27	5	2026-08-13	1605	2	2026-08-16	9000	2
4748	48	20	2026-08-13	908	42	2026-08-17	9000	2
4749	37	14	2026-08-13	907	44	2026-08-18	14000	2
4750	8	2	2026-08-13	701	12	2026-08-20	20500	2
4751	46	18	2026-08-13	202	22	2026-08-14	10000	2
4752	39	16	2026-08-13	306	36	2026-08-14	10000	2
4753	37	19	2026-08-13	502	5	2026-08-15	3700	2
4754	21	8	2026-08-13	1001	51	2026-08-16	5000	2
4755	3	2	2026-08-13	803	27	2026-08-20	20000	2
4756	17	15	2026-08-13	907	37	2026-08-18	20000	2
4757	23	6	2026-08-13	701	13	2026-08-15	4000	2
4758	14	16	2026-08-14	304	39	2026-08-15	6000	2
4759	3	7	2026-08-14	1607	56	2026-08-16	6500	2
4760	31	11	2026-08-14	401	27	2026-08-16	3200	2
4761	31	20	2026-08-14	401	16	2026-08-18	9500	2
4762	33	13	2026-08-14	1605	4	2026-08-16	5500	2
4763	9	12	2026-08-14	906	24	2026-08-16	4500	2
4764	37	2	2026-08-14	1303	30	2026-08-21	20500	2
4765	34	16	2026-08-14	501	35	2026-08-15	8000	2
4766	34	5	2026-08-14	1207	4	2026-08-17	9000	2
4767	43	13	2026-08-14	502	22	2026-08-16	6000	2
4768	22	6	2026-08-14	1303	44	2026-08-16	4000	2
4769	38	11	2026-08-14	905	54	2026-08-16	5200	2
4770	32	5	2026-08-14	701	7	2026-08-17	8500	2
4771	46	11	2026-08-14	306	52	2026-08-16	6200	2
4772	1	20	2026-08-14	108	52	2026-08-18	10500	2
4773	38	11	2026-08-14	202	56	2026-08-16	6200	2
4774	34	9	2026-08-14	108	50	2026-08-18	6500	2
4775	44	19	2026-08-14	103	11	2026-08-16	7200	2
4776	17	12	2026-08-14	103	2	2026-08-16	4500	2
4777	41	10	2026-08-14	1607	48	2026-08-17	3500	2
4778	44	11	2026-08-14	104	28	2026-08-16	4200	2
4779	45	19	2026-08-15	201	12	2026-08-17	4200	2
4780	20	17	2026-08-15	1303	24	2026-08-16	11000	2
4781	45	7	2026-08-15	1404	59	2026-08-17	5000	2
4782	14	19	2026-08-15	806	20	2026-08-17	2700	2
4783	15	17	2026-08-15	501	38	2026-08-16	9000	2
4784	31	18	2026-08-15	1504	43	2026-08-16	9000	2
4785	21	14	2026-08-15	1504	16	2026-08-20	17000	2
4786	6	5	2026-08-15	502	6	2026-08-18	7000	2
4787	14	14	2026-08-15	306	19	2026-08-20	13000	2
4788	12	12	2026-08-15	906	35	2026-08-17	3500	2
4789	28	12	2026-08-15	1207	26	2026-08-17	4500	2
4790	1	6	2026-08-15	306	1	2026-08-17	5500	2
4791	1	10	2026-08-15	1105	32	2026-08-18	3500	2
4792	2	5	2026-08-15	505	12	2026-08-18	10000	2
4793	16	9	2026-08-15	1303	58	2026-08-19	11000	2
4794	8	8	2026-08-16	102	16	2026-08-19	7000	2
4795	7	19	2026-08-16	112	43	2026-08-18	3700	2
4796	33	9	2026-08-16	1003	39	2026-08-20	11000	2
4797	11	10	2026-08-16	402	38	2026-08-19	3500	2
4798	43	15	2026-08-16	908	47	2026-08-21	15000	2
4799	2	18	2026-08-16	806	9	2026-08-17	9000	2
4800	7	17	2026-08-16	103	24	2026-08-17	8000	2
4801	16	19	2026-08-16	402	8	2026-08-18	5200	2
4802	19	19	2026-08-16	801	31	2026-08-18	2200	2
4803	12	15	2026-08-16	1403	39	2026-08-21	16500	2
4804	44	15	2026-08-16	1504	9	2026-08-21	20000	2
4805	28	16	2026-08-16	806	2	2026-08-17	8000	2
4806	22	20	2026-08-16	1607	60	2026-08-20	9500	2
4807	29	13	2026-08-16	1702	18	2026-08-18	4500	2
4808	19	11	2026-08-16	1001	22	2026-08-18	6200	2
4809	11	18	2026-08-16	104	52	2026-08-17	8500	2
4810	4	19	2026-08-17	1105	48	2026-08-19	3200	2
4811	29	15	2026-08-17	112	31	2026-08-22	20000	2
4812	47	7	2026-08-17	701	49	2026-08-19	6500	2
4813	21	5	2026-08-17	1702	26	2026-08-20	9000	2
4814	49	4	2026-08-17	1207	58	2026-08-18	6000	2
4815	28	10	2026-08-17	1102	35	2026-08-20	4000	2
4816	3	8	2026-08-17	1105	48	2026-08-20	4000	2
4817	27	10	2026-08-17	505	12	2026-08-20	4500	2
4818	48	9	2026-08-17	607	7	2026-08-21	8000	2
4819	43	11	2026-08-17	906	20	2026-08-19	8200	2
4820	5	8	2026-08-17	703	3	2026-08-20	4500	2
4821	19	1	2026-08-17	1102	42	2026-08-19	3500	2
4822	2	16	2026-08-17	803	41	2026-08-18	6000	2
4823	34	17	2026-08-17	1107	21	2026-08-18	7500	2
4824	19	1	2026-08-17	1404	37	2026-08-19	5000	2
4825	43	4	2026-08-17	1605	47	2026-08-18	9000	2
4826	23	14	2026-08-17	607	42	2026-08-22	13000	2
4827	9	5	2026-08-17	907	23	2026-08-20	10000	2
4828	41	3	2026-08-17	1003	29	2026-08-19	3000	2
4829	26	7	2026-08-18	112	18	2026-08-20	4500	2
4830	18	14	2026-08-18	908	46	2026-08-23	14000	2
4831	26	4	2026-08-18	1003	56	2026-08-19	6000	2
4832	44	9	2026-08-18	502	55	2026-08-22	11000	2
4833	6	18	2026-08-18	1605	47	2026-08-19	8000	2
4834	6	16	2026-08-18	402	38	2026-08-19	5500	2
4835	39	12	2026-08-18	1202	46	2026-08-20	8000	2
4836	43	15	2026-08-18	907	36	2026-08-23	15000	2
4837	42	12	2026-08-18	701	7	2026-08-20	6000	2
4838	6	12	2026-08-18	806	6	2026-08-20	4000	2
4839	5	1	2026-08-18	112	39	2026-08-20	4000	2
4840	36	17	2026-08-18	108	8	2026-08-19	7500	2
4841	45	4	2026-08-18	112	34	2026-08-19	9000	2
4842	6	6	2026-08-18	505	57	2026-08-20	4000	2
4843	25	20	2026-08-18	604	23	2026-08-22	14000	2
4844	24	16	2026-08-18	502	32	2026-08-19	5000	2
4845	6	15	2026-08-18	1504	28	2026-08-23	20000	2
4846	9	3	2026-08-18	905	44	2026-08-20	7500	2
4847	28	1	2026-08-18	703	50	2026-08-20	5000	2
4848	16	16	2026-08-18	104	33	2026-08-19	8000	2
4849	26	11	2026-08-19	905	15	2026-08-21	3200	2
4850	47	13	2026-08-19	1001	44	2026-08-21	6000	2
4851	6	11	2026-08-19	1504	14	2026-08-21	3700	2
4852	24	15	2026-08-19	402	1	2026-08-24	16000	2
4853	43	5	2026-08-19	1504	42	2026-08-22	7000	2
4854	19	14	2026-08-19	703	2	2026-08-24	12000	2
4855	10	5	2026-08-19	304	4	2026-08-22	8000	2
4856	25	2	2026-08-19	1102	53	2026-08-26	23000	2
4857	34	15	2026-08-19	108	3	2026-08-24	20000	2
4858	10	3	2026-08-19	1207	16	2026-08-21	2500	2
4859	34	1	2026-08-19	1202	53	2026-08-21	3000	2
4860	37	3	2026-08-19	701	39	2026-08-21	4000	2
4861	29	15	2026-08-19	1607	58	2026-08-24	17000	2
4862	47	6	2026-08-19	1303	34	2026-08-21	3000	2
4863	31	18	2026-08-19	1303	19	2026-08-20	13000	2
4864	50	20	2026-08-19	1504	59	2026-08-23	9000	2
4865	23	10	2026-08-19	501	33	2026-08-22	4000	2
4866	45	18	2026-08-19	1403	52	2026-08-20	9500	2
4867	10	17	2026-08-19	501	28	2026-08-20	8000	2
4868	40	19	2026-08-19	1403	21	2026-08-21	2700	2
4869	47	3	2026-08-19	104	25	2026-08-21	5500	2
4870	27	20	2026-08-20	201	28	2026-08-24	9500	2
4871	40	13	2026-08-20	201	59	2026-08-22	9500	2
4872	35	9	2026-08-20	1102	19	2026-08-24	7500	2
4873	37	10	2026-08-20	701	45	2026-08-23	4500	2
4874	34	4	2026-08-20	907	18	2026-08-21	5500	2
4875	36	17	2026-08-20	604	17	2026-08-21	6500	2
4876	50	10	2026-08-20	1303	36	2026-08-23	3500	2
4877	2	16	2026-08-20	701	58	2026-08-21	5500	2
4878	40	17	2026-08-20	908	57	2026-08-21	6000	2
4879	38	19	2026-08-20	1309	27	2026-08-22	3200	2
4880	31	4	2026-08-20	604	39	2026-08-21	4500	2
4881	28	13	2026-08-20	505	45	2026-08-22	6500	2
4882	14	12	2026-08-20	501	33	2026-08-22	3000	2
4883	45	17	2026-08-20	1202	20	2026-08-21	7000	2
4884	44	15	2026-08-20	501	10	2026-08-25	17000	2
4885	4	4	2026-08-20	801	3	2026-08-21	4500	2
4886	28	11	2026-08-20	402	35	2026-08-22	3700	2
4887	11	9	2026-08-20	306	52	2026-08-24	11000	2
4888	36	13	2026-08-20	1309	11	2026-08-22	6000	2
4889	32	5	2026-08-20	112	37	2026-08-23	9000	2
4890	41	17	2026-08-20	505	9	2026-08-21	7000	2
4891	41	6	2026-08-20	905	54	2026-08-22	4000	2
4892	37	1	2026-08-20	1404	24	2026-08-22	8000	2
4893	3	4	2026-08-20	908	36	2026-08-21	7000	2
4894	21	16	2026-08-20	1107	30	2026-08-21	8000	2
4895	20	5	2026-08-20	502	24	2026-08-23	10000	2
4896	39	13	2026-08-20	104	47	2026-08-22	6000	2
4897	48	11	2026-08-21	102	43	2026-08-23	3700	2
4898	29	18	2026-08-21	102	60	2026-08-22	10000	2
4899	42	9	2026-08-21	1105	30	2026-08-25	7500	2
4900	42	6	2026-08-21	1607	41	2026-08-23	5500	2
4901	19	10	2026-08-21	907	30	2026-08-24	3500	2
4902	43	5	2026-08-21	306	55	2026-08-24	8000	2
4903	48	3	2026-08-21	1607	11	2026-08-23	5500	2
4904	31	3	2026-08-21	1107	56	2026-08-23	3500	2
4905	50	6	2026-08-21	701	30	2026-08-23	3500	2
4906	7	6	2026-08-21	103	5	2026-08-23	3500	2
4907	48	4	2026-08-21	1001	12	2026-08-22	5000	2
4908	44	9	2026-08-21	1702	19	2026-08-25	7000	2
4909	37	14	2026-08-21	905	9	2026-08-26	17000	2
4910	11	12	2026-08-21	1701	55	2026-08-23	5000	2
4911	46	10	2026-08-21	1607	29	2026-08-24	5000	2
4912	31	9	2026-08-21	907	16	2026-08-25	9000	2
4913	41	13	2026-08-21	1607	49	2026-08-23	5500	2
4914	39	4	2026-08-21	806	41	2026-08-22	4500	2
4915	2	18	2026-08-21	1404	50	2026-08-22	10000	2
4916	42	14	2026-08-21	1403	3	2026-08-26	12500	2
4917	20	3	2026-08-21	401	36	2026-08-23	3500	2
4918	45	2	2026-08-21	1001	15	2026-08-28	23000	2
4919	14	17	2026-08-21	112	8	2026-08-22	11000	2
4920	47	16	2026-08-21	402	35	2026-08-22	6000	2
4921	41	14	2026-08-22	1107	1	2026-08-27	13000	1
4922	41	16	2026-08-22	1504	19	2026-08-23	6500	2
4923	4	13	2026-08-22	306	50	2026-08-24	6000	2
4924	45	11	2026-08-22	1403	18	2026-08-24	8200	2
4925	25	1	2026-08-22	103	6	2026-08-24	8000	2
4926	3	16	2026-08-22	1003	16	2026-08-23	6500	2
4927	29	18	2026-08-22	801	45	2026-08-23	11000	2
4928	2	5	2026-08-22	906	8	2026-08-25	8000	2
4929	18	16	2026-08-22	1701	41	2026-08-23	6500	2
4930	41	11	2026-08-22	1105	38	2026-08-24	3700	2
4931	5	10	2026-08-22	906	60	2026-08-25	5000	2
4932	32	14	2026-08-22	502	40	2026-08-27	13000	2
4933	5	15	2026-08-22	1105	46	2026-08-27	17000	2
4934	18	14	2026-08-22	1001	16	2026-08-27	14000	2
4935	22	2	2026-08-22	112	19	2026-08-29	21000	2
4936	19	16	2026-08-22	1001	35	2026-08-23	6000	2
4937	2	10	2026-08-22	1102	27	2026-08-25	4000	2
4938	29	2	2026-08-23	201	5	2026-08-30	20500	1
4939	48	18	2026-08-23	1107	39	2026-08-24	8500	2
4940	36	1	2026-08-23	1702	20	2026-08-25	4000	2
4941	37	18	2026-08-23	801	24	2026-08-24	8000	2
4942	6	7	2026-08-23	1605	58	2026-08-25	8500	2
4943	6	1	2026-08-23	803	46	2026-08-25	4500	2
4944	24	13	2026-08-23	803	9	2026-08-25	5000	2
4945	28	11	2026-08-23	1102	53	2026-08-25	3700	2
4946	45	15	2026-08-23	701	40	2026-08-28	15000	2
4947	8	8	2026-08-23	1003	6	2026-08-26	5000	2
4948	2	6	2026-08-23	1504	41	2026-08-25	3500	2
4949	21	12	2026-08-23	604	58	2026-08-25	3000	2
4950	47	13	2026-08-23	1702	47	2026-08-25	5500	2
4951	27	2	2026-08-23	1702	41	2026-08-30	25000	2
4952	13	18	2026-08-23	1702	47	2026-08-24	9000	2
4953	20	2	2026-08-23	1003	36	2026-08-30	20500	2
4954	48	14	2026-08-23	202	21	2026-08-28	17000	2
4955	34	12	2026-08-23	1003	28	2026-08-25	8000	2
4956	10	13	2026-08-23	402	22	2026-08-25	6500	2
4957	48	9	2026-08-23	501	13	2026-08-27	6000	2
4958	5	7	2026-08-23	905	36	2026-08-25	4000	2
4959	11	16	2026-08-23	1003	4	2026-08-24	7000	2
4960	24	10	2026-08-23	1107	26	2026-08-26	4500	1
4961	44	7	2026-08-23	604	45	2026-08-25	5500	2
4962	25	20	2026-08-23	803	27	2026-08-27	11000	1
4963	44	2	2026-08-24	402	2	2026-08-31	20000	1
4964	25	13	2026-08-24	607	4	2026-08-26	4500	1
4965	3	4	2026-08-24	803	37	2026-08-25	9000	2
4966	39	1	2026-08-24	604	60	2026-08-26	3500	1
4967	15	13	2026-08-24	801	23	2026-08-26	6000	1
4968	14	3	2026-08-24	703	14	2026-08-26	2500	1
4969	38	16	2026-08-24	1607	38	2026-08-25	6000	2
4970	40	9	2026-08-24	703	7	2026-08-28	6500	1
4971	11	14	2026-08-24	1207	6	2026-08-29	17000	1
4972	45	18	2026-08-24	1701	4	2026-08-25	10000	2
4973	49	9	2026-08-24	1001	46	2026-08-28	9000	1
4974	33	2	2026-08-24	402	31	2026-08-31	20500	1
4975	9	13	2026-08-24	103	14	2026-08-26	5000	1
4976	40	3	2026-08-24	1303	17	2026-08-26	3500	1
4977	42	1	2026-08-24	1701	26	2026-08-26	3000	1
4978	6	12	2026-08-24	112	16	2026-08-26	8000	1
4979	25	6	2026-08-24	103	39	2026-08-26	3500	1
4980	47	10	2026-08-24	103	40	2026-08-27	6500	1
4981	14	7	2026-08-25	201	24	2026-08-27	8500	0
4982	1	11	2026-08-25	1309	21	2026-08-27	6200	0
4983	23	14	2026-08-25	801	44	2026-08-30	15000	0
4984	40	1	2026-08-25	1605	59	2026-08-27	4500	0
4985	43	15	2026-08-25	1202	51	2026-08-30	18000	0
4986	42	12	2026-08-25	505	11	2026-08-27	4000	0
4987	19	6	2026-08-25	801	57	2026-08-27	5500	0
4988	20	14	2026-08-25	304	41	2026-08-30	14000	0
4989	8	15	2026-08-25	1003	42	2026-08-30	16500	0
4990	23	18	2026-08-25	1309	15	2026-08-26	11000	0
4991	26	10	2026-08-25	905	8	2026-08-28	8500	0
4992	38	20	2026-08-25	112	59	2026-08-29	10000	0
4993	7	5	2026-08-25	304	49	2026-08-28	9000	0
4994	49	6	2026-08-25	1107	9	2026-08-27	3000	0
4995	47	7	2026-08-25	1003	44	2026-08-27	4500	0
4996	27	8	2026-08-25	502	36	2026-08-28	9000	0
4997	16	4	2026-08-25	1309	39	2026-08-26	4500	0
4998	26	10	2026-08-25	1504	2	2026-08-28	4000	0
4999	6	3	2026-08-25	1207	26	2026-08-27	4000	0
5000	46	10	2026-08-25	806	22	2026-08-28	6500	0
